Q12396	Accession	Label	Set	CV_Fold	O74740
O35310	O35310	1	Training	0	
P08887	P08887	1	Training	1	
P0C1X6	P0C1X6	1	Training	2	
Q8VCS0	Q8VCS0	1	Training	3	
Q9TY95	Q9TY95	1	Training	4	
O02380	O02380	1	Training	0	
P49259	P49259	1	Training	1	
Q9Z0M9	Q9Z0M9	1	Training	2	
P09791	P09791	1	Training	3	
Q8LD43	Q8LD43	1	Training	4	
A0A2I6QB00	A0A2I6QB00	1	Training	0	
P86872	P86872	1	Training	1	
Q6UX27	Q6UX27	1	Training	2	
P00724	P00724	1	Training	3	
Q96HF1	Q96HF1	1	Training	4	
Q96HE7	Q96HE7	1	Training	0	
W1I921	W1I921	1	Training	1	
P40259	P40259	1	Training	2	
Q3C258	Q3C258	1	Training	3	
O96935	O96935	1	Training	4	
Q6UWL6	Q6UWL6	1	Training	0	
Q61508	Q61508	1	Training	1	
P13612	P13612	1	Training	2	
P86009	P86009	1	Training	3	
Q40975	Q40975	1	Training	4	
Q96FE7	Q96FE7	1	Training	0	
P58154	P58154	1	Training	1	
Q8MVA6	Q8MVA6	1	Training	2	
Q6UX46	Q6UX46	1	Training	3	
P01189	P01189	1	Training	4	
Q86T13	Q86T13	1	Training	0	
P12314	P12314	1	Training	1	
P23631	P23631	1	Training	2	
P19801	P19801	1	Training	3	
P81511	P81511	1	Training	4	
P01038	P01038	1	Training	0	
P19320	P19320	1	Training	1	
Q5AMT2	Q5AMT2	1	Training	2	
O46654	O46654	1	Training	3	
P27654	P27654	1	Training	4	
P55774	P55774	1	Training	0	
P25236	P25236	1	Training	1	
Q99MA2	Q99MA2	1	Training	2	
Q86YD3	Q86YD3	1	Training	3	
O55232	O55232	1	Training	4	
A0A0F7YYX3	A0A0F7YYX3	1	Training	0	
Q8WQK0	Q8WQK0	1	Training	1	
P31358	P31358	1	Training	2	
Q5EPH2	Q5EPH2	1	Training	3	
Q6UXK5	Q6UXK5	1	Training	4	
Q01151	Q01151	1	Training	0	
Q06703	Q06703	1	Training	1	
P54803	P54803	1	Training	2	
Q99519	Q99519	1	Training	3	
Q96S96	Q96S96	1	Training	4	
Q9GZZ8	Q9GZZ8	1	Training	0	
A6XMY0	A6XMY0	1	Training	1	
O00206	O00206	1	Training	2	
Q15399	Q15399	1	Training	3	
P10820	P10820	1	Training	4	
P01215	P01215	1	Training	0	
Q9P0V8	Q9P0V8	1	Training	1	
Q09332	Q09332	1	Training	2	
P02780	P02780	1	Training	3	
P01588	P01588	1	Training	4	
Q20224	Q20224	1	Training	0	
O97939	O97939	1	Training	1	
Q05091	Q05091	1	Training	2	
P0DUT6	P0DUT6	1	Training	3	
P28770	P28770	1	Training	4	
P10813	P10813	1	Training	0	
Q01965	Q01965	1	Training	1	
P02659	P02659	1	Training	2	
P09619	P09619	1	Training	3	
Q62867	Q62867	1	Training	4	
P13385	P13385	1	Training	0	
Q01129	Q01129	1	Training	1	
Q8NBP7	Q8NBP7	1	Training	2	
C7G3K3	C7G3K3	1	Training	3	
Q39962	Q39962	1	Training	4	
Q7M4T0	Q7M4T0	1	Training	0	
Q9JI59	Q9JI59	1	Training	1	
Q9BX59	Q9BX59	1	Training	2	
Q92765	Q92765	1	Training	3	
Q9NPA0	Q9NPA0	1	Training	4	
Q8T0W3	Q8T0W3	1	Training	0	
P47001	P47001	1	Training	1	
P07507	P07507	1	Training	2	
Q8N766	Q8N766	1	Training	3	
Q6UX39	Q6UX39	1	Training	4	
Q59XX2	Q59XX2	1	Training	0	
Q7Z5L0	Q7Z5L0	1	Training	1	
P02750	P02750	1	Training	2	
Q6UWI2	Q6UWI2	1	Training	3	
P01068	P01068	1	Training	4	
Q9H9K5	Q9H9K5	1	Training	0	
Q868Z9	Q868Z9	1	Training	1	
O88917	O88917	1	Training	2	
Q6T6C1	Q6T6C1	1	Training	3	
O02839	O02839	1	Training	4	
Q9UAH3	Q9UAH3	1	Training	0	
Q5B1W7	Q5B1W7	1	Training	1	
Q9NSA1	Q9NSA1	1	Training	2	
Q8TD06	Q8TD06	1	Training	3	
P01830	P01830	1	Training	4	
P85261	P85261	1	Training	0	
P81295	P81295	1	Training	1	
P01139	P01139	1	Training	2	
P15242	P15242	1	Training	3	
P24259	P24259	1	Training	4	
O75629	O75629	1	Training	0	
Q6UXB2	Q6UXB2	1	Training	1	
P80964	P80964	1	Training	2	
Q9HE18	Q9HE18	1	Training	3	
P23438	P23438	1	Training	4	
Q6UWI4	Q6UWI4	1	Training	0	
Q6J4Q1	Q6J4Q1	1	Training	1	
A7L035	A7L035	1	Training	2	
Q9Y2I2	Q9Y2I2	1	Training	3	
P43652	P43652	1	Training	4	
P91745	P91745	1	Training	0	
Q25055	Q25055	1	Training	1	
P07141	P07141	1	Training	2	
Q6UXH1	Q6UXH1	1	Training	3	
Q7ZZN8	Q7ZZN8	1	Training	4	
O95157	O95157	1	Training	0	
P0C8G6	P0C8G6	1	Training	1	
Q9H1M4	Q9H1M4	1	Training	2	
Q09140	Q09140	1	Training	3	
Q06K61	Q06K61	1	Training	4	
Q01460	Q01460	1	Training	0	
Q9BX93	Q9BX93	1	Training	1	
P14770	P14770	1	Training	2	
Q9UIK5	Q9UIK5	1	Training	3	
P43497	P43497	1	Training	4	
O70280	O70280	1	Training	0	
P20740	P20740	1	Training	1	
O01949	O01949	1	Training	2	
Q41015	Q41015	1	Training	3	
P12729	P12729	1	Training	4	
P28039	P28039	1	Training	0	
P56201	P56201	1	Training	1	
P45478	P45478	1	Training	2	
Q6UW56	Q6UW56	1	Training	3	
P82290	P82290	1	Training	4	
Q96LA5	Q96LA5	1	Training	0	
Q13145	Q13145	1	Training	1	
O43852	O43852	1	Training	2	
P83234	P83234	1	Training	3	
Q12127	Q12127	1	Training	4	
P19069	P19069	1	Training	0	
P12273	P12273	1	Training	1	
Q9BZR6	Q9BZR6	1	Training	2	
P01131	P01131	1	Training	3	
P80370	P80370	1	Training	4	
Q9UAD0	Q9UAD0	1	Training	0	
Q9H293	Q9H293	1	Training	1	
Q99972	Q99972	1	Training	2	
P06912	P06912	1	Training	3	
P0DJI8	P0DJI8	1	Training	4	
P0DUS8	P0DUS8	1	Training	0	
P18510	P18510	1	Training	1	
Q9H6E4	Q9H6E4	1	Training	2	
F1N5C8	F1N5C8	1	Training	3	
Q7Z0T3	Q7Z0T3	1	Training	4	
Q4W1I9	Q4W1I9	1	Training	0	
Q42502	Q42502	1	Training	1	
P86798	P86798	1	Training	2	
F1NSM7	F1NSM7	1	Training	3	
P31096	P31096	1	Training	4	
Q8MP06	Q8MP06	1	Training	0	
P07981	P07981	1	Training	1	
P11839	P11839	1	Training	2	
Q9UKY0	Q9UKY0	1	Training	3	
Q7YZS9	Q7YZS9	1	Training	4	
A0A0R4I951	A0A0R4I951	1	Training	0	
Q92956	Q92956	1	Training	1	
Q08380	Q08380	1	Training	2	
D4A540	D4A540	1	Training	3	
P55000	P55000	1	Training	4	
Q5PP12	Q5PP12	1	Training	0	
O60844	O60844	1	Training	1	
P60568	P60568	1	Training	2	
P46165	P46165	1	Training	3	
Q06KA5	Q06KA5	1	Training	4	
Q8WUJ3	Q8WUJ3	1	Training	0	
Q75N35	Q75N35	1	Training	1	
P06681	P06681	1	Training	2	
C0HKG0	C0HKG0	1	Training	3	
Q96BF3	Q96BF3	1	Training	4	
D3GDK4	D3GDK4	1	Training	0	
P11911	P11911	1	Training	1	
Q13445	Q13445	1	Training	2	
Q29381	Q29381	1	Training	3	
Q99372	Q99372	1	Training	4	
P49767	P49767	1	Training	0	
O95813	O95813	1	Training	1	
Q90WJ7	Q90WJ7	1	Training	2	
P97535	P97535	1	Training	3	
B0XT72	B0XT72	1	Training	4	
P02654	P02654	1	Training	0	
Q27082	Q27082	1	Training	1	
Q9LRC8	Q9LRC8	1	Training	2	
Q9Y5U5	Q9Y5U5	1	Training	3	
Q8S2W4	Q8S2W4	1	Training	4	
Q9U8X3	Q9U8X3	1	Training	0	
P43077	P43077	1	Training	1	
Q9HBE5	Q9HBE5	1	Training	2	
Q16552	Q16552	1	Training	3	
P14209	P14209	1	Training	4	
O43866	O43866	1	Training	0	
Q86IV5	Q86IV5	1	Training	1	
P0DSJ6	P0DSJ6	1	Training	2	
Q76CA2	Q76CA2	1	Training	3	
Q8TDQ1	Q8TDQ1	1	Training	4	
Q9NR16	Q9NR16	1	Training	0	
P01579	P01579	1	Training	1	
Q9Y6C2	Q9Y6C2	1	Training	2	
P0DPU3	P0DPU3	1	Training	3	
P00651	P00651	1	Training	4	
Q09022	Q09022	1	Training	0	
Q15465	Q15465	1	Training	1	
Q86WA6	Q86WA6	1	Training	2	
Q92643	Q92643	1	Training	3	
Q9UHF4	Q9UHF4	1	Training	4	
D3Z9M3	D3Z9M3	1	Training	0	
Q9NJP7	Q9NJP7	1	Training	1	
P09230	P09230	1	Training	2	
P10562	P10562	1	Training	3	
P19427	P19427	1	Training	4	
Q15762	Q15762	1	Training	0	
P04552	P04552	1	Training	1	
P0C8G7	P0C8G7	1	Training	2	
P83313	P83313	1	Training	3	
Q96BY9	Q96BY9	1	Training	4	
P16150	P16150	1	Training	0	
P25116	P25116	1	Training	1	
P16382	P16382	1	Training	2	
Q9NRM6	Q9NRM6	1	Training	3	
Q99MG7	Q99MG7	1	Training	4	
P33559	P33559	1	Training	0	
P58912	P58912	1	Training	1	
Q8WWA0	Q8WWA0	1	Training	2	
Q00293	Q00293	1	Training	3	
I3LGZ3	I3LGZ3	1	Training	4	
P01174	P01174	1	Training	0	
Q14802	Q14802	1	Training	1	
P67875	P67875	1	Training	2	
P21128	P21128	1	Training	3	
Q9V496	Q9V496	1	Training	4	
P35053	P35053	1	Training	0	
P23389	P23389	1	Training	1	
I1SB12	I1SB12	1	Training	2	
Q90W22	Q90W22	1	Training	3	
Q5KQS1	Q5KQS1	1	Training	4	
Q6UW88	Q6UW88	1	Training	0	
P81160	P81160	1	Training	1	
O62644	O62644	1	Training	2	
P23577	P23577	1	Training	3	
A7VN15	A7VN15	1	Training	4	
Q8T113	Q8T113	1	Training	0	
P16882	P16882	1	Training	1	
P30659	P30659	1	Training	2	
Q6ASY2	Q6ASY2	1	Training	3	
G4ZHR2	G4ZHR2	1	Training	4	
Q9NBW4	Q9NBW4	1	Training	0	
C5P3X6	C5P3X6	1	Training	1	
P18658	P18658	1	Training	2	
Q95460	Q95460	1	Training	3	
H6U1I8	H6U1I8	1	Training	4	
Q6QD51	Q6QD51	1	Training	0	
P02230	P02230	1	Training	1	
P42292	P42292	1	Training	2	
Q8NBI3	Q8NBI3	1	Training	3	
Q71DJ5	Q71DJ5	1	Training	4	
P02810	P02810	1	Training	0	
Q96IQ7	Q96IQ7	1	Training	1	
Q8TAL6	Q8TAL6	1	Training	2	
P41543	P41543	1	Training	3	
P11717	P11717	1	Training	4	
P26842	P26842	1	Training	0	
O64411	O64411	1	Training	1	
P55955	P55955	1	Training	2	
P02808	P02808	1	Training	3	
P03998	P03998	1	Training	4	
P13611	P13611	1	Training	0	
Q8T0Y7	Q8T0Y7	1	Training	1	
Q3L1D1	Q3L1D1	1	Training	2	
Q6E0U4	Q6E0U4	1	Training	3	
Q95UE8	Q95UE8	1	Training	4	
Q9LJD9	Q9LJD9	1	Training	0	
Q9GU69	Q9GU69	1	Training	1	
P0DUS5	P0DUS5	1	Training	2	
P86100	P86100	1	Training	3	
O95711	O95711	1	Training	4	
Q9MYV1	Q9MYV1	1	Training	0	
P18417	P18417	1	Training	1	
Q8WMP9	Q8WMP9	1	Training	2	
Q9UKZ9	Q9UKZ9	1	Training	3	
P01721	P01721	1	Training	4	
P02662	P02662	1	Training	0	
P11919	P11919	1	Training	1	
P35777	P35777	1	Training	2	
P26203	P26203	1	Training	3	
P80356	P80356	1	Training	4	
P05067	P05067	1	Training	0	
Q09117	Q09117	1	Training	1	
P05186	P05186	1	Training	2	
P30440	P30440	1	Training	3	
Q9D6Y1	Q9D6Y1	1	Training	4	
Q02747	Q02747	1	Training	0	
Q07654	Q07654	1	Training	1	
P03971	P03971	1	Training	2	
Q27908	Q27908	1	Training	3	
P13725	P13725	1	Training	4	
A9UGV5	A9UGV5	1	Training	0	
Q7M418	Q7M418	1	Training	1	
Q92563	Q92563	1	Training	2	
Q8MI01	Q8MI01	1	Training	3	
P13598	P13598	1	Training	4	
Q8H8C7	Q8H8C7	1	Training	0	
Q3Y5Z3	Q3Y5Z3	1	Training	1	
P16611	P16611	1	Training	2	
Q8C1Q4	Q8C1Q4	1	Training	3	
P10124	P10124	1	Training	4	
P22455	P22455	1	Training	0	
P61312	P61312	1	Training	1	
P14217	P14217	1	Training	2	
Q9UBT3	Q9UBT3	1	Training	3	
Q9NS68	Q9NS68	1	Training	4	
O60602	O60602	1	Training	0	
Q02862	Q02862	1	Training	1	
P01591	P01591	1	Training	2	
Q00193	Q00193	1	Training	3	
P19667	P19667	1	Training	4	
P07596	P07596	1	Training	0	
P15018	P15018	1	Training	1	
Q9Y5Q6	Q9Y5Q6	1	Training	2	
Q9VA83	Q9VA83	1	Training	3	
P67970	P67970	1	Training	4	
Q10E50	Q10E50	1	Training	0	
P07529	P07529	1	Training	1	
Q9NPG1	Q9NPG1	1	Training	2	
G8YYA6	G8YYA6	1	Training	3	
Q27309	Q27309	1	Training	4	
Q76CE8	Q76CE8	1	Training	0	
P26006	P26006	1	Training	1	
P52823	P52823	1	Training	2	
Q6UX52	Q6UX52	1	Training	3	
P20068	P20068	1	Training	4	
P01888	P01888	1	Training	0	
Q9NR61	Q9NR61	1	Training	1	
Q9UBN6	Q9UBN6	1	Training	2	
Q9SLP4	Q9SLP4	1	Training	3	
O76192	O76192	1	Training	4	
P01538	P01538	1	Training	0	
I2C090	I2C090	1	Training	1	
Q9Y279	Q9Y279	1	Training	2	
Q05895	Q05895	1	Training	3	
Q9NTU7	Q9NTU7	1	Training	4	
P35331	P35331	1	Training	0	
P42579	P42579	1	Training	1	
P52706	P52706	1	Training	2	
Q63617	Q63617	1	Training	3	
Q8MMH0	Q8MMH0	1	Training	4	
P49256	P49256	1	Training	0	
P01348	P01348	1	Training	1	
Q8I7X1	Q8I7X1	1	Training	2	
P15196	P15196	1	Training	3	
P48819	P48819	1	Training	4	
P25033	P25033	1	Training	0	
P80513	P80513	1	Training	1	
P36511	P36511	1	Training	2	
Q17128	Q17128	1	Training	3	
O76537	O76537	1	Training	4	
I6S7I0	I6S7I0	1	Training	0	
Q64385	Q64385	1	Training	1	
O35806	O35806	1	Training	2	
Q02795	Q02795	1	Training	3	
P30121	P30121	1	Training	4	
O96910	O96910	1	Training	0	
P50895	P50895	1	Training	1	
Q7KRU8	Q7KRU8	1	Training	2	
Q8LG54	Q8LG54	1	Training	3	
Q63345	Q63345	1	Training	4	
Q55U20	Q55U20	1	Training	0	
P15467	P15467	1	Training	1	
Q5G8A6	Q5G8A6	1	Training	2	
P80686	P80686	1	Training	3	
Q96KN2	Q96KN2	1	Training	4	
P26010	P26010	1	Training	0	
Q9Z0K8	Q9Z0K8	1	Training	1	
P38570	P38570	1	Training	2	
Q9JMI7	Q9JMI7	1	Training	3	
Q07092	Q07092	1	Training	4	
G4V4F9	G4V4F9	1	Training	0	
Q7SZI7	Q7SZI7	1	Training	1	
Q8MJV4	Q8MJV4	1	Training	2	
P34115	P34115	1	Training	3	
P42705	P42705	1	Training	4	
P80109	P80109	1	Training	0	
P07602	P07602	1	Training	1	
Q61789	Q61789	1	Training	2	
Q8W257	Q8W257	1	Training	3	
P0DPU7	P0DPU7	1	Training	4	
P21956	P21956	1	Training	0	
Q9GL30	Q9GL30	1	Training	1	
Q5D710	Q5D710	1	Training	2	
Q63191	Q63191	1	Training	3	
G5EC68	G5EC68	1	Training	4	
Q9NRC9	Q9NRC9	1	Training	0	
A0A023W145	A0A023W145	1	Training	1	
P51654	P51654	1	Training	2	
P22748	P22748	1	Training	3	
P02663	P02663	1	Training	4	
A2VBC4	A2VBC4	1	Training	0	
P02870	P02870	1	Training	1	
P22388	P22388	1	Training	2	
Q9BXJ7	Q9BXJ7	1	Training	3	
Q91XZ4	Q91XZ4	1	Training	4	
P63153	P63153	1	Training	0	
Q5GQ85	Q5GQ85	1	Training	1	
Q15582	Q15582	1	Training	2	
Q9LXD6	Q9LXD6	1	Training	3	
Q9Y251	Q9Y251	1	Training	4	
P0DPV1	P0DPV1	1	Training	0	
Q7M3V1	Q7M3V1	1	Training	1	
P01168	P01168	1	Training	2	
C0HLA0	C0HLA0	1	Training	3	
Q9U943	Q9U943	1	Training	4	
Q96X54	Q96X54	1	Training	0	
P19400	P19400	1	Training	1	
B9A8D7	B9A8D7	1	Training	2	
P60153	P60153	1	Training	3	
Q8WML4	Q8WML4	1	Training	4	
P42578	P42578	1	Training	0	
P29241	P29241	1	Training	1	
P07457	P07457	1	Training	2	
Q13421	Q13421	1	Training	3	
Q76FP5	Q76FP5	1	Training	4	
Q5ZPR3	Q5ZPR3	1	Training	0	
P17813	P17813	1	Training	1	
Q0P569	Q0P569	1	Training	2	
P17164	P17164	1	Training	3	
Q9HB40	Q9HB40	1	Training	4	
P09464	P09464	1	Training	0	
Q14002	Q14002	1	Training	1	
P14384	P14384	1	Training	2	
Q969Z4	Q969Z4	1	Training	3	
P29060	P29060	1	Training	4	
P02462	P02462	1	Training	0	
A0A482A9N4	A0A482A9N4	1	Training	1	
P45590	P45590	1	Training	2	
P01048	P01048	1	Training	3	
O46432	O46432	1	Training	4	
P18684	P18684	1	Training	0	
Q62632	Q62632	1	Training	1	
P14214	P14214	1	Training	2	
P68248	P68248	1	Training	3	
P0DUQ6	P0DUQ6	1	Training	4	
Q8T9R8	Q8T9R8	1	Training	0	
O18994	O18994	1	Training	1	
P14630	P14630	1	Training	2	
A0A5C2A2T2	A0A5C2A2T2	1	Training	3	
O60931	O60931	1	Training	4	
P81054	P81054	1	Training	0	
Q95NY5	Q95NY5	1	Training	1	
P09479	P09479	1	Training	2	
Q16568	Q16568	1	Training	3	
Q39649	Q39649	1	Training	4	
P52798	P52798	1	Training	0	
P07359	P07359	1	Training	1	
Q94733	Q94733	1	Training	2	
B0FHH8	B0FHH8	1	Training	3	
Q95JC9	Q95JC9	1	Training	4	
Q6Z232	Q6Z232	1	Training	0	
M1MR49	M1MR49	1	Training	1	
C0H9B6	C0H9B6	1	Training	2	
P82103	P82103	1	Training	3	
Q99ML8	Q99ML8	1	Training	4	
Q6UW10	Q6UW10	1	Training	0	
Q0IQK9	Q0IQK9	1	Training	1	
P28825	P28825	1	Training	2	
Q1HAY7	Q1HAY7	1	Training	3	
P49921	P49921	1	Training	4	
P31723	P31723	1	Training	0	
P32472	P32472	1	Training	1	
Q02596	Q02596	1	Training	2	
P84843	P84843	1	Training	3	
P17697	P17697	1	Training	4	
P0DMD3	P0DMD3	1	Training	0	
P79208	P79208	1	Training	1	
Q6UX41	Q6UX41	1	Training	2	
G9M8X1	G9M8X1	1	Training	3	
Q8X150	Q8X150	1	Training	4	
P00688	P00688	1	Training	0	
Q64HC7	Q64HC7	1	Training	1	
Q9UK23	Q9UK23	1	Training	2	
Q4WZ11	Q4WZ11	1	Training	3	
P10619	P10619	1	Training	4	
Q26994	Q26994	1	Training	0	
A0A1W6EVN2	A0A1W6EVN2	1	Training	1	
Q6UWV2	Q6UWV2	1	Training	2	
P20333	P20333	1	Training	3	
Q76FB0	Q76FB0	1	Training	4	
Q43413	Q43413	1	Training	0	
P0CS93	P0CS93	1	Training	1	
Q01584	Q01584	1	Training	2	
P20507	P20507	1	Training	3	
P80961	P80961	1	Training	4	
Q9NZV1	Q9NZV1	1	Training	0	
P00992	P00992	1	Training	1	
P0CX78	P0CX78	1	Training	2	
P17301	P17301	1	Training	3	
Q9ES58	Q9ES58	1	Training	4	
P18709	P18709	1	Training	0	
O59896	O59896	1	Training	1	
Q2PS07	Q2PS07	1	Training	2	
P30919	P30919	1	Training	3	
Q8T0W8	Q8T0W8	1	Training	4	
Q86YL7	Q86YL7	1	Training	0	
Q96DU3	Q96DU3	1	Training	1	
B4FZ87	B4FZ87	1	Training	2	
P02763	P02763	1	Training	3	
B3STN5	B3STN5	1	Training	4	
P81264	P81264	1	Training	0	
F2QXM5	F2QXM5	1	Training	1	
Q8NI17	Q8NI17	1	Training	2	
P01500	P01500	1	Training	3	
P81058	P81058	1	Training	4	
Q9GV28	Q9GV28	1	Training	0	
Q99467	Q99467	1	Training	1	
P20013	P20013	1	Training	2	
P35578	P35578	1	Training	3	
Q8NBL1	Q8NBL1	1	Training	4	
Q13231	Q13231	1	Training	0	
Q86Y78	Q86Y78	1	Training	1	
P23502	P23502	1	Training	2	
O43291	O43291	1	Training	3	
L8BRS3	L8BRS3	1	Training	4	
P13686	P13686	1	Training	0	
P43307	P43307	1	Training	1	
P55057	P55057	1	Training	2	
O08795	O08795	1	Training	3	
P81605	P81605	1	Training	4	
P27773	P27773	1	Training	0	
P01226	P01226	1	Training	1	
Q556R7	Q556R7	1	Training	2	
P48747	P48747	1	Training	3	
Q56S59	Q56S59	1	Training	4	
Q01528	Q01528	1	Training	0	
P06332	P06332	1	Training	1	
P22894	P22894	1	Training	2	
Q8MMJ7	Q8MMJ7	1	Training	3	
A0A2I8B346	A0A2I8B346	1	Training	4	
P45561	P45561	1	Training	0	
O95633	O95633	1	Training	1	
Q945U0	Q945U0	1	Training	2	
Q03472	Q03472	1	Training	3	
Q92154	Q92154	1	Training	4	
Q13478	Q13478	1	Training	0	
P48765	P48765	1	Training	1	
P49125	P49125	1	Training	2	
Q28143	Q28143	1	Training	3	
P08582	P08582	1	Training	4	
Q8I948	Q8I948	1	Training	0	
Q9NYY1	Q9NYY1	1	Training	1	
P12872	P12872	1	Training	2	
Q6IV20	Q6IV20	1	Training	3	
O35701	O35701	1	Training	4	
O18998	O18998	1	Training	0	
P10762	P10762	1	Training	1	
Q9H7M9	Q9H7M9	1	Training	2	
Q7Q7R8	Q7Q7R8	1	Training	3	
P19035	P19035	1	Training	4	
P23515	P23515	1	Training	0	
P16235	P16235	1	Training	1	
O75711	O75711	1	Training	2	
P31420	P31420	1	Training	3	
P18650	P18650	1	Training	4	
Q4V645	Q4V645	1	Training	0	
P08505	P08505	1	Training	1	
Q05928	Q05928	1	Training	2	
P01076	P01076	1	Training	3	
P08236	P08236	1	Training	4	
Q8WPJ2	Q8WPJ2	1	Training	0	
Q27972	Q27972	1	Training	1	
P11021	P11021	1	Training	2	
P85197	P85197	1	Training	3	
P13671	P13671	1	Training	4	
P04217	P04217	1	Training	0	
P0DUT0	P0DUT0	1	Training	1	
P01364	P01364	1	Training	2	
Q9UVI4	Q9UVI4	1	Training	3	
Q8J0D2	Q8J0D2	1	Training	4	
P02774	P02774	1	Training	0	
U6BLZ9	U6BLZ9	1	Training	1	
Q52085	Q52085	1	Training	2	
O15455	O15455	1	Training	3	
P00719	P00719	1	Training	4	
O62680	O62680	1	Training	0	
P86407	P86407	1	Training	1	
I6S7G5	I6S7G5	1	Training	2	
Q17058	Q17058	1	Training	3	
Q8WP90	Q8WP90	1	Training	4	
Q0ZS88	Q0ZS88	1	Training	0	
P15261	P15261	1	Training	1	
Q9C5S0	Q9C5S0	1	Training	2	
P38660	P38660	1	Training	3	
O18330	O18330	1	Training	4	
P82358	P82358	1	Training	0	
P04937	P04937	1	Training	1	
P38574	P38574	1	Training	2	
Q02126	Q02126	1	Training	3	
P32803	P32803	1	Training	4	
P04925	P04925	1	Training	0	
P0DQE1	P0DQE1	1	Training	1	
A0A7J6K7I9	A0A7J6K7I9	1	Training	2	
P15289	P15289	1	Training	3	
Q8GT41	Q8GT41	1	Training	4	
A0A3N2PQC3	A0A3N2PQC3	1	Training	0	
Q6UXL0	Q6UXL0	1	Training	1	
P10493	P10493	1	Training	2	
P14925	P14925	1	Training	3	
P20462	P20462	1	Training	4	
E0X9F6	E0X9F6	1	Training	0	
Q8N6C8	Q8N6C8	1	Training	1	
P01177	P01177	1	Training	2	
Q9VG55	Q9VG55	1	Training	3	
P33487	P33487	1	Training	4	
Q13433	Q13433	1	Training	0	
P86929	P86929	1	Training	1	
Q9N4D8	Q9N4D8	1	Training	2	
Q70SU7	Q70SU7	1	Training	3	
Q6IUU3	Q6IUU3	1	Training	4	
Q08481	Q08481	1	Training	0	
P11215	P11215	1	Training	1	
Q8MUP7	Q8MUP7	1	Training	2	
A1X159	A1X159	1	Training	3	
P32358	P32358	1	Training	4	
Q9SUQ8	Q9SUQ8	1	Training	0	
Q8TCT8	Q8TCT8	1	Training	1	
P55083	P55083	1	Training	2	
P06727	P06727	1	Training	3	
P43121	P43121	1	Training	4	
Q12546	Q12546	1	Training	0	
Q9ERQ6	Q9ERQ6	1	Training	1	
P08069	P08069	1	Training	2	
P35859	P35859	1	Training	3	
P04062	P04062	1	Training	4	
P07897	P07897	1	Training	0	
P20112	P20112	1	Training	1	
P51688	P51688	1	Training	2	
P06911	P06911	1	Training	3	
Q86SC0	Q86SC0	1	Training	4	
P06865	P06865	1	Training	0	
Q9NRR1	Q9NRR1	1	Training	1	
O75462	O75462	1	Training	2	
P18181	P18181	1	Training	3	
O62605	O62605	1	Training	4	
Q9NAX4	Q9NAX4	1	Training	0	
P22301	P22301	1	Training	1	
P33577	P33577	1	Training	2	
P25291	P25291	1	Training	3	
Q27270	Q27270	1	Training	4	
Q9ZWA9	Q9ZWA9	1	Training	0	
P83472	P83472	1	Training	1	
Q6IWZ0	Q6IWZ0	1	Training	2	
P80915	P80915	1	Training	3	
P24021	P24021	1	Training	4	
Q8L9T8	Q8L9T8	1	Training	0	
P22063	P22063	1	Training	1	
O14786	O14786	1	Training	2	
P27919	P27919	1	Training	3	
P34170	P34170	1	Training	4	
P02466	P02466	1	Training	0	
Q5JNJ5	Q5JNJ5	1	Training	1	
Q09098	Q09098	1	Training	2	
Q9TT95	Q9TT95	1	Training	3	
Q9NQ34	Q9NQ34	1	Training	4	
Q6GU94	Q6GU94	1	Training	0	
P12992	P12992	1	Training	1	
K9N4Q4	K9N4Q4	1	Training	2	
Q08334	Q08334	1	Training	3	
P00635	P00635	1	Training	4	
P81702	P81702	1	Training	0	
Q9C9H5	Q9C9H5	1	Training	1	
Q8NBM8	Q8NBM8	1	Training	2	
O42807	O42807	1	Training	3	
Q6QX33	Q6QX33	1	Training	4	
P82818	P82818	1	Training	0	
P02783	P02783	1	Training	1	
Q9R1T7	Q9R1T7	1	Training	2	
P13917	P13917	1	Training	3	
P28335	P28335	1	Training	4	
O64392	O64392	1	Training	0	
O00105	O00105	1	Training	1	
Q15768	Q15768	1	Training	2	
Q8NBN3	Q8NBN3	1	Training	3	
Q653V7	Q653V7	1	Training	4	
Q9BWV1	Q9BWV1	1	Training	0	
Q13651	Q13651	1	Training	1	
P11438	P11438	1	Training	2	
P29459	P29459	1	Training	3	
Q2ULM2	Q2ULM2	1	Training	4	
Q25255	Q25255	1	Training	0	
Q9BZW8	Q9BZW8	1	Training	1	
B1P0S1	B1P0S1	1	Training	2	
P30986	P30986	1	Training	3	
K9L4P7	K9L4P7	1	Training	4	
Q8I817	Q8I817	1	Training	0	
A0A8T9EMC0	A0A8T9EMC0	1	Training	1	
Q9Z0L3	Q9Z0L3	1	Training	2	
P02652	P02652	1	Training	3	
P01350	P01350	1	Training	4	
P16159	P16159	1	Training	0	
P42264	P42264	1	Training	1	
P42098	P42098	1	Training	2	
Q8JFY4	Q8JFY4	1	Training	3	
Q01638	Q01638	1	Training	4	
Q9C9G4	Q9C9G4	1	Training	0	
E0D877	E0D877	1	Training	1	
Q7Z5A7	Q7Z5A7	1	Training	2	
P05533	P05533	1	Training	3	
P36980	P36980	1	Training	4	
P02727	P02727	1	Training	0	
Q9PVW8	Q9PVW8	1	Training	1	
Q90ZY0	Q90ZY0	1	Training	2	
Q28989	Q28989	1	Training	3	
Q9NPR2	Q9NPR2	1	Training	4	
Q8TC27	Q8TC27	1	Training	0	
F1RRV3	F1RRV3	1	Training	1	
P53366	P53366	1	Training	2	
Q96F46	Q96F46	1	Training	3	
A4LAR6	A4LAR6	1	Training	4	
O14791	O14791	1	Training	0	
P28088	P28088	1	Training	1	
Q8RUW5	Q8RUW5	1	Training	2	
P12820	P12820	1	Training	3	
Q6XE38	Q6XE38	1	Training	4	
A0A0F7YZQ7	A0A0F7YZQ7	1	Training	0	
O42720	O42720	1	Training	1	
Q8HYA9	Q8HYA9	1	Training	2	
A1XCI9	A1XCI9	1	Training	3	
A0A0D1DWQ2	A0A0D1DWQ2	1	Training	4	
Q9BQ51	Q9BQ51	1	Training	0	
Q06K77	Q06K77	1	Training	1	
P33681	P33681	1	Training	2	
A8CL69	A8CL69	1	Training	3	
P32802	P32802	1	Training	4	
P07204	P07204	1	Training	0	
P0DUS7	P0DUS7	1	Training	1	
Q9Y2E5	Q9Y2E5	1	Training	2	
Q02083	Q02083	1	Training	3	
P47710	P47710	1	Training	4	
Q76BW5	Q76BW5	1	Training	0	
Q50KB1	Q50KB1	1	Training	1	
Q9UBP4	Q9UBP4	1	Training	2	
B3STN7	B3STN7	1	Training	3	
P18418	P18418	1	Training	4	
Q8T0W1	Q8T0W1	1	Training	0	
P31608	P31608	1	Training	1	
Q84V39	Q84V39	1	Training	2	
P98066	P98066	1	Training	3	
Q63415	Q63415	1	Training	4	
P15358	P15358	1	Training	0	
P15309	P15309	1	Training	1	
P0DPU8	P0DPU8	1	Training	2	
Q9LLT1	Q9LLT1	1	Training	3	
B0XRV0	B0XRV0	1	Training	4	
P01833	P01833	1	Training	0	
P04706	P04706	1	Training	1	
P00996	P00996	1	Training	2	
P24807	P24807	1	Training	3	
O76076	O76076	1	Training	4	
Q8BSU2	Q8BSU2	1	Training	0	
Q96PL1	Q96PL1	1	Training	1	
P13806	P13806	1	Training	2	
Q8MMH3	Q8MMH3	1	Training	3	
P14625	P14625	1	Training	4	
B0CPC6	B0CPC6	1	Training	0	
P67861	P67861	1	Training	1	
Q5F0I3	Q5F0I3	1	Training	2	
P06028	P06028	1	Training	3	
P18428	P18428	1	Training	4	
P04275	P04275	1	Training	0	
P00533	P00533	1	Training	1	
Q55GS3	Q55GS3	1	Training	2	
P29794	P29794	1	Training	3	
Q9H5V8	Q9H5V8	1	Training	4	
P54660	P54660	1	Training	0	
Q9GQV7	Q9GQV7	1	Training	1	
Q9ZT66	Q9ZT66	1	Training	2	
P02672	P02672	1	Training	3	
P02701	P02701	1	Training	4	
Q99435	Q99435	1	Training	0	
P81827	P81827	1	Training	1	
P08514	P08514	1	Training	2	
Q6DWK3	Q6DWK3	1	Training	3	
P19594	P19594	1	Training	4	
P05059	P05059	1	Training	0	
P05160	P05160	1	Training	1	
P81999	P81999	1	Training	2	
P69770	P69770	1	Training	3	
P0DL40	P0DL40	1	Training	4	
O95866	O95866	1	Training	0	
P43174	P43174	1	Training	1	
P05113	P05113	1	Training	2	
Q8ISL8	Q8ISL8	1	Training	3	
Q78CF9	Q78CF9	1	Training	4	
P62520	P62520	1	Training	0	
Q8NBJ9	Q8NBJ9	1	Training	1	
P00760	P00760	1	Training	2	
P59665	P59665	1	Training	3	
P08796	P08796	1	Training	4	
Q86Y34	Q86Y34	1	Training	0	
P20774	P20774	1	Training	1	
Q4V4I9	Q4V4I9	1	Training	2	
P13691	P13691	1	Training	3	
Q60GF7	Q60GF7	1	Training	4	
Q9NPF0	Q9NPF0	1	Training	0	
P35613	P35613	1	Training	1	
P41271	P41271	1	Training	2	
P23142	P23142	1	Training	3	
Q9P2K2	Q9P2K2	1	Training	4	
Q5XM24	Q5XM24	1	Training	0	
P25404	P25404	1	Training	1	
Q03405	Q03405	1	Training	2	
P24821	P24821	1	Training	3	
P20062	P20062	1	Training	4	
Q99969	Q99969	1	Training	0	
P22412	P22412	1	Training	1	
Q968Z6	Q968Z6	1	Training	2	
P50448	P50448	1	Training	3	
P19425	P19425	1	Training	4	
P07712	P07712	1	Training	0	
P55203	P55203	1	Training	1	
P53616	P53616	1	Training	2	
Q9GZX6	Q9GZX6	1	Training	3	
P28798	P28798	1	Training	4	
Q29422	Q29422	1	Training	0	
P07994	P07994	1	Training	1	
Q86LE5	Q86LE5	1	Training	2	
O46162	O46162	1	Training	3	
P48816	P48816	1	Training	4	
Q7TQN3	Q7TQN3	1	Training	0	
P05164	P05164	1	Training	1	
Q13162	Q13162	1	Training	2	
	Q03214	0	Training	0	Q03214
	Q86BP6	0	Training	1	Q86BP6
	O94329	0	Training	2	O94329
	Q49AM1	0	Training	3	Q49AM1
	Q9D0Z3	0	Training	4	Q9D0Z3
	Q9M280	0	Training	0	Q9M280
	Q07800	0	Training	1	Q07800
	Q9H814	0	Training	2	Q9H814
	Q12338	0	Training	3	Q12338
	Q8K0U3	0	Training	4	Q8K0U3
	Q52LJ0	0	Training	0	Q52LJ0
	P38710	0	Training	1	P38710
	P40473	0	Training	2	P40473
	Q969F9	0	Training	3	Q969F9
	P53142	0	Training	4	P53142
	Q9N2W5	0	Training	0	Q9N2W5
	Q9HDZ6	0	Training	1	Q9HDZ6
	Q9XUB3	0	Training	2	Q9XUB3
	Q8C5Y2	0	Training	3	Q8C5Y2
	Q10360	0	Training	4	Q10360
	Q9WVR8	0	Training	0	Q9WVR8
	Q8RWG2	0	Training	1	Q8RWG2
	Q8L4H0	0	Training	2	Q8L4H0
	Q08816	0	Training	3	Q08816
	Q13535	0	Training	4	Q13535
	E9Q5G7	0	Training	0	E9Q5G7
	P38885	0	Training	1	P38885
	O13999	0	Training	2	O13999
	P23225	0	Training	3	P23225
	G4MWZ7	0	Training	4	G4MWZ7
	Q96FC9	0	Training	0	Q96FC9
	Q12102	0	Training	1	Q12102
	P47127	0	Training	2	P47127
	Q8R1B8	0	Training	3	Q8R1B8
	Q9Y6K9	0	Training	4	Q9Y6K9
	Q09750	0	Training	0	Q09750
	O97101	0	Training	1	O97101
	Q9UL40	0	Training	2	Q9UL40
	Q4KMQ2	0	Training	3	Q4KMQ2
	Q9M394	0	Training	4	Q9M394
	Q9URT4	0	Training	0	Q9URT4
	A0A161CFW5	0	Training	1	A0A161CFW5
	Q6AT90	0	Training	2	Q6AT90
	O60044	0	Training	3	O60044
	O14311	0	Training	4	O14311
	P52566	0	Training	0	P52566
	Q8LDU4	0	Training	1	Q8LDU4
	Q9BT43	0	Training	2	Q9BT43
	Q53AQ4	0	Training	3	Q53AQ4
	Q9HB21	0	Training	4	Q9HB21
	P33751	0	Training	0	P33751
	Q8LAC4	0	Training	1	Q8LAC4
	O74560	0	Training	2	O74560
	P40356	0	Training	3	P40356
	Q86TU7	0	Training	4	Q86TU7
	Q92688	0	Training	0	Q92688
	Q584U2	0	Training	1	Q584U2
	Q99LY9	0	Training	2	Q99LY9
	Q5HZG9	0	Training	3	Q5HZG9
	P38325	0	Training	4	P38325
	Q08282	0	Training	0	Q08282
	Q9VEA5	0	Training	1	Q9VEA5
	Q8RWG1	0	Training	2	Q8RWG1
	Q3MJK5	0	Training	3	Q3MJK5
	Q10204	0	Training	4	Q10204
	Q9Z0Y7	0	Training	0	Q9Z0Y7
	Q9Y584	0	Training	1	Q9Y584
	Q96SQ7	0	Training	2	Q96SQ7
	O54697	0	Training	3	O54697
	Q9HB58	0	Training	4	Q9HB58
	Q9H6E5	0	Training	0	Q9H6E5
	G5EDM7	0	Training	1	G5EDM7
	Q9XII1	0	Training	2	Q9XII1
	O13859	0	Training	3	O13859
	P21757	0	Training	4	P21757
	Q9Y5L0	0	Training	0	Q9Y5L0
	Q8AYS7	0	Training	1	Q8AYS7
	P18847	0	Training	2	P18847
	Q9N425	0	Training	3	Q9N425
	Q9NVU0	0	Training	4	Q9NVU0
	Q93560	0	Training	0	Q93560
	Q9NRP2	0	Training	1	Q9NRP2
	Q9P2D0	0	Training	2	Q9P2D0
	Q9UBS8	0	Training	3	Q9UBS8
	O13978	0	Training	4	O13978
	G5DBJ0	0	Training	0	G5DBJ0
	Q07684	0	Training	1	Q07684
	C6KST8	0	Training	2	C6KST8
	Q9Y448	0	Training	3	Q9Y448
	Q03372	0	Training	4	Q03372
	Q09902	0	Training	0	Q09902
	P43606	0	Training	1	P43606
	Q9C9F5	0	Training	2	Q9C9F5
	Q91XW8	0	Training	3	Q91XW8
	Q8LIY8	0	Training	4	Q8LIY8
	G4SLH0	0	Training	0	G4SLH0
	O20029	0	Training	1	O20029
	O94358	0	Training	2	O94358
	A0A0S2UWC9	0	Training	3	A0A0S2UWC9
	Q9H0V1	0	Training	4	Q9H0V1
	B0L3A2	0	Training	0	B0L3A2
	E9PRG8	0	Training	1	E9PRG8
	Q8WQX5	0	Training	2	Q8WQX5
	Q86YN6	0	Training	3	Q86YN6
	Q9FJL0	0	Training	4	Q9FJL0
	F1QN48	0	Training	0	F1QN48
	Q9H6R4	0	Training	1	Q9H6R4
	Q93Y32	0	Training	2	Q93Y32
	Q9T6H8	0	Training	3	Q9T6H8
	O75426	0	Training	4	O75426
	Q8RWL4	0	Training	0	Q8RWL4
	Q9BQ65	0	Training	1	Q9BQ65
	Q9BQL6	0	Training	2	Q9BQL6
	Q9Y7Y6	0	Training	3	Q9Y7Y6
	Q8LEA8	0	Training	4	Q8LEA8
	Q8I397	0	Training	0	Q8I397
	O74946	0	Training	1	O74946
	G5EGA9	0	Training	2	G5EGA9
	Q6NVG5	0	Training	3	Q6NVG5
	P25038	0	Training	4	P25038
	S0DPL8	0	Training	0	S0DPL8
	Q9Y237	0	Training	1	Q9Y237
	J7M799	0	Training	2	J7M799
	Q91VD9	0	Training	3	Q91VD9
	Q96CU9	0	Training	4	Q96CU9
	F4HVG8	0	Training	0	F4HVG8
	Q5BKX6	0	Training	1	Q5BKX6
	P24499	0	Training	2	P24499
	P14712	0	Training	3	P14712
	Q24167	0	Training	4	Q24167
	P53885	0	Training	0	P53885
	B0F481	0	Training	1	B0F481
	P56286	0	Training	2	P56286
	Q9BSK0	0	Training	3	Q9BSK0
	O65220	0	Training	4	O65220
	P07471	0	Training	0	P07471
	Q9Y530	0	Training	1	Q9Y530
	Q29455	0	Training	2	Q29455
	O13894	0	Training	3	O13894
	P29147	0	Training	4	P29147
	Q08887	0	Training	0	Q08887
	P25420	0	Training	1	P25420
	Q5PP51	0	Training	2	Q5PP51
	O88845	0	Training	3	O88845
	P25638	0	Training	4	P25638
	Q6P1L8	0	Training	0	Q6P1L8
	Q9NYQ3	0	Training	1	Q9NYQ3
	Q6UN15	0	Training	2	Q6UN15
	O13853	0	Training	3	O13853
	Q9VC45	0	Training	4	Q9VC45
	Q04751	0	Training	0	Q04751
	P38198	0	Training	1	P38198
	Q05809	0	Training	2	Q05809
	Q9FEN9	0	Training	3	Q9FEN9
	Q04341	0	Training	4	Q04341
	Q9WVH3	0	Training	0	Q9WVH3
	P53721	0	Training	1	P53721
	Q12180	0	Training	2	Q12180
	Q9R269	0	Training	3	Q9R269
	Q1K8E0	0	Training	4	Q1K8E0
	P40568	0	Training	0	P40568
	Q9QWH1	0	Training	1	Q9QWH1
	P07276	0	Training	2	P07276
	P27864	0	Training	3	P27864
	Q15172	0	Training	4	Q15172
	Q20924	0	Training	0	Q20924
	Q9DBN1	0	Training	1	Q9DBN1
	Q9W6V6	0	Training	2	Q9W6V6
	Q01453	0	Training	3	Q01453
	Q04264	0	Training	4	Q04264
	Q84JW1	0	Training	0	Q84JW1
	Q9CPR8	0	Training	1	Q9CPR8
	Q9FEC1	0	Training	2	Q9FEC1
	Q9NWH2	0	Training	3	Q9NWH2
	P40159	0	Training	4	P40159
	P38324	0	Training	0	P38324
	O13294	0	Training	1	O13294
	Q02796	0	Training	2	Q02796
	Q02794	0	Training	3	Q02794
	P09543	0	Training	4	P09543
	Q8WTT2	0	Training	0	Q8WTT2
	F4JP43	0	Training	1	F4JP43
	P63040	0	Training	2	P63040
	O54963	0	Training	3	O54963
	Q5T6F0	0	Training	4	Q5T6F0
	Q6IQ49	0	Training	0	Q6IQ49
	Q9H299	0	Training	1	Q9H299
	Q9C8Y3	0	Training	2	Q9C8Y3
	O74400	0	Training	3	O74400
	Q5ZEP9	0	Training	4	Q5ZEP9
	Q9USX8	0	Training	0	Q9USX8
	Q6P4A7	0	Training	1	Q6P4A7
	Q9FMW8	0	Training	2	Q9FMW8
	P34219	0	Training	3	P34219
	P69851	0	Training	4	P69851
	Q9H7D7	0	Training	0	Q9H7D7
	Q8R3C6	0	Training	1	Q8R3C6
	Q6NKS4	0	Training	2	Q6NKS4
	Q43157	0	Training	3	Q43157
	Q96E09	0	Training	4	Q96E09
	C0LLJ0	0	Training	0	C0LLJ0
	O76075	0	Training	1	O76075
	Q7XHR2	0	Training	2	Q7XHR2
	P0DI83	0	Training	3	P0DI83
	Q0WUA3	0	Training	4	Q0WUA3
	Q08553	0	Training	0	Q08553
	Q9C5Z3	0	Training	1	Q9C5Z3
	Q0PNE2	0	Training	2	Q0PNE2
	Q8W234	0	Training	3	Q8W234
	Q05543	0	Training	4	Q05543
	Q9MBA2	0	Training	0	Q9MBA2
	P38818	0	Training	1	P38818
	Q6P0N0	0	Training	2	Q6P0N0
	Q53TQ3	0	Training	3	Q53TQ3
	Q9VQ91	0	Training	4	Q9VQ91
	Q9VDW6	0	Training	0	Q9VDW6
	O60306	0	Training	1	O60306
	Q9H582	0	Training	2	Q9H582
	Q19087	0	Training	3	Q19087
	Q24142	0	Training	4	Q24142
	Q19LA2	0	Training	0	Q19LA2
	P46970	0	Training	1	P46970
	P0C5Y7	0	Training	2	P0C5Y7
	P57725	0	Training	3	P57725
	Q60EN8	0	Training	4	Q60EN8
	P82162	0	Training	0	P82162
	Q8VY15	0	Training	1	Q8VY15
	Q7Z6G8	0	Training	2	Q7Z6G8
	O74975	0	Training	3	O74975
	Q80U87	0	Training	4	Q80U87
	Q5T7W0	0	Training	0	Q5T7W0
	Q9H467	0	Training	1	Q9H467
	O13699	0	Training	2	O13699
	Q8IDM6	0	Training	3	Q8IDM6
	Q96CM3	0	Training	4	Q96CM3
	Q9P2Y4	0	Training	0	Q9P2Y4
	Q9GGE2	0	Training	1	Q9GGE2
	P22224	0	Training	2	P22224
	Q86U44	0	Training	3	Q86U44
	Q9M1E7	0	Training	4	Q9M1E7
	Q8I8U7	0	Training	0	Q8I8U7
	Q12748	0	Training	1	Q12748
	F4JTE7	0	Training	2	F4JTE7
	Q9H7T9	0	Training	3	Q9H7T9
	B5TYT3	0	Training	4	B5TYT3
	Q9C9G6	0	Training	0	Q9C9G6
	P87133	0	Training	1	P87133
	Q584D1	0	Training	2	Q584D1
	Q96VH4	0	Training	3	Q96VH4
	Q8CI15	0	Training	4	Q8CI15
	O14079	0	Training	0	O14079
	Q9UUK4	0	Training	1	Q9UUK4
	Q7TSZ8	0	Training	2	Q7TSZ8
	Q9H1I8	0	Training	3	Q9H1I8
	Q3UQS8	0	Training	4	Q3UQS8
	O89091	0	Training	0	O89091
	P36011	0	Training	1	P36011
	Q9CQR4	0	Training	2	Q9CQR4
	Q12433	0	Training	3	Q12433
	Q02099	0	Training	4	Q02099
	Q6P2Q9	0	Training	0	Q6P2Q9
	Q86X29	0	Training	1	Q86X29
	G5EDP2	0	Training	2	G5EDP2
	H3BKT1	0	Training	3	H3BKT1
	Q9VPQ6	0	Training	4	Q9VPQ6
	P32388	0	Training	0	P32388
	Q06011	0	Training	1	Q06011
	P22572	0	Training	2	P22572
	P12686	0	Training	3	P12686
	P32776	0	Training	4	P32776
	Q8TAT5	0	Training	0	Q8TAT5
	Q8NF64	0	Training	1	Q8NF64
	P16383	0	Training	2	P16383
	Q08949	0	Training	3	Q08949
	P41895	0	Training	4	P41895
	Q924H7	0	Training	0	Q924H7
	Q02199	0	Training	1	Q02199
	Q9ASV5	0	Training	2	Q9ASV5
	Q9JKU3	0	Training	3	Q9JKU3
	O14893	0	Training	4	O14893
	Q9C4Z7	0	Training	0	Q9C4Z7
	P81760	0	Training	1	P81760
	Q9D495	0	Training	2	Q9D495
	F4JZY1	0	Training	3	F4JZY1
	Q9U2Z0	0	Training	4	Q9U2Z0
	O13788	0	Training	0	O13788
	Q5PRF9	0	Training	1	Q5PRF9
	P14905	0	Training	2	P14905
	Q9Y3V2	0	Training	3	Q9Y3V2
	P49957	0	Training	4	P49957
	P28033	0	Training	0	P28033
	Q3URU2	0	Training	1	Q3URU2
	Q99679	0	Training	2	Q99679
	Q7M750	0	Training	3	Q7M750
	Q8WUX2	0	Training	4	Q8WUX2
	P0CH07	0	Training	0	P0CH07
	P0DH90	0	Training	1	P0DH90
	Q9BXC9	0	Training	2	Q9BXC9
	P39547	0	Training	3	P39547
	P48608	0	Training	4	P48608
	Q8W4D8	0	Training	0	Q8W4D8
	P32786	0	Training	1	P32786
	Q9SZD6	0	Training	2	Q9SZD6
	P48526	0	Training	3	P48526
	O08774	0	Training	4	O08774
	Q24246	0	Training	0	Q24246
	P27707	0	Training	1	P27707
	Q9V7P1	0	Training	2	Q9V7P1
	P27216	0	Training	3	P27216
	Q9UTJ8	0	Training	4	Q9UTJ8
	Q9C086	0	Training	0	Q9C086
	Q9NY74	0	Training	1	Q9NY74
	Q9UHV7	0	Training	2	Q9UHV7
	Q22812	0	Training	3	Q22812
	Q03760	0	Training	4	Q03760
	Q94BT9	0	Training	0	Q94BT9
	P25453	0	Training	1	P25453
	Q674X7	0	Training	2	Q674X7
	Q12315	0	Training	3	Q12315
	P08657	0	Training	4	P08657
	Q8L7E5	0	Training	0	Q8L7E5
	O08773	0	Training	1	O08773
	Q9LRZ3	0	Training	2	Q9LRZ3
	Q9NPI6	0	Training	3	Q9NPI6
	Q9H6K1	0	Training	4	Q9H6K1
	A0A445AGS0	0	Training	0	A0A445AGS0
	P16658	0	Training	1	P16658
	Q62796	0	Training	2	Q62796
	Q5A4H5	0	Training	3	Q5A4H5
	Q13342	0	Training	4	Q13342
	P51163	0	Training	0	P51163
	A0A509AKT6	0	Training	1	A0A509AKT6
	Q94F00	0	Training	2	Q94F00
	Q15286	0	Training	3	Q15286
	Q9P0P8	0	Training	4	Q9P0P8
	Q8BVG4	0	Training	0	Q8BVG4
	P19880	0	Training	1	P19880
	Q94CD4	0	Training	2	Q94CD4
	P41002	0	Training	3	P41002
	P53875	0	Training	4	P53875
	P0DW81	0	Training	0	P0DW81
	P17442	0	Training	1	P17442
	P53167	0	Training	2	P53167
	U4PAZ9	0	Training	3	U4PAZ9
	P53628	0	Training	4	P53628
	Q8WZK3	0	Training	0	Q8WZK3
	O75004	0	Training	1	O75004
	Q75QN2	0	Training	2	Q75QN2
	O46385	0	Training	3	O46385
	Q91WW3	0	Training	4	Q91WW3
	O49629	0	Training	0	O49629
	P82913	0	Training	1	P82913
	Q7Z410	0	Training	2	Q7Z410
	P46673	0	Training	3	P46673
	Q3E785	0	Training	4	Q3E785
	Q12373	0	Training	0	Q12373
	O35250	0	Training	1	O35250
	P60323	0	Training	2	P60323
	Q12283	0	Training	3	Q12283
	P0CS82	0	Training	4	P0CS82
	O94494	0	Training	0	O94494
	Q02793	0	Training	1	Q02793
	F4K933	0	Training	2	F4K933
	O94410	0	Training	3	O94410
	Q96CX2	0	Training	4	Q96CX2
	P47988	0	Training	0	P47988
	Q08509	0	Training	1	Q08509
	Q94545	0	Training	2	Q94545
	Q17390	0	Training	3	Q17390
	Q682U6	0	Training	4	Q682U6
	Q9FVR6	0	Training	0	Q9FVR6
	P40164	0	Training	1	P40164
	Q9Y2I8	0	Training	2	Q9Y2I8
	Q4VAE3	0	Training	3	Q4VAE3
	G5EFY4	0	Training	4	G5EFY4
	P39952	0	Training	0	P39952
	P11325	0	Training	1	P11325
	Q12334	0	Training	2	Q12334
	Q6IQ55	0	Training	3	Q6IQ55
	A0A1D9BZF0	0	Training	4	A0A1D9BZF0
	Q8N196	0	Training	0	Q8N196
	P53188	0	Training	1	P53188
	P33203	0	Training	2	P33203
	Q99575	0	Training	3	Q99575
	Q9FEC4	0	Training	4	Q9FEC4
	P22134	0	Training	0	P22134
	Q94BN0	0	Training	1	Q94BN0
	O15427	0	Training	2	O15427
	P27516	0	Training	3	P27516
	A0A3Q7HWE4	0	Training	4	A0A3Q7HWE4
	Q8GT66	0	Training	0	Q8GT66
	Q8NFG4	0	Training	1	Q8NFG4
	Q9HDZ3	0	Training	2	Q9HDZ3
	Q9Z2S7	0	Training	3	Q9Z2S7
	Q9ULE6	0	Training	4	Q9ULE6
	Q6NZN1	0	Training	0	Q6NZN1
	A2ALU4	0	Training	1	A2ALU4
	O60141	0	Training	2	O60141
	P52868	0	Training	3	P52868
	Q9STY4	0	Training	4	Q9STY4
	Q9P7L2	0	Training	0	Q9P7L2
	P47158	0	Training	1	P47158
	Q920F5	0	Training	2	Q920F5
	Q9NGX9	0	Training	3	Q9NGX9
	Q9SCR2	0	Training	4	Q9SCR2
	Q8GSJ6	0	Training	0	Q8GSJ6
	J9VQC4	0	Training	1	J9VQC4
	P14908	0	Training	2	P14908
	Q08702	0	Training	3	Q08702
	Q8IWA0	0	Training	4	Q8IWA0
	Q69ZR9	0	Training	0	Q69ZR9
	Q68CP9	0	Training	1	Q68CP9
	A0A075TRC0	0	Training	2	A0A075TRC0
	Q0D2I5	0	Training	3	Q0D2I5
	Q9EPK5	0	Training	4	Q9EPK5
	Q61127	0	Training	0	Q61127
	P06100	0	Training	1	P06100
	Q06148	0	Training	2	Q06148
	O49570	0	Training	3	O49570
	Q0WQ41	0	Training	4	Q0WQ41
	Q5U623	0	Training	0	Q5U623
	Q9FLU1	0	Training	1	Q9FLU1
	Q14140	0	Training	2	Q14140
	O60674	0	Training	3	O60674
	Q8RWD5	0	Training	4	Q8RWD5
	O94972	0	Training	0	O94972
	Q12361	0	Training	1	Q12361
	P42900	0	Training	2	P42900
	A2A288	0	Training	3	A2A288
	P47118	0	Training	4	P47118
	Q1K548	0	Training	0	Q1K548
	O60921	0	Training	1	O60921
	P34241	0	Training	2	P34241
	P33759	0	Training	3	P33759
	G5EEG9	0	Training	4	G5EEG9
	Q09184	0	Training	0	Q09184
	Q9VKV5	0	Training	1	Q9VKV5
	Q6ZIV7	0	Training	2	Q6ZIV7
	Q07938	0	Training	3	Q07938
	P43557	0	Training	4	P43557
	O61707	0	Training	0	O61707
	P38255	0	Training	1	P38255
	Q9BWC9	0	Training	2	Q9BWC9
	Q8N6I1	0	Training	3	Q8N6I1
	Q10178	0	Training	4	Q10178
	P14604	0	Training	0	P14604
	P40099	0	Training	1	P40099
	Q9D011	0	Training	2	Q9D011
	P82670	0	Training	3	P82670
	Q5VTT2	0	Training	4	Q5VTT2
	Q9LES2	0	Training	0	Q9LES2
	O14161	0	Training	1	O14161
	Q76KJ5	0	Training	2	Q76KJ5
	P14731	0	Training	3	P14731
	P19447	0	Training	4	P19447
	Q70CQ1	0	Training	0	Q70CQ1
	P00390	0	Training	1	P00390
	P46059	0	Training	2	P46059
	Q5VWN6	0	Training	3	Q5VWN6
	D3Z7H4	0	Training	4	D3Z7H4
	Q01750	0	Training	0	Q01750
	Q7ZT48	0	Training	1	Q7ZT48
	Q9Y3F4	0	Training	2	Q9Y3F4
	Q8BVE8	0	Training	3	Q8BVE8
	Q6J9Q2	0	Training	4	Q6J9Q2
	Q96E29	0	Training	0	Q96E29
	P53808	0	Training	1	P53808
	P32626	0	Training	2	P32626
	Q15560	0	Training	3	Q15560
	P22354	0	Training	4	P22354
	O94913	0	Training	0	O94913
	O82204	0	Training	1	O82204
	P30316	0	Training	2	P30316
	O22059	0	Training	3	O22059
	Q6ZQX7	0	Training	4	Q6ZQX7
	A0A0P0WQ90	0	Training	0	A0A0P0WQ90
	P38193	0	Training	1	P38193
	A0A5B9G902	0	Training	2	A0A5B9G902
	Q9D4H9	0	Training	3	Q9D4H9
	Q02630	0	Training	4	Q02630
	Q9BXJ9	0	Training	0	Q9BXJ9
	Q09014	0	Training	1	Q09014
	Q8NI36	0	Training	2	Q8NI36
	P25188	0	Training	3	P25188
	Q9P7H5	0	Training	4	Q9P7H5
	Q9Y7K9	0	Training	0	Q9Y7K9
	Q8S4Q6	0	Training	1	Q8S4Q6
	Q9USM4	0	Training	2	Q9USM4
	P40360	0	Training	3	P40360
	Q66GP9	0	Training	4	Q66GP9
	Q7S910	0	Training	0	Q7S910
	A8WFJ9	0	Training	1	A8WFJ9
	Q6ZYL4	0	Training	2	Q6ZYL4
	P22033	0	Training	3	P22033
	Q06678	0	Training	4	Q06678
	Q08687	0	Training	0	Q08687
	Q9H8E8	0	Training	1	Q9H8E8
	P53125	0	Training	2	P53125
	P40381	0	Training	3	P40381
	Q9NZZ3	0	Training	4	Q9NZZ3
	Q9NPD3	0	Training	0	Q9NPD3
	Q9D1F4	0	Training	1	Q9D1F4
	Q96PN7	0	Training	2	Q96PN7
	Q07163	0	Training	3	Q07163
	Q8IZD2	0	Training	4	Q8IZD2
	P32505	0	Training	0	P32505
	Q96GX5	0	Training	1	Q96GX5
	P41812	0	Training	2	P41812
	Q9ZVA7	0	Training	3	Q9ZVA7
	Q8LDU1	0	Training	4	Q8LDU1
	Q9R0X4	0	Training	0	Q9R0X4
	B6HQN4	0	Training	1	B6HQN4
	O60287	0	Training	2	O60287
	Q9HAV7	0	Training	3	Q9HAV7
	Q8TEC5	0	Training	4	Q8TEC5
	Q9HCC9	0	Training	0	Q9HCC9
	Q8NF50	0	Training	1	Q8NF50
	Q8C624	0	Training	2	Q8C624
	Q15038	0	Training	3	Q15038
	Q12393	0	Training	4	Q12393
	O22267	0	Training	0	O22267
	P16455	0	Training	1	P16455
	P43309	0	Training	2	P43309
	O00463	0	Training	3	O00463
	P15771	0	Training	4	P15771
	Q9LY23	0	Training	0	Q9LY23
	P40084	0	Training	1	P40084
	A2AMT1	0	Training	2	A2AMT1
	Q557E7	0	Training	3	Q557E7
	Q9W0I5	0	Training	4	Q9W0I5
	Q9LV91	0	Training	0	Q9LV91
	Q9FNZ5	0	Training	1	Q9FNZ5
	Q12018	0	Training	2	Q12018
	O74350	0	Training	3	O74350
	P11930	0	Training	4	P11930
	Q9P2N6	0	Training	0	Q9P2N6
	Q9BUL9	0	Training	1	Q9BUL9
	P53251	0	Training	2	P53251
	Q04477	0	Training	3	Q04477
	Q6PR54	0	Training	4	Q6PR54
	E2RU10	0	Training	0	E2RU10
	P49756	0	Training	1	P49756
	Q6GPH4	0	Training	2	Q6GPH4
	Q06163	0	Training	3	Q06163
	Q8N108	0	Training	4	Q8N108
	Q15326	0	Training	0	Q15326
	Q8VCM2	0	Training	1	Q8VCM2
	Q9P267	0	Training	2	Q9P267
	Q04149	0	Training	3	Q04149
	Q04781	0	Training	4	Q04781
	A0A125S9M5	0	Training	0	A0A125S9M5
	Q5XIQ3	0	Training	1	Q5XIQ3
	P36517	0	Training	2	P36517
	P16522	0	Training	3	P16522
	P37263	0	Training	4	P37263
	Q84N64	0	Training	0	Q84N64
	Q10PI9	0	Training	1	Q10PI9
	P36136	0	Training	2	P36136
	P41846	0	Training	3	P41846
	Q86V15	0	Training	4	Q86V15
	P47164	0	Training	0	P47164
	Q14192	0	Training	1	Q14192
	K4C9E2	0	Training	2	K4C9E2
	Q10666	0	Training	3	Q10666
	P40923	0	Training	4	P40923
	P51948	0	Training	0	P51948
	P49334	0	Training	1	P49334
	Q6SKR2	0	Training	2	Q6SKR2
	Q18490	0	Training	3	Q18490
	Q06142	0	Training	4	Q06142
	Q9VWE6	0	Training	0	Q9VWE6
	P0DJH7	0	Training	1	P0DJH7
	Q80T69	0	Training	2	Q80T69
	Q9NAD6	0	Training	3	Q9NAD6
	P39706	0	Training	4	P39706
	K7W9N9	0	Training	0	K7W9N9
	G5ED29	0	Training	1	G5ED29
	Q9LFQ9	0	Training	2	Q9LFQ9
	Q84MB6	0	Training	3	Q84MB6
	O13777	0	Training	4	O13777
	Q5XG73	0	Training	0	Q5XG73
	Q96S44	0	Training	1	Q96S44
	D3YN49	0	Training	2	D3YN49
	J9VP29	0	Training	3	J9VP29
	Q8QFX1	0	Training	4	Q8QFX1
	Q96JZ2	0	Training	0	Q96JZ2
	Q8MIR0	0	Training	1	Q8MIR0
	Q9JKL7	0	Training	2	Q9JKL7
	Q7ZYP6	0	Training	3	Q7ZYP6
	Q7Z412	0	Training	4	Q7Z412
	Q9LU68	0	Training	0	Q9LU68
	A0A120KVR8	0	Training	1	A0A120KVR8
	P53540	0	Training	2	P53540
	Q09406	0	Training	3	Q09406
	Q12149	0	Training	4	Q12149
	Q944A6	0	Training	0	Q944A6
	Q9Z0W3	0	Training	1	Q9Z0W3
	A8J785	0	Training	2	A8J785
	P53999	0	Training	3	P53999
	P92792	0	Training	4	P92792
	P13405	0	Training	0	P13405
	P38727	0	Training	1	P38727
	Q96GZ6	0	Training	2	Q96GZ6
	P25054	0	Training	3	P25054
	Q23064	0	Training	4	Q23064
	P82916	0	Training	0	P82916
	P48382	0	Training	1	P48382
	Q8K4R8	0	Training	2	Q8K4R8
	Q8GZR2	0	Training	3	Q8GZR2
	L0R6Q1	0	Training	4	L0R6Q1
	Q23272	0	Training	0	Q23272
	Q9SAR5	0	Training	1	Q9SAR5
	Q04347	0	Training	2	Q04347
	P40053	0	Training	3	P40053
	P29539	0	Training	4	P29539
	Q9VBX2	0	Training	0	Q9VBX2
	T2BMW7	0	Training	1	T2BMW7
	Q9WV69	0	Training	2	Q9WV69
	Q39083	0	Training	3	Q39083
	P17677	0	Training	4	P17677
	Q9GZS1	0	Training	0	Q9GZS1
	P39715	0	Training	1	P39715
	Q96C01	0	Training	2	Q96C01
	Q06623	0	Training	3	Q06623
	O43913	0	Training	4	O43913
	P25398	0	Training	0	P25398
	O43008	0	Training	1	O43008
	Q96I23	0	Training	2	Q96I23
	Q99741	0	Training	3	Q99741
	P21269	0	Training	4	P21269
	Q9D494	0	Training	0	Q9D494
	Q6PG16	0	Training	1	Q6PG16
	Q6P8Z1	0	Training	2	Q6P8Z1
	Q92922	0	Training	3	Q92922
	Q7SCZ3	0	Training	4	Q7SCZ3
	P23326	0	Training	0	P23326
	Q9STY0	0	Training	1	Q9STY0
	O14925	0	Training	2	O14925
	Q96BQ5	0	Training	3	Q96BQ5
	Q8L773	0	Training	4	Q8L773
	Q9HCI7	0	Training	0	Q9HCI7
	P25963	0	Training	1	P25963
	Q9UBY9	0	Training	2	Q9UBY9
	Q12308	0	Training	3	Q12308
	E9EWQ4	0	Training	4	E9EWQ4
	Q8CDY7	0	Training	0	Q8CDY7
	Q8LD98	0	Training	1	Q8LD98
	P30414	0	Training	2	P30414
	Q9Y6W5	0	Training	3	Q9Y6W5
	Q99L90	0	Training	4	Q99L90
	Q96I59	0	Training	0	Q96I59
	Q8N7J2	0	Training	1	Q8N7J2
	P46940	0	Training	2	P46940
	O00566	0	Training	3	O00566
	Q8IZL2	0	Training	4	Q8IZL2
	P15343	0	Training	0	P15343
	Q18237	0	Training	1	Q18237
	Q86YI8	0	Training	2	Q86YI8
	Q8K3Y6	0	Training	3	Q8K3Y6
	Q96EV2	0	Training	4	Q96EV2
	O65282	0	Training	0	O65282
	Q8NBZ0	0	Training	1	Q8NBZ0
	Q5FWF5	0	Training	2	Q5FWF5
	P38291	0	Training	3	P38291
	P32862	0	Training	4	P32862
	K4PW38	0	Training	0	K4PW38
	P49773	0	Training	1	P49773
	P32841	0	Training	2	P32841
	Q02953	0	Training	3	Q02953
	Q9M2X3	0	Training	4	Q9M2X3
	Q6CLY8	0	Training	0	Q6CLY8
	Q9VDE4	0	Training	1	Q9VDE4
	P07255	0	Training	2	P07255
	Q7M2P1	0	Training	3	Q7M2P1
	Q3E747	0	Training	4	Q3E747
	S0DQI7	0	Training	0	S0DQI7
	P34234	0	Training	1	P34234
	Q03694	0	Training	2	Q03694
	K7WDL7	0	Training	3	K7WDL7
	Q7Z7K0	0	Training	4	Q7Z7K0
	Q11120	0	Training	0	Q11120
	Q12066	0	Training	1	Q12066
	O43765	0	Training	2	O43765
	Q8VY52	0	Training	3	Q8VY52
	B6HU70	0	Training	4	B6HU70
	Q7FAD5	0	Training	0	Q7FAD5
	Q9NVR2	0	Training	1	Q9NVR2
	P46959	0	Training	2	P46959
	P35435	0	Training	3	P35435
	P68350	0	Training	4	P68350
	P79937	0	Training	0	P79937
	Q5SXA9	0	Training	1	Q5SXA9
	Q8RUN2	0	Training	2	Q8RUN2
	Q06109	0	Training	3	Q06109
	B2RUZ4	0	Training	4	B2RUZ4
	Q8TAS1	0	Training	0	Q8TAS1
	P53277	0	Training	1	P53277
	Q8IWU4	0	Training	2	Q8IWU4
	Q13015	0	Training	3	Q13015
	P00107	0	Training	4	P00107
	P33441	0	Training	0	P33441
	Q9NYJ1	0	Training	1	Q9NYJ1
	P32591	0	Training	2	P32591
	Q9GZT3	0	Training	3	Q9GZT3
	Q14657	0	Training	4	Q14657
	Q15847	0	Training	0	Q15847
	Q6IBW4	0	Training	1	Q6IBW4
	Q9H3F6	0	Training	2	Q9H3F6
	P93025	0	Training	3	P93025
	Q27403	0	Training	4	Q27403
	S8F0G9	0	Training	0	S8F0G9
	Q9BUH6	0	Training	1	Q9BUH6
	Q23243	0	Training	2	Q23243
	P10156	0	Training	3	P10156
	P40535	0	Training	4	P40535
	Q5VWQ8	0	Training	0	Q5VWQ8
	P63098	0	Training	1	P63098
	Q62209	0	Training	2	Q62209
	Q9NX20	0	Training	3	Q9NX20
	Q8NDF8	0	Training	4	Q8NDF8
	Q06188	0	Training	0	Q06188
	Q9LK76	0	Training	1	Q9LK76
	O43058	0	Training	2	O43058
	Q04377	0	Training	3	Q04377
	P91278	0	Training	4	P91278
	P24919	0	Training	0	P24919
	Q9H6F5	0	Training	1	Q9H6F5
	P32569	0	Training	2	P32569
	Q9M4B5	0	Training	3	Q9M4B5
	P32785	0	Training	4	P32785
	Q9D818	0	Training	0	Q9D818
	O74317	0	Training	1	O74317
	F4J7T2	0	Training	2	F4J7T2
	Q03776	0	Training	3	Q03776
	Q811H0	0	Training	4	Q811H0
	Q9LZ08	0	Training	0	Q9LZ08
	O15226	0	Training	1	O15226
	A6QPQ5	0	Training	2	A6QPQ5
	P47120	0	Training	3	P47120
	Q92619	0	Training	4	Q92619
	Q8RWE8	0	Training	0	Q8RWE8
	O13834	0	Training	1	O13834
	Q0WUY1	0	Training	2	Q0WUY1
	Q9SCY2	0	Training	3	Q9SCY2
	Q9BXS1	0	Training	4	Q9BXS1
	Q08931	0	Training	0	Q08931
	P25364	0	Training	1	P25364
	O46101	0	Training	2	O46101
	P54939	0	Training	3	P54939
	Q86UA6	0	Training	4	Q86UA6
	P34708	0	Training	0	P34708
	Q8K339	0	Training	1	Q8K339
	P97303	0	Training	2	P97303
	P28803	0	Training	3	P28803
	O74518	0	Training	4	O74518
	Q9FFK6	0	Training	0	Q9FFK6
	Q9BWU0	0	Training	1	Q9BWU0
	E1BUG7	0	Training	2	E1BUG7
	P10105	0	Training	3	P10105
	P47141	0	Training	4	P47141
	Q86YD1	0	Training	0	Q86YD1
	Q94JU3	0	Training	1	Q94JU3
	F4I2J8	0	Training	2	F4I2J8
	Q2TB10	0	Training	3	Q2TB10
	Q93VT9	0	Training	4	Q93VT9
	P18576	0	Training	0	P18576
	Q9P000	0	Training	1	Q9P000
	Q9H204	0	Training	2	Q9H204
	P38302	0	Training	3	P38302
	Q6NWY9	0	Training	4	Q6NWY9
	Q12062	0	Training	0	Q12062
	Q04749	0	Training	1	Q04749
	Q06835	0	Training	2	Q06835
	D4A4P4	0	Training	3	D4A4P4
	Q6NV75	0	Training	4	Q6NV75
	Q9C5H9	0	Training	0	Q9C5H9
	Q9HGP5	0	Training	1	Q9HGP5
	O15084	0	Training	2	O15084
	Q9UUM2	0	Training	3	Q9UUM2
	O75506	0	Training	4	O75506
	P42847	0	Training	0	P42847
	Q921G6	0	Training	1	Q921G6
	Q06665	0	Training	2	Q06665
	B9DGU7	0	Training	3	B9DGU7
	P87234	0	Training	4	P87234
	P82925	0	Training	0	P82925
	Q1ZXU0	0	Training	1	Q1ZXU0
	Q12406	0	Training	2	Q12406
	P10852	0	Training	3	P10852
	P34260	0	Training	4	P34260
	G5EDT1	0	Training	0	G5EDT1
	Q5VWG9	0	Training	1	Q5VWG9
	P32494	0	Training	2	P32494
	Q6PDS3	0	Training	3	Q6PDS3
	Q9VAM5	0	Training	4	Q9VAM5
	Q8SWR3	0	Training	0	Q8SWR3
	O93295	0	Training	1	O93295
	P48437	0	Training	2	P48437
	F1NPG5	0	Training	3	F1NPG5
	Q04867	0	Training	4	Q04867
	O81852	0	Training	0	O81852
	Q9SIU2	0	Training	1	Q9SIU2
	Q62868	0	Training	2	Q62868
	A0A0R4IMY7	0	Training	3	A0A0R4IMY7
	Q19203	0	Training	4	Q19203
	Q03782	0	Training	0	Q03782
	Q9VBW6	0	Training	1	Q9VBW6
	Q9HCJ1	0	Training	2	Q9HCJ1
	A0A486WWJ9	0	Training	3	A0A486WWJ9
	Q5XVF0	0	Training	4	Q5XVF0
	Q9Z2T2	0	Training	0	Q9Z2T2
	Q15058	0	Training	1	Q15058
	Q7KRI2	0	Training	2	Q7KRI2
	Q05131	0	Training	3	Q05131
	Q8BMA5	0	Training	4	Q8BMA5
	B1AUS7	0	Training	0	B1AUS7
	E9Q7G0	0	Training	1	E9Q7G0
	P54113	0	Training	2	P54113
	Q37708	0	Training	3	Q37708
	P46678	0	Training	4	P46678
	P53233	0	Training	0	P53233
	Q9UJ42	0	Training	1	Q9UJ42
	Q8T0D4	0	Training	2	Q8T0D4
	Q4ZGE1	0	Training	3	Q4ZGE1
	Q9USR9	0	Training	4	Q9USR9
	F4JCX9	0	Training	0	F4JCX9
	P82281	0	Training	1	P82281
	B5X0I6	0	Training	2	B5X0I6
	Q08278	0	Training	3	Q08278
	Q8WYH8	0	Training	4	Q8WYH8
	Q8GXA4	0	Training	0	Q8GXA4
	Q1MTR4	0	Training	1	Q1MTR4
	Q10426	0	Training	2	Q10426
	O94417	0	Training	3	O94417
	Q13285	0	Training	4	Q13285
	Q96IZ2	0	Training	0	Q96IZ2
	Q08959	0	Training	1	Q08959
	Q6NZ36	0	Training	2	Q6NZ36
	Q06089	0	Training	3	Q06089
	O08608	0	Training	4	O08608
	P15340	0	Training	0	P15340
	P18412	0	Training	1	P18412
	Q8CIN9	0	Training	2	Q8CIN9
	P38227	0	Training	3	P38227
	Q09884	0	Training	4	Q09884
	O14464	0	Training	0	O14464
	W5U2K2	0	Training	1	W5U2K2
	Q9LF79	0	Training	2	Q9LF79
	P38172	0	Training	3	P38172
	O60150	0	Training	4	O60150
	Q4E657	0	Training	0	Q4E657
	Q9P7C8	0	Training	1	Q9P7C8
	O75478	0	Training	2	O75478
	Q96M32	0	Training	3	Q96M32
	Q7S4E7	0	Training	4	Q7S4E7
	A0A0D1E3S6	0	Training	0	A0A0D1E3S6
	P38749	0	Training	1	P38749
	P38282	0	Training	2	P38282
	P14907	0	Training	3	P14907
	Q8WXX7	0	Training	4	Q8WXX7
	Q8TF40	0	Training	0	Q8TF40
	P49842	0	Training	1	P49842
	Q9C829	0	Training	2	Q9C829
	P19634	0	Training	3	P19634
	O00488	0	Training	4	O00488
	Q8WVH0	0	Training	0	Q8WVH0
	P94077	0	Training	1	P94077
	Q673G8	0	Training	2	Q673G8
	Q9HD34	0	Training	3	Q9HD34
	P60879	0	Training	4	P60879
	Q94AI4	0	Training	0	Q94AI4
	Q9VS24	0	Training	1	Q9VS24
	Q7SA88	0	Training	2	Q7SA88
	Q01517	0	Training	3	Q01517
	O74563	0	Training	4	O74563
	Q91YI6	0	Training	0	Q91YI6
	O74844	0	Training	1	O74844
	P08417	0	Training	2	P08417
	Q8R3H9	0	Training	3	Q8R3H9
	O13395	0	Training	4	O13395
	A0A7J6K338	0	Training	0	A0A7J6K338
	Q12420	0	Training	1	Q12420
	Q8L7F7	0	Training	2	Q8L7F7
	Q8IXW5	0	Training	3	Q8IXW5
	P14066	0	Training	4	P14066
	Q9NZ63	0	Training	0	Q9NZ63
	Q80Z30	0	Training	1	Q80Z30
	Q23405	0	Training	2	Q23405
	P28066	0	Training	3	P28066
	Q9VEC1	0	Training	4	Q9VEC1
	P32843	0	Training	0	P32843
	Q10274	0	Training	1	Q10274
	Q9ESJ1	0	Training	2	Q9ESJ1
	O78750	0	Training	3	O78750
	Q9Y314	0	Training	4	Q9Y314
	Q9FFF5	0	Training	0	Q9FFF5
	Q80WB5	0	Training	1	Q80WB5
	P22293	0	Training	2	P22293
	Q6P3S6	0	Training	3	Q6P3S6
	P0DPI2	0	Training	4	P0DPI2
	Q96DE5	0	Training	0	Q96DE5
	Q8NAV1	0	Training	1	Q8NAV1
	Q9UST6	0	Training	2	Q9UST6
	Q03654	0	Training	3	Q03654
	P38169	0	Training	4	P38169
	Q8GT74	0	Training	0	Q8GT74
	Q8L7E9	0	Training	1	Q8L7E9
	C6SZ50	0	Training	2	C6SZ50
	P53107	0	Training	3	P53107
	Q99816	0	Training	4	Q99816
	Q5TAX3	0	Training	0	Q5TAX3
	O35914	0	Training	1	O35914
	Q8N9N2	0	Training	2	Q8N9N2
	Q9UDX5	0	Training	3	Q9UDX5
	Q96255	0	Training	4	Q96255
	P09114	0	Training	0	P09114
	O60284	0	Training	1	O60284
	Q99JT1	0	Training	2	Q99JT1
	O94258	0	Training	3	O94258
	Q3HNG7	0	Training	4	Q3HNG7
	Q15388	0	Training	0	Q15388
	Q6P4F7	0	Training	1	Q6P4F7
	Q84TH4	0	Training	2	Q84TH4
	O94311	0	Training	3	O94311
	Q7SB95	0	Training	4	Q7SB95
	B2C6R6	0	Training	0	B2C6R6
	P05549	0	Training	1	P05549
	Q59H18	0	Training	2	Q59H18
	Q3E6R5	0	Training	3	Q3E6R5
	Q27539	0	Training	4	Q27539
	O02751	0	Training	0	O02751
	Q9BUE6	0	Training	1	Q9BUE6
	Q567V2	0	Training	2	Q567V2
	P43583	0	Training	3	P43583
	Q5JNS0	0	Training	4	Q5JNS0
	P36159	0	Training	0	P36159
	O82264	0	Training	1	O82264
	P42566	0	Training	2	P42566
	P35639	0	Training	3	P35639
	Q9DCX2	0	Training	4	Q9DCX2
	P56216	0	Training	0	P56216
	O95696	0	Training	1	O95696
	Q8N684	0	Training	2	Q8N684
	P46781	0	Training	3	P46781
	Q92766	0	Training	4	Q92766
	Q9Y0E4	0	Training	0	Q9Y0E4
	Q8LLD0	0	Training	1	Q8LLD0
	Q38AH0	0	Training	2	Q38AH0
	Q9H633	0	Training	3	Q9H633
	Q08622	0	Training	4	Q08622
	Q3TLD5	0	Training	0	Q3TLD5
	A0A8I6ASZ5	0	Training	1	A0A8I6ASZ5
	Q96I36	0	Training	2	Q96I36
	Q9Y808	0	Training	3	Q9Y808
	O80669	0	Training	4	O80669
	Q9JJK4	0	Training	0	Q9JJK4
	O95751	0	Training	1	O95751
	Q8H1D4	0	Training	2	Q8H1D4
	Q9SK71	0	Training	3	Q9SK71
	Q8WXE1	0	Training	4	Q8WXE1
	O75132	0	Training	0	O75132
	Q9Z0P4	0	Training	1	Q9Z0P4
	B3H5K9	0	Training	2	B3H5K9
	Q9GYS1	0	Training	3	Q9GYS1
	P40023	0	Training	4	P40023
	Q9ZPX5	0	Training	0	Q9ZPX5
	Q8GWA2	0	Training	1	Q8GWA2
	Q53GL0	0	Training	2	Q53GL0
	P46962	0	Training	3	P46962
	O96626	0	Training	4	O96626
	Q8SX83	0	Training	0	Q8SX83
	Q94165	0	Training	1	Q94165
	Q01962	0	Training	2	Q01962
	Q20591	0	Training	3	Q20591
	Q9H4M9	0	Training	4	Q9H4M9
	Q9CQE1	0	Training	0	Q9CQE1
	Q96L08	0	Training	1	Q96L08
	Q9S7W5	0	Training	2	Q9S7W5
	P36543	0	Training	3	P36543
	Q8WW38	0	Training	4	Q8WW38
	P35658	0	Training	0	P35658
	Q18909	0	Training	1	Q18909
	Q9Y2K1	0	Training	2	Q9Y2K1
	Q6VNB8	0	Training	3	Q6VNB8
	P16547	0	Training	4	P16547
	Q05979	0	Training	0	Q05979
	Q9Y5U2	0	Training	1	Q9Y5U2
	Q6PB70	0	Training	2	Q6PB70
	Q15911	0	Training	3	Q15911
	P18074	0	Training	4	P18074
	P18887	0	Training	0	P18887
	Q6NLQ7	0	Training	1	Q6NLQ7
	P47979	0	Training	2	P47979
	Q969V5	0	Training	3	Q969V5
	A8MQL1	0	Training	4	A8MQL1
	G8B839	0	Training	0	G8B839
	P41814	0	Training	1	P41814
	Q09823	0	Training	2	Q09823
	P03874	0	Training	3	P03874
	Q9UDW3	0	Training	4	Q9UDW3
	Q9NWY4	0	Training	0	Q9NWY4
	Q9P1Z0	0	Training	1	Q9P1Z0
	O80506	0	Training	2	O80506
	P0CU09	0	Training	3	P0CU09
	Q9SNC0	0	Training	4	Q9SNC0
	P01129	0	Training	0	P01129
	Q9XFT3	0	Training	1	Q9XFT3
	Q923S6	0	Training	2	Q923S6
	Q91YJ3	0	Training	3	Q91YJ3
	Q9LVI9	0	Training	4	Q9LVI9
	Q9UQ84	0	Training	0	Q9UQ84
	P38812	0	Training	1	P38812
	Q9LG26	0	Training	2	Q9LG26
	Q20977	0	Training	3	Q20977
	Q96BY2	0	Training	4	Q96BY2
	O02219	0	Training	0	O02219
	P16371	0	Training	1	P16371
	Q8IYM2	0	Training	2	Q8IYM2
	P87315	0	Training	3	P87315
	A0A2K8FQU5	0	Training	4	A0A2K8FQU5
	P40364	0	Training	0	P40364
	Q3EBC8	0	Training	1	Q3EBC8
	Q9FIE3	0	Training	2	Q9FIE3
	Q9VXG1	0	Training	3	Q9VXG1
	P25637	0	Training	4	P25637
	Q9SEL7	0	Training	0	Q9SEL7
	Q96IZ0	0	Training	1	Q96IZ0
	Q8N4Q1	0	Training	2	Q8N4Q1
	O42648	0	Training	3	O42648
	P49903	0	Training	4	P49903
	Q9GTP4	0	Training	0	Q9GTP4
	P34247	0	Training	1	P34247
	P12354	0	Training	2	P12354
	Q9AYU1	0	Training	3	Q9AYU1
	P53061	0	Training	4	P53061
	Q96BI1	0	Training	0	Q96BI1
	P38874	0	Training	1	P38874
	Q8N3V7	0	Training	2	Q8N3V7
	Q17990	0	Training	3	Q17990
	P20052	0	Training	4	P20052
	Q12219	0	Training	0	Q12219
	Q09904	0	Training	1	Q09904
	A6NFN3	0	Training	2	A6NFN3
	O43812	0	Training	3	O43812
	O94585	0	Training	4	O94585
	P31228	0	Training	0	P31228
	Q9CPP6	0	Training	1	Q9CPP6
	O76906	0	Training	2	O76906
	Q80ZQ9	0	Training	3	Q80ZQ9
	Q07794	0	Training	4	Q07794
	P46310	0	Training	0	P46310
	Q06324	0	Training	1	Q06324
	Q8WW12	0	Training	2	Q8WW12
	Q8W4B1	0	Training	3	Q8W4B1
	Q8N5M1	0	Training	4	Q8N5M1
	Q03799	0	Training	0	Q03799
	Q99L02	0	Training	1	Q99L02
	P38870	0	Training	2	P38870
	Q84LM4	0	Training	3	Q84LM4
	Q8L983	0	Training	4	Q8L983
	Q9LW00	0	Training	0	Q9LW00
	P21306	0	Training	1	P21306
	Q84VQ4	0	Training	2	Q84VQ4
	Q8L9X2	0	Training	3	Q8L9X2
	Q99929	0	Training	4	Q99929
	Q9CWR0	0	Training	0	Q9CWR0
	Q8N7A1	0	Training	1	Q8N7A1
	Q2TAK8	0	Training	2	Q2TAK8
	A0A509APT1	0	Training	3	A0A509APT1
	O23722	0	Training	4	O23722
	P46946	0	Training	0	P46946
	Q13772	0	Training	1	Q13772
	O14894	0	Training	2	O14894
	O14336	0	Training	3	O14336
	Q02223	0	Training	4	Q02223
	Q14CB8	0	Training	0	Q14CB8
	Q3T9M1	0	Training	1	Q3T9M1
	Q969V6	0	Training	2	Q969V6
	P28007	0	Training	3	P28007
	Q02959	0	Training	4	Q02959
	Q9FYS5	0	Training	0	Q9FYS5
	Q15916	0	Training	1	Q15916
	Q8IYL3	0	Training	2	Q8IYL3
	P53834	0	Training	3	P53834
	O23813	0	Training	4	O23813
	Q86W54	0	Training	0	Q86W54
	Q9M8S7	0	Training	1	Q9M8S7
	P25008	0	Training	2	P25008
	Q8CII8	0	Training	3	Q8CII8
	P40467	0	Training	4	P40467
	F4JRB0	0	Training	0	F4JRB0
	Q8ISM1	0	Training	1	Q8ISM1
	Q80Z37	0	Training	2	Q80Z37
	P59382	0	Training	3	P59382
	Q7M6Y2	0	Training	4	Q7M6Y2
	Q39056	0	Training	0	Q39056
	Q9SR77	0	Training	1	Q9SR77
	Q9ZQI7	0	Training	2	Q9ZQI7
	Q9VDV3	0	Training	3	Q9VDV3
	Q6BDR8	0	Training	4	Q6BDR8
	Q9CAF5	0	Training	0	Q9CAF5
	P33749	0	Training	1	P33749
	I1RC73	0	Training	2	I1RC73
	Q0QWG9	0	Training	3	Q0QWG9
	Q96IX5	0	Training	4	Q96IX5
	Q8CJ26	0	Training	0	Q8CJ26
	Q0JHU5	0	Training	1	Q0JHU5
	F4J284	0	Training	2	F4J284
	P83565	0	Training	3	P83565
	Q9VYX1	0	Training	4	Q9VYX1
	Q9C103	0	Training	0	Q9C103
	Q9BW91	0	Training	1	Q9BW91
	Q03254	0	Training	2	Q03254
	P40055	0	Training	3	P40055
	Q9M390	0	Training	4	Q9M390
	O77408	0	Training	0	O77408
	Q5AJU7	0	Training	1	Q5AJU7
	G1UH28	0	Training	2	G1UH28
	P14164	0	Training	3	P14164
	Q9XI73	0	Training	4	Q9XI73
	Q53H47	0	Training	0	Q53H47
	Q9Y5S8	0	Training	1	Q9Y5S8
	Q8NDX5	0	Training	2	Q8NDX5
	Q8TDR4	0	Training	3	Q8TDR4
	Q7S5N0	0	Training	4	Q7S5N0
	P97376	0	Training	0	P97376
	P38262	0	Training	1	P38262
	Q9M1X2	0	Training	2	Q9M1X2
	Q8WWC4	0	Training	3	Q8WWC4
	Q9SU71	0	Training	4	Q9SU71
	Q9LRI8	0	Training	0	Q9LRI8
	Q9Y7N1	0	Training	1	Q9Y7N1
	P47035	0	Training	2	P47035
	Q9UU99	0	Training	3	Q9UU99
	Q4KLP8	0	Training	4	Q4KLP8
	A0A0N7KIY3	0	Training	0	A0A0N7KIY3
	E5KBU3	0	Training	1	E5KBU3
	Q9V3H8	0	Training	2	Q9V3H8
	Q12038	0	Training	3	Q12038
	F4HZG9	0	Training	4	F4HZG9
	Q09847	0	Training	0	Q09847
	P91853	0	Training	1	P91853
	Q94AV5	0	Training	2	Q94AV5
	Q6ZRQ5	0	Training	3	Q6ZRQ5
	P62277	0	Training	4	P62277
	Q8NI35	0	Training	0	Q8NI35
	Q569Z6	0	Training	1	Q569Z6
	Q9R1X4	0	Training	2	Q9R1X4
	H2KYU6	0	Training	3	H2KYU6
	Q9SID1	0	Training	4	Q9SID1
	Q03973	0	Training	0	Q03973
	O82645	0	Training	1	O82645
	P32380	0	Training	2	P32380
	O14503	0	Training	3	O14503
	O23945	0	Training	4	O23945
	Q18412	0	Training	0	Q18412
	Q9FNZ4	0	Training	1	Q9FNZ4
	Q9M297	0	Training	2	Q9M297
	Q9Y6G5	0	Training	3	Q9Y6G5
	P38848	0	Training	4	P38848
	Q9JIX9	0	Training	0	Q9JIX9
	O60053	0	Training	1	O60053
	Q8CD10	0	Training	2	Q8CD10
	P09087	0	Training	3	P09087
	Q8N8Q8	0	Training	4	Q8N8Q8
	Q9W3E2	0	Training	0	Q9W3E2
	P70444	0	Training	1	P70444
	Q93VP3	0	Training	2	Q93VP3
	Q9NVT9	0	Training	3	Q9NVT9
	Q0WV90	0	Training	4	Q0WV90
	Q86Y01	0	Training	0	Q86Y01
	Q86VI4	0	Training	1	Q86VI4
	Q6ZRS2	0	Training	2	Q6ZRS2
	Q9SR62	0	Training	3	Q9SR62
	O95180	0	Training	4	O95180
	Q9TYY7	0	Training	0	Q9TYY7
	Q6Q547	0	Training	1	Q6Q547
	Q42687	0	Training	2	Q42687
	Q0VGT2	0	Training	3	Q0VGT2
	Q1MTQ0	0	Training	4	Q1MTQ0
	P70399	0	Training	0	P70399
	P93203	0	Training	1	P93203
	Q13426	0	Training	2	Q13426
	Q9VHI4	0	Training	3	Q9VHI4
	P46947	0	Training	4	P46947
	P32314	0	Training	0	P32314
	Q9LLC6	0	Training	1	Q9LLC6
	P34226	0	Training	2	P34226
	Q6ZBH6	0	Training	3	Q6ZBH6
	Q96QF0	0	Training	4	Q96QF0
	A0A5K7RLP0	0	Training	0	A0A5K7RLP0
	O04479	0	Training	1	O04479
	Q9D5U8	0	Training	2	Q9D5U8
	Q9UGP4	0	Training	3	Q9UGP4
	Q9H2X8	0	Training	4	Q9H2X8
	Q9FY74	0	Training	0	Q9FY74
	E9F591	0	Training	1	E9F591
	P13804	0	Training	2	P13804
	Q94FY8	0	Training	3	Q94FY8
	Q9H9P5	0	Training	4	Q9H9P5
	P43558	0	Training	0	P43558
	P19955	0	Training	1	P19955
	P53208	0	Training	2	P53208
	Q2EMV9	0	Training	3	Q2EMV9
	Q04779	0	Training	4	Q04779
	Q9BWF2	0	Training	0	Q9BWF2
	Q9V4P1	0	Training	1	Q9V4P1
	G5EEH9	0	Training	2	G5EEH9
	P58753	0	Training	3	P58753
	Q9FHK4	0	Training	4	Q9FHK4
	Q9FLD5	0	Training	0	Q9FLD5
	Q8R5A3	0	Training	1	Q8R5A3
	Q05050	0	Training	2	Q05050
	G5EEV2	0	Training	3	G5EEV2
	P06813	0	Training	4	P06813
	Q9SRP6	0	Training	0	Q9SRP6
	Q9SSE9	0	Training	1	Q9SSE9
	Q6UWF3	0	Training	2	Q6UWF3
	O88291	0	Training	3	O88291
	Q99LW6	0	Training	4	Q99LW6
	Q12400	0	Training	0	Q12400
	P53332	0	Training	1	P53332
	Q8BZA9	0	Training	2	Q8BZA9
	Q9BY27	0	Training	3	Q9BY27
	O13612	0	Training	4	O13612
	Q9I7K6	0	Training	0	Q9I7K6
	Q6GYP7	0	Training	1	Q6GYP7
	Q8NBF2	0	Training	2	Q8NBF2
	Q13336	0	Training	3	Q13336
	P47821	0	Training	4	P47821
	Q9NZQ3	0	Training	0	Q9NZQ3
	Q7XA78	0	Training	1	Q7XA78
	O42855	0	Training	2	O42855
	Q8IWL8	0	Training	3	Q8IWL8
	Q9H875	0	Training	4	Q9H875
	P34224	0	Training	0	P34224
	Q9XZ34	0	Training	1	Q9XZ34
	P29692	0	Training	2	P29692
	Q15287	0	Training	3	Q15287
	Q5SNT2	0	Training	4	Q5SNT2
	Q9NYG5	0	Training	0	Q9NYG5
	P40063	0	Training	1	P40063
	Q9BXL8	0	Training	2	Q9BXL8
	Q9SK50	0	Training	3	Q9SK50
	Q9LVA9	0	Training	4	Q9LVA9
	P06652	0	Training	0	P06652
	G2TRN4	0	Training	1	G2TRN4
	Q6C6R8	0	Training	2	Q6C6R8
	Q61464	0	Training	3	Q61464
	Q9BRT3	0	Training	4	Q9BRT3
	Q9LRB7	0	Training	0	Q9LRB7
	Q70Z53	0	Training	1	Q70Z53
	O94468	0	Training	2	O94468
	Q6TA49	0	Training	3	Q6TA49
	Q8GWQ6	0	Training	4	Q8GWQ6
	O74387	0	Training	0	O74387
	O60356	0	Training	1	O60356
	Q10R09	0	Training	2	Q10R09
	Q12507	0	Training	3	Q12507
	Q9ULV3	0	Training	4	Q9ULV3
	Q9M3K7	0	Training	0	Q9M3K7
	P06774	0	Training	1	P06774
	Q07799	0	Training	2	Q07799
	Q7Z418	0	Training	3	Q7Z418
	Q9LVG4	0	Training	4	Q9LVG4
	Q8WVC0	0	Training	0	Q8WVC0
	Q14154	0	Training	1	Q14154
	Q80WE1	0	Training	2	Q80WE1
	P19263	0	Training	3	P19263
	Q9XIB5	0	Training	4	Q9XIB5
	Q9LMK5	0	Training	0	Q9LMK5
	Q9FQ08	0	Training	1	Q9FQ08
	Q5XF07	0	Training	2	Q5XF07
	Q9BQG0	0	Training	3	Q9BQG0
	Q12080	0	Training	4	Q12080
	P79015	0	Training	0	P79015
	P40757	0	Training	1	P40757
	Q12734	0	Training	2	Q12734
	Q8K0U4	0	Training	3	Q8K0U4
	P23611	0	Training	4	P23611
	O60164	0	Training	0	O60164
	Q9H5J8	0	Training	1	Q9H5J8
	O95477	0	Training	2	O95477
	P70582	0	Training	3	P70582
	Q96QE3	0	Training	4	Q96QE3
	Q9W603	0	Training	0	Q9W603
	Q9US52	0	Training	1	Q9US52
	Q680Q4	0	Training	2	Q680Q4
	Q03111	0	Training	3	Q03111
	Q9UJA2	0	Training	4	Q9UJA2
	P47002	0	Training	0	P47002
	O75920	0	Training	1	O75920
	P39713	0	Training	2	P39713
	Q9ULP9	0	Training	3	Q9ULP9
	Q96P16	0	Training	4	Q96P16
	Q03327	0	Training	0	Q03327
	O59757	0	Training	1	O59757
	P50479	0	Training	2	P50479
	Q07688	0	Training	3	Q07688
	Q8NCN2	0	Training	4	Q8NCN2
	Q8N668	0	Training	0	Q8N668
	P82137	0	Training	1	P82137
	P40850	0	Training	2	P40850
	Q9S9Z2	0	Training	3	Q9S9Z2
	P0CT69	0	Training	4	P0CT69
	O93956	0	Training	0	O93956
	Q06512	0	Training	1	Q06512
	A0A5K1K8Y8	0	Training	2	A0A5K1K8Y8
	Q8L627	0	Training	3	Q8L627
	Q8L5Z4	0	Training	4	Q8L5Z4
	Q9GZU8	0	Training	0	Q9GZU8
	Q5W0Q7	0	Training	1	Q5W0Q7
	Q9NR21	0	Training	2	Q9NR21
	Q9H5P4	0	Training	3	Q9H5P4
	P78811	0	Training	4	P78811
	Q03153	0	Training	0	Q03153
	A4F267	0	Training	1	A4F267
	Q9BVS5	0	Training	2	Q9BVS5
	Q94234	0	Training	3	Q94234
	Q9W415	0	Training	4	Q9W415
	Q9BXV9	0	Training	0	Q9BXV9
	O74736	0	Training	1	O74736
	O75179	0	Training	2	O75179
	Q02775	0	Training	3	Q02775
	Q05166	0	Training	4	Q05166
	Q9LZP8	0	Training	0	Q9LZP8
	Q9NVV9	0	Training	1	Q9NVV9
	A1L167	0	Training	2	A1L167
	P97287	0	Training	3	P97287
	Q9ULY5	0	Training	4	Q9ULY5
	Q91836	0	Training	0	Q91836
	P42114	0	Training	1	P42114
	O95104	0	Training	2	O95104
	Q8IH18	0	Training	3	Q8IH18
	Q8N3J3	0	Training	4	Q8N3J3
	Q9LKX9	0	Training	0	Q9LKX9
	Q7S1R6	0	Training	1	Q7S1R6
	P07199	0	Training	2	P07199
	Q9NZC4	0	Training	3	Q9NZC4
	Q10154	0	Training	4	Q10154
	Q7L0X2	0	Training	0	Q7L0X2
	P38182	0	Training	1	P38182
	Q96BM1	0	Training	2	Q96BM1
	Q95QK3	0	Training	3	Q95QK3
	P97452	0	Training	4	P97452
	O23403	0	Training	0	O23403
	Q9Y2X0	0	Training	1	Q9Y2X0
	Q04170	0	Training	2	Q04170
	P48240	0	Training	3	P48240
	Q9SL94	0	Training	4	Q9SL94
	P10355	0	Training	0	P10355
	P38936	0	Training	1	P38936
	Q9UL03	0	Training	2	Q9UL03
	Q6A078	0	Training	3	Q6A078
	P69850	0	Training	4	P69850
	Q8NEZ2	0	Training	0	Q8NEZ2
	Q7JRE4	0	Training	1	Q7JRE4
	Q13573	0	Training	2	Q13573
	A0A0K3AUE4	0	Training	3	A0A0K3AUE4
	Q6NLC1	0	Training	4	Q6NLC1
	Q86X51	0	Training	0	Q86X51
	Q7SH52	0	Training	1	Q7SH52
	Q5AP95	0	Training	2	Q5AP95
	Q9BQ48	0	Training	3	Q9BQ48
	P40458	0	Training	4	P40458
	P39995	0	Training	0	P39995
	Q9LFE0	0	Training	1	Q9LFE0
	Q14CZ7	0	Training	2	Q14CZ7
	Q9NUK0	0	Training	3	Q9NUK0
	D3Z6Q9	0	Training	4	D3Z6Q9
	Q8INR6	0	Training	0	Q8INR6
	P15330	0	Training	1	P15330
	Q9STG9	0	Training	2	Q9STG9
	Q9I9B9	0	Training	3	Q9I9B9
	Q6AT41	0	Training	4	Q6AT41
	P16580	0	Training	0	P16580
	Q99LC3	0	Training	1	Q99LC3
	P53159	0	Training	2	P53159
	P10069	0	Training	3	P10069
	P80404	0	Training	4	P80404
	P37727	0	Training	0	P37727
	Q8GWA7	0	Training	1	Q8GWA7
	P08638	0	Training	2	P08638
	Q9BVI4	0	Training	3	Q9BVI4
	O13600	0	Training	4	O13600
	Q9TVM2	0	Training	0	Q9TVM2
	Q8N4E7	0	Training	1	Q8N4E7
	Q95R35	0	Training	2	Q95R35
	O01811	0	Training	3	O01811
	P38882	0	Training	4	P38882
	Q15080	0	Training	0	Q15080
	Q0VD83	0	Training	1	Q0VD83
	P35244	0	Training	2	P35244
	Q04179	0	Training	3	Q04179
	B4DJY2	0	Training	4	B4DJY2
	Q9VUB5	0	Training	0	Q9VUB5
	Q8K3W2	0	Training	1	Q8K3W2
	P82252	0	Training	2	P82252
	Q8S8K8	0	Training	3	Q8S8K8
	Q53GL7	0	Training	4	Q53GL7
	Q12340	0	Training	0	Q12340
	Q9UBP6	0	Training	1	Q9UBP6
	Q8BGS1	0	Training	2	Q8BGS1
	Q01992	0	Training	3	Q01992
	Q13523	0	Training	4	Q13523
	Q06493	0	Training	0	Q06493
	Q93V66	0	Training	1	Q93V66
	Q9LVB9	0	Training	2	Q9LVB9
	P09940	0	Training	3	P09940
	P87074	0	Training	4	P87074
	O74958	0	Training	0	O74958
	O13722	0	Training	1	O13722
	Q9VFK6	0	Training	2	Q9VFK6
	P16554	0	Training	3	P16554
	Q67FY2	0	Training	4	Q67FY2
	P19956	0	Training	0	P19956
	Q500V5	0	Training	1	Q500V5
	Q9CAF2	0	Training	2	Q9CAF2
	Q9CQT6	0	Training	3	Q9CQT6
	Q99638	0	Training	4	Q99638
	Q8BMB0	0	Training	0	Q8BMB0
	O75762	0	Training	1	O75762
	A3KPQ7	0	Training	2	A3KPQ7
	Q96AJ1	0	Training	3	Q96AJ1
	Q60949	0	Training	4	Q60949
	Q9P305	0	Training	0	Q9P305
	Q8IY92	0	Training	1	Q8IY92
	Q9VF30	0	Training	2	Q9VF30
	Q9C7C4	0	Training	3	Q9C7C4
	P19387	0	Training	4	P19387
	O42636	0	Training	0	O42636
	O95163	0	Training	1	O95163
	Q8BQR4	0	Training	2	Q8BQR4
	A6NDU8	0	Training	3	A6NDU8
	Q8NBN7	0	Training	4	Q8NBN7
	P53034	0	Training	0	P53034
	Q26366	0	Training	1	Q26366
	P12853	0	Training	2	P12853
	P21549	0	Training	3	P21549
	Q7Z7F0	0	Training	4	Q7Z7F0
	Q96KK5	0	Training	0	Q96KK5
	P53062	0	Training	1	P53062
	P38279	0	Training	2	P38279
	Q9Y5Z4	0	Training	3	Q9Y5Z4
	P17890	0	Training	4	P17890
	Q9NQ92	0	Training	0	Q9NQ92
	P39207	0	Training	1	P39207
	Q8NFJ9	0	Training	2	Q8NFJ9
	P40096	0	Training	3	P40096
	P38985	0	Training	4	P38985
	A0A0D1CRC9	0	Training	0	A0A0D1CRC9
	Q9DCR4	0	Training	1	Q9DCR4
	Q3UZP0	0	Training	2	Q3UZP0
	F4KFB3	0	Training	3	F4KFB3
	P53909	0	Training	4	P53909
	Q08966	0	Training	0	Q08966
	Q8WXD0	0	Training	1	Q8WXD0
	Q9US07	0	Training	2	Q9US07
	P11746	0	Training	3	P11746
	Q9FN69	0	Training	4	Q9FN69
	Q03281	0	Training	0	Q03281
	Q00597	0	Training	1	Q00597
	Q3MIT2	0	Training	2	Q3MIT2
	Q96F07	0	Training	3	Q96F07
	Q76LB1	0	Training	4	Q76LB1
	Q94131	0	Training	0	Q94131
	Q80T22	0	Training	1	Q80T22
	Q0E3V2	0	Training	2	Q0E3V2
	Q8NE35	0	Training	3	Q8NE35
	Q84U09	0	Training	4	Q84U09
	Q9CPU2	0	Training	0	Q9CPU2
	P33399	0	Training	1	P33399
	Q9UJX4	0	Training	2	Q9UJX4
	Q6PFX2	0	Training	3	Q6PFX2
	Q9M9V9	0	Training	4	Q9M9V9
	Q5XET5	0	Training	0	Q5XET5
	Q92247	0	Training	1	Q92247
	Q03976	0	Training	2	Q03976
	Q02038	0	Training	3	Q02038
	Q9VC61	0	Training	4	Q9VC61
	Q961D9	0	Training	0	Q961D9
	Q8IYR2	0	Training	1	Q8IYR2
	P32828	0	Training	2	P32828
	P60602	0	Training	3	P60602
	Q9SGA2	0	Training	4	Q9SGA2
	Q9SW31	0	Training	0	Q9SW31
	Q9UI43	0	Training	1	Q9UI43
	Q92351	0	Training	2	Q92351
	P02381	0	Training	3	P02381
	O14291	0	Training	4	O14291
	P34250	0	Training	0	P34250
	Q9LX93	0	Training	1	Q9LX93
	Q0ZCJ7	0	Training	2	Q0ZCJ7
	Q9UU96	0	Training	3	Q9UU96
	P07663	0	Training	4	P07663
	P53203	0	Training	0	P53203
	Q9LUA3	0	Training	1	Q9LUA3
	P25576	0	Training	2	P25576
	Q8NFV4	0	Training	3	Q8NFV4
	P27472	0	Training	4	P27472
	Q9USQ7	0	Training	0	Q9USQ7
	Q9D995	0	Training	1	Q9D995
	Q9P7X2	0	Training	2	Q9P7X2
	Q9T0H9	0	Training	3	Q9T0H9
	Q12802	0	Training	4	Q12802
	P38998	0	Training	0	P38998
	P53088	0	Training	1	P53088
	G5ED47	0	Training	2	G5ED47
	P07548	0	Training	3	P07548
	Q9UUC7	0	Training	4	Q9UUC7
	Q01292	0	Training	0	Q01292
	Q61687	0	Training	1	Q61687
	Q8GWR1	0	Training	2	Q8GWR1
	Q9S9K9	0	Training	3	Q9S9K9
	P93740	0	Training	4	P93740
	Q67ZB6	0	Training	0	Q67ZB6
	P36152	0	Training	1	P36152
	F4KHG6	0	Training	2	F4KHG6
	Q9BUZ4	0	Training	3	Q9BUZ4
	Q9ESC8	0	Training	4	Q9ESC8
	Q91Z31	0	Training	0	Q91Z31
	Q9BXL5	0	Training	1	Q9BXL5
	P82926	0	Training	2	P82926
	Q9LD43	0	Training	3	Q9LD43
	Q3ZN08	0	Training	4	Q3ZN08
	Q9VTE2	0	Training	0	Q9VTE2
	Q9LNE8	0	Training	1	Q9LNE8
	Q13794	0	Training	2	Q13794
	P39515	0	Training	3	P39515
	P53063	0	Training	4	P53063
	P28147	0	Training	0	P28147
	Q60EW9	0	Training	1	Q60EW9
	P47085	0	Training	2	P47085
	Q9UK99	0	Training	3	Q9UK99
	Q9BRS8	0	Training	4	Q9BRS8
	Q5VRM0	0	Training	0	Q5VRM0
	Q05942	0	Training	1	Q05942
	Q9FGV1	0	Training	2	Q9FGV1
	A1Z8F4	0	Training	3	A1Z8F4
	P0C5X8	0	Training	4	P0C5X8
	Q9HGK2	0	Training	0	Q9HGK2
	Q3ZBF6	0	Training	1	Q3ZBF6
	Q14166	0	Training	2	Q14166
	Q13889	0	Training	3	Q13889
	J9VUG5	0	Training	4	J9VUG5
	Q8BK30	0	Training	0	Q8BK30
	P53330	0	Training	1	P53330
	Q9SQR3	0	Training	2	Q9SQR3
	Q7Z3K3	0	Training	3	Q7Z3K3
	Q09130	0	Training	4	Q09130
	Q8IYB3	0	Training	0	Q8IYB3
	P25379	0	Training	1	P25379
	P42677	0	Training	2	P42677
	Q12457	0	Training	3	Q12457
	Q9P7C9	0	Training	4	Q9P7C9
	Q9HAW0	0	Training	0	Q9HAW0
	Q20646	0	Training	1	Q20646
	P09932	0	Training	2	P09932
	O42254	0	Training	3	O42254
	Q8VWG3	0	Training	4	Q8VWG3
	P10914	0	Training	0	P10914
	Q9P0U4	0	Training	1	Q9P0U4
	Q07980	0	Training	2	Q07980
	O75324	0	Training	3	O75324
	O74381	0	Training	4	O74381
	Q9NJP9	0	Training	0	Q9NJP9
	J3QMY9	0	Training	1	J3QMY9
	Q9P382	0	Training	2	Q9P382
	Q8NAG6	0	Training	3	Q8NAG6
	Q949Q5	0	Training	4	Q949Q5
	P40692	0	Training	0	P40692
	Q4WJ81	0	Training	1	Q4WJ81
	Q8T053	0	Training	2	Q8T053
	Q3E7A3	0	Training	3	Q3E7A3
	P34122	0	Training	4	P34122
	A0A0B5L781	0	Training	0	A0A0B5L781
	Q9CQ29	0	Training	1	Q9CQ29
	Q9V4C8	0	Training	2	Q9V4C8
	O74361	0	Training	3	O74361
	O76054	0	Training	4	O76054
	G5EBV0	0	Training	0	G5EBV0
	Q09856	0	Training	1	Q09856
	Q9Z0Z7	0	Training	2	Q9Z0Z7
	Q92934	0	Training	3	Q92934
	P33895	0	Training	4	P33895
	Q96B77	0	Training	0	Q96B77
	Q9Y3C4	0	Training	1	Q9Y3C4
	P07978	0	Training	2	P07978
	Q9NX70	0	Training	3	Q9NX70
	P38204	0	Training	4	P38204
	Q71RC2	0	Training	0	Q71RC2
	Q8GXL3	0	Training	1	Q8GXL3
	Q8II12	0	Training	2	Q8II12
	F8VPJ6	0	Training	3	F8VPJ6
	O15047	0	Training	4	O15047
	Q02486	0	Training	0	Q02486
	Q9URX9	0	Training	1	Q9URX9
	Q6ASS9	0	Training	2	Q6ASS9
	Q8GXD9	0	Training	3	Q8GXD9
	Q7KWJ5	0	Training	4	Q7KWJ5
	Q99PP2	0	Training	0	Q99PP2
	Q9NV06	0	Training	1	Q9NV06
	F4JAU2	0	Training	2	F4JAU2
	Q9UBK9	0	Training	3	Q9UBK9
	O74409	0	Training	4	O74409
	Q8N2C7	0	Training	0	Q8N2C7
	Q9P0R6	0	Training	1	Q9P0R6
	Q95XQ1	0	Training	2	Q95XQ1
	P53256	0	Training	3	P53256
	Q9VTL1	0	Training	4	Q9VTL1
	Q9LUI2	0	Training	0	Q9LUI2
	P36177	0	Training	1	P36177
	Q55GJ6	0	Training	2	Q55GJ6
	Q0WVF8	0	Training	3	Q0WVF8
	O13329	0	Training	4	O13329
	Q96PE3	0	Training	0	Q96PE3
	P61326	0	Training	1	P61326
	P34164	0	Training	2	P34164
	O94225	0	Training	3	O94225
	Q92624	0	Training	4	Q92624
	Q5JTH9	0	Training	0	Q5JTH9
	Q9SLB9	0	Training	1	Q9SLB9
	Q8IZT9	0	Training	2	Q8IZT9
	Q86U28	0	Training	3	Q86U28
	P50748	0	Training	4	P50748
	Q9SRN4	0	Training	0	Q9SRN4
	Q9CAI2	0	Training	1	Q9CAI2
	Q14690	0	Training	2	Q14690
	Q5JPI9	0	Training	3	Q5JPI9
	P53688	0	Training	4	P53688
	Q9LD83	0	Training	0	Q9LD83
	Q9P1Z3	0	Training	1	Q9P1Z3
	Q8VC04	0	Training	2	Q8VC04
	Q06211	0	Training	3	Q06211
	Q02931	0	Training	4	Q02931
	Q9UL49	0	Training	0	Q9UL49
	Q9Z2A5	0	Training	1	Q9Z2A5
	O13684	0	Training	2	O13684
	Q156A1	0	Training	3	Q156A1
	Q9TY84	0	Training	4	Q9TY84
	Q12298	0	Training	0	Q12298
	Q9SWW6	0	Training	1	Q9SWW6
	O13998	0	Training	2	O13998
	Q92621	0	Training	3	Q92621
	Q08963	0	Training	4	Q08963
	Q9ULR3	0	Training	0	Q9ULR3
	G5EC86	0	Training	1	G5EC86
	Q23529	0	Training	2	Q23529
	Q12297	0	Training	3	Q12297
	P54103	0	Training	4	P54103
	Q9C8L2	0	Training	0	Q9C8L2
	Q10067	0	Training	1	Q10067
	O00841	0	Training	2	O00841
	P43596	0	Training	3	P43596
	Q5T4T1	0	Training	4	Q5T4T1
	Q09666	0	Training	0	Q09666
	Q96HY7	0	Training	1	Q96HY7
	Q9Y804	0	Training	2	Q9Y804
	Q9FG61	0	Training	3	Q9FG61
	O94875	0	Training	4	O94875
	O14328	0	Training	0	O14328
	P22813	0	Training	1	P22813
	O75626	0	Training	2	O75626
	Q9WUU9	0	Training	3	Q9WUU9
	P38162	0	Training	4	P38162
	Q9U221	0	Training	0	Q9U221
	H9G301	0	Training	1	H9G301
	Q6FI81	0	Training	2	Q6FI81
	A0PK05	0	Training	3	A0PK05
	Q69YH5	0	Training	4	Q69YH5
	P11115	0	Training	0	P11115
	Q8IRW8	0	Training	1	Q8IRW8
	P04386	0	Training	2	P04386
	Q8N183	0	Training	3	Q8N183
	Q0P5N6	0	Training	4	Q0P5N6
	Q9VM71	0	Training	0	Q9VM71
	Q8WZJ8	0	Training	1	Q8WZJ8
	P0DJI6	0	Training	2	P0DJI6
	Q9SKT0	0	Training	3	Q9SKT0
	P13788	0	Training	4	P13788
	O74991	0	Training	0	O74991
	P34909	0	Training	1	P34909
	Q9NUJ1	0	Training	2	Q9NUJ1
	O70343	0	Training	3	O70343
	P87176	0	Training	4	P87176
	Q25423	0	Training	0	Q25423
	Q09293	0	Training	1	Q09293
	P56785	0	Training	2	P56785
	Q9FGW9	0	Training	3	Q9FGW9
	P52927	0	Training	4	P52927
	Q63430	0	Training	0	Q63430
	Q7TP54	0	Training	1	Q7TP54
	Q9V629	0	Training	2	Q9V629
	P40515	0	Training	3	P40515
	Q7Z419	0	Training	4	Q7Z419
	O94603	0	Training	0	O94603
	Q9SCL7	0	Training	1	Q9SCL7
	Q9URT8	0	Training	2	Q9URT8
	Q84VG7	0	Training	3	Q84VG7
	Q9VHJ6	0	Training	4	Q9VHJ6
	P50416	0	Training	0	P50416
	Q9USY3	0	Training	1	Q9USY3
	P10834	0	Training	2	P10834
	Q14164	0	Training	3	Q14164
	P33416	0	Training	4	P33416
	Q9N5A8	0	Training	0	Q9N5A8
	P38398	0	Training	1	P38398
	Q6EPN6	0	Training	2	Q6EPN6
	Q8LGI2	0	Training	3	Q8LGI2
	Q09858	0	Training	4	Q09858
	Q9BXP2	0	Training	0	Q9BXP2
	Q07534	0	Training	1	Q07534
	Q60698	0	Training	2	Q60698
	P40366	0	Training	3	P40366
	Q04083	0	Training	4	Q04083
	Q12476	0	Training	0	Q12476
	Q8MXU4	0	Training	1	Q8MXU4
	P40012	0	Training	2	P40012
	P58557	0	Training	3	P58557
	Q9UTP3	0	Training	4	Q9UTP3
	S8ESV1	0	Training	0	S8ESV1
	Q9FL44	0	Training	1	Q9FL44
	Q969F1	0	Training	2	Q969F1
	Q8RXA7	0	Training	3	Q8RXA7
	Q86NP2	0	Training	4	Q86NP2
	Q8L5W8	0	Training	0	Q8L5W8
	P26188	0	Training	1	P26188
	P36118	0	Training	2	P36118
	Q9BSJ6	0	Training	3	Q9BSJ6
	P22091	0	Training	4	P22091
	Q9BRA0	0	Training	0	Q9BRA0
	Q01080	0	Training	1	Q01080
	P93758	0	Training	2	P93758
	O00291	0	Training	3	O00291
	Q9FJV5	0	Training	4	Q9FJV5
	Q9W3M3	0	Training	0	Q9W3M3
	Q9Y5N6	0	Training	1	Q9Y5N6
	O75204	0	Training	2	O75204
	Q7Z4T9	0	Training	3	Q7Z4T9
	Q84Q77	0	Training	4	Q84Q77
	O65680	0	Training	0	O65680
	Q8VWK0	0	Training	1	Q8VWK0
	P13498	0	Training	2	P13498
	Q9H5Z6	0	Training	3	Q9H5Z6
	Q22618	0	Training	4	Q22618
	Q9ZST4	0	Training	0	Q9ZST4
	Q9NPL8	0	Training	1	Q9NPL8
	Q9SAH8	0	Training	2	Q9SAH8
	Q6PCT2	0	Training	3	Q6PCT2
	P42166	0	Training	4	P42166
	P38803	0	Training	0	P38803
	Q04178	0	Training	1	Q04178
	Q9V466	0	Training	2	Q9V466
	P53287	0	Training	3	P53287
	O42716	0	Training	4	O42716
	Q9ZNT1	0	Training	0	Q9ZNT1
	P24345	0	Training	1	P24345
	Q8VI67	0	Training	2	Q8VI67
	Q0ZLH2	0	Training	3	Q0ZLH2
	P62952	0	Training	4	P62952
	G5EC89	0	Training	0	G5EC89
	Q9SW18	0	Training	1	Q9SW18
	Q9JLR5	0	Training	2	Q9JLR5
	O14113	0	Training	3	O14113
	Q99LG4	0	Training	4	Q99LG4
	A0A0U2UYC4	0	Training	0	A0A0U2UYC4
	Q9VM92	0	Training	1	Q9VM92
	Q9VJL6	0	Training	2	Q9VJL6
	Q9H869	0	Training	3	Q9H869
	Q07589	0	Training	4	Q07589
	Q9Y7M6	0	Training	0	Q9Y7M6
	Q08047	0	Training	1	Q08047
	Q7YTB0	0	Training	2	Q7YTB0
	Q68DK7	0	Training	3	Q68DK7
	F4JZC2	0	Training	4	F4JZC2
	P27716	0	Training	0	P27716
	Q01981	0	Training	1	Q01981
	O60729	0	Training	2	O60729
	P34447	0	Training	3	P34447
	Q1K6U7	0	Training	4	Q1K6U7
	O43805	0	Training	0	O43805
	Q6PCD5	0	Training	1	Q6PCD5
	O23300	0	Training	2	O23300
	O94326	0	Training	3	O94326
	B4XT64	0	Training	4	B4XT64
	Q38885	0	Training	0	Q38885
	Q9FMM3	0	Training	1	Q9FMM3
	Q9LU21	0	Training	2	Q9LU21
	Q69TW5	0	Training	3	Q69TW5
	Q06506	0	Training	4	Q06506
	A0A140LI88	0	Training	0	A0A140LI88
	Q99JZ7	0	Training	1	Q99JZ7
	Q9BSF0	0	Training	2	Q9BSF0
	Q06010	0	Training	3	Q06010
	Q99590	0	Training	4	Q99590
	O74499	0	Training	0	O74499
	Q57X81	0	Training	1	Q57X81
	Q22707	0	Training	2	Q22707
	Q9NRR8	0	Training	3	Q9NRR8
	Q8ND76	0	Training	4	Q8ND76
	P81909	0	Training	0	P81909
	Q04231	0	Training	1	Q04231
	P32179	0	Training	2	P32179
	P38883	0	Training	3	P38883
	Q9VCX1	0	Training	4	Q9VCX1
	Q6UXV4	0	Training	0	Q6UXV4
	Q13309	0	Training	1	Q13309
	A4D1E9	0	Training	2	A4D1E9
	Q99417	0	Training	3	Q99417
	Q90578	0	Training	4	Q90578
	Q9EQW6	0	Training	0	Q9EQW6
	O94614	0	Training	1	O94614
	P0C2C1	0	Training	2	P0C2C1
	Q15543	0	Training	3	Q15543
	Q969T9	0	Training	4	Q969T9
	Q86WX3	0	Training	0	Q86WX3
	Q12386	0	Training	1	Q12386
	Q06596	0	Training	2	Q06596
	P32354	0	Training	3	P32354
	Q9UIS9	0	Training	4	Q9UIS9
	Q0D9C4	0	Training	0	Q0D9C4
	P25651	0	Training	1	P25651
	Q08580	0	Training	2	Q08580
	O09130	0	Training	3	O09130
	Q9S7R7	0	Training	4	Q9S7R7
	Q12486	0	Training	0	Q12486
	P20433	0	Training	1	P20433
	P42951	0	Training	2	P42951
	Q5THR3	0	Training	3	Q5THR3
	Q9SX77	0	Training	4	Q9SX77
	Q700C7	0	Training	0	Q700C7
	P36626	0	Training	1	P36626
	Q19555	0	Training	2	Q19555
	Q91WK7	0	Training	3	Q91WK7
	P56931	0	Training	4	P56931
	O80575	0	Training	0	O80575
	Q07139	0	Training	1	Q07139
	P27680	0	Training	2	P27680
	Q92733	0	Training	3	Q92733
	O96759	0	Training	4	O96759
	Q9M9F0	0	Training	0	Q9M9F0
	Q9H0F6	0	Training	1	Q9H0F6
	P09007	0	Training	2	P09007
	Q12374	0	Training	3	Q12374
	G5ECD9	0	Training	4	G5ECD9
	Q69ZK0	0	Training	0	Q69ZK0
	B7SXM5	0	Training	1	B7SXM5
	A0A7J6KE60	0	Training	2	A0A7J6KE60
	Q38CL4	0	Training	3	Q38CL4
	Q969H6	0	Training	4	Q969H6
	Q08058	0	Training	0	Q08058
	A0MES8	0	Training	1	A0MES8
	P49640	0	Training	2	P49640
	Q9NBD7	0	Training	3	Q9NBD7
	Q0VAA5	0	Training	4	Q0VAA5
	D3ZGZ6	0	Training	0	D3ZGZ6
	Q99K24	0	Training	1	Q99K24
	O60231	0	Training	2	O60231
	P17655	0	Training	3	P17655
	Q65ZG8	0	Training	4	Q65ZG8
	Q08231	0	Training	0	Q08231
	Q8C886	0	Training	1	Q8C886
	P32529	0	Training	2	P32529
	Q9VL76	0	Training	3	Q9VL76
	Q04002	0	Training	4	Q04002
	P52739	0	Training	0	P52739
	O15164	0	Training	1	O15164
	D3ZXW3	0	Training	2	D3ZXW3
	Q57UZ7	0	Training	3	Q57UZ7
	O65312	0	Training	4	O65312
	P53004	0	Training	0	P53004
	O70239	0	Training	1	O70239
	Q8K337	0	Training	2	Q8K337
	O17679	0	Training	3	O17679
	Q9NZM5	0	Training	4	Q9NZM5
	Q60707	0	Training	0	Q60707
	P55197	0	Training	1	P55197
	Q9VHY5	0	Training	2	Q9VHY5
	O95568	0	Training	3	O95568
	P0CT67	0	Training	4	P0CT67
	O43325	0	Training	0	O43325
	G5EGF8	0	Training	1	G5EGF8
	P54074	0	Training	2	P54074
	Q3U5Q7	0	Training	3	Q3U5Q7
	Q9VL14	0	Training	4	Q9VL14
	Q9LK29	0	Training	0	Q9LK29
	Q8GYC1	0	Training	1	Q8GYC1
	Q13061	0	Training	2	Q13061
	Q9UTT1	0	Training	3	Q9UTT1
	P29418	0	Training	4	P29418
	P40028	0	Training	0	P40028
	Q8BHS6	0	Training	1	Q8BHS6
	B6HLU1	0	Training	2	B6HLU1
	Q8R010	0	Training	3	Q8R010
	O44548	0	Training	4	O44548
	Q8BH70	0	Training	0	Q8BH70
	O43670	0	Training	1	O43670
	Q9SSW0	0	Training	2	Q9SSW0
	O74846	0	Training	3	O74846
	Q96QC0	0	Training	4	Q96QC0
	F4IDB2	0	Training	0	F4IDB2
	P40037	0	Training	1	P40037
	Q91ZE0	0	Training	2	Q91ZE0
	P47057	0	Training	3	P47057
	O82277	0	Training	4	O82277
	Q8K4V4	0	Training	0	Q8K4V4
	Q9Z110	0	Training	1	Q9Z110
	O80860	0	Training	2	O80860
	Q8BTW8	0	Training	3	Q8BTW8
	Q9UUH6	0	Training	4	Q9UUH6
	Q96GE9	0	Training	0	Q96GE9
	Q54BW5	0	Training	1	Q54BW5
	Q5PQZ7	0	Training	2	Q5PQZ7
	Q9ZQH0	0	Training	3	Q9ZQH0
	P51998	0	Training	4	P51998
	Q94AX2	0	Training	0	Q94AX2
	P53276	0	Training	1	P53276
	P57081	0	Training	2	P57081
	A0A087X1C5	0	Training	3	A0A087X1C5
	O74835	0	Training	4	O74835
	Q5SY16	0	Training	0	Q5SY16
	Q9VW47	0	Training	1	Q9VW47
	Q13216	0	Training	2	Q13216
	O94664	0	Training	3	O94664
	Q05021	0	Training	4	Q05021
	P06180	0	Training	0	P06180
	Q96T23	0	Training	1	Q96T23
	Q5ICL9	0	Training	2	Q5ICL9
	Q8TC26	0	Training	3	Q8TC26
	Q8WV28	0	Training	4	Q8WV28
	M9MRD1	0	Training	0	M9MRD1
	O00154	0	Training	1	O00154
	Q12341	0	Training	2	Q12341
	Q22323	0	Training	3	Q22323
	Q8QFR4	0	Training	4	Q8QFR4
	Q8LAM0	0	Training	0	Q8LAM0
	P53972	0	Training	1	P53972
	Q92913	0	Training	2	Q92913
	P11155	0	Training	3	P11155
	P34440	0	Training	4	P34440
	Q13228	0	Training	0	Q13228
	Q12774	0	Training	1	Q12774
	O88801	0	Training	2	O88801
	Q08245	0	Training	3	Q08245
	F4JYE9	0	Training	4	F4JYE9
	Q9Y3C1	0	Training	0	Q9Y3C1
	Q8IVH4	0	Training	1	Q8IVH4
	Q84JU6	0	Training	2	Q84JU6
	Q8VHT6	0	Training	3	Q8VHT6
	Q9P7J2	0	Training	4	Q9P7J2
	Q5SWY8	0	Training	0	Q5SWY8
	Q9H790	0	Training	1	Q9H790
	Q2VLK6	0	Training	2	Q2VLK6
	Q9NYT0	0	Training	3	Q9NYT0
	Q9JJG9	0	Training	4	Q9JJG9
	Q949P2	0	Training	0	Q949P2
	F4IMQ0	0	Training	1	F4IMQ0
	Q3KN41	0	Training	2	Q3KN41
	Q8GWP5	0	Training	3	Q8GWP5
	P36954	0	Training	4	P36954
	Q8LAP6	0	Training	0	Q8LAP6
	Q8VY77	0	Training	1	Q8VY77
	A8K830	0	Training	2	A8K830
	P91645	0	Training	3	P91645
	Q15464	0	Training	4	Q15464
	Q9XIN0	0	Training	0	Q9XIN0
	O17850	0	Training	1	O17850
	P16521	0	Training	2	P16521
	Q9XI46	0	Training	3	Q9XI46
	P34706	0	Training	4	P34706
	Q86LG1	0	Training	0	Q86LG1
	O49621	0	Training	1	O49621
	Q99188	0	Training	2	Q99188
	P38289	0	Training	3	P38289
	E9QDC5	0	Training	4	E9QDC5
	Q12098	0	Training	0	Q12098
	O75486	0	Training	1	O75486
	Q8WXC6	0	Training	2	Q8WXC6
	P57105	0	Training	3	P57105
	Q06810	0	Training	4	Q06810
	P0CY15	0	Training	0	P0CY15
	Q5BPF3	0	Training	1	Q5BPF3
	Q9JLI8	0	Training	2	Q9JLI8
	P18870	0	Training	3	P18870
	Q9ULJ3	0	Training	4	Q9ULJ3
	Q2MHN3	0	Training	0	Q2MHN3
	Q15424	0	Training	1	Q15424
	A0A075TXZ8	0	Training	2	A0A075TXZ8
	Q10135	0	Training	3	Q10135
	Q08465	0	Training	4	Q08465
	O23193	0	Training	0	O23193
	Q63707	0	Training	1	Q63707
	Q02521	0	Training	2	Q02521
	P42073	0	Training	3	P42073
	Q9VQ89	0	Training	4	Q9VQ89
	Q18616	0	Training	0	Q18616
	Q969F2	0	Training	1	Q969F2
	Q9C900	0	Training	2	Q9C900
	P15384	0	Training	3	P15384
	Q924W6	0	Training	4	Q924W6
	Q09685	0	Training	0	Q09685
	Q9BZJ7	0	Training	1	Q9BZJ7
	Q9VX31	0	Training	2	Q9VX31
	O14215	0	Training	3	O14215
	O59793	0	Training	4	O59793
	Q708Y0	0	Training	0	Q708Y0
	P11183	0	Training	1	P11183
	Q7S300	0	Training	2	Q7S300
	Q03063	0	Training	3	Q03063
	Q13769	0	Training	4	Q13769
	Q9CPZ1	0	Training	0	Q9CPZ1
	P38768	0	Training	1	P38768
	Q9LYB9	0	Training	2	Q9LYB9
	A8CEI3	0	Training	3	A8CEI3
	P24329	0	Training	4	P24329
	Q08913	0	Training	0	Q08913
	O74547	0	Training	1	O74547
	Q9UBI1	0	Training	2	Q9UBI1
	P00560	0	Training	3	P00560
	Q0DEC8	0	Training	4	Q0DEC8
	O09053	0	Training	0	O09053
	B8BDQ4	0	Training	1	B8BDQ4
	P21657	0	Training	2	P21657
	P32121	0	Training	3	P32121
	Q86VZ6	0	Training	4	Q86VZ6
	Q9SS80	0	Training	0	Q9SS80
	P40316	0	Training	1	P40316
	Q9LSD0	0	Training	2	Q9LSD0
	Q6P2D8	0	Training	3	Q6P2D8
	M0R7Z9	0	Training	4	M0R7Z9
	Q9ULR0	0	Training	0	Q9ULR0
	P04842	0	Training	1	P04842
	Q10164	0	Training	2	Q10164
	Q925J9	0	Training	3	Q925J9
	Q02204	0	Training	4	Q02204
	P51826	0	Training	0	P51826
	Q9VGL8	0	Training	1	Q9VGL8
	O14212	0	Training	2	O14212
	Q9JIB0	0	Training	3	Q9JIB0
	Q52KF3	0	Training	4	Q52KF3
	Q92540	0	Training	0	Q92540
	Q9U1H0	0	Training	1	Q9U1H0
	A1A519	0	Training	2	A1A519
	P10080	0	Training	3	P10080
	Q9VLD6	0	Training	4	Q9VLD6
	P53846	0	Training	0	P53846
	Q9Z351	0	Training	1	Q9Z351
	Q9BSF4	0	Training	2	Q9BSF4
	Q01454	0	Training	3	Q01454
	Q940H2	0	Training	4	Q940H2
	Q9Y2L1	0	Training	0	Q9Y2L1
	Q5T5X7	0	Training	1	Q5T5X7
	Q9VBX1	0	Training	2	Q9VBX1
	Q08230	0	Training	3	Q08230
	Q9C9U5	0	Training	4	Q9C9U5
	O81836	0	Training	0	O81836
	Q9UT91	0	Training	1	Q9UT91
	Q96P67	0	Training	2	Q96P67
	Q6Y685	0	Training	3	Q6Y685
	Q10148	0	Training	4	Q10148
	P31414	0	Training	0	P31414
	P13468	0	Training	1	P13468
	P38313	0	Training	2	P38313
	Q8R4C2	0	Training	3	Q8R4C2
	Q8TDB4	0	Training	4	Q8TDB4
	Q9FGR0	0	Training	0	Q9FGR0
	Q9FIC3	0	Training	1	Q9FIC3
	P0CW70	0	Training	2	P0CW70
	A1Z9P3	0	Training	3	A1Z9P3
	G5EFF5	0	Training	4	G5EFF5
	Q9NXF7	0	Training	0	Q9NXF7
	Q99359	0	Training	1	Q99359
	A8MUP2	0	Training	2	A8MUP2
	Q9ES53	0	Training	3	Q9ES53
	Q9AT00	0	Training	4	Q9AT00
	Q9LSC4	0	Training	0	Q9LSC4
	Q5JTC6	0	Training	1	Q5JTC6
	Q9Y4F1	0	Training	2	Q9Y4F1
	Q80VM7	0	Training	3	Q80VM7
	Q945P0	0	Training	4	Q945P0
	P04160	0	Training	0	P04160
	Q93WK5	0	Training	1	Q93WK5
	Q9UU79	0	Training	2	Q9UU79
	Q8TDV5	0	Training	3	Q8TDV5
	Q6NTE8	0	Training	4	Q6NTE8
	P41695	0	Training	0	P41695
	O00712	0	Training	1	O00712
	P16862	0	Training	2	P16862
	Q9SYM0	0	Training	3	Q9SYM0
	P47977	0	Training	4	P47977
	Q9PVF7	0	Training	0	Q9PVF7
	P54258	0	Training	1	P54258
	Q9LTS6	0	Training	2	Q9LTS6
	Q03172	0	Training	3	Q03172
	P55199	0	Training	4	P55199
	P38863	0	Training	0	P38863
	Q9NVI1	0	Training	1	Q9NVI1
	Q96330	0	Training	2	Q96330
	P53246	0	Training	3	P53246
	P55264	0	Training	4	P55264
	P53196	0	Training	0	P53196
	Q55D99	0	Training	1	Q55D99
	Q9DAG5	0	Training	2	Q9DAG5
	Q8BVN9	0	Training	3	Q8BVN9
	Q09779	0	Training	4	Q09779
	Q9SMH4	0	Training	0	Q9SMH4
	Q07362	0	Training	1	Q07362
	Q197W8	0	Training	2	Q197W8
	Q9FK23	0	Training	3	Q9FK23
	P40571	0	Training	4	P40571
	O00287	0	Training	0	O00287
	P38783	0	Training	1	P38783
	Q9UJQ4	0	Training	2	Q9UJQ4
	Q9HCC0	0	Training	3	Q9HCC0
	O94606	0	Training	4	O94606
	P06733	0	Training	0	P06733
	Q9H777	0	Training	1	Q9H777
	Q9C685	0	Training	2	Q9C685
	Q8LPQ5	0	Training	3	Q8LPQ5
	O49290	0	Training	4	O49290
	P33748	0	Training	0	P33748
	P0CY08	0	Training	1	P0CY08
	Q99288	0	Training	2	Q99288
	Q9H0U6	0	Training	3	Q9H0U6
	Q42529	0	Training	4	Q42529
	Q8TF63	0	Training	0	Q8TF63
	P53335	0	Training	1	P53335
	D4AEP3	0	Training	2	D4AEP3
	Q23794	0	Training	3	Q23794
	Q94CV1	0	Training	4	Q94CV1
	Q05728	0	Training	0	Q05728
	P38852	0	Training	1	P38852
	O43542	0	Training	2	O43542
	Q9LLY4	0	Training	3	Q9LLY4
	Q96NW4	0	Training	4	Q96NW4
	Q3UMU9	0	Training	0	Q3UMU9
	Q84TI7	0	Training	1	Q84TI7
	Q08050	0	Training	2	Q08050
	A0A0D1E6B3	0	Training	3	A0A0D1E6B3
	Q84JH7	0	Training	4	Q84JH7
	Q8S9K3	0	Training	0	Q8S9K3
	O55035	0	Training	1	O55035
	Q8K480	0	Training	2	Q8K480
	P20618	0	Training	3	P20618
	Q99383	0	Training	4	Q99383
	Q9NTK1	0	Training	0	Q9NTK1
	Q8TE02	0	Training	1	Q8TE02
	Q9UF56	0	Training	2	Q9UF56
	Q9NQT4	0	Training	3	Q9NQT4
	Q9BXU7	0	Training	4	Q9BXU7
	Q86WB7	0	Training	0	Q86WB7
	O08816	0	Training	1	O08816
	Q9I9L7	0	Training	2	Q9I9L7
	P49379	0	Training	3	P49379
	Q9BTF0	0	Training	4	Q9BTF0
	Q9UT03	0	Training	0	Q9UT03
	Q9ZVJ3	0	Training	1	Q9ZVJ3
	P11171	0	Training	2	P11171
	E3SCZ8	0	Training	3	E3SCZ8
	O94687	0	Training	4	O94687
	Q96GM8	0	Training	0	Q96GM8
	A0PJW6	0	Training	1	A0PJW6
	O74309	0	Training	2	O74309
	O14114	0	Training	3	O14114
	P49728	0	Training	4	P49728
	P86452	0	Training	0	P86452
	Q96CW1	0	Training	1	Q96CW1
	Q53EK2	0	Training	2	Q53EK2
	Q86SP6	0	Training	3	Q86SP6
	Q9NZI6	0	Training	4	Q9NZI6
	Q3UMZ3	0	Training	0	Q3UMZ3
	Q9SQU2	0	Training	1	Q9SQU2
	P40465	0	Training	2	P40465
	Q9Y3U8	0	Training	3	Q9Y3U8
	Q03124	0	Training	4	Q03124
	Q9NZ81	0	Training	0	Q9NZ81
	Q09725	0	Training	1	Q09725
	O96622	0	Training	2	O96622
	Q8GZ52	0	Training	3	Q8GZ52
	P53930	0	Training	4	P53930
	Q6UWZ7	0	Training	0	Q6UWZ7
	Q9NPJ1	0	Training	1	Q9NPJ1
	Q9P6M0	0	Training	2	Q9P6M0
	Q12318	0	Training	3	Q12318
	Q07930	0	Training	4	Q07930
	Q9NQW7	0	Training	0	Q9NQW7
	P97577	0	Training	1	P97577
	Q5JWF2	0	Training	2	Q5JWF2
	P40502	0	Training	3	P40502
	P78417	0	Training	4	P78417
	Q12416	0	Training	0	Q12416
	Q9VAW5	0	Training	1	Q9VAW5
	Q652K4	0	Training	2	Q652K4
	Q9FLT9	0	Training	3	Q9FLT9
	Q92629	0	Training	4	Q92629
	Q8GZ79	0	Training	0	Q8GZ79
	Q9VAH9	0	Training	1	Q9VAH9
	Q9VR38	0	Training	2	Q9VR38
	Q6PEM8	0	Training	3	Q6PEM8
	E9EXC4	0	Training	4	E9EXC4
	Q8S1D9	0	Training	0	Q8S1D9
	P30419	0	Training	1	P30419
	Q96AH0	0	Training	2	Q96AH0
	Q0IGK1	0	Training	3	Q0IGK1
	B2RWS6	0	Training	4	B2RWS6
	F4ITM1	0	Training	0	F4ITM1
	Q9SY88	0	Training	1	Q9SY88
	Q6PRD7	0	Training	2	Q6PRD7
	Q9HEV5	0	Training	3	Q9HEV5
	Q8W4B2	0	Training	4	Q8W4B2
	Q0WP44	0	Training	0	Q0WP44
	P38297	0	Training	1	P38297
	Q0VG06	0	Training	2	Q0VG06
	Q99315	0	Training	3	Q99315
	P38199	0	Training	4	P38199
	Q5IBH7	0	Training	0	Q5IBH7
	Q8NEY8	0	Training	1	Q8NEY8
	Q1MTN9	0	Training	2	Q1MTN9
	Q39249	0	Training	3	Q39249
	Q5SFM8	0	Training	4	Q5SFM8
	P79005	0	Training	0	P79005
	Q6DBA5	0	Training	1	Q6DBA5
	Q6PCN7	0	Training	2	Q6PCN7
	Q01593	0	Training	3	Q01593
	Q21691	0	Training	4	Q21691
	Q969X0	0	Training	0	Q969X0
	P07253	0	Training	1	P07253
	A0A096MJY4	0	Training	2	A0A096MJY4
	P27895	0	Training	3	P27895
	Q9ZWA1	0	Training	4	Q9ZWA1
	P60002	0	Training	0	P60002
	Q94AC8	0	Training	1	Q94AC8
	O62090	0	Training	2	O62090
	P32318	0	Training	3	P32318
	Q8HTL5	0	Training	4	Q8HTL5
	Q9USZ4	0	Training	0	Q9USZ4
	O74954	0	Training	1	O74954
	Q4V8P4	0	Training	2	Q4V8P4
	Q9HB75	0	Training	3	Q9HB75
	Q9XI19	0	Training	4	Q9XI19
	P42844	0	Training	0	P42844
	P40065	0	Training	1	P40065
	Q9H2W6	0	Training	2	Q9H2W6
	Q811D2	0	Training	3	Q811D2
	B2D6M2	0	Training	4	B2D6M2
	Q8IWS0	0	Training	0	Q8IWS0
	P87052	0	Training	1	P87052
	P13637	0	Training	2	P13637
	P29350	0	Training	3	P29350
	O02696	0	Training	4	O02696
	P53568	0	Training	0	P53568
	Q9UTI3	0	Training	1	Q9UTI3
	Q5AMH6	0	Training	2	Q5AMH6
	Q96FX2	0	Training	3	Q96FX2
	Q14061	0	Training	4	Q14061
	P48995	0	Training	0	P48995
	P46939	0	Training	1	P46939
	Q9FNN6	0	Training	2	Q9FNN6
	Q6P5E8	0	Training	3	Q6P5E8
	Q0DRX6	0	Training	4	Q0DRX6
	Q9UU83	0	Training	0	Q9UU83
	Q04226	0	Training	1	Q04226
	Q62417	0	Training	2	Q62417
	O42936	0	Training	3	O42936
	Q02873	0	Training	4	Q02873
	Q8IWL3	0	Training	0	Q8IWL3
	Q9UID6	0	Training	1	Q9UID6
	G5EE01	0	Training	2	G5EE01
	P53913	0	Training	3	P53913
	Q9Y512	0	Training	4	Q9Y512
	Q9Z1B8	0	Training	0	Q9Z1B8
	Q9UPX6	0	Training	1	Q9UPX6
	O75817	0	Training	2	O75817
	Q1MTQ7	0	Training	3	Q1MTQ7
	P54790	0	Training	4	P54790
	Q41811	0	Training	0	Q41811
	Q9U3D6	0	Training	1	Q9U3D6
	P53869	0	Training	2	P53869
	Q8N6F7	0	Training	3	Q8N6F7
	P28005	0	Training	4	P28005
	Q04087	0	Training	0	Q04087
	O94418	0	Training	1	O94418
	Q96EB1	0	Training	2	Q96EB1
	Q9C108	0	Training	3	Q9C108
	Q9UKN8	0	Training	4	Q9UKN8
	O94653	0	Training	0	O94653
	P47140	0	Training	1	P47140
	O94993	0	Training	2	O94993
	P53352	0	Training	3	P53352
	Q56Y52	0	Training	4	Q56Y52
	O23077	0	Training	0	O23077
	G5EF48	0	Training	1	G5EF48
	P48552	0	Training	2	P48552
	Q8RWV8	0	Training	3	Q8RWV8
	Q9BSI4	0	Training	4	Q9BSI4
	Q03112	0	Training	0	Q03112
	O36024	0	Training	1	O36024
	C8KI33	0	Training	2	C8KI33
	Q04603	0	Training	3	Q04603
	Q10414	0	Training	4	Q10414
	Q9Y6J0	0	Training	0	Q9Y6J0
	P08659	0	Training	1	P08659
	Q06182	0	Training	2	Q06182
	Q12510	0	Training	3	Q12510
	Q8IHY1	0	Training	4	Q8IHY1
	Q15785	0	Training	0	Q15785
	Q9BQS6	0	Training	1	Q9BQS6
	P62750	0	Training	2	P62750
	Q3UHF7	0	Training	3	Q3UHF7
	A0A0D2Y5A7	0	Training	4	A0A0D2Y5A7
	F4I9G2	0	Training	0	F4I9G2
	Q94BU8	0	Training	1	Q94BU8
	P32851	0	Training	2	P32851
	Q3SXM5	0	Training	3	Q3SXM5
	Q14973	0	Training	4	Q14973
	Q04839	0	Training	0	Q04839
	O81775	0	Training	1	O81775
	O45952	0	Training	2	O45952
	Q95ZL9	0	Training	3	Q95ZL9
	Q3V0B4	0	Training	4	Q3V0B4
	P53298	0	Training	0	P53298
	Q8RWH9	0	Training	1	Q8RWH9
	Q64727	0	Training	2	Q64727
	Q9S850	0	Training	3	Q9S850
	Q9S7Z2	0	Training	4	Q9S7Z2
	Q14694	0	Training	0	Q14694
	P40997	0	Training	1	P40997
	Q8R4U1	0	Training	2	Q8R4U1
	P13618	0	Training	3	P13618
	Q9NZM4	0	Training	4	Q9NZM4
	Q8R4T5	0	Training	0	Q8R4T5
	P23351	0	Training	1	P23351
	Q6C354	0	Training	2	Q6C354
	A9JRD8	0	Training	3	A9JRD8
	A2A884	0	Training	4	A2A884
	Q8GYD9	0	Training	0	Q8GYD9
	P50077	0	Training	1	P50077
	Q8L794	0	Training	2	Q8L794
	O14880	0	Training	3	O14880
	Q9SYD8	0	Training	4	Q9SYD8
	Q9H4I3	0	Training	0	Q9H4I3
	P34427	0	Training	1	P34427
	A0A075TMP0	0	Training	2	A0A075TMP0
	V5IQE0	0	Training	3	V5IQE0
	P08153	0	Training	4	P08153
	Q09146	0	Training	0	Q09146
	Q27607	0	Training	1	Q27607
	O24164	0	Training	2	O24164
	P56378	0	Training	3	P56378
	O60104	0	Training	4	O60104
	Q9UHH9	0	Training	0	Q9UHH9
	P14284	0	Training	1	P14284
	P18491	0	Training	2	P18491
	Q9Y421	0	Training	3	Q9Y421
	P22265	0	Training	4	P22265
	Q8NCG7	0	Training	0	Q8NCG7
	O80536	0	Training	1	O80536
	Q9U2M1	0	Training	2	Q9U2M1
	Q15834	0	Training	3	Q15834
	P29144	0	Training	4	P29144
	Q9Y118	0	Training	0	Q9Y118
	P53239	0	Training	1	P53239
	P10795	0	Training	2	P10795
	Q56VL3	0	Training	3	Q56VL3
	O94580	0	Training	4	O94580
	Q92794	0	Training	0	Q92794
	Q9BRG1	0	Training	1	Q9BRG1
	O43918	0	Training	2	O43918
	P25032	0	Training	3	P25032
	P03888	0	Training	4	P03888
	Q91XT6	0	Training	0	Q91XT6
	F4KBW6	0	Training	1	F4KBW6
	Q91YE8	0	Training	2	Q91YE8
	Q8WUF5	0	Training	3	Q8WUF5
	Q4L180	0	Training	4	Q4L180
	Q8VY21	0	Training	0	Q8VY21
	P40087	0	Training	1	P40087
	P38283	0	Training	2	P38283
	Q06991	0	Training	3	Q06991
	Q62384	0	Training	4	Q62384
	Q9BUV0	0	Training	0	Q9BUV0
	Q06338	0	Training	1	Q06338
	Q09967	0	Training	2	Q09967
	A0A2I0C2C6	0	Training	3	A0A2I0C2C6
	P07246	0	Training	4	P07246
	Q9ERH4	0	Training	0	Q9ERH4
	O43813	0	Training	1	O43813
	P28776	0	Training	2	P28776
	Q3KNY0	0	Training	3	Q3KNY0
	Q02884	0	Training	4	Q02884
	P20084	0	Training	0	P20084
	Q3TN34	0	Training	1	Q3TN34
	Q76NM6	0	Training	2	Q76NM6
	Q84LG2	0	Training	3	Q84LG2
	P33418	0	Training	4	P33418
	Q99MZ3	0	Training	0	Q99MZ3
	P0CJ62	0	Training	1	P0CJ62
	Q2NNE0	0	Training	2	Q2NNE0
	P36144	0	Training	3	P36144
	O43396	0	Training	4	O43396
	Q04748	0	Training	0	Q04748
	P00480	0	Training	1	P00480
	P28715	0	Training	2	P28715
	Q32P44	0	Training	3	Q32P44
	Q04110	0	Training	4	Q04110
	O94643	0	Training	0	O94643
	Q8WVM0	0	Training	1	Q8WVM0
	Q6PCM1	0	Training	2	Q6PCM1
	Q9FZ89	0	Training	3	Q9FZ89
	Q99ML0	0	Training	4	Q99ML0
	O94259	0	Training	0	O94259
	A0A0D1CVS5	0	Training	1	A0A0D1CVS5
	P07248	0	Training	2	P07248
	Q9C666	0	Training	3	Q9C666
	Q15723	0	Training	4	Q15723
	Q7S711	0	Training	0	Q7S711
	O81098	0	Training	1	O81098
	Q8BGW0	0	Training	2	Q8BGW0
	Q07897	0	Training	3	Q07897
	Q9W4N2	0	Training	4	Q9W4N2
	Q8BX46	0	Training	0	Q8BX46
	P30989	0	Training	1	P30989
	Q10429	0	Training	2	Q10429
	O94888	0	Training	3	O94888
	Q96L50	0	Training	4	Q96L50
	Q5SYB0	0	Training	0	Q5SYB0
	Q6DGH9	0	Training	1	Q6DGH9
	Q8K0E1	0	Training	2	Q8K0E1
	Q9SU05	0	Training	3	Q9SU05
	Q55FB8	0	Training	4	Q55FB8
	P35201	0	Training	0	P35201
	Q1ENB6	0	Training	1	Q1ENB6
	Q3MK94	0	Training	2	Q3MK94
	P15924	0	Training	3	P15924
	Q9NWW0	0	Training	4	Q9NWW0
	O15014	0	Training	0	O15014
	Q9QZU4	0	Training	1	Q9QZU4
	P48268	0	Training	2	P48268
	Q96EY5	0	Training	3	Q96EY5
	O75056	0	Training	4	O75056
	Q9H9P8	0	Training	0	Q9H9P8
	Q7ZW57	0	Training	1	Q7ZW57
	Q6ZVD7	0	Training	2	Q6ZVD7
	Q9FZF1	0	Training	3	Q9FZF1
	P60896	0	Training	4	P60896
	P81449	0	Training	0	P81449
	Q8GY61	0	Training	1	Q8GY61
	O49687	0	Training	2	O49687
	A1Z830	0	Training	3	A1Z830
	P27338	0	Training	4	P27338
	A4D2B0	0	Training	0	A4D2B0
	Q08558	0	Training	1	Q08558
	P36036	0	Training	2	P36036
	Q9LJG6	0	Training	3	Q9LJG6
	F4JZG9	0	Training	4	F4JZG9
	Q8GUL2	0	Training	0	Q8GUL2
	Q5VZK9	0	Training	1	Q5VZK9
	Q04922	0	Training	2	Q04922
	Q9BRP8	0	Training	3	Q9BRP8
	Q8I615	0	Training	4	Q8I615
	O75127	0	Training	0	O75127
	Q9NTM9	0	Training	1	Q9NTM9
	P34766	0	Training	2	P34766
	P17341	0	Training	3	P17341
	Q6VAK4	0	Training	4	Q6VAK4
	Q00497	0	Training	0	Q00497
	Q7Z6G3	0	Training	1	Q7Z6G3
	Q9SM57	0	Training	2	Q9SM57
	P11498	0	Training	3	P11498
	O60934	0	Training	4	O60934
	Q96HW7	0	Training	0	Q96HW7
	P32800	0	Training	1	P32800
	P32792	0	Training	2	P32792
	Q3E7A8	0	Training	3	Q3E7A8
	Q8CC88	0	Training	4	Q8CC88
	Q42564	0	Training	0	Q42564
	Q9VK33	0	Training	1	Q9VK33
	Q05048	0	Training	2	Q05048
	Q8N328	0	Training	3	Q8N328
	Q94JV5	0	Training	4	Q94JV5
	P40999	0	Training	0	P40999
	P05982	0	Training	1	P05982
	P39979	0	Training	2	P39979
	Q96IL0	0	Training	3	Q96IL0
	O23875	0	Training	4	O23875
	P49815	0	Training	0	P49815
	Q9Y5W9	0	Training	1	Q9Y5W9
	Q45VK7	0	Training	2	Q45VK7
	Q6NZQ4	0	Training	3	Q6NZQ4
	Q8IV76	0	Training	4	Q8IV76
	Q08421	0	Training	0	Q08421
	Q8IUR7	0	Training	1	Q8IUR7
	Q8BMA3	0	Training	2	Q8BMA3
	Q5BAH2	0	Training	3	Q5BAH2
	Q9NRN7	0	Training	4	Q9NRN7
	Q9NQ31	0	Training	0	Q9NQ31
	Q2NL27	0	Training	1	Q2NL27
	P53119	0	Training	2	P53119
	Q6L5B5	0	Training	3	Q6L5B5
	Q03834	0	Training	4	Q03834
	Q6P589	0	Training	0	Q6P589
	Q9XI84	0	Training	1	Q9XI84
	O14843	0	Training	2	O14843
	P49793	0	Training	3	P49793
	O13563	0	Training	4	O13563
	Q965W2	0	Training	0	Q965W2
	P07236	0	Training	1	P07236
	Q9MAM4	0	Training	2	Q9MAM4
	P42696	0	Training	3	P42696
	P33448	0	Training	4	P33448
	Q8WZK0	0	Training	0	Q8WZK0
	P36631	0	Training	1	P36631
	Q9NQW8	0	Training	2	Q9NQW8
	Q13428	0	Training	3	Q13428
	Q9FNK4	0	Training	4	Q9FNK4
	Q9BTL3	0	Training	0	Q9BTL3
	Q14686	0	Training	1	Q14686
	Q8IWZ6	0	Training	2	Q8IWZ6
	Q9NV70	0	Training	3	Q9NV70
	Q93VR9	0	Training	4	Q93VR9
	Q9NR90	0	Training	0	Q9NR90
	Q9P287	0	Training	1	Q9P287
	Q9H307	0	Training	2	Q9H307
	P41920	0	Training	3	P41920
	A2AG58	0	Training	4	A2AG58
	O88484	0	Training	0	O88484
	Q15014	0	Training	1	Q15014
	P43122	0	Training	2	P43122
	P36052	0	Training	3	P36052
	Q9SD11	0	Training	4	Q9SD11
	A9Y0K8	0	Training	0	A9Y0K8
	O13826	0	Training	1	O13826
	P83369	0	Training	2	P83369
	A2RVJ8	0	Training	3	A2RVJ8
	Q6RI63	0	Training	4	Q6RI63
	Q9Y2G0	0	Training	0	Q9Y2G0
	P06703	0	Training	1	P06703
	P36080	0	Training	2	P36080
	Q6GKV1	0	Training	3	Q6GKV1
	Q9XI00	0	Training	4	Q9XI00
	Q15811	0	Training	0	Q15811
	P53218	0	Training	1	P53218
	Q12036	0	Training	2	Q12036
	Q8IXH6	0	Training	3	Q8IXH6
	O94916	0	Training	4	O94916
	Q149B8	0	Training	0	Q149B8
	Q96IY1	0	Training	1	Q96IY1
	P46997	0	Training	2	P46997
	Q12487	0	Training	3	Q12487
	P06786	0	Training	4	P06786
	P98192	0	Training	0	P98192
	Q23500	0	Training	1	Q23500
	P28004	0	Training	2	P28004
	Q8K459	0	Training	3	Q8K459
	Q04408	0	Training	4	Q04408
	Q05498	0	Training	0	Q05498
	Q6MG82	0	Training	1	Q6MG82
	Q9D742	0	Training	2	Q9D742
	Q9Y7R3	0	Training	3	Q9Y7R3
	F4HXU3	0	Training	4	F4HXU3
	A0A1W2P872	0	Training	0	A0A1W2P872
	Q9H4A3	0	Training	1	Q9H4A3
	Q56Y74	0	Training	2	Q56Y74
	Q6RFH5	0	Training	3	Q6RFH5
	Q01448	0	Training	4	Q01448
	P29033	0	Training	0	P29033
	P06746	0	Training	1	P06746
	Q38890	0	Training	2	Q38890
	Q09961	0	Training	3	Q09961
	Q9LZF1	0	Training	4	Q9LZF1
	P40019	0	Training	0	P40019
	Q9XH37	0	Training	1	Q9XH37
	Q6F6B5	0	Training	2	Q6F6B5
	Q8GXN9	0	Training	3	Q8GXN9
	P32500	0	Training	4	P32500
	Q38946	0	Training	0	Q38946
	Q9SYQ0	0	Training	1	Q9SYQ0
	P53067	0	Training	2	P53067
	P49435	0	Training	3	P49435
	O82239	0	Training	4	O82239
	O09174	0	Training	0	O09174
	Q80VR2	0	Training	1	Q80VR2
	Q96DG6	0	Training	2	Q96DG6
	P38826	0	Training	3	P38826
	Q9GZN7	0	Training	4	Q9GZN7
	Q337M4	0	Training	0	Q337M4
	Q93ZM9	0	Training	1	Q93ZM9
	Q0P5I5	0	Training	2	Q0P5I5
	Q924C5	0	Training	3	Q924C5
	Q9JKL5	0	Training	4	Q9JKL5
	Q9DB96	0	Training	0	Q9DB96
	P53123	0	Training	1	P53123
	Q8WV24	0	Training	2	Q8WV24
	F4I443	0	Training	3	F4I443
	P47167	0	Training	4	P47167
	Q96MH2	0	Training	0	Q96MH2
	P25270	0	Training	1	P25270
	Q95748	0	Training	2	Q95748
	A2AKX3	0	Training	3	A2AKX3
	Q9FFY9	0	Training	4	Q9FFY9
	Q9LF24	0	Training	0	Q9LF24
	Q8W4F1	0	Training	1	Q8W4F1
	Q12136	0	Training	2	Q12136
	P38281	0	Training	3	P38281
	P05423	0	Training	4	P05423
	O95800	0	Training	0	O95800
	Q10432	0	Training	1	Q10432
	Q9SKT1	0	Training	2	Q9SKT1
	Q39033	0	Training	3	Q39033
	Q15004	0	Training	4	Q15004
	P98170	0	Training	0	P98170
	Q969P6	0	Training	1	Q969P6
	P09547	0	Training	2	P09547
	Q9VMD0	0	Training	3	Q9VMD0
	Q05863	0	Training	4	Q05863
	Q8TD19	0	Training	0	Q8TD19
	P39749	0	Training	1	P39749
	P35348	0	Training	2	P35348
	A2A5K6	0	Training	3	A2A5K6
	Q9UUB5	0	Training	4	Q9UUB5
	Q9DB00	0	Training	0	Q9DB00
	Q09739	0	Training	1	Q09739
	Q13156	0	Training	2	Q13156
	P34784	0	Training	3	P34784
	Q9UBU9	0	Training	4	Q9UBU9
	Q9CQC7	0	Training	0	Q9CQC7
	Q63377	0	Training	1	Q63377
	Q12285	0	Training	2	Q12285
	Q01842	0	Training	3	Q01842
	P40038	0	Training	4	P40038
	Q22795	0	Training	0	Q22795
	Q04636	0	Training	1	Q04636
	Q8R515	0	Training	2	Q8R515
	Q67Y93	0	Training	3	Q67Y93
	Q99LM3	0	Training	4	Q99LM3
	A6NND4	0	Training	0	A6NND4
	P41903	0	Training	1	P41903
	P40492	0	Training	2	P40492
	P47045	0	Training	3	P47045
	Q9FFZ1	0	Training	4	Q9FFZ1
	Q9NQC7	0	Training	0	Q9NQC7
	Q80WK2	0	Training	1	Q80WK2
	Q10572	0	Training	2	Q10572
	Q0IIM8	0	Training	3	Q0IIM8
	P53720	0	Training	4	P53720
	Q9SJ50	0	Training	0	Q9SJ50
	Q62847	0	Training	1	Q62847
	P25359	0	Training	2	P25359
	P50531	0	Training	3	P50531
	P40574	0	Training	4	P40574
	P19440	0	Training	0	P19440
	Q12032	0	Training	1	Q12032
	Q9H161	0	Training	2	Q9H161
	Q8N543	0	Training	3	Q8N543
	P52503	0	Training	4	P52503
	Q14202	0	Training	0	Q14202
	Q9NVI7	0	Training	1	Q9NVI7
	Q8CJ27	0	Training	2	Q8CJ27
	Q9P7U2	0	Training	3	Q9P7U2
	P11703	0	Training	4	P11703
	P99028	0	Training	0	P99028
	Q9SRW7	0	Training	1	Q9SRW7
	Q3UN04	0	Training	2	Q3UN04
	Q20745	0	Training	3	Q20745
	B3EWF7	0	Training	4	B3EWF7
	A0A5F8MPU3	0	Training	0	A0A5F8MPU3
	Q86W26	0	Training	1	Q86W26
	Q8IVE3	0	Training	2	Q8IVE3
	P82923	0	Training	3	P82923
	O04983	0	Training	4	O04983
	Q9SIW2	0	Training	0	Q9SIW2
	P03880	0	Training	1	P03880
	Q8VZV9	0	Training	2	Q8VZV9
	Q9FFH0	0	Training	3	Q9FFH0
	Q9FDW8	0	Training	4	Q9FDW8
	Q04545	0	Training	0	Q04545
	P38111	0	Training	1	P38111
	P38855	0	Training	2	P38855
	P49222	0	Training	3	P49222
	Q39261	0	Training	4	Q39261
	Q5ND04	0	Training	0	Q5ND04
	P08708	0	Training	1	P08708
	Q96AQ6	0	Training	2	Q96AQ6
	V6CLN5	0	Training	3	V6CLN5
	P83183	0	Training	4	P83183
	Q9P0U1	0	Training	0	Q9P0U1
	Q96GX8	0	Training	1	Q96GX8
	Q9LDE4	0	Training	2	Q9LDE4
	Q86VP6	0	Training	3	Q86VP6
	O23680	0	Training	4	O23680
	O70531	0	Training	0	O70531
	P23023	0	Training	1	P23023
	O14492	0	Training	2	O14492
	Q01501	0	Training	3	Q01501
	Q0JFZ0	0	Training	4	Q0JFZ0
	Q9NSP4	0	Training	0	Q9NSP4
	P06506	0	Training	1	P06506
	Q90ZS6	0	Training	2	Q90ZS6
	Q2V2P9	0	Training	3	Q2V2P9
	P22194	0	Training	4	P22194
	Q08683	0	Training	0	Q08683
	Q10214	0	Training	1	Q10214
	Q92552	0	Training	2	Q92552
	Q9ULU4	0	Training	3	Q9ULU4
	Q9CQT2	0	Training	4	Q9CQT2
	Q9C552	0	Training	0	Q9C552
	Q9M0S5	0	Training	1	Q9M0S5
	Q9UNQ2	0	Training	2	Q9UNQ2
	O60447	0	Training	3	O60447
	D3ZX63	0	Training	4	D3ZX63
	Q8W191	0	Training	0	Q8W191
	O49929	0	Training	1	O49929
	P06267	0	Training	2	P06267
	Q9UUG9	0	Training	3	Q9UUG9
	Q9Y239	0	Training	4	Q9Y239
	Q96C12	0	Training	0	Q96C12
	Q9NZC9	0	Training	1	Q9NZC9
	Q6W2J9	0	Training	2	Q6W2J9
	Q8R331	0	Training	3	Q8R331
	Q7Z5Q5	0	Training	4	Q7Z5Q5
	Q9VFG8	0	Training	0	Q9VFG8
	P25368	0	Training	1	P25368
	Q6UB98	0	Training	2	Q6UB98
	P28519	0	Training	3	P28519
	O63075	0	Training	4	O63075
	Q9SYM5	0	Training	0	Q9SYM5
	P18888	0	Training	1	P18888
	Q14DK4	0	Training	2	Q14DK4
	Q61233	0	Training	3	Q61233
	O95625	0	Training	4	O95625
	Q9Y226	0	Training	0	Q9Y226
	Q9SIV2	0	Training	1	Q9SIV2
	P49021	0	Training	2	P49021
	O76039	0	Training	3	O76039
	O24463	0	Training	4	O24463
	Q99PU7	0	Training	0	Q99PU7
	P36130	0	Training	1	P36130
	P47054	0	Training	2	P47054
	Q8N699	0	Training	3	Q8N699
	P58234	0	Training	4	P58234
	Q8N3F8	0	Training	0	Q8N3F8
	P40382	0	Training	1	P40382
	Q9NPB1	0	Training	2	Q9NPB1
	Q9P6I9	0	Training	3	Q9P6I9
	Q9ST63	0	Training	4	Q9ST63
	Q969Y2	0	Training	0	Q969Y2
	F1MH24	0	Training	1	F1MH24
	P59055	0	Training	2	P59055
	Q9H0C3	0	Training	3	Q9H0C3
	Q93YN0	0	Training	4	Q93YN0
	Q00613	0	Training	0	Q00613
	Q8IWV1	0	Training	1	Q8IWV1
	Q13562	0	Training	2	Q13562
	Q12146	0	Training	3	Q12146
	Q12216	0	Training	4	Q12216
	Q8LDV3	0	Training	0	Q8LDV3
	Q07349	0	Training	1	Q07349
	Q15047	0	Training	2	Q15047
	Q9ZUT3	0	Training	3	Q9ZUT3
	P39705	0	Training	4	P39705
	Q84K96	0	Training	0	Q84K96
	Q5M731	0	Training	1	Q5M731
	O22802	0	Training	2	O22802
	Q9WVM1	0	Training	3	Q9WVM1
	P87238	0	Training	4	P87238
	O73622	0	Training	0	O73622
	Q9SLJ2	0	Training	1	Q9SLJ2
	Q9EQR5	0	Training	2	Q9EQR5
	Q8GY65	0	Training	3	Q8GY65
	P46060	0	Training	4	P46060
	P12787	0	Training	0	P12787
	Q38FI2	0	Training	1	Q38FI2
	Q5EAJ7	0	Training	2	Q5EAJ7
	Q3YEC7	0	Training	3	Q3YEC7
	Q8L999	0	Training	4	Q8L999
	Q8IVS2	0	Training	0	Q8IVS2
	P10898	0	Training	1	P10898
	Q9NQV6	0	Training	2	Q9NQV6
	P42842	0	Training	3	P42842
	Q8BWT5	0	Training	4	Q8BWT5
	Q5ND34	0	Training	0	Q5ND34
	Q19872	0	Training	1	Q19872
	Q680B9	0	Training	2	Q680B9
	Q6K678	0	Training	3	Q6K678
	Q9V8P9	0	Training	4	Q9V8P9
	Q8L8M9	0	Training	0	Q8L8M9
	P48732	0	Training	1	P48732
	Q9ES73	0	Training	2	Q9ES73
	O94397	0	Training	3	O94397
	F4J8G7	0	Training	4	F4J8G7
	Q04005	0	Training	0	Q04005
	Q3SZ86	0	Training	1	Q3SZ86
	P36078	0	Training	2	P36078
	Q3U0V2	0	Training	3	Q3U0V2
	Q9UPW6	0	Training	4	Q9UPW6
	Q2KIR7	0	Training	0	Q2KIR7
	Q9HCS7	0	Training	1	Q9HCS7
	P30047	0	Training	2	P30047
	Q9USQ4	0	Training	3	Q9USQ4
	Q9Z1P6	0	Training	4	Q9Z1P6
	Q9SKZ1	0	Training	0	Q9SKZ1
	Q9H444	0	Training	1	Q9H444
	O94864	0	Training	2	O94864
	Q9NRY2	0	Training	3	Q9NRY2
	O74374	0	Training	4	O74374
	P46951	0	Training	0	P46951
	P52172	0	Training	1	P52172
	P03872	0	Training	2	P03872
	Q9Y6K5	0	Training	3	Q9Y6K5
	Q12277	0	Training	4	Q12277
	Q15233	0	Training	0	Q15233
	Q08B36	0	Training	1	Q08B36
	P83456	0	Training	2	P83456
	Q8LGJ5	0	Training	3	Q8LGJ5
	Q7ZT47	0	Training	4	Q7ZT47
	Q84W56	0	Training	0	Q84W56
	Q8K330	0	Training	1	Q8K330
	P52890	0	Training	2	P52890
	Q9R061	0	Training	3	Q9R061
	Q8GZA8	0	Training	4	Q8GZA8
	Q7KMJ6	0	Training	0	Q7KMJ6
	Q5H943	0	Training	1	Q5H943
	P51587	0	Training	2	P51587
	Q6T938	0	Training	3	Q6T938
	Q9LQK7	0	Training	4	Q9LQK7
	Q3MV14	0	Training	0	Q3MV14
	Q20024	0	Training	1	Q20024
	Q08287	0	Training	2	Q08287
	Q9UIG0	0	Training	3	Q9UIG0
	P36516	0	Training	4	P36516
	Q0WX00	0	Training	0	Q0WX00
	P36532	0	Training	1	P36532
	Q3URK3	0	Training	2	Q3URK3
	Q8N165	0	Training	3	Q8N165
	Q6W0C5	0	Training	4	Q6W0C5
	Q8MLV1	0	Training	0	Q8MLV1
	Q9H5U6	0	Training	1	Q9H5U6
	P23615	0	Training	2	P23615
	A0A2R8VHF7	0	Training	3	A0A2R8VHF7
	Q54TN2	0	Training	4	Q54TN2
	G4LTX4	0	Training	0	G4LTX4
	Q9H227	0	Training	1	Q9H227
	Q9ULX3	0	Training	2	Q9ULX3
	Q38893	0	Training	3	Q38893
	Q80WJ1	0	Training	4	Q80WJ1
	Q03385	0	Training	0	Q03385
	P32347	0	Training	1	P32347
	Q39129	0	Training	2	Q39129
	Q9USP9	0	Training	3	Q9USP9
	Q9FYB5	0	Training	4	Q9FYB5
	Q8BT35	0	Training	0	Q8BT35
	P07390	0	Training	1	P07390
	Q9C000	0	Training	2	Q9C000
	Q3KP66	0	Training	3	Q3KP66
	Q9Y508	0	Training	4	Q9Y508
	Q63HN8	0	Training	0	Q63HN8
	P82869	0	Training	1	P82869
	Q9UKV3	0	Training	2	Q9UKV3
	Q9BY77	0	Training	3	Q9BY77
	P38687	0	Training	4	P38687
	Q80YF9	0	Training	0	Q80YF9
	Q03433	0	Training	1	Q03433
	P49792	0	Training	2	P49792
	O74792	0	Training	3	O74792
	Q8WYK0	0	Training	4	Q8WYK0
	P09959	0	Training	0	P09959
	P11978	0	Training	1	P11978
	Q8WXX5	0	Training	2	Q8WXX5
	Q94BS2	0	Training	3	Q94BS2
	A1ZAW0	0	Training	4	A1ZAW0
	P15919	0	Training	0	P15919
	O17286	0	Training	1	O17286
	Q1K6Q3	0	Training	2	Q1K6Q3
	Q9STS7	0	Training	3	Q9STS7
	Q9P797	0	Training	4	Q9P797
	Q9U213	0	Training	0	Q9U213
	G5EFQ5	0	Training	1	G5EFQ5
	Q99M04	0	Training	2	Q99M04
	P38771	0	Training	3	P38771
	Q9CQT7	0	Training	4	Q9CQT7
	Q5I0X4	0	Training	0	Q5I0X4
	P07261	0	Training	1	P07261
	P78563	0	Training	2	P78563
	A1A6M1	0	Training	3	A1A6M1
	Q5SU73	0	Training	4	Q5SU73
	Q9UI30	0	Training	0	Q9UI30
	Q86WA8	0	Training	1	Q86WA8
	P40154	0	Training	2	P40154
	O94826	0	Training	3	O94826
	Q9VRP5	0	Training	4	Q9VRP5
	Q92917	0	Training	0	Q92917
	Q8GYU3	0	Training	1	Q8GYU3
	Q06683	0	Training	2	Q06683
	Q9Z2N6	0	Training	3	Q9Z2N6
	O62203	0	Training	4	O62203
	Q12349	0	Training	0	Q12349
	P38319	0	Training	1	P38319
	Q00453	0	Training	2	Q00453
	P53297	0	Training	3	P53297
	Q8VCF0	0	Training	4	Q8VCF0
	Q9USY4	0	Training	0	Q9USY4
	Q9H6D3	0	Training	1	Q9H6D3
	Q920G9	0	Training	2	Q920G9
	P82924	0	Training	3	P82924
	O74517	0	Training	4	O74517
	C4QM85	0	Training	0	C4QM85
	Q9SJX7	0	Training	1	Q9SJX7
	Q6ZT62	0	Training	2	Q6ZT62
	O88466	0	Training	3	O88466
	A0A386CAB9	0	Training	4	A0A386CAB9
	Q5AL36	0	Training	0	Q5AL36
	Q7SA60	0	Training	1	Q7SA60
	Q9W4S7	0	Training	2	Q9W4S7
	Q9SU56	0	Training	3	Q9SU56
	Q38834	0	Training	4	Q38834
	J9VI03	0	Training	0	J9VI03
	Q06344	0	Training	1	Q06344
	Q9VBB3	0	Training	2	Q9VBB3
	Q9CQY9	0	Training	3	Q9CQY9
	Q6ZTU2	0	Training	4	Q6ZTU2
	Q6PE84	0	Training	0	Q6PE84
	P35228	0	Training	1	P35228
	P45974	0	Training	2	P45974
	P53260	0	Training	3	P53260
	P83214	0	Training	4	P83214
	P32336	0	Training	0	P32336
	P09798	0	Training	1	P09798
	Q9SE43	0	Training	2	Q9SE43
	Q04613	0	Training	3	Q04613
	O82392	0	Training	4	O82392
	Q13487	0	Training	0	Q13487
	Q99177	0	Training	1	Q99177
	Q6NVF4	0	Training	2	Q6NVF4
	O49660	0	Training	3	O49660
	Q62769	0	Training	4	Q62769
	H9JBU5	0	Training	0	H9JBU5
	Q967U1	0	Training	1	Q967U1
	P53136	0	Training	2	P53136
	P70423	0	Training	3	P70423
	Q06632	0	Training	4	Q06632
	Q8TEK3	0	Training	0	Q8TEK3
	Q8N140	0	Training	1	Q8N140
	Q9NP98	0	Training	2	Q9NP98
	P40387	0	Training	3	P40387
	Q12020	0	Training	4	Q12020
	O94428	0	Training	0	O94428
	P47041	0	Training	1	P47041
	Q96WW2	0	Training	2	Q96WW2
	P82192	0	Training	3	P82192
	Q6XP49	0	Training	4	Q6XP49
	Q9UN81	0	Training	0	Q9UN81
	Q23973	0	Training	1	Q23973
	Q07540	0	Training	2	Q07540
	Q90941	0	Training	3	Q90941
	Q9VNS0	0	Training	4	Q9VNS0
	O18017	0	Training	0	O18017
	Q93ZF6	0	Training	1	Q93ZF6
	Q5FWH3	0	Training	2	Q5FWH3
	Q8TEA8	0	Training	3	Q8TEA8
	Q8NFU0	0	Training	4	Q8NFU0
	P53114	0	Training	0	P53114
	Q9ERG0	0	Training	1	Q9ERG0
	Q03338	0	Training	2	Q03338
	A0A1D8PRB7	0	Training	3	A0A1D8PRB7
	O95630	0	Training	4	O95630
	P82920	0	Training	0	P82920
	Q8LGD5	0	Training	1	Q8LGD5
	B7Z0X7	0	Training	2	B7Z0X7
	Q20060	0	Training	3	Q20060
	P16622	0	Training	4	P16622
	Q9VUF8	0	Training	0	Q9VUF8
	P34223	0	Training	1	P34223
	Q06162	0	Training	2	Q06162
	Q84JG2	0	Training	3	Q84JG2
	F4I902	0	Training	4	F4I902
	Q9UPV0	0	Training	0	Q9UPV0
	Q9JKX3	0	Training	1	Q9JKX3
	A0A1D6IEG9	0	Training	2	A0A1D6IEG9
	Q06639	0	Training	3	Q06639
	Q8WXG6	0	Training	4	Q8WXG6
	P82979	0	Training	0	P82979
	Q9H190	0	Training	1	Q9H190
	P51577	0	Training	2	P51577
	P53850	0	Training	3	P53850
	Q05930	0	Training	4	Q05930
	Q5SSJ5	0	Training	0	Q5SSJ5
	Q940L4	0	Training	1	Q940L4
	P16451	0	Training	2	P16451
	Q9LPZ4	0	Training	3	Q9LPZ4
	P38996	0	Training	4	P38996
	Q8L6Z4	0	Training	0	Q8L6Z4
	Q4ADV7	0	Training	1	Q4ADV7
	Q12184	0	Training	2	Q12184
	Q9FFS4	0	Training	3	Q9FFS4
	P34225	0	Training	4	P34225
	Q84K35	0	Training	0	Q84K35
	Q580X6	0	Training	1	Q580X6
	P35790	0	Training	2	P35790
	P31115	0	Training	3	P31115
	Q9DBR0	0	Training	4	Q9DBR0
	Q8WXD5	0	Training	0	Q8WXD5
	Q99733	0	Training	1	Q99733
	Q03770	0	Training	2	Q03770
	Q13901	0	Training	3	Q13901
	P53725	0	Training	4	P53725
	Q1ZXQ0	0	Training	0	Q1ZXQ0
	P09596	0	Training	1	P09596
	P09597	0	Training	2	P09597
	Q8IWZ4	0	Training	3	Q8IWZ4
	Q0JEB7	0	Training	4	Q0JEB7
	P53127	0	Training	0	P53127
	P50874	0	Training	1	P50874
	Q6YUS3	0	Training	2	Q6YUS3
	Q84JF5	0	Training	3	Q84JF5
	Q8WWM9	0	Training	4	Q8WWM9
	P40897	0	Training	0	P40897
	P53921	0	Training	1	P53921
	O94704	0	Training	2	O94704
	Q96LT9	0	Training	3	Q96LT9
	Q09142	0	Training	4	Q09142
	Q21209	0	Training	0	Q21209
	F4KH86	0	Training	1	F4KH86
	P03898	0	Training	2	P03898
	Q5ZEF1	0	Training	3	Q5ZEF1
	Q12497	0	Training	4	Q12497
	Q9ZV24	0	Training	0	Q9ZV24
	Q12166	0	Training	1	Q12166
	Q5AP80	0	Training	2	Q5AP80
	Q8IM30	0	Training	3	Q8IM30
	P03911	0	Training	4	P03911
	Q12040	0	Training	0	Q12040
	Q71SY5	0	Training	1	Q71SY5
	Q96T21	0	Training	2	Q96T21
	P25348	0	Training	3	P25348
	Q92349	0	Training	4	Q92349
	Q8H1U5	0	Training	0	Q8H1U5
	O49292	0	Training	1	O49292
	Q9Y3S1	0	Training	2	Q9Y3S1
	Q3SYG4	0	Training	3	Q3SYG4
	Q5EU90	0	Training	4	Q5EU90
	P22035	0	Training	0	P22035
	O94522	0	Training	1	O94522
	Q86TB9	0	Training	2	Q86TB9
	Q9H0Z9	0	Training	3	Q9H0Z9
	Q9NYV6	0	Training	4	Q9NYV6
	Q6PI26	0	Training	0	Q6PI26
	Q9H7Z3	0	Training	1	Q9H7Z3
	Q9M9Y4	0	Training	2	Q9M9Y4
	Q94JY0	0	Training	3	Q94JY0
	Q06405	0	Training	4	Q06405
	Q94A41	0	Training	0	Q94A41
	Q9BPX3	0	Training	1	Q9BPX3
	Q9LXI8	0	Training	2	Q9LXI8
	Q9CAF4	0	Training	3	Q9CAF4
	Q91XU0	0	Training	4	Q91XU0
	P49677	0	Training	0	P49677
	Q99MR6	0	Training	1	Q99MR6
	Q9P2H5	0	Training	2	Q9P2H5
	Q4WSD1	0	Training	3	Q4WSD1
	Q08062	0	Training	4	Q08062
	Q9JKY0	0	Training	0	Q9JKY0
	P67870	0	Training	1	P67870
	Q9LEZ1	0	Training	2	Q9LEZ1
	P25583	0	Training	3	P25583
	Q64MA3	0	Training	4	Q64MA3
	Q8BY35	0	Training	0	Q8BY35
	Q1K7L7	0	Training	1	Q1K7L7
	Q9W1R4	0	Training	2	Q9W1R4
	P29617	0	Training	3	P29617
	Q9C7I5	0	Training	4	Q9C7I5
	Q12247	0	Training	0	Q12247
	P32773	0	Training	1	P32773
	Q12094	0	Training	2	Q12094
	P17987	0	Training	3	P17987
	D3KY99	0	Training	4	D3KY99
	Q24174	0	Training	0	Q24174
	P27705	0	Training	1	P27705
	Q9FNC7	0	Training	2	Q9FNC7
	P40167	0	Training	3	P40167
	O74511	0	Training	4	O74511
	P34341	0	Training	0	P34341
	Q8VDS3	0	Training	1	Q8VDS3
	P60709	0	Training	2	P60709
	O65370	0	Training	3	O65370
	Q945K7	0	Training	4	Q945K7
	P19735	0	Training	0	P19735
	P21675	0	Training	1	P21675
	Q15022	0	Training	2	Q15022
	Q64442	0	Training	3	Q64442
	P41698	0	Training	4	P41698
	Q62315	0	Training	0	Q62315
	Q9Y315	0	Training	1	Q9Y315
	P40688	0	Training	2	P40688
	P53327	0	Training	3	P53327
	G5EED4	0	Training	4	G5EED4
	P22289	0	Training	0	P22289
	Q92546	0	Training	1	Q92546
	O13911	0	Training	2	O13911
	P40060	0	Training	3	P40060
	A0A2K3DZC4	0	Training	4	A0A2K3DZC4
	Q8S4F6	0	Training	0	Q8S4F6
	Q8IRB5	0	Training	1	Q8IRB5
	Q10SU5	0	Training	2	Q10SU5
	Q9VT04	0	Training	3	Q9VT04
	P06602	0	Training	4	P06602
	Q8R3K3	0	Training	0	Q8R3K3
	Q9CA67	0	Training	1	Q9CA67
	P14064	0	Training	2	P14064
	Q6SKR5	0	Training	3	Q6SKR5
	G5EGK6	0	Training	4	G5EGK6
	Q3E764	0	Training	0	Q3E764
	Q06892	0	Training	1	Q06892
	P40554	0	Training	2	P40554
	Q8TC90	0	Training	3	Q8TC90
	Q7JM44	0	Training	4	Q7JM44
	U9W8F2	0	Training	0	U9W8F2
	Q9VZM7	0	Training	1	Q9VZM7
	Q04199	0	Training	2	Q04199
	Q6A028	0	Training	3	Q6A028
	Q01329	0	Training	4	Q01329
	Q13315	0	Training	0	Q13315
	Q9FKP4	0	Training	1	Q9FKP4
	Q9LR64	0	Training	2	Q9LR64
	Q6KCD5	0	Training	3	Q6KCD5
	Q9BZJ8	0	Training	4	Q9BZJ8
	Q23238	0	Training	0	Q23238
	Q9LJ97	0	Training	1	Q9LJ97
	Q00873	0	Training	2	Q00873
	Q19972	0	Training	3	Q19972
	A0A7P0TBJ1	0	Training	4	A0A7P0TBJ1
	P46014	0	Training	0	P46014
	P32790	0	Training	1	P32790
	O14388	0	Training	2	O14388
	G5EC32	0	Training	3	G5EC32
	O77264	0	Training	4	O77264
	P36523	0	Training	0	P36523
	Q9VV74	0	Training	1	Q9VV74
	Q38998	0	Training	2	Q38998
	Q9FE46	0	Training	3	Q9FE46
	Q9Y2R0	0	Training	4	Q9Y2R0
	P0DKH5	0	Training	0	P0DKH5
	Q24322	0	Training	1	Q24322
	A0A143ZZK9	0	Training	2	A0A143ZZK9
	Q10198	0	Training	3	Q10198
	Q94B35	0	Training	4	Q94B35
	Q86W42	0	Training	0	Q86W42
	P87169	0	Training	1	P87169
	O74356	0	Training	2	O74356
	Q8LFH5	0	Training	3	Q8LFH5
	Q9VKB9	0	Training	4	Q9VKB9
	P03920	0	Training	0	P03920
	Q7Y0F6	0	Training	1	Q7Y0F6
	Q9FKQ7	0	Training	2	Q9FKQ7
	P38127	0	Training	3	P38127
	F4IDJ0	0	Training	4	F4IDJ0
	Q1K730	0	Training	0	Q1K730
	P24473	0	Training	1	P24473
	Q9CPQ8	0	Training	2	Q9CPQ8
	Q9H5Q4	0	Training	3	Q9H5Q4
	Q96MT3	0	Training	4	Q96MT3
	Q9CQ75	0	Training	0	Q9CQ75
	Q8N5C6	0	Training	1	Q8N5C6
	P38175	0	Training	2	P38175
	Q8TEW0	0	Training	3	Q8TEW0
	Q9VGE2	0	Training	4	Q9VGE2
	Q9NYY8	0	Training	0	Q9NYY8
	O44783	0	Training	1	O44783
	Q505B8	0	Training	2	Q505B8
	Q02614	0	Training	3	Q02614
	Q9FPW4	0	Training	4	Q9FPW4
	Q9H1J1	0	Training	0	Q9H1J1
	Q8TAE8	0	Training	1	Q8TAE8
	Q9C5S1	0	Training	2	Q9C5S1
	O13807	0	Training	3	O13807
	Q12788	0	Training	4	Q12788
	A0A7J6K629	0	Training	0	A0A7J6K629
	Q99P21	0	Training	1	Q99P21
	Q80UF9	0	Training	2	Q80UF9
	Q05043	0	Training	3	Q05043
	Q96NE9	0	Training	4	Q96NE9
	Q9M022	0	Training	0	Q9M022
	Q96BY6	0	Training	1	Q96BY6
	P24309	0	Training	2	P24309
	Q6P2C8	0	Training	3	Q6P2C8
	Q86WR6	0	Training	4	Q86WR6
	Q923Q2	0	Training	0	Q923Q2
	Q9NPJ4	0	Training	1	Q9NPJ4
	P00522	0	Training	2	P00522
	Q9C7A2	0	Training	3	Q9C7A2
	Q9H0W9	0	Training	4	Q9H0W9
	O14423	0	Training	0	O14423
	O82286	0	Training	1	O82286
	Q6NUA1	0	Training	2	Q6NUA1
	P50749	0	Training	3	P50749
	P28661	0	Training	4	P28661
	Q9H8W5	0	Training	0	Q9H8W5
	O35484	0	Training	1	O35484
	P43605	0	Training	2	P43605
	P38137	0	Training	3	P38137
	B7WN96	0	Training	4	B7WN96
	Q5BJZ6	0	Training	0	Q5BJZ6
	O94740	0	Training	1	O94740
	P34253	0	Training	2	P34253
	Q8VYJ1	0	Training	3	Q8VYJ1
	Q5N829	0	Training	4	Q5N829
	Q9BU61	0	Training	0	Q9BU61
	P0CY10	0	Training	1	P0CY10
	O75695	0	Training	2	O75695
	Q9FK13	0	Training	3	Q9FK13
	Q02888	0	Training	4	Q02888
	P36531	0	Training	0	P36531
	Q8VIH1	0	Training	1	Q8VIH1
	Q9V727	0	Training	2	Q9V727
	Q9V9W8	0	Training	3	Q9V9W8
	Q10Q07	0	Training	4	Q10Q07
	Q9VVV9	0	Training	0	Q9VVV9
	Q80ZG2	0	Training	1	Q80ZG2
	Q03862	0	Training	2	Q03862
	Q6P1X5	0	Training	3	Q6P1X5
	O95503	0	Training	4	O95503
	P0DYC3	0	Training	0	P0DYC3
	Q9Y2Q9	0	Training	1	Q9Y2Q9
	Q32SG5	0	Training	2	Q32SG5
	O74469	0	Training	3	O74469
	P32451	0	Training	4	P32451
	Q9BSD3	0	Training	0	Q9BSD3
	O59744	0	Training	1	O59744
	Q9HBL7	0	Training	2	Q9HBL7
	P08679	0	Training	3	P08679
	O49937	0	Training	4	O49937
	Q8IVI9	0	Training	0	Q8IVI9
	Q9MBA1	0	Training	1	Q9MBA1
	Q9XIP2	0	Training	2	Q9XIP2
	P40368	0	Training	3	P40368
	P36088	0	Training	4	P36088
	P47108	0	Training	0	P47108
	P53150	0	Training	1	P53150
	Q01663	0	Training	2	Q01663
	Q9SEE9	0	Training	3	Q9SEE9
	P38804	0	Training	4	P38804
	Q12143	0	Training	0	Q12143
	Q9LTW4	0	Training	1	Q9LTW4
	Q8LDL0	0	Training	2	Q8LDL0
	Q02890	0	Training	3	Q02890
	Q9VPM5	0	Training	4	Q9VPM5
	O74388	0	Training	0	O74388
	P36094	0	Training	1	P36094
	Q9VMA3	0	Training	2	Q9VMA3
	Q56A73	0	Training	3	Q56A73
	Q03305	0	Training	4	Q03305
	Q05958	0	Training	0	Q05958
	P52901	0	Training	1	P52901
	O17386	0	Training	2	O17386
	Q9VPH8	0	Training	3	Q9VPH8
	Q03213	0	Training	4	Q03213
	Q93015	0	Training	0	Q93015
	F4K687	0	Training	1	F4K687
	P53692	0	Training	2	P53692
	Q6VMQ6	0	Training	3	Q6VMQ6
	Q8CCG4	0	Training	4	Q8CCG4
	P38880	0	Training	0	P38880
	P22138	0	Training	1	P22138
	Q9N658	0	Training	2	Q9N658
	O74458	0	Training	3	O74458
	P51959	0	Training	4	P51959
	A0A509AFM3	0	Training	0	A0A509AFM3
	P35192	0	Training	1	P35192
	P46655	0	Training	2	P46655
	Q3URS9	0	Training	3	Q3URS9
	Q9ESK9	0	Training	4	Q9ESK9
	P19474	0	Training	0	P19474
	Q09838	0	Training	1	Q09838
	O22793	0	Training	2	O22793
	Q8WUU5	0	Training	3	Q8WUU5
	P16467	0	Training	4	P16467
	P23368	0	Training	0	P23368
	Q10665	0	Training	1	Q10665
	O70405	0	Training	2	O70405
	P38889	0	Training	3	P38889
	Q12188	0	Training	4	Q12188
	Q8VZE7	0	Training	0	Q8VZE7
	Q9LLC1	0	Training	1	Q9LLC1
	Q07953	0	Training	2	Q07953
	P38110	0	Training	3	P38110
	Q3UZ39	0	Training	4	Q3UZ39
	P06894	0	Training	0	P06894
	P59540	0	Training	1	P59540
	O43299	0	Training	2	O43299
	O13936	0	Training	3	O13936
	P53207	0	Training	4	P53207
	Q9UKT7	0	Training	0	Q9UKT7
	Q8BVN3	0	Training	1	Q8BVN3
	Q12343	0	Training	2	Q12343
	Q00757	0	Training	3	Q00757
	P20436	0	Training	4	P20436
	Q9WU12	0	Training	0	Q9WU12
	P09017	0	Training	1	P09017
	Q12887	0	Training	2	Q12887
	Q9VWF2	0	Training	3	Q9VWF2
	Q02100	0	Training	4	Q02100
	Q9HAV4	0	Training	0	Q9HAV4
	Q61234	0	Training	1	Q61234
	P25573	0	Training	2	P25573
	Q12354	0	Training	3	Q12354
	F4KAV2	0	Training	4	F4KAV2
	Q9ZQZ6	0	Training	0	Q9ZQZ6
	Q9Y6H6	0	Training	1	Q9Y6H6
	A2RTF1	0	Training	2	A2RTF1
	P62249	0	Training	3	P62249
	Q9Y802	0	Training	4	Q9Y802
	B5KM66	0	Training	0	B5KM66
	Q8VIM4	0	Training	1	Q8VIM4
	O13683	0	Training	2	O13683
	P47802	0	Training	3	P47802
	Q19AV6	0	Training	4	Q19AV6
	Q02783	0	Training	0	Q02783
	P40073	0	Training	1	P40073
	Q86WR0	0	Training	2	Q86WR0
	Q9P804	0	Training	3	Q9P804
	Q6Q5X2	0	Training	4	Q6Q5X2
	P98083	0	Training	0	P98083
	Q12359	0	Training	1	Q12359
	O14730	0	Training	2	O14730
	P06007	0	Training	3	P06007
	Q5H9S7	0	Training	4	Q5H9S7
	Q9VMD6	0	Training	0	Q9VMD6
	Q91XJ0	0	Training	1	Q91XJ0
	O23174	0	Training	2	O23174
	Q95749	0	Training	3	Q95749
	P47084	0	Training	4	P47084
	Q9BZE1	0	Training	0	Q9BZE1
	Q9R085	0	Training	1	Q9R085
	A0A1D8PJ01	0	Training	2	A0A1D8PJ01
	O22161	0	Training	3	O22161
	Q5D869	0	Training	4	Q5D869
	P04053	0	Training	0	P04053
	Q10290	0	Training	1	Q10290
	P04840	0	Training	2	P04840
	O74895	0	Training	3	O74895
	Q9ZQ19	0	Training	4	Q9ZQ19
	O02326	0	Training	0	O02326
	P53983	0	Training	1	P53983
	Q9JJN6	0	Training	2	Q9JJN6
	Q8R151	0	Training	3	Q8R151
	P70278	0	Training	4	P70278
	O14368	0	Training	0	O14368
	Q8NCE0	0	Training	1	Q8NCE0
	Q8GXR9	0	Training	2	Q8GXR9
	Q9ERS2	0	Training	3	Q9ERS2
	Q149M9	0	Training	4	Q149M9
	Q9ERV1	0	Training	0	Q9ERV1
	P19824	0	Training	1	P19824
	Q9HAB3	0	Training	2	Q9HAB3
	Q9C7G6	0	Training	3	Q9C7G6
	Q9UIA0	0	Training	4	Q9UIA0
	P34418	0	Training	0	P34418
	Q9BWW7	0	Training	1	Q9BWW7
	Q6A037	0	Training	2	Q6A037
	O36030	0	Training	3	O36030
	Q8NHY2	0	Training	4	Q8NHY2
	Q08932	0	Training	0	Q08932
	P62483	0	Training	1	P62483
	P53507	0	Training	2	P53507
	O24629	0	Training	3	O24629
	P52654	0	Training	4	P52654
	F4KFT7	0	Training	0	F4KFT7
	Q86TL0	0	Training	1	Q86TL0
	Q8IYW5	0	Training	2	Q8IYW5
	P49588	0	Training	3	P49588
	P09119	0	Training	4	P09119
	Q9USY8	0	Training	0	Q9USY8
	Q9UTT2	0	Training	1	Q9UTT2
	Q9QZM5	0	Training	2	Q9QZM5
	Q07807	0	Training	3	Q07807
	A0A0D1CRD0	0	Training	4	A0A0D1CRD0
	Q06682	0	Training	0	Q06682
	Q9GZR1	0	Training	1	Q9GZR1
	Q96HA7	0	Training	2	Q96HA7
	Q04675	0	Training	3	Q04675
	Q12333	0	Training	4	Q12333
	Q76PC4	0	Training	0	Q76PC4
	Q3E823	0	Training	1	Q3E823
	P82352	0	Training	2	P82352
	P51530	0	Training	3	P51530
	Q9LSA9	0	Training	4	Q9LSA9
	Q4WGS5	0	Training	0	Q4WGS5
	P40014	0	Training	1	P40014
	Q05568	0	Training	2	Q05568
	Q6VN19	0	Training	3	Q6VN19
	Q5I0E9	0	Training	4	Q5I0E9
	J4UQC2	0	Training	0	J4UQC2
	P38170	0	Training	1	P38170
	Q13868	0	Training	2	Q13868
	O14329	0	Training	3	O14329
	Q9SU25	0	Training	4	Q9SU25
	Q09228	0	Training	0	Q09228
	O59748	0	Training	1	O59748
	P53264	0	Training	2	P53264
	Q9UBC0	0	Training	3	Q9UBC0
	P50091	0	Training	4	P50091
	P78953	0	Training	0	P78953
	Q86YA3	0	Training	1	Q86YA3
	A6NKF2	0	Training	2	A6NKF2
	Q39057	0	Training	3	Q39057
	O14174	0	Training	4	O14174
	Q504Q3	0	Training	0	Q504Q3
	Q810H6	0	Training	1	Q810H6
	Q9BZV1	0	Training	2	Q9BZV1
	O23310	0	Training	3	O23310
	E3Q1H1	0	Training	4	E3Q1H1
	Q6ZQN7	0	Training	0	Q6ZQN7
	Q12511	0	Training	1	Q12511
	O42250	0	Training	2	O42250
	Q5XKL5	0	Training	3	Q5XKL5
	Q8WV22	0	Training	4	Q8WV22
	Q9C5J3	0	Training	0	Q9C5J3
	P36093	0	Training	1	P36093
	C6TCZ5	0	Training	2	C6TCZ5
	Q7Z602	0	Training	3	Q7Z602
	Q99547	0	Training	4	Q99547
	Q60864	0	Training	0	Q60864
	P42948	0	Training	1	P42948
	P25457	0	Training	2	P25457
	Q4PSK3	0	Training	3	Q4PSK3
	Q10302	0	Training	4	Q10302
	O74880	0	Training	0	O74880
	O74418	0	Training	1	O74418
	G5ECG2	0	Training	2	G5ECG2
	P12904	0	Training	3	P12904
	Q9M0A5	0	Training	4	Q9M0A5
	P23610	0	Training	0	P23610
	Q69T99	0	Training	1	Q69T99
	Q8L8Z1	0	Training	2	Q8L8Z1
	Q8VEH6	0	Training	3	Q8VEH6
	P40061	0	Training	4	P40061
	Q8IVG5	0	Training	0	Q8IVG5
	P87310	0	Training	1	P87310
	P53255	0	Training	2	P53255
	Q6PCP7	0	Training	3	Q6PCP7
	Q53GS7	0	Training	4	Q53GS7
	B2RW88	0	Training	0	B2RW88
	Q32NR9	0	Training	1	Q32NR9
	Q7SAJ1	0	Training	2	Q7SAJ1
	Q9LK88	0	Training	3	Q9LK88
	Q03375	0	Training	4	Q03375
	Q96D98	0	Training	0	Q96D98
	O96693	0	Training	1	O96693
	Q91X44	0	Training	2	Q91X44
	Q9JJL0	0	Training	3	Q9JJL0
	Q9BXW9	0	Training	4	Q9BXW9
	O75607	0	Training	0	O75607
	P46062	0	Training	1	P46062
	Q22829	0	Training	2	Q22829
	P41223	0	Training	3	P41223
	Q96FF9	0	Training	4	Q96FF9
	P53267	0	Training	0	P53267
	Q9UKA1	0	Training	1	Q9UKA1
	Q9VPH0	0	Training	2	Q9VPH0
	Q1K8F6	0	Training	3	Q1K8F6
	P53102	0	Training	4	P53102
	Q9Y3E1	0	Training	0	Q9Y3E1
	O15304	0	Training	1	O15304
	P48237	0	Training	2	P48237
	Q9JMB1	0	Training	3	Q9JMB1
	Q8WVF1	0	Training	4	Q8WVF1
	Q9Y4R8	0	Training	0	Q9Y4R8
	Q9H668	0	Training	1	Q9H668
	Q12947	0	Training	2	Q12947
	F6TQD1	0	Training	3	F6TQD1
	Q8R2K4	0	Training	4	Q8R2K4
	Q9H0R1	0	Training	0	Q9H0R1
	Q9FJF4	0	Training	1	Q9FJF4
	Q9NYP3	0	Training	2	Q9NYP3
	Q9FJY5	0	Training	3	Q9FJY5
	P13631	0	Training	4	P13631
	Q9VX12	0	Training	0	Q9VX12
	Q8R2H7	0	Training	1	Q8R2H7
	P46435	0	Training	2	P46435
	D3YZI9	0	Training	3	D3YZI9
	O82279	0	Training	4	O82279
	Q16186	0	Training	0	Q16186
	P42526	0	Training	1	P42526
	P57080	0	Training	2	P57080
	Q58DZ9	0	Training	3	Q58DZ9
	C4QWS8	0	Training	4	C4QWS8
	A0A076FFM5	0	Training	0	A0A076FFM5
	P00856	0	Training	1	P00856
	Q6ZI01	0	Training	2	Q6ZI01
	Q19404	0	Training	3	Q19404
	Q1KPV0	0	Training	4	Q1KPV0
	Q940U6	0	Training	0	Q940U6
	Q969Z3	0	Training	1	Q969Z3
	P09211	0	Training	2	P09211
	Q9BZL1	0	Training	3	Q9BZL1
	Q7TN79	0	Training	4	Q7TN79
	Q9H079	0	Training	0	Q9H079
	Q91ZR5	0	Training	1	Q91ZR5
	O04209	0	Training	2	O04209
	Q9WTJ6	0	Training	3	Q9WTJ6
	Q8W1E3	0	Training	4	Q8W1E3
	Q6IDA6	0	Training	0	Q6IDA6
	Q9UQY9	0	Training	1	Q9UQY9
	Q05921	0	Training	2	Q05921
	P50106	0	Training	3	P50106
	Q29RF7	0	Training	4	Q29RF7
	P0C7P0	0	Training	0	P0C7P0
	F4IN23	0	Training	1	F4IN23
	Q10252	0	Training	2	Q10252
	Q12291	0	Training	3	Q12291
	Q92979	0	Training	4	Q92979
	O13725	0	Training	0	O13725
	Q03824	0	Training	1	Q03824
	Q8NBA8	0	Training	2	Q8NBA8
	Q9U1K1	0	Training	3	Q9U1K1
	P38208	0	Training	4	P38208
	Q9VLL3	0	Training	0	Q9VLL3
	Q9LDY5	0	Training	1	Q9LDY5
	Q9BWX1	0	Training	2	Q9BWX1
	Q5GH62	0	Training	3	Q5GH62
	P0DJ07	0	Training	4	P0DJ07
	Q69P94	0	Training	0	Q69P94
	Q9WTK8	0	Training	1	Q9WTK8
	O00625	0	Training	2	O00625
	Q06411	0	Training	3	Q06411
	Q91YR5	0	Training	4	Q91YR5
	Q8BG87	0	Training	0	Q8BG87
	O95997	0	Training	1	O95997
	Q86TC9	0	Training	2	Q86TC9
	Q06340	0	Training	3	Q06340
	G5EEM0	0	Training	4	G5EEM0
	P56645	0	Training	0	P56645
	P38557	0	Training	1	P38557
	Q9Z0X1	0	Training	2	Q9Z0X1
	Q15646	0	Training	3	Q15646
	Q9SAC6	0	Training	4	Q9SAC6
	E1JIT7	0	Training	0	E1JIT7
	O15360	0	Training	1	O15360
	O88843	0	Training	2	O88843
	Q9NY27	0	Training	3	Q9NY27
	A9UHW6	0	Training	4	A9UHW6
	Q3E798	0	Training	0	Q3E798
	A0A8I5ZT12	0	Training	1	A0A8I5ZT12
	P46998	0	Training	2	P46998
	Q06568	0	Training	3	Q06568
	Q6S591	0	Training	4	Q6S591
	O78310	0	Training	0	O78310
	P06738	0	Training	1	P06738
	P91943	0	Training	2	P91943
	Q8N1G0	0	Training	3	Q8N1G0
	Q1H5E9	0	Training	4	Q1H5E9
	Q7TMF3	0	Training	0	Q7TMF3
	Q16342	0	Training	1	Q16342
	P10664	0	Training	2	P10664
	B9EJG8	0	Training	3	B9EJG8
	P70434	0	Training	4	P70434
	Q92565	0	Training	0	Q92565
	Q96PY6	0	Training	1	Q96PY6
	Q92989	0	Training	2	Q92989
	F4JTS8	0	Training	3	F4JTS8
	Q61115	0	Training	4	Q61115
	Q5Z8R1	0	Training	0	Q5Z8R1
	P82675	0	Training	1	P82675
	J4KNE4	0	Training	2	J4KNE4
	Q9BQA5	0	Training	3	Q9BQA5
	Q10LI1	0	Training	4	Q10LI1
	Q9C6T1	0	Training	0	Q9C6T1
	Q6PCZ4	0	Training	1	Q6PCZ4
	P25582	0	Training	2	P25582
	P21375	0	Training	3	P21375
	Q922R5	0	Training	4	Q922R5
	Q06672	0	Training	0	Q06672
	Q1EHW4	0	Training	1	Q1EHW4
	P10862	0	Training	2	P10862
	Q9SJH0	0	Training	3	Q9SJH0
	Q9NX52	0	Training	4	Q9NX52
	H2L056	0	Training	0	H2L056
	Q05541	0	Training	1	Q05541
	Q9W2I4	0	Training	2	Q9W2I4
	Q8R3P9	0	Training	3	Q8R3P9
	Q0J995	0	Training	4	Q0J995
	O59740	0	Training	0	O59740
	Q9ZW85	0	Training	1	Q9ZW85
	A0A0D1DMJ6	0	Training	2	A0A0D1DMJ6
	P50110	0	Training	3	P50110
	O13688	0	Training	4	O13688
	P32874	0	Training	0	P32874
	P53201	0	Training	1	P53201
	O55230	0	Training	2	O55230
	Q69YN2	0	Training	3	Q69YN2
	P78527	0	Training	4	P78527
	Q54XG7	0	Training	0	Q54XG7
	Q945P1	0	Training	1	Q945P1
	Q9SZ15	0	Training	2	Q9SZ15
	Q9VWS0	0	Training	3	Q9VWS0
	Q6AXT7	0	Training	4	Q6AXT7
	Q08605	0	Training	0	Q08605
	B9DHG0	0	Training	1	B9DHG0
	Q8IXP5	0	Training	2	Q8IXP5
	Q92373	0	Training	3	Q92373
	P14618	0	Training	4	P14618
	Q6P6N5	0	Training	0	Q6P6N5
	O13851	0	Training	1	O13851
	Q9BSF8	0	Training	2	Q9BSF8
	Q6E434	0	Training	3	Q6E434
	Q9VH36	0	Training	4	Q9VH36
	O35683	0	Training	0	O35683
	Q9P7M3	0	Training	1	Q9P7M3
	W2SDE2	0	Training	2	W2SDE2
	Q9H8K7	0	Training	3	Q9H8K7
	A1YKT1	0	Training	4	A1YKT1
	Q9NVU7	0	Training	0	Q9NVU7
	Q5TAQ9	0	Training	1	Q5TAQ9
	Q1MTS0	0	Training	2	Q1MTS0
	Q9UT31	0	Training	3	Q9UT31
	Q9NX08	0	Training	4	Q9NX08
	O94851	0	Training	0	O94851
	Q8NEM7	0	Training	1	Q8NEM7
	Q9FL12	0	Training	2	Q9FL12
	P03069	0	Training	3	P03069
	P15884	0	Training	4	P15884
	P46604	0	Training	0	P46604
	Q9D5P4	0	Training	1	Q9D5P4
	Q4V7K4	0	Training	2	Q4V7K4
	Q06697	0	Training	3	Q06697
	P40008	0	Training	4	P40008
	Q9HCU9	0	Training	0	Q9HCU9
	Q7YUD6	0	Training	1	Q7YUD6
	Q9QXK9	0	Training	2	Q9QXK9
	Q91YT7	0	Training	3	Q91YT7
	Q8IN94	0	Training	4	Q8IN94
	P53309	0	Training	0	P53309
	P62072	0	Training	1	P62072
	P07257	0	Training	2	P07257
	E9Q2Z1	0	Training	3	E9Q2Z1
	Q96EH3	0	Training	4	Q96EH3
	Q12275	0	Training	0	Q12275
	P30987	0	Training	1	P30987
	P48634	0	Training	2	P48634
	P58281	0	Training	3	P58281
	Q10325	0	Training	4	Q10325
	Q9Y253	0	Training	0	Q9Y253
	Q00055	0	Training	1	Q00055
	K4D3V7	0	Training	2	K4D3V7
	Q70EL2	0	Training	3	Q70EL2
	Q9FGN8	0	Training	4	Q9FGN8
	Q9Y4E5	0	Training	0	Q9Y4E5
	Q924K8	0	Training	1	Q924K8
	P40166	0	Training	2	P40166
	Q9VPF9	0	Training	3	Q9VPF9
	Q9Y7J1	0	Training	4	Q9Y7J1
	P35732	0	Training	0	P35732
	O74354	0	Training	1	O74354
	P50539	0	Training	2	P50539
	U3H042	0	Training	3	U3H042
	Q12204	0	Training	4	Q12204
	Q08961	0	Training	0	Q08961
	O00257	0	Training	1	O00257
	Q6XQN6	0	Training	2	Q6XQN6
	Q9ESM6	0	Training	3	Q9ESM6
	Q6UFS5	0	Training	4	Q6UFS5
	Q9QZB0	0	Training	0	Q9QZB0
	Q14019	0	Training	1	Q14019
	Q9UI32	0	Training	2	Q9UI32
	P32259	0	Training	3	P32259
	Q7L0Y3	0	Training	4	Q7L0Y3
	P26645	0	Training	0	P26645
	Q94126	0	Training	1	Q94126
	Q06598	0	Training	2	Q06598
	O14097	0	Training	3	O14097
	P07213	0	Training	4	P07213
	Q10173	0	Training	0	Q10173
	P35710	0	Training	1	P35710
	A0A120KVW2	0	Training	2	A0A120KVW2
	Q06315	0	Training	3	Q06315
	P47077	0	Training	4	P47077
	Q9EQQ4	0	Training	0	Q9EQQ4
	Q9BUA3	0	Training	1	Q9BUA3
	Q12931	0	Training	2	Q12931
	O55057	0	Training	3	O55057
	Q3U2U7	0	Training	4	Q3U2U7
	Q9LVM5	0	Training	0	Q9LVM5
	Q9HGN5	0	Training	1	Q9HGN5
	Q9C5J9	0	Training	2	Q9C5J9
	P0C1Z6	0	Training	3	P0C1Z6
	Q9UH92	0	Training	4	Q9UH92
	P43079	0	Training	0	P43079
	A2A9C3	0	Training	1	A2A9C3
	Q9UNA4	0	Training	2	Q9UNA4
	P45968	0	Training	3	P45968
	Q42606	0	Training	4	Q42606
	Q21836	0	Training	0	Q21836
	P54857	0	Training	1	P54857
	Q9FZ47	0	Training	2	Q9FZ47
	A0A163UT06	0	Training	3	A0A163UT06
	O74535	0	Training	4	O74535
	Q8K1R3	0	Training	0	Q8K1R3
	Q24134	0	Training	1	Q24134
	Q96524	0	Training	2	Q96524
	A9YTQ3	0	Training	3	A9YTQ3
	A0AV96	0	Training	4	A0AV96
	P70033	0	Training	0	P70033
	Q16617	0	Training	1	Q16617
	Q95XA8	0	Training	2	Q95XA8
	A0A1B0GUW7	0	Training	3	A0A1B0GUW7
	Q9P2D8	0	Training	4	Q9P2D8
	Q18508	0	Training	0	Q18508
	Q9P6S5	0	Training	1	Q9P6S5
	Q940X9	0	Training	2	Q940X9
	O80842	0	Training	3	O80842
	Q10059	0	Training	4	Q10059
	Q08024	0	Training	0	Q08024
	Q96Q11	0	Training	1	Q96Q11
	A2T1U1	0	Training	2	A2T1U1
	Q8L7C9	0	Training	3	Q8L7C9
	Q9FTA2	0	Training	4	Q9FTA2
	Q12117	0	Training	0	Q12117
	P40326	0	Training	1	P40326
	Q94AG6	0	Training	2	Q94AG6
	P38250	0	Training	3	P38250
	O08586	0	Training	4	O08586
	Q07381	0	Training	0	Q07381
	O42637	0	Training	1	O42637
	Q9UUI3	0	Training	2	Q9UUI3
	Q19345	0	Training	3	Q19345
	Q96DV4	0	Training	4	Q96DV4
	Q7Z3E1	0	Training	0	Q7Z3E1
	Q925F4	0	Training	1	Q925F4
	P28907	0	Training	2	P28907
	B6VQ60	0	Training	3	B6VQ60
	P09234	0	Training	4	P09234
	P32037	0	Training	0	P32037
	Q04868	0	Training	1	Q04868
	Q75WU1	0	Training	2	Q75WU1
	Q9SKZ5	0	Training	3	Q9SKZ5
	Q86TS9	0	Training	4	Q86TS9
	Q9H8M2	0	Training	0	Q9H8M2
	Q62674	0	Training	1	Q62674
	P09108	0	Training	2	P09108
	P32526	0	Training	3	P32526
	Q42510	0	Training	4	Q42510
	F4ICK8	0	Training	0	F4ICK8
	Q68FY1	0	Training	1	Q68FY1
	Q9FJH5	0	Training	2	Q9FJH5
	P32480	0	Training	3	P32480
	Q9BSV6	0	Training	4	Q9BSV6
	O15068	0	Training	0	O15068
	Q9URZ4	0	Training	1	Q9URZ4
	Q9FN52	0	Training	2	Q9FN52
	Q5I2A0	0	Training	3	Q5I2A0
	P53886	0	Training	4	P53886
	P38292	0	Training	0	P38292
	Q9LY66	0	Training	1	Q9LY66
	Q9FXI5	0	Training	2	Q9FXI5
	Q9W2H9	0	Training	3	Q9W2H9
	Q8R4F0	0	Training	4	Q8R4F0
	Q03388	0	Training	0	Q03388
	Q6P756	0	Training	1	Q6P756
	Q61471	0	Training	2	Q61471
	Q9UQ13	0	Training	3	Q9UQ13
	Q9ZT96	0	Training	4	Q9ZT96
	Q03898	0	Training	0	Q03898
	O60174	0	Training	1	O60174
	Q9CZX7	0	Training	2	Q9CZX7
	Q5M775	0	Training	3	Q5M775
	Q64702	0	Training	4	Q64702
	Q9SS48	0	Training	0	Q9SS48
	Q9CQ79	0	Training	1	Q9CQ79
	Q99496	0	Training	2	Q99496
	Q9D8H7	0	Training	3	Q9D8H7
	P51178	0	Training	4	P51178
	Q9SPI9	0	Training	0	Q9SPI9
	Q4KMQ1	0	Training	1	Q4KMQ1
	F4JF14	0	Training	2	F4JF14
	Q6P3S1	0	Training	3	Q6P3S1
	Q9D8F1	0	Training	4	Q9D8F1
	Q08213	0	Training	0	Q08213
	Q8BG21	0	Training	1	Q8BG21
	Q12381	0	Training	2	Q12381
	A0A1C3NSL9	0	Training	3	A0A1C3NSL9
	P78316	0	Training	4	P78316
	P46309	0	Training	0	P46309
	Q6NUD0	0	Training	1	Q6NUD0
	O74971	0	Training	2	O74971
	P36168	0	Training	3	P36168
	P53883	0	Training	4	P53883
	P78345	0	Training	0	P78345
	Q28851	0	Training	1	Q28851
	O42975	0	Training	2	O42975
	P03925	0	Training	3	P03925
	Q17602	0	Training	4	Q17602
	P47149	0	Training	0	P47149
	Q12753	0	Training	1	Q12753
	D0Q0Y7	0	Training	2	D0Q0Y7
	Q15649	0	Training	3	Q15649
	Q93ZG9	0	Training	4	Q93ZG9
	P47093	0	Training	0	P47093
	Q6Q4D0	0	Training	1	Q6Q4D0
	O49543	0	Training	2	O49543
	Q03193	0	Training	3	Q03193
	O00623	0	Training	4	O00623
	Q12179	0	Training	0	Q12179
	Q9P7G6	0	Training	1	Q9P7G6
	A0A509ARF0	0	Training	2	A0A509ARF0
	P42116	0	Training	3	P42116
	P39683	0	Training	4	P39683
	Q9NZG7	0	Training	0	Q9NZG7
	Q9SGH4	0	Training	1	Q9SGH4
	G1X9H9	0	Training	2	G1X9H9
	F4JGZ1	0	Training	3	F4JGZ1
	A6NFQ2	0	Training	4	A6NFQ2
	P42697	0	Training	0	P42697
	Q7SHR9	0	Training	1	Q7SHR9
	P47910	0	Training	2	P47910
	A2AIV2	0	Training	3	A2AIV2
	Q9FQ09	0	Training	4	Q9FQ09
	L0R8F8	0	Training	0	L0R8F8
	P40486	0	Training	1	P40486
	Q9UHV9	0	Training	2	Q9UHV9
	P20134	0	Training	3	P20134
	P82887	0	Training	4	P82887
	Q8IUH3	0	Training	0	Q8IUH3
	O97297	0	Training	1	O97297
	Q9SB47	0	Training	2	Q9SB47
	Q05024	0	Training	3	Q05024
	P35680	0	Training	4	P35680
	O43082	0	Training	0	O43082
	P19541	0	Training	1	P19541
	P82669	0	Training	2	P82669
	Q6UXN9	0	Training	3	Q6UXN9
	P41896	0	Training	4	P41896
	Q8VIJ5	0	Training	0	Q8VIJ5
	Q9ER97	0	Training	1	Q9ER97
	Q3KRA9	0	Training	2	Q3KRA9
	Q8WWQ0	0	Training	3	Q8WWQ0
	P93045	0	Training	4	P93045
	Q9NXV6	0	Training	0	Q9NXV6
	Q3V2A7	0	Training	1	Q3V2A7
	Q14498	0	Training	2	Q14498
	Q64321	0	Training	3	Q64321
	Q84Y18	0	Training	4	Q84Y18
	Q8BMI0	0	Training	0	Q8BMI0
	Q9URX7	0	Training	1	Q9URX7
	P38326	0	Training	2	P38326
	Q8IWT0	0	Training	3	Q8IWT0
	P55088	0	Training	4	P55088
	Q7K003	0	Training	0	Q7K003
	Q9BUL5	0	Training	1	Q9BUL5
	Q9TXI7	0	Training	2	Q9TXI7
	Q9C9B9	0	Training	3	Q9C9B9
	P38205	0	Training	4	P38205
	O75940	0	Training	0	O75940
	P24482	0	Training	1	P24482
	Q42496	0	Training	2	Q42496
	Q06106	0	Training	3	Q06106
	Q9VEX9	0	Training	4	Q9VEX9
	P18754	0	Training	0	P18754
	I6PL68	0	Training	1	I6PL68
	O75106	0	Training	2	O75106
	Q9Y6N9	0	Training	3	Q9Y6N9
	P38801	0	Training	4	P38801
	O95415	0	Training	0	O95415
	O22160	0	Training	1	O22160
	P93788	0	Training	2	P93788
	Q14676	0	Training	3	Q14676
	P38979	0	Training	4	P38979
	Q06554	0	Training	0	Q06554
	O42666	0	Training	1	O42666
	P56277	0	Training	2	P56277
	P21580	0	Training	3	P21580
	P20398	0	Training	4	P20398
	Q9VZL5	0	Training	0	Q9VZL5
	Q75WB5	0	Training	1	Q75WB5
	Q9NRF8	0	Training	2	Q9NRF8
	Q04894	0	Training	3	Q04894
	P23116	0	Training	4	P23116
	G4NCH6	0	Training	0	G4NCH6
	Q9BW27	0	Training	1	Q9BW27
	E9QAU8	0	Training	2	E9QAU8
	Q02606	0	Training	3	Q02606
	P30706	0	Training	4	P30706
	F4HRV8	0	Training	0	F4HRV8
	D3Z649	0	Training	1	D3Z649
	A0A0K2GUJ4	0	Training	2	A0A0K2GUJ4
	Q08923	0	Training	3	Q08923
	Q9W6G7	0	Training	4	Q9W6G7
	Q0P651	0	Training	0	Q0P651
	Q9FZD1	0	Training	1	Q9FZD1
	Q08357	0	Training	2	Q08357
	Q80ZI2	0	Training	3	Q80ZI2
	Q9H165	0	Training	4	Q9H165
	Q67Y99	0	Training	0	Q67Y99
	Q8VY11	0	Training	1	Q8VY11
	P39985	0	Training	2	P39985
	Q9I8A3	0	Training	3	Q9I8A3
	Q4QAU9	0	Training	4	Q4QAU9
	O01367	0	Training	0	O01367
	Q9HGL9	0	Training	1	Q9HGL9
	Q9LR91	0	Training	2	Q9LR91
	Q9VYQ0	0	Training	3	Q9VYQ0
	P41696	0	Training	4	P41696
	Q9SP32	0	Training	0	Q9SP32
	E9AGH7	0	Training	1	E9AGH7
	Q01892	0	Training	2	Q01892
	Q09275	0	Training	3	Q09275
	Q9CAH5	0	Training	4	Q9CAH5
	Q8N8R5	0	Training	0	Q8N8R5
	Q9VV73	0	Training	1	Q9VV73
	Q9FIG9	0	Training	2	Q9FIG9
	Q96SY0	0	Training	3	Q96SY0
	O80832	0	Training	4	O80832
	Q9TW65	0	Training	0	Q9TW65
	Q8RWV3	0	Training	1	Q8RWV3
	Q8K3Q3	0	Training	2	Q8K3Q3
	Q32KD2	0	Training	3	Q32KD2
	Q9Y3S2	0	Training	4	Q9Y3S2
	Q0WNB1	0	Training	0	Q0WNB1
	Q9SV55	0	Training	1	Q9SV55
	Q6RFZ7	0	Training	2	Q6RFZ7
	P22936	0	Training	3	P22936
	Q9Y6D9	0	Training	4	Q9Y6D9
	Q15833	0	Training	0	Q15833
	Q96RN5	0	Training	1	Q96RN5
	P23369	0	Training	2	P23369
	P40161	0	Training	3	P40161
	Q00341	0	Training	4	Q00341
	P38827	0	Training	0	P38827
	Q14765	0	Training	1	Q14765
	Q7Z2T5	0	Training	2	Q7Z2T5
	Q0E7J7	0	Training	3	Q0E7J7
	Q8IVF7	0	Training	4	Q8IVF7
	P40121	0	Training	0	P40121
	Q96JJ3	0	Training	1	Q96JJ3
	P47096	0	Training	2	P47096
	Q24472	0	Training	3	Q24472
	Q12495	0	Training	4	Q12495
	Q9C106	0	Training	0	Q9C106
	P09925	0	Training	1	P09925
	Q8WTP8	0	Training	2	Q8WTP8
	Q9Y2I1	0	Training	3	Q9Y2I1
	Q9UBE0	0	Training	4	Q9UBE0
	Q80TG1	0	Training	0	Q80TG1
	Q8W4D6	0	Training	1	Q8W4D6
	Q9QYW0	0	Training	2	Q9QYW0
	Q02447	0	Training	3	Q02447
	Q8C8R3	0	Training	4	Q8C8R3
	Q9W252	0	Training	0	Q9W252
	P06541	0	Training	1	P06541
	Q4WUK4	0	Training	2	Q4WUK4
	P19783	0	Training	3	P19783
	Q9C8R8	0	Training	4	Q9C8R8
	Q7SG49	0	Training	0	Q7SG49
	Q9H4X1	0	Training	1	Q9H4X1
	Q09690	0	Training	2	Q09690
	Q09842	0	Training	3	Q09842
	P04789	0	Training	4	P04789
	O15091	0	Training	0	O15091
	Q01560	0	Training	1	Q01560
	Q60865	0	Training	2	Q60865
	Q9VWN4	0	Training	3	Q9VWN4
	Q92361	0	Training	4	Q92361
	O14015	0	Training	0	O14015
	Q8N9A8	0	Training	1	Q8N9A8
	Q9BTZ2	0	Training	2	Q9BTZ2
	Q7RYW7	0	Training	3	Q7RYW7
	P53060	0	Training	4	P53060
	Q8IYJ3	0	Training	0	Q8IYJ3
	C9JLW8	0	Training	1	C9JLW8
	P48239	0	Training	2	P48239
	P52168	0	Training	3	P52168
	P32899	0	Training	4	P32899
	Q8L7N4	0	Training	0	Q8L7N4
	P24813	0	Training	1	P24813
	Q9Y3A4	0	Training	2	Q9Y3A4
	A2AKK5	0	Training	3	A2AKK5
	Q5Q0E6	0	Training	4	Q5Q0E6
	F4K3G5	0	Training	0	F4K3G5
	P38210	0	Training	1	P38210
	Q8L7W1	0	Training	2	Q8L7W1
	D3YXJ0	0	Training	3	D3YXJ0
	Q12139	0	Training	4	Q12139
	O74478	0	Training	0	O74478
	Q8GSM2	0	Training	1	Q8GSM2
	P24641	0	Training	2	P24641
	O35047	0	Training	3	O35047
	Q7LDG7	0	Training	4	Q7LDG7
	Q9BMK9	0	Training	0	Q9BMK9
	Q9FLY0	0	Training	1	Q9FLY0
	Q4V7H8	0	Training	2	Q4V7H8
	Q7L8L6	0	Training	3	Q7L8L6
	Q80UF7	0	Training	4	Q80UF7
	Q9R0A0	0	Training	0	Q9R0A0
	Q7L5Y1	0	Training	1	Q7L5Y1
	P22734	0	Training	2	P22734
	Q9BTP7	0	Training	3	Q9BTP7
	P36421	0	Training	4	P36421
	Q03661	0	Training	0	Q03661
	Q96FI4	0	Training	1	Q96FI4
	C8V329	0	Training	2	C8V329
	Q6PID8	0	Training	3	Q6PID8
	P32453	0	Training	4	P32453
	Q9FMZ0	0	Training	0	Q9FMZ0
	Q96E11	0	Training	1	Q96E11
	Q9USP0	0	Training	2	Q9USP0
	Q8BL80	0	Training	3	Q8BL80
	O74331	0	Training	4	O74331
	J9VT33	0	Training	0	J9VT33
	Q02080	0	Training	1	Q02080
	Q9NQX7	0	Training	2	Q9NQX7
	O95071	0	Training	3	O95071
	Q9UTH9	0	Training	4	Q9UTH9
	P22561	0	Training	0	P22561
	P13469	0	Training	1	P13469
	Q07053	0	Training	2	Q07053
	Q585P3	0	Training	3	Q585P3
	Q09601	0	Training	4	Q09601
	P53139	0	Training	0	P53139
	P34231	0	Training	1	P34231
	Q12161	0	Training	2	Q12161
	Q9NY33	0	Training	3	Q9NY33
	Q9SSA5	0	Training	4	Q9SSA5
	Q5RI15	0	Training	0	Q5RI15
	Q9NQV5	0	Training	1	Q9NQV5
	Q9BY10	0	Training	2	Q9BY10
	Q8NBI5	0	Training	3	Q8NBI5
	Q6NUF4	0	Training	4	Q6NUF4
	Q06675	0	Training	0	Q06675
	P43569	0	Training	1	P43569
	O42958	0	Training	2	O42958
	Q9BZR8	0	Training	3	Q9BZR8
	P23180	0	Training	4	P23180
	Q9P7N0	0	Training	0	Q9P7N0
	Q16534	0	Training	1	Q16534
	Q9LS24	0	Training	2	Q9LS24
	P40460	0	Training	3	P40460
	Q03465	0	Training	4	Q03465
	Q10187	0	Training	0	Q10187
	Q6EPZ0	0	Training	1	Q6EPZ0
	Q9V452	0	Training	2	Q9V452
	Q61823	0	Training	3	Q61823
	Q07912	0	Training	4	Q07912
	P52594	0	Training	0	P52594
	P0DYC2	0	Training	1	P0DYC2
	Q8I299	0	Training	2	Q8I299
	Q10336	0	Training	3	Q10336
	Q92750	0	Training	4	Q92750
	Q5SZT7	0	Training	0	Q5SZT7
	Q9GZP8	0	Training	1	Q9GZP8
	P39961	0	Training	2	P39961
	Q9UI36	0	Training	3	Q9UI36
	A0A096LP01	0	Training	4	A0A096LP01
	Q9LVS0	0	Training	0	Q9LVS0
	Q8SWX0	0	Training	1	Q8SWX0
	Q1W1G1	0	Training	2	Q1W1G1
	O55003	0	Training	3	O55003
	Q9P7A0	0	Training	4	Q9P7A0
	Q9ZV06	0	Training	0	Q9ZV06
	Q9BVJ6	0	Training	1	Q9BVJ6
	Q8WUX9	0	Training	2	Q8WUX9
	O74904	0	Training	3	O74904
	Q9FNB0	0	Training	4	Q9FNB0
	O95714	0	Training	0	O95714
	Q86WP2	0	Training	1	Q86WP2
	Q9Z2Q2	0	Training	2	Q9Z2Q2
	P04038	0	Training	3	P04038
	O43586	0	Training	4	O43586
	Q9ZR72	0	Training	0	Q9ZR72
	P0DW10	0	Training	1	P0DW10
	Q9LU39	0	Training	2	Q9LU39
	A0A120KVR5	0	Training	3	A0A120KVR5
	P22516	0	Training	4	P22516
	Q8IRH5	0	Training	0	Q8IRH5
	P51810	0	Training	1	P51810
	O75952	0	Training	2	O75952
	V9M398	0	Training	3	V9M398
	Q9XZT7	0	Training	4	Q9XZT7
	Q9NWV8	0	Training	0	Q9NWV8
	P36064	0	Training	1	P36064
	Q8VXV7	0	Training	2	Q8VXV7
	Q6ZWK4	0	Training	3	Q6ZWK4
	G5EEU2	0	Training	4	G5EEU2
	Q96WW3	0	Training	0	Q96WW3
	W8JWV8	0	Training	1	W8JWV8
	Q8GUK1	0	Training	2	Q8GUK1
	Q17569	0	Training	3	Q17569
	Q9H8H0	0	Training	4	Q9H8H0
	P78312	0	Training	0	P78312
	Q873E4	0	Training	1	Q873E4
	Q8K1Z0	0	Training	2	Q8K1Z0
	B1ASB6	0	Training	3	B1ASB6
	Q4U0S5	0	Training	4	Q4U0S5
	P17106	0	Training	0	P17106
	Q12974	0	Training	1	Q12974
	O43502	0	Training	2	O43502
	G5EGE9	0	Training	3	G5EGE9
	P36606	0	Training	4	P36606
	Q8NC56	0	Training	0	Q8NC56
	P46089	0	Training	1	P46089
	Q3ZBU2	0	Training	2	Q3ZBU2
	P39880	0	Training	3	P39880
	Q5VZV1	0	Training	4	Q5VZV1
	P22469	0	Training	0	P22469
	Q06604	0	Training	1	Q06604
	P08525	0	Training	2	P08525
	Q66JZ4	0	Training	3	Q66JZ4
	Q7XR83	0	Training	4	Q7XR83
	E7F568	0	Training	0	E7F568
	Q38HM4	0	Training	1	Q38HM4
	P42891	0	Training	2	P42891
	O14802	0	Training	3	O14802
	B9F1C0	0	Training	4	B9F1C0
	Q10B19	0	Training	0	Q10B19
	Q8CDP0	0	Training	1	Q8CDP0
	Q99LD4	0	Training	2	Q99LD4
	Q9C0Z9	0	Training	3	Q9C0Z9
	Q15760	0	Training	4	Q15760
	Q5FWP4	0	Training	0	Q5FWP4
	A1Z8D0	0	Training	1	A1Z8D0
	Q9C5G0	0	Training	2	Q9C5G0
	P42838	0	Training	3	P42838
	Q4W9R0	0	Training	4	Q4W9R0
	Q2TAL8	0	Training	0	Q2TAL8
	Q8IUR6	0	Training	1	Q8IUR6
	Q9VEB4	0	Training	2	Q9VEB4
	Q8N0S6	0	Training	3	Q8N0S6
	Q8WWL7	0	Training	4	Q8WWL7
	Q6PII3	0	Training	0	Q6PII3
	O82170	0	Training	1	O82170
	P03871	0	Training	2	P03871
	Q9EQ10	0	Training	3	Q9EQ10
	B9DFX7	0	Training	4	B9DFX7
	Q9BYG8	0	Training	0	Q9BYG8
	Q02864	0	Training	1	Q02864
	Q9LY99	0	Training	2	Q9LY99
	Q62747	0	Training	3	Q62747
	P22798	0	Training	4	P22798
	Q9BT17	0	Training	0	Q9BT17
	Q8N5A5	0	Training	1	Q8N5A5
	Q61884	0	Training	2	Q61884
	P56765	0	Training	3	P56765
	Q659A1	0	Training	4	Q659A1
	Q94K75	0	Training	0	Q94K75
	P42937	0	Training	1	P42937
	P0DKJ7	0	Training	2	P0DKJ7
	Q9FVW4	0	Training	3	Q9FVW4
	A9D2P7	0	Training	4	A9D2P7
	Q941Q3	0	Training	0	Q941Q3
	Q54HI5	0	Training	1	Q54HI5
	P40041	0	Training	2	P40041
	Q9QXN0	0	Training	3	Q9QXN0
	Q9LE82	0	Training	4	Q9LE82
	Q6NXG1	0	Training	0	Q6NXG1
	H2KYH4	0	Training	1	H2KYH4
	P29747	0	Training	2	P29747
	P82248	0	Training	3	P82248
	O82796	0	Training	4	O82796
	Q9SPU7	0	Training	0	Q9SPU7
	Q5H9F3	0	Training	1	Q5H9F3
	Q8IQG1	0	Training	2	Q8IQG1
	O35253	0	Training	3	O35253
	Q9BLG3	0	Training	4	Q9BLG3
	O74887	0	Training	0	O74887
	O74854	0	Training	1	O74854
	F4HVZ5	0	Training	2	F4HVZ5
	O00483	0	Training	3	O00483
	Q9CWE6	0	Training	4	Q9CWE6
	Q9Y2W2	0	Training	0	Q9Y2W2
	Q8C206	0	Training	1	Q8C206
	P03877	0	Training	2	P03877
	P54730	0	Training	3	P54730
	Q04623	0	Training	4	Q04623
	E7FFT2	0	Training	0	E7FFT2
	Q9P7V3	0	Training	1	Q9P7V3
	P23758	0	Training	2	P23758
	Q8BGL3	0	Training	3	Q8BGL3
	Q9SIM9	0	Training	4	Q9SIM9
	O43504	0	Training	0	O43504
	Q86V97	0	Training	1	Q86V97
	Q96CB8	0	Training	2	Q96CB8
	P49917	0	Training	3	P49917
	P38876	0	Training	4	P38876
	Q8R4N0	0	Training	0	Q8R4N0
	Q8C8Y5	0	Training	1	Q8C8Y5
	P12297	0	Training	2	P12297
	P51947	0	Training	3	P51947
	Q9NXZ1	0	Training	4	Q9NXZ1
	Q18221	0	Training	0	Q18221
	Q13356	0	Training	1	Q13356
	Q01613	0	Training	2	Q01613
	G5EBR8	0	Training	3	G5EBR8
	P13489	0	Training	4	P13489
	P81269	0	Training	0	P81269
	Q00422	0	Training	1	Q00422
	Q9UT23	0	Training	2	Q9UT23
	Q9H0E3	0	Training	3	Q9H0E3
	Q8BJA3	0	Training	4	Q8BJA3
	Q7XA83	0	Training	0	Q7XA83
	P53331	0	Training	1	P53331
	Q12906	0	Training	2	Q12906
	Q00PI9	0	Training	3	Q00PI9
	Q96RG2	0	Training	4	Q96RG2
	Q76NL8	0	Training	0	Q76NL8
	Q9SX99	0	Training	1	Q9SX99
	Q9H816	0	Training	2	Q9H816
	P25443	0	Training	3	P25443
	Q9SD80	0	Training	4	Q9SD80
	Q9NPG3	0	Training	0	Q9NPG3
	P87000	0	Training	1	P87000
	Q7KTX8	0	Training	2	Q7KTX8
	P19426	0	Training	3	P19426
	O49562	0	Training	4	O49562
	Q5C9Z4	0	Training	0	Q5C9Z4
	P19659	0	Training	1	P19659
	Q12530	0	Training	2	Q12530
	P93015	0	Training	3	P93015
	Q9VYD1	0	Training	4	Q9VYD1
	Q86TP1	0	Training	0	Q86TP1
	Q38895	0	Training	1	Q38895
	Q62908	0	Training	2	Q62908
	P38360	0	Training	3	P38360
	Q9CA42	0	Training	4	Q9CA42
	P02240	0	Training	0	P02240
	P0DOW4	0	Training	1	P0DOW4
	Q96LW4	0	Training	2	Q96LW4
	Q810W7	0	Training	3	Q810W7
	Q9S7D1	0	Training	4	Q9S7D1
	P25626	0	Training	0	P25626
	P09077	0	Training	1	P09077
	P53140	0	Training	2	P53140
	Q1HG43	0	Training	3	Q1HG43
	Q948R9	0	Training	4	Q948R9
	Q9JMC2	0	Training	0	Q9JMC2
	Q9BRJ2	0	Training	1	Q9BRJ2
	Q944N1	0	Training	2	Q944N1
	P28347	0	Training	3	P28347
	Q84VX3	0	Training	4	Q84VX3
	Q6ZLB0	0	Training	0	Q6ZLB0
	Q02336	0	Training	1	Q02336
	Q9C0C6	0	Training	2	Q9C0C6
	P40576	0	Training	3	P40576
	P70670	0	Training	4	P70670
	Q06505	0	Training	0	Q06505
	Q9VLP7	0	Training	1	Q9VLP7
	Q8VZD4	0	Training	2	Q8VZD4
	Q61827	0	Training	3	Q61827
	Q54T86	0	Training	4	Q54T86
	Q8IU81	0	Training	0	Q8IU81
	Q04052	0	Training	1	Q04052
	Q8WWM7	0	Training	2	Q8WWM7
	A6H8H2	0	Training	3	A6H8H2
	Q6ZSZ5	0	Training	4	Q6ZSZ5
	P53259	0	Training	0	P53259
	Q6PIZ9	0	Training	1	Q6PIZ9
	P40202	0	Training	2	P40202
	Q1G3K8	0	Training	3	Q1G3K8
	B9DHT4	0	Training	4	B9DHT4
	P09457	0	Training	0	P09457
	A0A509AER3	0	Training	1	A0A509AER3
	Q9H9Q4	0	Training	2	Q9H9Q4
	A0A0K3AR81	0	Training	3	A0A0K3AR81
	Q7Z7C8	0	Training	4	Q7Z7C8
	Q6PP77	0	Training	0	Q6PP77
	Q9UQ35	0	Training	1	Q9UQ35
	E9Q4F7	0	Training	2	E9Q4F7
	Q9H4Q4	0	Training	3	Q9H4Q4
	Q8BH07	0	Training	4	Q8BH07
	Q6P4Q7	0	Training	0	Q6P4Q7
	Q9D842	0	Training	1	Q9D842
	Q9Y603	0	Training	2	Q9Y603
	Q05123	0	Training	3	Q05123
	Q9LMR3	0	Training	4	Q9LMR3
	P08740	0	Training	0	P08740
	Q5Z807	0	Training	1	Q5Z807
	Q7K3L1	0	Training	2	Q7K3L1
	P30999	0	Training	3	P30999
	P18409	0	Training	4	P18409
	Q80SY4	0	Training	0	Q80SY4
	P02730	0	Training	1	P02730
	Q9Y6F1	0	Training	2	Q9Y6F1
	P52656	0	Training	3	P52656
	Q63768	0	Training	4	Q63768
	Q9UDR5	0	Training	0	Q9UDR5
	P31376	0	Training	1	P31376
	P06785	0	Training	2	P06785
	Q12418	0	Training	3	Q12418
	Q08818	0	Training	4	Q08818
	Q9SRT0	0	Training	0	Q9SRT0
	P41930	0	Training	1	P41930
	Q9H7L9	0	Training	2	Q9H7L9
	P06841	0	Training	3	P06841
	Q5EAF2	0	Training	4	Q5EAF2
	Q99990	0	Training	0	Q99990
	F7VJQ1	0	Training	1	F7VJQ1
	Q8S948	0	Training	2	Q8S948
	P23508	0	Training	3	P23508
	P42737	0	Training	4	P42737
	Q40089	0	Training	0	Q40089
	Q92748	0	Training	1	Q92748
	Q9FR37	0	Training	2	Q9FR37
	Q8N3I7	0	Training	3	Q8N3I7
	Q9W1C5	0	Training	4	Q9W1C5
	O47027	0	Training	0	O47027
	P38790	0	Training	1	P38790
	Q63342	0	Training	2	Q63342
	Q8W5B1	0	Training	3	Q8W5B1
	Q9CQP8	0	Training	4	Q9CQP8
	Q9Y221	0	Training	0	Q9Y221
	Q14142	0	Training	1	Q14142
	Q96B49	0	Training	2	Q96B49
	C0HMD7	0	Training	3	C0HMD7
	P53968	0	Training	4	P53968
	Q9DAD6	0	Training	0	Q9DAD6
	Q8L960	0	Training	1	Q8L960
	Q9H4Z3	0	Training	2	Q9H4Z3
	O54931	0	Training	3	O54931
	P0CG12	0	Training	4	P0CG12
	P07768	0	Training	0	P07768
	P53072	0	Training	1	P53072
	Q4V7C6	0	Training	2	Q4V7C6
	Q12259	0	Training	3	Q12259
	A0A061ACU2	0	Training	4	A0A061ACU2
	P47139	0	Training	0	P47139
	Q09683	0	Training	1	Q09683
	P25846	0	Training	2	P25846
	P40342	0	Training	3	P40342
	Q12199	0	Training	4	Q12199
	P35735	0	Training	0	P35735
	Q9SMX1	0	Training	1	Q9SMX1
	Q2Q5T5	0	Training	2	Q2Q5T5
	Q9H063	0	Training	3	Q9H063
	O43031	0	Training	4	O43031
	Q6PCP5	0	Training	0	Q6PCP5
	Q9NW13	0	Training	1	Q9NW13
	Q9V9V9	0	Training	2	Q9V9V9
	O14313	0	Training	3	O14313
	Q9UKV8	0	Training	4	Q9UKV8
	P25046	0	Training	0	P25046
	P46983	0	Training	1	P46983
	Q7TS55	0	Training	2	Q7TS55
	P25644	0	Training	3	P25644
	Q96BR5	0	Training	4	Q96BR5
	Q9ZNX9	0	Training	0	Q9ZNX9
	Q98TA5	0	Training	1	Q98TA5
	Q9BSN7	0	Training	2	Q9BSN7
	Q8IYT2	0	Training	3	Q8IYT2
	Q9FZK4	0	Training	4	Q9FZK4
	Q95QA6	0	Training	0	Q95QA6
	P53193	0	Training	1	P53193
	Q9NTI7	0	Training	2	Q9NTI7
	A0JNW5	0	Training	3	A0JNW5
	Q8BXP5	0	Training	4	Q8BXP5
	Q9SYU4	0	Training	0	Q9SYU4
	Q12223	0	Training	1	Q12223
	Q8K2C6	0	Training	2	Q8K2C6
	Q3UK10	0	Training	3	Q3UK10
	Q9SIG8	0	Training	4	Q9SIG8
	Q8RY73	0	Training	0	Q8RY73
	P34160	0	Training	1	P34160
	Q61818	0	Training	2	Q61818
	P80235	0	Training	3	P80235
	O59836	0	Training	4	O59836
	Q9LK57	0	Training	0	Q9LK57
	O14867	0	Training	1	O14867
	Q9JIR4	0	Training	2	Q9JIR4
	F8VQK3	0	Training	3	F8VQK3
	Q563C3	0	Training	4	Q563C3
	Q6NME7	0	Training	0	Q6NME7
	Q8N5I2	0	Training	1	Q8N5I2
	Q9NWQ9	0	Training	2	Q9NWQ9
	Q9FFF4	0	Training	3	Q9FFF4
	Q9CQJ2	0	Training	4	Q9CQJ2
	Q8BLG0	0	Training	0	Q8BLG0
	O74429	0	Training	1	O74429
	Q42588	0	Training	2	Q42588
	Q99728	0	Training	3	Q99728
	Q21227	0	Training	4	Q21227
	P53064	0	Training	0	P53064
	P53266	0	Training	1	P53266
	Q9Y605	0	Training	2	Q9Y605
	P54310	0	Training	3	P54310
	P40155	0	Training	4	P40155
	Q283Q6	0	Training	0	Q283Q6
	Q8T0G4	0	Training	1	Q8T0G4
	O60127	0	Training	2	O60127
	O60130	0	Training	3	O60130
	Q17381	0	Training	4	Q17381
	P53187	0	Training	0	P53187
	Q96PM9	0	Training	1	Q96PM9
	Q5VZI3	0	Training	2	Q5VZI3
	P28805	0	Training	3	P28805
	Q01217	0	Training	4	Q01217
	Q9SII9	0	Training	0	Q9SII9
	G5E8K5	0	Training	1	G5E8K5
	Q9LTY1	0	Training	2	Q9LTY1
	Q6P587	0	Training	3	Q6P587
	P40057	0	Training	4	P40057
	Q810F1	0	Training	0	Q810F1
	Q9VKJ9	0	Training	1	Q9VKJ9
	P38345	0	Training	2	P38345
	P46783	0	Training	3	P46783
	Q8GSI0	0	Training	4	Q8GSI0
	Q9LHJ9	0	Training	0	Q9LHJ9
	P54274	0	Training	1	P54274
	Q9BQP7	0	Training	2	Q9BQP7
	P32389	0	Training	3	P32389
	Q6NKX1	0	Training	4	Q6NKX1
	F4I3V6	0	Training	0	F4I3V6
	Q80ZD3	0	Training	1	Q80ZD3
	Q9CWR7	0	Training	2	Q9CWR7
	P41779	0	Training	3	P41779
	P34111	0	Training	4	P34111
	Q9P0M9	0	Training	0	Q9P0M9
	P69447	0	Training	1	P69447
	Q8L493	0	Training	2	Q8L493
	Q9LH52	0	Training	3	Q9LH52
	P36632	0	Training	4	P36632
	Q8K3J1	0	Training	0	Q8K3J1
	Q8S9M1	0	Training	1	Q8S9M1
	P09085	0	Training	2	P09085
	Q9UUJ4	0	Training	3	Q9UUJ4
	Q9SZR9	0	Training	4	Q9SZR9
	O43687	0	Training	0	O43687
	A0SVK0	0	Training	1	A0SVK0
	Q93227	0	Training	2	Q93227
	Q9H1K0	0	Training	3	Q9H1K0
	Q60560	0	Training	4	Q60560
	Q9FZ96	0	Training	0	Q9FZ96
	O75955	0	Training	1	O75955
	Q9ZVD0	0	Training	2	Q9ZVD0
	O55081	0	Training	3	O55081
	Q06339	0	Training	4	Q06339
	D3ZKB9	0	Training	0	D3ZKB9
	Q01664	0	Training	1	Q01664
	Q9Y7L4	0	Training	2	Q9Y7L4
	O75937	0	Training	3	O75937
	P27202	0	Training	4	P27202
	Q59UY7	0	Training	0	Q59UY7
	P82245	0	Training	1	P82245
	Q9UII2	0	Training	2	Q9UII2
	B6TTV8	0	Training	3	B6TTV8
	C0HM98	0	Training	4	C0HM98
	Q9SUP6	0	Training	0	Q9SUP6
	O35144	0	Training	1	O35144
	Q9WV02	0	Training	2	Q9WV02
	Q9H0E9	0	Training	3	Q9H0E9
	Q8CGY6	0	Training	4	Q8CGY6
	Q7X7A4	0	Training	0	Q7X7A4
	Q12107	0	Training	1	Q12107
	Q96IR7	0	Training	2	Q96IR7
	Q5TGZ0	0	Training	3	Q5TGZ0
	Q8H1E5	0	Training	4	Q8H1E5
	P49005	0	Training	0	P49005
	P53076	0	Training	1	P53076
	Q9UT17	0	Training	2	Q9UT17
	Q9U3V9	0	Training	3	Q9U3V9
	P38830	0	Training	4	P38830
	Q9UKK3	0	Training	0	Q9UKK3
	P38637	0	Training	1	P38637
	Q9LRH6	0	Training	2	Q9LRH6
	Q9I869	0	Training	3	Q9I869
	Q9QY24	0	Training	4	Q9QY24
	Q9H0A8	0	Training	0	Q9H0A8
	P56749	0	Training	1	P56749
	Q17TI5	0	Training	2	Q17TI5
	Q80TN7	0	Training	3	Q80TN7
	O95817	0	Training	4	O95817
	Q8IXI2	0	Training	0	Q8IXI2
	O94268	0	Training	1	O94268
	O74935	0	Training	2	O74935
	P39707	0	Training	3	P39707
	P26770	0	Training	4	P26770
	P20143	0	Training	0	P20143
	Q9D2V8	0	Training	1	Q9D2V8
	Q8IPX7	0	Training	2	Q8IPX7
	P15315	0	Training	3	P15315
	O89019	0	Training	4	O89019
	Q99MA9	0	Training	0	Q99MA9
	Q8NEZ4	0	Training	1	Q8NEZ4
	P70331	0	Training	2	P70331
	Q9Y5Y0	0	Training	3	Q9Y5Y0
	Q8L7S5	0	Training	4	Q8L7S5
	O13539	0	Training	0	O13539
	Q7KZN9	0	Training	1	Q7KZN9
	Q9P7S9	0	Training	2	Q9P7S9
	P17429	0	Training	3	P17429
	Q92374	0	Training	4	Q92374
	O95359	0	Training	0	O95359
	P14866	0	Training	1	P14866
	Q9URY2	0	Training	2	Q9URY2
	Q9Y5Q8	0	Training	3	Q9Y5Q8
	P28350	0	Training	4	P28350
	P32570	0	Training	0	P32570
	O77480	0	Training	1	O77480
	Q38931	0	Training	2	Q38931
	O13919	0	Training	3	O13919
	Q9VIT0	0	Training	4	Q9VIT0
	Q9NYF8	0	Training	0	Q9NYF8
	Q9LVI4	0	Training	1	Q9LVI4
	Q54XQ2	0	Training	2	Q54XQ2
	C4LY96	0	Training	3	C4LY96
	Q9DAT5	0	Training	4	Q9DAT5
	P41277	0	Training	0	P41277
	Q37707	0	Training	1	Q37707
	Q10168	0	Training	2	Q10168
	Q9JJ28	0	Training	3	Q9JJ28
	Q9M7I7	0	Training	4	Q9M7I7
	V5IM60	0	Training	0	V5IM60
	Q5VTB9	0	Training	1	Q5VTB9
	O75164	0	Training	2	O75164
	Q63638	0	Training	3	Q63638
	Q8RWI0	0	Training	4	Q8RWI0
	Q86V20	0	Training	0	Q86V20
	Q8VYR5	0	Training	1	Q8VYR5
	O60094	0	Training	2	O60094
	Q86XI2	0	Training	3	Q86XI2
	Q08774	0	Training	4	Q08774
	Q80W99	0	Training	0	Q80W99
	Q15257	0	Training	1	Q15257
	Q06149	0	Training	2	Q06149
	Q9D6J6	0	Training	3	Q9D6J6
	Q7Z5K2	0	Training	4	Q7Z5K2
	Q9UGK8	0	Training	0	Q9UGK8
	Q08236	0	Training	1	Q08236
	P32493	0	Training	2	P32493
	F4JP52	0	Training	3	F4JP52
	Q497V6	0	Training	4	Q497V6
	Q14642	0	Training	0	Q14642
	P18625	0	Training	1	P18625
	Q7RWZ7	0	Training	2	Q7RWZ7
	P70460	0	Training	3	P70460
	Q9Z2C8	0	Training	4	Q9Z2C8
	P11596	0	Training	0	P11596
	Q7S4E0	0	Training	1	Q7S4E0
	Q9LZD0	0	Training	2	Q9LZD0
	Q9USU8	0	Training	3	Q9USU8
	Q90ZF9	0	Training	4	Q90ZF9
	Q8BG36	0	Training	0	Q8BG36
	Q8H1F7	0	Training	1	Q8H1F7
	P55318	0	Training	2	P55318
	Q6EKJ0	0	Training	3	Q6EKJ0
	Q06706	0	Training	4	Q06706
	Q32NC0	0	Training	0	Q32NC0
	Q9LS02	0	Training	1	Q9LS02
	O94261	0	Training	2	O94261
	Q84N48	0	Training	3	Q84N48
	Q86XK2	0	Training	4	Q86XK2
	A6NK58	0	Training	0	A6NK58
	P83111	0	Training	1	P83111
	P40992	0	Training	2	P40992
	Q9S7E4	0	Training	3	Q9S7E4
	Q9UTI4	0	Training	4	Q9UTI4
	F4JVI3	0	Training	0	F4JVI3
	Q6UB28	0	Training	1	Q6UB28
	P24522	0	Training	2	P24522
	Q13325	0	Training	3	Q13325
	P18608	0	Training	4	P18608
	Q10FT0	0	Training	0	Q10FT0
	Q6UL01	0	Training	1	Q6UL01
	Q7TPD6	0	Training	2	Q7TPD6
	Q15126	0	Training	3	Q15126
	Q9VT00	0	Training	4	Q9VT00
	Q12208	0	Training	0	Q12208
	O74417	0	Training	1	O74417
	Q86Y91	0	Training	2	Q86Y91
	Q9SM44	0	Training	3	Q9SM44
	Q708S7	0	Training	4	Q708S7
	Q8RX78	0	Training	0	Q8RX78
	P49919	0	Training	1	P49919
	Q64318	0	Training	2	Q64318
	P47076	0	Training	3	P47076
	D5LXJ0	0	Training	4	D5LXJ0
	P53032	0	Training	0	P53032
	Q2M3C6	0	Training	1	Q2M3C6
	Q69YI7	0	Training	2	Q69YI7
	Q8NDD1	0	Training	3	Q8NDD1
	Q12830	0	Training	4	Q12830
	P0DPG3	0	Training	0	P0DPG3
	P81128	0	Training	1	P81128
	P93303	0	Training	2	P93303
	P07470	0	Training	3	P07470
	Q7Z6L0	0	Training	4	Q7Z6L0
	P39001	0	Training	0	P39001
	Q04049	0	Training	1	Q04049
	Q99JB6	0	Training	2	Q99JB6
	P34078	0	Training	3	P34078
	P40498	0	Training	4	P40498
	Q9SZH4	0	Training	0	Q9SZH4
	O59767	0	Training	1	O59767
	Q8L9Y3	0	Training	2	Q8L9Y3
	Q9HAW4	0	Training	3	Q9HAW4
	P53866	0	Training	4	P53866
	A0A075TRB3	0	Training	0	A0A075TRB3
	P15512	0	Training	1	P15512
	Q12084	0	Training	2	Q12084
	O88339	0	Training	3	O88339
	Q8VYE2	0	Training	4	Q8VYE2
	O94621	0	Training	0	O94621
	Q9UHQ1	0	Training	1	Q9UHQ1
	Q9LXW7	0	Training	2	Q9LXW7
	P40459	0	Training	3	P40459
	O94667	0	Training	4	O94667
	P38793	0	Training	0	P38793
	Q9C9T3	0	Training	1	Q9C9T3
	F4JYC8	0	Training	2	F4JYC8
	Q8H0V4	0	Training	3	Q8H0V4
	Q03218	0	Training	4	Q03218
	Q9ASS2	0	Training	0	Q9ASS2
	P19407	0	Training	1	P19407
	Q9H9T3	0	Training	2	Q9H9T3
	Q9VCH5	0	Training	3	Q9VCH5
	Q4WN10	0	Training	4	Q4WN10
	Q12104	0	Training	0	Q12104
	P53289	0	Training	1	P53289
	Q80VL1	0	Training	2	Q80VL1
	Q9FJW3	0	Training	3	Q9FJW3
	Q9NYL2	0	Training	4	Q9NYL2
	A0A0B5KU17	0	Training	0	A0A0B5KU17
	Q68FX6	0	Training	1	Q68FX6
	P53881	0	Training	2	P53881
	V5IMN1	0	Training	3	V5IMN1
	O14338	0	Training	4	O14338
	Q64471	0	Training	0	Q64471
	Q9SY69	0	Training	1	Q9SY69
	Q9W1V7	0	Training	2	Q9W1V7
	P53569	0	Training	3	P53569
	Q32065	0	Training	4	Q32065
	Q3ZCT1	0	Training	0	Q3ZCT1
	Q8AWF4	0	Training	1	Q8AWF4
	Q9VC56	0	Training	2	Q9VC56
	Q9SWI1	0	Training	3	Q9SWI1
	Q920Q3	0	Training	4	Q920Q3
	Q6P4H8	0	Training	0	Q6P4H8
	Q6DWJ6	0	Training	1	Q6DWJ6
	Q9VVR6	0	Training	2	Q9VVR6
	Q9W413	0	Training	3	Q9W413
	A0A0A6YY25	0	Training	4	A0A0A6YY25
	Q8TEQ6	0	Training	0	Q8TEQ6
	Q9VR19	0	Training	1	Q9VR19
	Q21148	0	Training	2	Q21148
	P39112	0	Training	3	P39112
	Q6P1J9	0	Training	4	Q6P1J9
	Q9FNH6	0	Training	0	Q9FNH6
	O22773	0	Training	1	O22773
	Q9Y2V0	0	Training	2	Q9Y2V0
	O81787	0	Training	3	O81787
	Q5FW52	0	Training	4	Q5FW52
	Q96JM3	0	Training	0	Q96JM3
	G5EG51	0	Training	1	G5EG51
	A7TUE1	0	Training	2	A7TUE1
	P82130	0	Training	3	P82130
	Q99JB8	0	Training	4	Q99JB8
	P80680	0	Training	0	P80680
	Q90ZA1	0	Training	1	Q90ZA1
	P56288	0	Training	2	P56288
	A7DTF0	0	Training	3	A7DTF0
	L0B1Y1	0	Training	4	L0B1Y1
	Q9H9L7	0	Training	0	Q9H9L7
	Q8IVP5	0	Training	1	Q8IVP5
	F8VPN2	0	Training	2	F8VPN2
	P12956	0	Training	3	P12956
	O15287	0	Training	4	O15287
	P25298	0	Training	0	P25298
	O43083	0	Training	1	O43083
	P52553	0	Training	2	P52553
	P40543	0	Training	3	P40543
	Q8NFZ0	0	Training	4	Q8NFZ0
	Q6NL34	0	Training	0	Q6NL34
	Q9W1H4	0	Training	1	Q9W1H4
	P47112	0	Training	2	P47112
	P38879	0	Training	3	P38879
	Q94EH2	0	Training	4	Q94EH2
	Q62924	0	Training	0	Q62924
	P05084	0	Training	1	P05084
	P57742	0	Training	2	P57742
	O14188	0	Training	3	O14188
	P54920	0	Training	4	P54920
	O18475	0	Training	0	O18475
	Q9LVV5	0	Training	1	Q9LVV5
	Q8CGU1	0	Training	2	Q8CGU1
	Q61009	0	Training	3	Q61009
	Q9M276	0	Training	4	Q9M276
	Q9USM1	0	Training	0	Q9USM1
	P53911	0	Training	1	P53911
	G5EEG1	0	Training	2	G5EEG1
	Q12345	0	Training	3	Q12345
	Q13761	0	Training	4	Q13761
	Q9Y2M2	0	Training	0	Q9Y2M2
	Q4VC44	0	Training	1	Q4VC44
	A6NHX0	0	Training	2	A6NHX0
	P53168	0	Training	3	P53168
	P92506	0	Training	4	P92506
	Q9HAJ7	0	Training	0	Q9HAJ7
	P50536	0	Training	1	P50536
	Q9C5Y0	0	Training	2	Q9C5Y0
	Q9BT78	0	Training	3	Q9BT78
	O35615	0	Training	4	O35615
	Q91YE5	0	Training	0	Q91YE5
	Q8N6L0	0	Training	1	Q8N6L0
	Q9Y5B0	0	Training	2	Q9Y5B0
	P00415	0	Training	3	P00415
	Q9W1R5	0	Training	4	Q9W1R5
	P02836	0	Training	0	P02836
	Q62318	0	Training	1	Q62318
	Q9FJI1	0	Training	2	Q9FJI1
	Q9H147	0	Training	3	Q9H147
	Q8LDF9	0	Training	4	Q8LDF9
	P13183	0	Training	0	P13183
	P23492	0	Training	1	P23492
	Q9NPJ6	0	Training	2	Q9NPJ6
	W7MAT5	0	Training	3	W7MAT5
	P32335	0	Training	4	P32335
	P22342	0	Training	0	P22342
	P25346	0	Training	1	P25346
	Q80T79	0	Training	2	Q80T79
	P33411	0	Training	3	P33411
	Q8K3D3	0	Training	4	Q8K3D3
	Q24400	0	Training	0	Q24400
	Q9Y6J8	0	Training	1	Q9Y6J8
	Q8TDB6	0	Training	2	Q8TDB6
	Q8CH25	0	Training	3	Q8CH25
	Q10SY9	0	Training	4	Q10SY9
	O48721	0	Training	0	O48721
	Q96GJ1	0	Training	1	Q96GJ1
	P12689	0	Training	2	P12689
	P05089	0	Training	3	P05089
	O42647	0	Training	4	O42647
	Q53H82	0	Training	0	Q53H82
	Q7SGU0	0	Training	1	Q7SGU0
	Q03533	0	Training	2	Q03533
	G5ECU7	0	Training	3	G5ECU7
	P23500	0	Training	4	P23500
	Q94AR8	0	Training	0	Q94AR8
	Q9LEK8	0	Training	1	Q9LEK8
	G5EDW7	0	Training	2	G5EDW7
	Q969Q6	0	Training	3	Q969Q6
	O43597	0	Training	4	O43597
	Q9NTX7	0	Training	0	Q9NTX7
	Q9Y5Y5	0	Training	1	Q9Y5Y5
	P40024	0	Training	2	P40024
	Q1K699	0	Training	3	Q1K699
	Q9C0C2	0	Training	4	Q9C0C2
	Q9LQI7	0	Training	0	Q9LQI7
	P34893	0	Training	1	P34893
	Q9U6M1	0	Training	2	Q9U6M1
	G5EEW6	0	Training	3	G5EEW6
	G5EG17	0	Training	4	G5EG17
	Q9ZST9	0	Training	0	Q9ZST9
	Q93V85	0	Training	1	Q93V85
	P38237	0	Training	2	P38237
	O94538	0	Training	3	O94538
	Q08921	0	Training	4	Q08921
	Q8VDU0	0	Training	0	Q8VDU0
	Q9Y5B8	0	Training	1	Q9Y5B8
	P26569	0	Training	2	P26569
	P42027	0	Training	3	P42027
	G5EGQ6	0	Training	4	G5EGQ6
	Q9S752	0	Training	0	Q9S752
	P49789	0	Training	1	P49789
	O65272	0	Training	2	O65272
	O75496	0	Training	3	O75496
	P87231	0	Training	4	P87231
	Q10296	0	Training	0	Q10296
	P05066	0	Training	1	P05066
	Q9I9N6	0	Training	2	Q9I9N6
	Q9UUI2	0	Training	3	Q9UUI2
	P47175	0	Training	4	P47175
	P83213	0	Training	0	P83213
	P62241	0	Training	1	P62241
	Q38E51	0	Training	2	Q38E51
	Q13495	0	Training	3	Q13495
	P63212	0	Training	4	P63212
	Q9XE33	0	Training	0	Q9XE33
	Q9UKL0	0	Training	1	Q9UKL0
	Q9M3B8	0	Training	2	Q9M3B8
	P84996	0	Training	3	P84996
	O13852	0	Training	4	O13852
	Q9VFX3	0	Training	0	Q9VFX3
	Q22703	0	Training	1	Q22703
	Q9NQX3	0	Training	2	Q9NQX3
	P13275	0	Training	3	P13275
	Q9VNH1	0	Training	4	Q9VNH1
	Q3SZX5	0	Training	0	Q3SZX5
	O43482	0	Training	1	O43482
	P53838	0	Training	2	P53838
	Q61548	0	Training	3	Q61548
	Q96PZ2	0	Training	4	Q96PZ2
	O94451	0	Training	0	O94451
	Q9S7B5	0	Training	1	Q9S7B5
	P56780	0	Training	2	P56780
	P38140	0	Training	3	P38140
	O43716	0	Training	4	O43716
	Q9H4I9	0	Training	0	Q9H4I9
	P06778	0	Training	1	P06778
	P84090	0	Training	2	P84090
	Q16385	0	Training	3	Q16385
	Q9C469	0	Training	4	Q9C469
	Q9SIY3	0	Training	0	Q9SIY3
	Q9FFH1	0	Training	1	Q9FFH1
	P43618	0	Training	2	P43618
	Q7XA07	0	Training	3	Q7XA07
	A6YSL1	0	Training	4	A6YSL1
	Q03201	0	Training	0	Q03201
	Q19253	0	Training	1	Q19253
	Q99207	0	Training	2	Q99207
	Q9D1M4	0	Training	3	Q9D1M4
	Q7TNS8	0	Training	4	Q7TNS8
	Q6Z1Z3	0	Training	0	Q6Z1Z3
	Q9CQ91	0	Training	1	Q9CQ91
	Q02969	0	Training	2	Q02969
	Q9M365	0	Training	3	Q9M365
	O43719	0	Training	4	O43719
	Q9Y817	0	Training	0	Q9Y817
	Q08985	0	Training	1	Q08985
	O14519	0	Training	2	O14519
	P53854	0	Training	3	P53854
	P48985	0	Training	4	P48985
	Q8BHN1	0	Training	0	Q8BHN1
	P32833	0	Training	1	P32833
	P26754	0	Training	2	P26754
	P80002	0	Training	3	P80002
	Q8N4H5	0	Training	4	Q8N4H5
	Q9D4J1	0	Training	0	Q9D4J1
	P34707	0	Training	1	P34707
	O13900	0	Training	2	O13900
	Q9Y4P9	0	Training	3	Q9Y4P9
	Q9STF2	0	Training	4	Q9STF2
	P51610	0	Training	0	P51610
	P19889	0	Training	1	P19889
	P53877	0	Training	2	P53877
	Q7JWP6	0	Training	3	Q7JWP6
	Q9UPS6	0	Training	4	Q9UPS6
	Q10S44	0	Training	0	Q10S44
	Q96BU1	0	Training	1	Q96BU1
	Q9HBL8	0	Training	2	Q9HBL8
	Q96KQ7	0	Training	3	Q96KQ7
	Q9QXM1	0	Training	4	Q9QXM1
	P47074	0	Training	0	P47074
	P34619	0	Training	1	P34619
	Q04213	0	Training	2	Q04213
	Q9UT32	0	Training	3	Q9UT32
	Q04712	0	Training	4	Q04712
	Q9BLG4	0	Training	0	Q9BLG4
	P34257	0	Training	1	P34257
	A0A8P0N4K0	0	Training	2	A0A8P0N4K0
	Q9Y3E5	0	Training	3	Q9Y3E5
	P91928	0	Training	4	P91928
	Q61451	0	Training	0	Q61451
	Q8NHG8	0	Training	1	Q8NHG8
	Q3UP24	0	Training	2	Q3UP24
	B9DGI8	0	Training	3	B9DGI8
	Q84TH9	0	Training	4	Q84TH9
	F4HU58	0	Training	0	F4HU58
	Q7Y1W1	0	Training	1	Q7Y1W1
	Q9UI40	0	Training	2	Q9UI40
	Q9Y7Q6	0	Training	3	Q9Y7Q6
	Q9I7U4	0	Training	4	Q9I7U4
	Q5TGY3	0	Training	0	Q5TGY3
	Q9NWU2	0	Training	1	Q9NWU2
	P48837	0	Training	2	P48837
	A1A6H3	0	Training	3	A1A6H3
	Q9P3W1	0	Training	4	Q9P3W1
	P83103	0	Training	0	P83103
	Q04279	0	Training	1	Q04279
	Q7RTV3	0	Training	2	Q7RTV3
	Q06032	0	Training	3	Q06032
	Q8TEV9	0	Training	4	Q8TEV9
	Q8WXI9	0	Training	0	Q8WXI9
	Q8TBZ3	0	Training	1	Q8TBZ3
	P11471	0	Training	2	P11471
	O74461	0	Training	3	O74461
	Q7YZH1	0	Training	4	Q7YZH1
	Q86TG7	0	Training	0	Q86TG7
	Q9XQN8	0	Training	1	Q9XQN8
	Q6P9H5	0	Training	2	Q6P9H5
	Q9LJ87	0	Training	3	Q9LJ87
	P80470	0	Training	4	P80470
	P78364	0	Training	0	P78364
	Q21986	0	Training	1	Q21986
	P38969	0	Training	2	P38969
	Q9UTK5	0	Training	3	Q9UTK5
	Q8BGY7	0	Training	4	Q8BGY7
	P36213	0	Training	0	P36213
	Q8R107	0	Training	1	Q8R107
	O13803	0	Training	2	O13803
	Q22002	0	Training	3	Q22002
	Q06409	0	Training	4	Q06409
	Q93WG3	0	Training	0	Q93WG3
	Q9LX31	0	Training	1	Q9LX31
	P43572	0	Training	2	P43572
	Q5C9I9	0	Training	3	Q5C9I9
	Q05905	0	Training	4	Q05905
	O60936	0	Training	0	O60936
	P43188	0	Training	1	P43188
	Q8N695	0	Training	2	Q8N695
	Q2M1K9	0	Training	3	Q2M1K9
	Q9VNB5	0	Training	4	Q9VNB5
	O74500	0	Training	0	O74500
	P54789	0	Training	1	P54789
	Q99966	0	Training	2	Q99966
	Q05934	0	Training	3	Q05934
	P43116	0	Training	4	P43116
	P30307	0	Training	0	P30307
	Q562E2	0	Training	1	Q562E2
	Q9BV90	0	Training	2	Q9BV90
	O88942	0	Training	3	O88942
	P30776	0	Training	4	P30776
	P56347	0	Training	0	P56347
	Q9FNE9	0	Training	1	Q9FNE9
	O13601	0	Training	2	O13601
	P10119	0	Training	3	P10119
	O59858	0	Training	4	O59858
	P25555	0	Training	0	P25555
	Q8BG79	0	Training	1	Q8BG79
	P56282	0	Training	2	P56282
	P34233	0	Training	3	P34233
	B6HQ74	0	Training	4	B6HQ74
	Q6PD74	0	Training	0	Q6PD74
	Q92366	0	Training	1	Q92366
	Q1K5G1	0	Training	2	Q1K5G1
	Q944H2	0	Training	3	Q944H2
	Q09814	0	Training	4	Q09814
	Q9NPI8	0	Training	0	Q9NPI8
	O01971	0	Training	1	O01971
	Q9URV9	0	Training	2	Q9URV9
	Q6TAS3	0	Training	3	Q6TAS3
	F4HQA1	0	Training	4	F4HQA1
	Q8N3J2	0	Training	0	Q8N3J2
	Q16773	0	Training	1	Q16773
	O74365	0	Training	2	O74365
	P39965	0	Training	3	P39965
	Q22557	0	Training	4	Q22557
	C6KT66	0	Training	0	C6KT66
	R4X244	0	Training	1	R4X244
	P0CG13	0	Training	2	P0CG13
	Q15029	0	Training	3	Q15029
	Q9HA38	0	Training	4	Q9HA38
	P31334	0	Training	0	P31334
	Q9NUX5	0	Training	1	Q9NUX5
	P25299	0	Training	2	P25299
	P16458	0	Training	3	P16458
	J9VIL4	0	Training	4	J9VIL4
	Q6ZSS7	0	Training	0	Q6ZSS7
	P38300	0	Training	1	P38300
	P53226	0	Training	2	P53226
	Q8LFW5	0	Training	3	Q8LFW5
	Q9Y6P5	0	Training	4	Q9Y6P5
	Q9BQ69	0	Training	0	Q9BQ69
	P50105	0	Training	1	P50105
	K4CF70	0	Training	2	K4CF70
	P80428	0	Training	3	P80428
	Q8N4T4	0	Training	4	Q8N4T4
	Q9Y3D7	0	Training	0	Q9Y3D7
	P50219	0	Training	1	P50219
	Q96T49	0	Training	2	Q96T49
	O80796	0	Training	3	O80796
	Q9H7B4	0	Training	4	Q9H7B4
	Q96CM4	0	Training	0	Q96CM4
	Q21738	0	Training	1	Q21738
	O88379	0	Training	2	O88379
	Q9Z2D7	0	Training	3	Q9Z2D7
	P47043	0	Training	4	P47043
	Q2V2P4	0	Training	0	Q2V2P4
	P20050	0	Training	1	P20050
	P18494	0	Training	2	P18494
	Q7TS63	0	Training	3	Q7TS63
	Q8IEF6	0	Training	4	Q8IEF6
	Q791V5	0	Training	0	Q791V5
	P20676	0	Training	1	P20676
	Q96EY7	0	Training	2	Q96EY7
	P25569	0	Training	3	P25569
	Q03435	0	Training	4	Q03435
	Q14674	0	Training	0	Q14674
	A0A0D1DYJ6	0	Training	1	A0A0D1DYJ6
	Q800K6	0	Training	2	Q800K6
	Q69WS3	0	Training	3	Q69WS3
	D3ZKT0	0	Training	4	D3ZKT0
	C4R8D7	0	Training	0	C4R8D7
	Q9BU64	0	Training	1	Q9BU64
	Q9FJG1	0	Training	2	Q9FJG1
	Q02950	0	Training	3	Q02950
	Q7S2C2	0	Training	4	Q7S2C2
	P22148	0	Training	0	P22148
	Q03079	0	Training	1	Q03079
	Q15057	0	Training	2	Q15057
	A2ARP9	0	Training	3	A2ARP9
	P09368	0	Training	4	P09368
	Q9W3C1	0	Training	0	Q9W3C1
	Q9USJ8	0	Training	1	Q9USJ8
	Q54HS3	0	Training	2	Q54HS3
	O75689	0	Training	3	O75689
	Q9UT48	0	Training	4	Q9UT48
	Q0WPT7	0	Training	0	Q0WPT7
	Q86UK7	0	Training	1	Q86UK7
	F4I2H7	0	Training	2	F4I2H7
	Q6TCH4	0	Training	3	Q6TCH4
	O80683	0	Training	4	O80683
	Q9Y5R4	0	Training	0	Q9Y5R4
	Q03615	0	Training	1	Q03615
	Q5YDB5	0	Training	2	Q5YDB5
	O94294	0	Training	3	O94294
	P45951	0	Training	4	P45951
	Q92355	0	Training	0	Q92355
	Q6NVU6	0	Training	1	Q6NVU6
	O75971	0	Training	2	O75971
	O88382	0	Training	3	O88382
	Q8IJX8	0	Training	4	Q8IJX8
	Q9Z206	0	Training	0	Q9Z206
	O74845	0	Training	1	O74845
	P30943	0	Training	2	P30943
	P61236	0	Training	3	P61236
	Q8VYU8	0	Training	4	Q8VYU8
	Q53HV7	0	Training	0	Q53HV7
	Q9UU84	0	Training	1	Q9UU84
	Q12159	0	Training	2	Q12159
	Q63425	0	Training	3	Q63425
	P32767	0	Training	4	P32767
	Q96326	0	Training	0	Q96326
	Q9GZQ3	0	Training	1	Q9GZQ3
	Q03468	0	Training	2	Q03468
	P09132	0	Training	3	P09132
	Q7Z7H8	0	Training	4	Q7Z7H8
	P54987	0	Training	0	P54987
	Q08365	0	Training	1	Q08365
	Q8IEK7	0	Training	2	Q8IEK7
	Q91W39	0	Training	3	Q91W39
	Q86WV1	0	Training	4	Q86WV1
	F4JV80	0	Training	0	F4JV80
	C4R4G9	0	Training	1	C4R4G9
	O88286	0	Training	2	O88286
	A0A2H1A5W4	0	Training	3	A0A2H1A5W4
	G5EGA3	0	Training	4	G5EGA3
	P16050	0	Training	0	P16050
	Q8N8Q3	0	Training	1	Q8N8Q3
	P40958	0	Training	2	P40958
	O80931	0	Training	3	O80931
	O75528	0	Training	4	O75528
	O09171	0	Training	0	O09171
	Q6P6C2	0	Training	1	Q6P6C2
	O80952	0	Training	2	O80952
	Q6ZQL4	0	Training	3	Q6ZQL4
	Q8GYC7	0	Training	4	Q8GYC7
	Q06455	0	Training	0	Q06455
	Q01852	0	Training	1	Q01852
	P38907	0	Training	2	P38907
	P97346	0	Training	3	P97346
	Q9Y2M0	0	Training	4	Q9Y2M0
	Q9BX79	0	Training	0	Q9BX79
	C8VP82	0	Training	1	C8VP82
	Q9BW66	0	Training	2	Q9BW66
	Q16635	0	Training	3	Q16635
	Q63HR2	0	Training	4	Q63HR2
	Q66HC5	0	Training	0	Q66HC5
	Q9STL9	0	Training	1	Q9STL9
	P32048	0	Training	2	P32048
	P63161	0	Training	3	P63161
	P38770	0	Training	4	P38770
	P47825	0	Training	0	P47825
	Q92900	0	Training	1	Q92900
	P38253	0	Training	2	P38253
	O70337	0	Training	3	O70337
	Q6ZVD8	0	Training	4	Q6ZVD8
	Q5SGE0	0	Training	0	Q5SGE0
	P23179	0	Training	1	P23179
	Q9LUJ5	0	Training	2	Q9LUJ5
	Q9Y7X6	0	Training	3	Q9Y7X6
	P35203	0	Training	4	P35203
	P47174	0	Training	0	P47174
	X5HYT8	0	Training	1	X5HYT8
	Q8C8N2	0	Training	2	Q8C8N2
	Q058N4	0	Training	3	Q058N4
	Q9H1D9	0	Training	4	Q9H1D9
	Q1W6H9	0	Training	0	Q1W6H9
	Q04659	0	Training	1	Q04659
	Q9DBU6	0	Training	2	Q9DBU6
	O14230	0	Training	3	O14230
	Q06510	0	Training	4	Q06510
	O95059	0	Training	0	O95059
	Q96HS1	0	Training	1	Q96HS1
	Q9VIF6	0	Training	2	Q9VIF6
	Q9VGZ5	0	Training	3	Q9VGZ5
	Q12504	0	Training	4	Q12504
	P53718	0	Training	0	P53718
	Q54PQ4	0	Training	1	Q54PQ4
	Q9VIF5	0	Training	2	Q9VIF5
	Q27368	0	Training	3	Q27368
	Q9Y3B2	0	Training	4	Q9Y3B2
	Q8TB36	0	Training	0	Q8TB36
	P41828	0	Training	1	P41828
	Q9HB71	0	Training	2	Q9HB71
	Q9W157	0	Training	3	Q9W157
	Q61550	0	Training	4	Q61550
	Q6PFD5	0	Training	0	Q6PFD5
	A0A509AE54	0	Training	1	A0A509AE54
	P52593	0	Training	2	P52593
	Q39172	0	Training	3	Q39172
	Q99986	0	Training	4	Q99986
	P22812	0	Training	0	P22812
	Q38796	0	Training	1	Q38796
	P05022	0	Training	2	P05022
	P68104	0	Training	3	P68104
	Q65XX7	0	Training	4	Q65XX7
	Q8BTQ0	0	Training	0	Q8BTQ0
	Q21773	0	Training	1	Q21773
	Q6P161	0	Training	2	Q6P161
	P38858	0	Training	3	P38858
	E5FYH0	0	Training	4	E5FYH0
	P53171	0	Training	0	P53171
	Q96PV7	0	Training	1	Q96PV7
	Q39161	0	Training	2	Q39161
	P12524	0	Training	3	P12524
	Q9P805	0	Training	4	Q9P805
	Q9SNB7	0	Training	0	Q9SNB7
	Q8NBT2	0	Training	1	Q8NBT2
	Q9P7S7	0	Training	2	Q9P7S7
	O88735	0	Training	3	O88735
	Q5TB80	0	Training	4	Q5TB80
	Q96RL1	0	Training	0	Q96RL1
	Q8WVX9	0	Training	1	Q8WVX9
	P91277	0	Training	2	P91277
	Q86Y26	0	Training	3	Q86Y26
	P56558	0	Training	4	P56558
	O70372	0	Training	0	O70372
	Q8W4E7	0	Training	1	Q8W4E7
	Q6FN94	0	Training	2	Q6FN94
	P78946	0	Training	3	P78946
	Q06214	0	Training	4	Q06214
	Q8VZS0	0	Training	0	Q8VZS0
	Q8W489	0	Training	1	Q8W489
	Q7XZF5	0	Training	2	Q7XZF5
	O42649	0	Training	3	O42649
	Q9BSH3	0	Training	4	Q9BSH3
	P21771	0	Training	0	P21771
	Q24JJ9	0	Training	1	Q24JJ9
	O43592	0	Training	2	O43592
	Q04705	0	Training	3	Q04705
	P83510	0	Training	4	P83510
	Q41062	0	Training	0	Q41062
	Q6Q629	0	Training	1	Q6Q629
	Q9DB60	0	Training	2	Q9DB60
	Q9C0C9	0	Training	3	Q9C0C9
	O04121	0	Training	4	O04121
	Q0JCC3	0	Training	0	Q0JCC3
	Q96MF7	0	Training	1	Q96MF7
	P38278	0	Training	2	P38278
	P08703	0	Training	3	P08703
	Q14249	0	Training	4	Q14249
	O35820	0	Training	0	O35820
	Q9LRY0	0	Training	1	Q9LRY0
	Q9V6L9	0	Training	2	Q9V6L9
	Q8GYH7	0	Training	3	Q8GYH7
	Q9NP64	0	Training	4	Q9NP64
	Q9H910	0	Training	0	Q9H910
	Q56P42	0	Training	1	Q56P42
	Q18919	0	Training	2	Q18919
	Q9DE46	0	Training	3	Q9DE46
	Q9WVL3	0	Training	4	Q9WVL3
	Q9P7W8	0	Training	0	Q9P7W8
	P06843	0	Training	1	P06843
	Q9D945	0	Training	2	Q9D945
	Q9Y2G2	0	Training	3	Q9Y2G2
	Q06236	0	Training	4	Q06236
	Q8C5S7	0	Training	0	Q8C5S7
	P15308	0	Training	1	P15308
	Q8H0U4	0	Training	2	Q8H0U4
	Q96WV2	0	Training	3	Q96WV2
	Q9GYU8	0	Training	4	Q9GYU8
	Q12046	0	Training	0	Q12046
	G4NBR8	0	Training	1	G4NBR8
	Q7K6X4	0	Training	2	Q7K6X4
	A8XJ98	0	Training	3	A8XJ98
	Q3UHC2	0	Training	4	Q3UHC2
	Q5M755	0	Training	0	Q5M755
	Q09463	0	Training	1	Q09463
	Q9UTH3	0	Training	2	Q9UTH3
	Q10L01	0	Training	3	Q10L01
	Q03557	0	Training	4	Q03557
	P54845	0	Training	0	P54845
	Q6P6J4	0	Training	1	Q6P6J4
	P10242	0	Training	2	P10242
	Q8CD15	0	Training	3	Q8CD15
	P25284	0	Training	4	P25284
	Q9DC04	0	Training	0	Q9DC04
	P38285	0	Training	1	P38285
	P41046	0	Training	2	P41046
	Q9UI26	0	Training	3	Q9UI26
	Q9FIX1	0	Training	4	Q9FIX1
	Q8C006	0	Training	0	Q8C006
	Q9BRT2	0	Training	1	Q9BRT2
	Q9HAC7	0	Training	2	Q9HAC7
	A0A509AJL3	0	Training	3	A0A509AJL3
	Q949T8	0	Training	4	Q949T8
	A1Z7A6	0	Training	0	A1Z7A6
	Q68G58	0	Training	1	Q68G58
	Q6ZWS8	0	Training	2	Q6ZWS8
	Q92905	0	Training	3	Q92905
	Q9P7K5	0	Training	4	Q9P7K5
	Q8IPA1	0	Training	0	Q8IPA1
	Q9M3I4	0	Training	1	Q9M3I4
	Q9C6X2	0	Training	2	Q9C6X2
	P26755	0	Training	3	P26755
	Q9BSJ5	0	Training	4	Q9BSJ5
	Q9UUA8	0	Training	0	Q9UUA8
	P38789	0	Training	1	P38789
	Q2M2T7	0	Training	2	Q2M2T7
	Q84VZ1	0	Training	3	Q84VZ1
	Q9N5S3	0	Training	4	Q9N5S3
	Q9HAF1	0	Training	0	Q9HAF1
	Q12132	0	Training	1	Q12132
	Q06631	0	Training	2	Q06631
	Q9UBF9	0	Training	3	Q9UBF9
	P35734	0	Training	4	P35734
	Q5F1R6	0	Training	0	Q5F1R6
	Q9NZN9	0	Training	1	Q9NZN9
	Q5FBB7	0	Training	2	Q5FBB7
	Q8VHQ2	0	Training	3	Q8VHQ2
	Q96JK9	0	Training	4	Q96JK9
	P53919	0	Training	0	P53919
	Q9VX09	0	Training	1	Q9VX09
	P29547	0	Training	2	P29547
	Q9UHX1	0	Training	3	Q9UHX1
	Q3UB74	0	Training	4	Q3UB74
	Q8IEG9	0	Training	0	Q8IEG9
	O13974	0	Training	1	O13974
	P82024	0	Training	2	P82024
	Q9P6L9	0	Training	3	Q9P6L9
	O43068	0	Training	4	O43068
	Q9BRD0	0	Training	0	Q9BRD0
	Q9GZN2	0	Training	1	Q9GZN2
	Q9HD15	0	Training	2	Q9HD15
	P0DI81	0	Training	3	P0DI81
	Q13352	0	Training	4	Q13352
	Q9NVH1	0	Training	0	Q9NVH1
	P43579	0	Training	1	P43579
	P53318	0	Training	2	P53318
	Q9D4W2	0	Training	3	Q9D4W2
	Q9FGQ6	0	Training	4	Q9FGQ6
	Q8TAX9	0	Training	0	Q8TAX9
	Q9FFD8	0	Training	1	Q9FFD8
	Q92785	0	Training	2	Q92785
	F4IY62	0	Training	3	F4IY62
	Q42545	0	Training	4	Q42545
	Q9P7S3	0	Training	0	Q9P7S3
	O74434	0	Training	1	O74434
	Q9BV86	0	Training	2	Q9BV86
	P38691	0	Training	3	P38691
	Q6EPW7	0	Training	4	Q6EPW7
	Q9HD33	0	Training	0	Q9HD33
	O94751	0	Training	1	O94751
	Q9QYL0	0	Training	2	Q9QYL0
	Q8IY22	0	Training	3	Q8IY22
	G2HK15	0	Training	4	G2HK15
	Q9CQV7	0	Training	0	Q9CQV7
	P06168	0	Training	1	P06168
	Q09873	0	Training	2	Q09873
	Q3USZ2	0	Training	3	Q3USZ2
	D2K8N5	0	Training	4	D2K8N5
	Q7Z7K6	0	Training	0	Q7Z7K6
	Q8RVC7	0	Training	1	Q8RVC7
	Q9JL04	0	Training	2	Q9JL04
	O13702	0	Training	3	O13702
	Q08952	0	Training	4	Q08952
	Q9SGS4	0	Training	0	Q9SGS4
	Q9LSV0	0	Training	1	Q9LSV0
	Q06244	0	Training	2	Q06244
	A8MPH9	0	Training	3	A8MPH9
	Q9V463	0	Training	4	Q9V463
	Q9W420	0	Training	0	Q9W420
	Q8R4I4	0	Training	1	Q8R4I4
	P15173	0	Training	2	P15173
	O13927	0	Training	3	O13927
	O95347	0	Training	4	O95347
	Q03018	0	Training	0	Q03018
	P46669	0	Training	1	P46669
	Q7K0D8	0	Training	2	Q7K0D8
	Q94CL9	0	Training	3	Q94CL9
	Q9H2S6	0	Training	4	Q9H2S6
	Q9NYV7	0	Training	0	Q9NYV7
	Q6ZWQ0	0	Training	1	Q6ZWQ0
	Q8R4T1	0	Training	2	Q8R4T1
	Q8IZY5	0	Training	3	Q8IZY5
	Q9CQ54	0	Training	4	Q9CQ54
	Q1H537	0	Training	0	Q1H537
	Q08457	0	Training	1	Q08457
	Q99LD8	0	Training	2	Q99LD8
	Q9UBT7	0	Training	3	Q9UBT7
	P35728	0	Training	4	P35728
	Q75N03	0	Training	0	Q75N03
	Q12789	0	Training	1	Q12789
	O60293	0	Training	2	O60293
	Q6Z955	0	Training	3	Q6Z955
	P15619	0	Training	4	P15619
	P53944	0	Training	0	P53944
	Q8VZ20	0	Training	1	Q8VZ20
	P29467	0	Training	2	P29467
	O96624	0	Training	3	O96624
	Q34807	0	Training	4	Q34807
	Q2Z1W2	0	Training	0	Q2Z1W2
	Q8MLZ3	0	Training	1	Q8MLZ3
	Q9BPY3	0	Training	2	Q9BPY3
	Q22227	0	Training	3	Q22227
	Q31708	0	Training	4	Q31708
	G4N7S6	0	Training	0	G4N7S6
	P16550	0	Training	1	P16550
	Q9SSE7	0	Training	2	Q9SSE7
	P36169	0	Training	3	P36169
	P43124	0	Training	4	P43124
	Q9DAM1	0	Training	0	Q9DAM1
	O60733	0	Training	1	O60733
	Q9Y2B4	0	Training	2	Q9Y2B4
	P40855	0	Training	3	P40855
	Q8RXH2	0	Training	4	Q8RXH2
	Q4KMP7	0	Training	0	Q4KMP7
	Q03071	0	Training	1	Q03071
	Q9SYJ8	0	Training	2	Q9SYJ8
	Q3UYV9	0	Training	3	Q3UYV9
	Q8CJF7	0	Training	4	Q8CJF7
	P40026	0	Training	0	P40026
	Q9ES52	0	Training	1	Q9ES52
	Q9Z311	0	Training	2	Q9Z311
	Q8C6L5	0	Training	3	Q8C6L5
	Q62920	0	Training	4	Q62920
	Q5VW36	0	Training	0	Q5VW36
	P10676	0	Training	1	P10676
	J9VE33	0	Training	2	J9VE33
	Q24478	0	Training	3	Q24478
	Q9FME4	0	Training	4	Q9FME4
	P25584	0	Training	0	P25584
	Q8TF01	0	Training	1	Q8TF01
	P14736	0	Training	2	P14736
	Q9NX04	0	Training	3	Q9NX04
	O64517	0	Training	4	O64517
	Q01804	0	Training	0	Q01804
	A2AIL4	0	Training	1	A2AIL4
	Q6IPR1	0	Training	2	Q6IPR1
	O74889	0	Training	3	O74889
	Q8NC51	0	Training	4	Q8NC51
	O23247	0	Training	0	O23247
	Q9JM73	0	Training	1	Q9JM73
	Q04500	0	Training	2	Q04500
	G3UVW3	0	Training	3	G3UVW3
	Q99MU3	0	Training	4	Q99MU3
	G5ECC7	0	Training	0	G5ECC7
	P61964	0	Training	1	P61964
	Q9URQ5	0	Training	2	Q9URQ5
	Q16774	0	Training	3	Q16774
	Q7Z6K1	0	Training	4	Q7Z6K1
	O75934	0	Training	0	O75934
	Q9H773	0	Training	1	Q9H773
	Q8K0D5	0	Training	2	Q8K0D5
	Q03280	0	Training	3	Q03280
	Q9VBW9	0	Training	4	Q9VBW9
	Q9ES00	0	Training	0	Q9ES00
	Q9H7D0	0	Training	1	Q9H7D0
	Q80SU7	0	Training	2	Q80SU7
	Q96I76	0	Training	3	Q96I76
	Q9LQ98	0	Training	4	Q9LQ98
	A6NJ78	0	Training	0	A6NJ78
	Q53FT3	0	Training	1	Q53FT3
	C8VSZ2	0	Training	2	C8VSZ2
	P49686	0	Training	3	P49686
	P0DM40	0	Training	4	P0DM40
	P09595	0	Training	0	P09595
	Q9H4M3	0	Training	1	Q9H4M3
	Q03718	0	Training	2	Q03718
	Q8GZ87	0	Training	3	Q8GZ87
	P39525	0	Training	4	P39525
	Q96HJ9	0	Training	0	Q96HJ9
	Q8CC21	0	Training	1	Q8CC21
	P53810	0	Training	2	P53810
	P32342	0	Training	3	P32342
	P25490	0	Training	4	P25490
	Q96B26	0	Training	0	Q96B26
	P07269	0	Training	1	P07269
	P93286	0	Training	2	P93286
	Q8WYA6	0	Training	3	Q8WYA6
	Q9QXY4	0	Training	4	Q9QXY4
	Q9Y224	0	Training	0	Q9Y224
	P35269	0	Training	1	P35269
	P87233	0	Training	2	P87233
	Q9D067	0	Training	3	Q9D067
	P57680	0	Training	4	P57680
	P38241	0	Training	0	P38241
	P78337	0	Training	1	P78337
	Q4VBE8	0	Training	2	Q4VBE8
	Q9UIA9	0	Training	3	Q9UIA9
	P32103	0	Training	4	P32103
	P87227	0	Training	0	P87227
	Q9SDW0	0	Training	1	Q9SDW0
	Q6P1K2	0	Training	2	Q6P1K2
	P80483	0	Training	3	P80483
	Q0WNP7	0	Training	4	Q0WNP7
	Q08119	0	Training	0	Q08119
	O17514	0	Training	1	O17514
	P40470	0	Training	2	P40470
	Q9BWM7	0	Training	3	Q9BWM7
	P40208	0	Training	4	P40208
	O54825	0	Training	0	O54825
	Q86HX0	0	Training	1	Q86HX0
	Q9JKT3	0	Training	2	Q9JKT3
	O04714	0	Training	3	O04714
	Q8GZM7	0	Training	4	Q8GZM7
	Q8W593	0	Training	0	Q8W593
	Q9SL92	0	Training	1	Q9SL92
	Q9H7B2	0	Training	2	Q9H7B2
	O59676	0	Training	3	O59676
	Q9BW71	0	Training	4	Q9BW71
	Q9Y4F3	0	Training	0	Q9Y4F3
	Q9UTK4	0	Training	1	Q9UTK4
	P03896	0	Training	2	P03896
	Q8RWS0	0	Training	3	Q8RWS0
	Q9UIV1	0	Training	4	Q9UIV1
	Q8N5P1	0	Training	0	Q8N5P1
	O43114	0	Training	1	O43114
	Q9H1P3	0	Training	2	Q9H1P3
	O75603	0	Training	3	O75603
	Q68DX3	0	Training	4	Q68DX3
	Q12068	0	Training	0	Q12068
	Q9UGY1	0	Training	1	Q9UGY1
	O95989	0	Training	2	O95989
	P32524	0	Training	3	P32524
	Q9JIL4	0	Training	4	Q9JIL4
	P53835	0	Training	0	P53835
	Q9UUB6	0	Training	1	Q9UUB6
	Q9CPX8	0	Training	2	Q9CPX8
	Q8N5N7	0	Training	3	Q8N5N7
	Q95RV2	0	Training	4	Q95RV2
	Q01831	0	Training	0	Q01831
	Q9Y2I9	0	Training	1	Q9Y2I9
	Q06608	0	Training	2	Q06608
	Q5AK51	0	Training	3	Q5AK51
	Q96EL3	0	Training	4	Q96EL3
	Q8IVS8	0	Training	0	Q8IVS8
	P82139	0	Training	1	P82139
	Q8WYQ5	0	Training	2	Q8WYQ5
	O44498	0	Training	3	O44498
	P46099	0	Training	4	P46099
	Q8BJ05	0	Training	0	Q8BJ05
	O14497	0	Training	1	O14497
	Q8K400	0	Training	2	Q8K400
	Q8GWE0	0	Training	3	Q8GWE0
	Q8N2Z9	0	Training	4	Q8N2Z9
	O48917	0	Training	0	O48917
	A8MZ59	0	Training	1	A8MZ59
	P0C869	0	Training	2	P0C869
	Q9VLJ8	0	Training	3	Q9VLJ8
	Q8SKU2	0	Training	4	Q8SKU2
	Q8T498	0	Training	0	Q8T498
	Q80TR8	0	Training	1	Q80TR8
	P21276	0	Training	2	P21276
	Q9H4B0	0	Training	3	Q9H4B0
	Q570R7	0	Training	4	Q570R7
	Q8TEX9	0	Training	0	Q8TEX9
	Q9VN91	0	Training	1	Q9VN91
	Q9NJH0	0	Training	2	Q9NJH0
	O74876	0	Training	3	O74876
	P35551	0	Training	4	P35551
	P50080	0	Training	0	P50080
	P40798	0	Training	1	P40798
	P38351	0	Training	2	P38351
	O14737	0	Training	3	O14737
	O70302	0	Training	4	O70302
	O74964	0	Training	0	O74964
	Q9V4Z9	0	Training	1	Q9V4Z9
	P0C7T6	0	Training	2	P0C7T6
	P34283	0	Training	3	P34283
	Q5U5X0	0	Training	4	Q5U5X0
	Q9B6C8	0	Training	0	Q9B6C8
	P38207	0	Training	1	P38207
	P35169	0	Training	2	P35169
	Q7Z2Z1	0	Training	3	Q7Z2Z1
	P13574	0	Training	4	P13574
	Q7S2H6	0	Training	0	Q7S2H6
	Q12124	0	Training	1	Q12124
	P82249	0	Training	2	P82249
	P06509	0	Training	3	P06509
	Q93VB2	0	Training	4	Q93VB2
	Q9UT46	0	Training	0	Q9UT46
	Q9JJP2	0	Training	1	Q9JJP2
	O16102	0	Training	2	O16102
	Q0WSX8	0	Training	3	Q0WSX8
	O74942	0	Training	4	O74942
	Q86YC2	0	Training	0	Q86YC2
	Q9H1U9	0	Training	1	Q9H1U9
	Q3U284	0	Training	2	Q3U284
	F1M386	0	Training	3	F1M386
	P38809	0	Training	4	P38809
	Q8IBN8	0	Training	0	Q8IBN8
	Q9HCH5	0	Training	1	Q9HCH5
	G5EDW5	0	Training	2	G5EDW5
	Q7JXF5	0	Training	3	Q7JXF5
	Q9ULZ2	0	Training	4	Q9ULZ2
	Q8RWN0	0	Training	0	Q8RWN0
	Q10262	0	Training	1	Q10262
	Q02455	0	Training	2	Q02455
	P36038	0	Training	3	P36038
	Q9FI46	0	Training	4	Q9FI46
	O74553	0	Training	0	O74553
	Q9Y2S7	0	Training	1	Q9Y2S7
	Q9CA45	0	Training	2	Q9CA45
	Q95TS5	0	Training	3	Q95TS5
	Q28205	0	Training	4	Q28205
	Q9H0F5	0	Training	0	Q9H0F5
	Q9SUE3	0	Training	1	Q9SUE3
	Q7T2T1	0	Training	2	Q7T2T1
	Q230X8	0	Training	3	Q230X8
	O94355	0	Training	4	O94355
	Q9FVQ1	0	Training	0	Q9FVQ1
	Q6T4R5	0	Training	1	Q6T4R5
	O74544	0	Training	2	O74544
	Q85FY6	0	Training	3	Q85FY6
	O60779	0	Training	4	O60779
	P40995	0	Training	0	P40995
	O60090	0	Training	1	O60090
	Q8TCY9	0	Training	2	Q8TCY9
	Q7TSD4	0	Training	3	Q7TSD4
	Q9H840	0	Training	4	Q9H840
	Q8WV41	0	Training	0	Q8WV41
	Q7Z4V0	0	Training	1	Q7Z4V0
	Q9LKW9	0	Training	2	Q9LKW9
	P53148	0	Training	3	P53148
	Q94ID2	0	Training	4	Q94ID2
	O59746	0	Training	0	O59746
	P33412	0	Training	1	P33412
	P25588	0	Training	2	P25588
	Q3UUF8	0	Training	3	Q3UUF8
	Q7TPF1	0	Training	4	Q7TPF1
	Q8WXU2	0	Training	0	Q8WXU2
	Q940M2	0	Training	1	Q940M2
	Q8CGB3	0	Training	2	Q8CGB3
	P61221	0	Training	3	P61221
	O95704	0	Training	4	O95704
	B7Z0I7	0	Training	0	B7Z0I7
	P38781	0	Training	1	P38781
	P49590	0	Training	2	P49590
	Q8TBK2	0	Training	3	Q8TBK2
	O13577	0	Training	4	O13577
	Q1MTR2	0	Training	0	Q1MTR2
	Q9BV68	0	Training	1	Q9BV68
	Q9URV3	0	Training	2	Q9URV3
	Q6ZMU5	0	Training	3	Q6ZMU5
	P35632	0	Training	4	P35632
	Q9Y6X0	0	Training	0	Q9Y6X0
	Q8CHP0	0	Training	1	Q8CHP0
	P40630	0	Training	2	P40630
	P51556	0	Training	3	P51556
	P61092	0	Training	4	P61092
	Q6PEY1	0	Training	0	Q6PEY1
	Q9UT49	0	Training	1	Q9UT49
	Q8IDN4	0	Training	2	Q8IDN4
	O94427	0	Training	3	O94427
	Q9S720	0	Training	4	Q9S720
	O60184	0	Training	0	O60184
	P29461	0	Training	1	P29461
	O96033	0	Training	2	O96033
	P40050	0	Training	3	P40050
	P53874	0	Training	4	P53874
	Q5U419	0	Training	0	Q5U419
	O60829	0	Training	1	O60829
	P32914	0	Training	2	P32914
	Q08902	0	Training	3	Q08902
	Q9FX31	0	Training	4	Q9FX31
	Q9UHW5	0	Training	0	Q9UHW5
	Q06667	0	Training	1	Q06667
	Q0WPF2	0	Training	2	Q0WPF2
	Q9LSB9	0	Training	3	Q9LSB9
	P38323	0	Training	4	P38323
	Q9VEN1	0	Training	0	Q9VEN1
	A9C3R9	0	Training	1	A9C3R9
	Q94AQ9	0	Training	2	Q94AQ9
	Q9NWT1	0	Training	3	Q9NWT1
	Q56P03	0	Training	4	Q56P03
	Q8TDM6	0	Training	0	Q8TDM6
	Q15714	0	Training	1	Q15714
	Q8VDP4	0	Training	2	Q8VDP4
	Q8IWV7	0	Training	3	Q8IWV7
	Q05892	0	Training	4	Q05892
	P53990	0	Training	0	P53990
	Q8CH19	0	Training	1	Q8CH19
	O74485	0	Training	2	O74485
	Q4G176	0	Training	3	Q4G176
	Q04930	0	Training	4	Q04930
	Q12524	0	Training	0	Q12524
	P40344	0	Training	1	P40344
	Q5W9E7	0	Training	2	Q5W9E7
	A0A6P3HVI0	0	Training	3	A0A6P3HVI0
	F4IXE7	0	Training	4	F4IXE7
	O46043	0	Training	0	O46043
	Q93ZB2	0	Training	1	Q93ZB2
	P46681	0	Training	2	P46681
	P42284	0	Training	3	P42284
	Q9US06	0	Training	4	Q9US06
	Q9ULP0	0	Training	0	Q9ULP0
	Q08176	0	Training	1	Q08176
	P17883	0	Training	2	P17883
	O43044	0	Training	3	O43044
	P61218	0	Training	4	P61218
	P0DOY1	0	Training	0	P0DOY1
	Q05812	0	Training	1	Q05812
	Q00202	0	Training	2	Q00202
	P07245	0	Training	3	P07245
	P51509	0	Training	4	P51509
	O22287	0	Training	0	O22287
	O14227	0	Training	1	O14227
	O74329	0	Training	2	O74329
	F4JCC1	0	Training	3	F4JCC1
	Q11107	0	Training	4	Q11107
	Q0GGX2	0	Training	0	Q0GGX2
	Q91YI1	0	Training	1	Q91YI1
	Q12972	0	Training	2	Q12972
	Q05192	0	Training	3	Q05192
	P22027	0	Training	4	P22027
	Q9NRG9	0	Training	0	Q9NRG9
	Q7Z6Z7	0	Training	1	Q7Z6Z7
	P33417	0	Training	2	P33417
	Q940Z2	0	Training	3	Q940Z2
	Q7RYM5	0	Training	4	Q7RYM5
	Q9M658	0	Training	0	Q9M658
	P12383	0	Training	1	P12383
	Q7SHB2	0	Training	2	Q7SHB2
	Q5TKA1	0	Training	3	Q5TKA1
	P49107	0	Training	4	P49107
	Q9LV85	0	Training	0	Q9LV85
	Q53F19	0	Training	1	Q53F19
	P40505	0	Training	2	P40505
	Q8BRE0	0	Training	3	Q8BRE0
	Q9VA37	0	Training	4	Q9VA37
	Q9Y4K3	0	Training	0	Q9Y4K3
	Q8H1D3	0	Training	1	Q8H1D3
	Q9P6Q0	0	Training	2	Q9P6Q0
	Q8H1D9	0	Training	3	Q8H1D9
	Q5T197	0	Training	4	Q5T197
	Q9XVS4	0	Training	0	Q9XVS4
	A0A0F7G352	0	Training	1	A0A0F7G352
	P25336	0	Training	2	P25336
	Q9P013	0	Training	3	Q9P013
	P26358	0	Training	4	P26358
	Q6UXY1	0	Training	0	Q6UXY1
	P53153	0	Training	1	P53153
	P41005	0	Training	2	P41005
	O59701	0	Training	3	O59701
	Q8BFX3	0	Training	4	Q8BFX3
	P40546	0	Training	0	P40546
	Q5PP37	0	Training	1	Q5PP37
	I6LAD1	0	Training	2	I6LAD1
	Q14978	0	Training	3	Q14978
	Q2WG80	0	Training	4	Q2WG80
	Q7S1Z3	0	Training	0	Q7S1Z3
	P32338	0	Training	1	P32338
	O23342	0	Training	2	O23342
	P54657	0	Training	3	P54657
	Q9H6U6	0	Training	4	Q9H6U6
	Q96MB7	0	Training	0	Q96MB7
	Q03430	0	Training	1	Q03430
	P00918	0	Training	2	P00918
	Q9BUU2	0	Training	3	Q9BUU2
	Q767K8	0	Training	4	Q767K8
	Q6UW78	0	Training	0	Q6UW78
	P19517	0	Training	1	P19517
	Q9C8J7	0	Training	2	Q9C8J7
	Q4GZF6	0	Training	3	Q4GZF6
	D0EL35	0	Training	4	D0EL35
	Q95Q39	0	Training	0	Q95Q39
	P55786	0	Training	1	P55786
	P0C6T3	0	Training	2	P0C6T3
	Q1MTN3	0	Training	3	Q1MTN3
	Q8VY88	0	Training	4	Q8VY88
	P32250	0	Training	0	P32250
	Q8BGW1	0	Training	1	Q8BGW1
	Q02983	0	Training	2	Q02983
	I3SL57	0	Training	3	I3SL57
	Q8IZS7	0	Training	4	Q8IZS7
	Q75WF1	0	Training	0	Q75WF1
	Q9H3M7	0	Training	1	Q9H3M7
	P53212	0	Training	2	P53212
	Q8NDZ0	0	Training	3	Q8NDZ0
	Q59RL7	0	Training	4	Q59RL7
	Q9S816	0	Training	0	Q9S816
	P08468	0	Training	1	P08468
	Q9Y4W2	0	Training	2	Q9Y4W2
	Q960V3	0	Training	3	Q960V3
	Q7K4V4	0	Training	4	Q7K4V4
	P53743	0	Training	0	P53743
	A0A2R6QE26	0	Training	1	A0A2R6QE26
	Q8VEC4	0	Training	2	Q8VEC4
	Q9H813	0	Training	3	Q9H813
	Q9SYM2	0	Training	4	Q9SYM2
	O62471	0	Training	0	O62471
	Q7RZ62	0	Training	1	Q7RZ62
	O74829	0	Training	2	O74829
	P49367	0	Training	3	P49367
	P40069	0	Training	4	P40069
	Q5H8A6	0	Training	0	Q5H8A6
	H2KZB2	0	Training	1	H2KZB2
	Q10337	0	Training	2	Q10337
	Q05923	0	Training	3	Q05923
	G3XKQ9	0	Training	4	G3XKQ9
	Q15025	0	Training	0	Q15025
	Q9BQ83	0	Training	1	Q9BQ83
	Q9UW82	0	Training	2	Q9UW82
	O76064	0	Training	3	O76064
	P40457	0	Training	4	P40457
	P36141	0	Training	0	P36141
	P86981	0	Training	1	P86981
	Q9S7I0	0	Training	2	Q9S7I0
	P40971	0	Training	3	P40971
	Q9NVA1	0	Training	4	Q9NVA1
	Q6ZRI6	0	Training	0	Q6ZRI6
	P22570	0	Training	1	P22570
	Q9Y3I1	0	Training	2	Q9Y3I1
	Q8RWX4	0	Training	3	Q8RWX4
	P32432	0	Training	4	P32432
	Q9LXR9	0	Training	0	Q9LXR9
	P32344	0	Training	1	P32344
	Q91876	0	Training	2	Q91876
	Q07532	0	Training	3	Q07532
	Q9C682	0	Training	4	Q9C682
	P39994	0	Training	0	P39994
	P40079	0	Training	1	P40079
	P31942	0	Training	2	P31942
	Q9AUE0	0	Training	3	Q9AUE0
	Q93092	0	Training	4	Q93092
	Q96EL1	0	Training	0	Q96EL1
	Q9BZB8	0	Training	1	Q9BZB8
	Q9Y222	0	Training	2	Q9Y222
	O95838	0	Training	3	O95838
	O74783	0	Training	4	O74783
	P46995	0	Training	0	P46995
	P46677	0	Training	1	P46677
	Q9LXT3	0	Training	2	Q9LXT3
	D6VTK4	0	Training	3	D6VTK4
	Q8WU10	0	Training	4	Q8WU10
	O35671	0	Training	0	O35671
	Q9WUR2	0	Training	1	Q9WUR2
	P40530	0	Training	2	P40530
	Q8VYS2	0	Training	3	Q8VYS2
	Q15596	0	Training	4	Q15596
	Q0VC21	0	Training	0	Q0VC21
	O96237	0	Training	1	O96237
	G5EGK5	0	Training	2	G5EGK5
	Q9FWA3	0	Training	3	Q9FWA3
	Q9BUK6	0	Training	4	Q9BUK6
	P23490	0	Training	0	P23490
	P40090	0	Training	1	P40090
	Q7XI96	0	Training	2	Q7XI96
	Q9VLP3	0	Training	3	Q9VLP3
	P50535	0	Training	4	P50535
	P34162	0	Training	0	P34162
	P42845	0	Training	1	P42845
	Q9UHD9	0	Training	2	Q9UHD9
	Q9LYD9	0	Training	3	Q9LYD9
	P40043	0	Training	4	P40043
	Q5HYJ3	0	Training	0	Q5HYJ3
	P39956	0	Training	1	P39956
	Q53KW9	0	Training	2	Q53KW9
	Q8BGY9	0	Training	3	Q8BGY9
	P43619	0	Training	4	P43619
	O13838	0	Training	0	O13838
	P47069	0	Training	1	P47069
	Q19541	0	Training	2	Q19541
	P87297	0	Training	3	P87297
	Q3TYA6	0	Training	4	Q3TYA6
	Q7XYY2	0	Training	0	Q7XYY2
	G5ECD6	0	Training	1	G5ECD6
	Q1K528	0	Training	2	Q1K528
	Q9Y3B8	0	Training	3	Q9Y3B8
	G5EGU9	0	Training	4	G5EGU9
	Q96PZ0	0	Training	0	Q96PZ0
	P36521	0	Training	1	P36521
	Q9P802	0	Training	2	Q9P802
	Q39163	0	Training	3	Q39163
	Q06102	0	Training	4	Q06102
	P08044	0	Training	0	P08044
	Q9SI64	0	Training	1	Q9SI64
	O75554	0	Training	2	O75554
	Q86YH6	0	Training	3	Q86YH6
	O89050	0	Training	4	O89050
	Q15013	0	Training	0	Q15013
	Q5T4T6	0	Training	1	Q5T4T6
	Q9T0A4	0	Training	2	Q9T0A4
	Q7RYW8	0	Training	3	Q7RYW8
	Q5DTW7	0	Training	4	Q5DTW7
	Q8ITW8	0	Training	0	Q8ITW8
	P52655	0	Training	1	P52655
	Q80ZI1	0	Training	2	Q80ZI1
	A1L4Y1	0	Training	3	A1L4Y1
	Q9BRU2	0	Training	4	Q9BRU2
	Q8N726	0	Training	0	Q8N726
	P98078	0	Training	1	P98078
	Q8JFQ4	0	Training	2	Q8JFQ4
	Q9VW15	0	Training	3	Q9VW15
	Q95QD7	0	Training	4	Q95QD7
	Q9JK95	0	Training	0	Q9JK95
	Q9UT72	0	Training	1	Q9UT72
	P40317	0	Training	2	P40317
	Q9UJW9	0	Training	3	Q9UJW9
	P53170	0	Training	4	P53170
	P00927	0	Training	0	P00927
	O14318	0	Training	1	O14318
	P36629	0	Training	2	P36629
	Q02086	0	Training	3	Q02086
	P61460	0	Training	4	P61460
	P04792	0	Training	0	P04792
	Q9NYH9	0	Training	1	Q9NYH9
	Q9CRB9	0	Training	2	Q9CRB9
	Q9JMI1	0	Training	3	Q9JMI1
	Q9FME2	0	Training	4	Q9FME2
	Q8VZL6	0	Training	0	Q8VZL6
	O55102	0	Training	1	O55102
	P49454	0	Training	2	P49454
	Q39055	0	Training	3	Q39055
	P26017	0	Training	4	P26017
	P38961	0	Training	0	P38961
	Q17635	0	Training	1	Q17635
	Q94C69	0	Training	2	Q94C69
	O60503	0	Training	3	O60503
	O74504	0	Training	4	O74504
	Q9FJI5	0	Training	0	Q9FJI5
	Q96TA1	0	Training	1	Q96TA1
	P07273	0	Training	2	P07273
	B2D6P4	0	Training	3	B2D6P4
	Q39659	0	Training	4	Q39659
	P35557	0	Training	0	P35557
	P54791	0	Training	1	P54791
	Q9NVH2	0	Training	2	Q9NVH2
	P26041	0	Training	3	P26041
	Q6DRC5	0	Training	4	Q6DRC5
	Q941D3	0	Training	0	Q941D3
	O48716	0	Training	1	O48716
	Q78T81	0	Training	2	Q78T81
	Q04175	0	Training	3	Q04175
	Q9H3K2	0	Training	4	Q9H3K2
	Q6ZV65	0	Training	0	Q6ZV65
	P61581	0	Training	1	P61581
	O13769	0	Training	2	O13769
	Q13886	0	Training	3	Q13886
	Q9C950	0	Training	4	Q9C950
	Q9H061	0	Training	0	Q9H061
	A8DYY6	0	Training	1	A8DYY6
	P38909	0	Training	2	P38909
	Q6IEG0	0	Training	3	Q6IEG0
	O94822	0	Training	4	O94822
	Q99NB1	0	Training	0	Q99NB1
	Q8C9X6	0	Training	1	Q8C9X6
	P21228	0	Training	2	P21228
	O74761	0	Training	3	O74761
	P48039	0	Training	4	P48039
	Q7TSH3	0	Training	0	Q7TSH3
	Q06668	0	Training	1	Q06668
	Q14916	0	Training	2	Q14916
	Q9P7P2	0	Training	3	Q9P7P2
	Q12905	0	Training	4	Q12905
	P17558	0	Training	0	P17558
	Q9S713	0	Training	1	Q9S713
	P54783	0	Training	2	P54783
	O18412	0	Training	3	O18412
	P30658	0	Training	4	P30658
	P00314	0	Training	0	P00314
	Q9VYY4	0	Training	1	Q9VYY4
	Q8NCN4	0	Training	2	Q8NCN4
	Q80VL0	0	Training	3	Q80VL0
	O77059	0	Training	4	O77059
	Q9H9J2	0	Training	0	Q9H9J2
	P38737	0	Training	1	P38737
	Q9LFA3	0	Training	2	Q9LFA3
	Q15428	0	Training	3	Q15428
	Q52M58	0	Training	4	Q52M58
	P0DO23	0	Training	0	P0DO23
	Q86UT6	0	Training	1	Q86UT6
	Q9UQN3	0	Training	2	Q9UQN3
	P0C2B6	0	Training	3	P0C2B6
	Q00816	0	Training	4	Q00816
	P33322	0	Training	0	P33322
	P48015	0	Training	1	P48015
	Q10335	0	Training	2	Q10335
	Q12024	0	Training	3	Q12024
	Q03525	0	Training	4	Q03525
	Q08492	0	Training	0	Q08492
	Q02040	0	Training	1	Q02040
	Q9Z1X9	0	Training	2	Q9Z1X9
	Q9ES19	0	Training	3	Q9ES19
	Q9UMY1	0	Training	4	Q9UMY1
	O80883	0	Training	0	O80883
	P87152	0	Training	1	P87152
	Q9XVI2	0	Training	2	Q9XVI2
	Q9VQI9	0	Training	3	Q9VQI9
	Q92341	0	Training	4	Q92341
	P89114	0	Training	0	P89114
	Q7L3V2	0	Training	1	Q7L3V2
	Q99829	0	Training	2	Q99829
	Q03370	0	Training	3	Q03370
	Q7S6M9	0	Training	4	Q7S6M9
	P42695	0	Training	0	P42695
	P32970	0	Training	1	P32970
	Q9BPW8	0	Training	2	Q9BPW8
	Q9SHZ6	0	Training	3	Q9SHZ6
	P32855	0	Training	4	P32855
	P22735	0	Training	0	P22735
	Q9N589	0	Training	1	Q9N589
	Q7XBS0	0	Training	2	Q7XBS0
	P70671	0	Training	3	P70671
	P42356	0	Training	4	P42356
	P40380	0	Training	0	P40380
	Q02354	0	Training	1	Q02354
	Q9VGH1	0	Training	2	Q9VGH1
	Q8VC49	0	Training	3	Q8VC49
	P53081	0	Training	4	P53081
	P04921	0	Training	0	P04921
	Q9LPV5	0	Training	1	Q9LPV5
	Q8WUA4	0	Training	2	Q8WUA4
	Q12509	0	Training	3	Q12509
	Q8RY95	0	Training	4	Q8RY95
	Q94FL6	0	Training	0	Q94FL6
	Q8WV93	0	Training	1	Q8WV93
	Q9N4M4	0	Training	2	Q9N4M4
	Q6IDB0	0	Training	3	Q6IDB0
	P40513	0	Training	4	P40513
	O55236	0	Training	0	O55236
	O94868	0	Training	1	O94868
	Q9USU3	0	Training	2	Q9USU3
	Q9LDD5	0	Training	3	Q9LDD5
	Q9EST4	0	Training	4	Q9EST4
	Q9D385	0	Training	0	Q9D385
	Q9XZS8	0	Training	1	Q9XZS8
	Q10740	0	Training	2	Q10740
	O82660	0	Training	3	O82660
	P59942	0	Training	4	P59942
	Q8TC71	0	Training	0	Q8TC71
	P29374	0	Training	1	P29374
	O94668	0	Training	2	O94668
	P38824	0	Training	3	P38824
	P0DO24	0	Training	4	P0DO24
	O43822	0	Training	0	O43822
	P39717	0	Training	1	P39717
	Q6B9X6	0	Training	2	Q6B9X6
	P51970	0	Training	3	P51970
	Q9UTR9	0	Training	4	Q9UTR9
	Q9JHR9	0	Training	0	Q9JHR9
	Q09675	0	Training	1	Q09675
	O64827	0	Training	2	O64827
	O43137	0	Training	3	O43137
	Q93YU8	0	Training	4	Q93YU8
	Q14289	0	Training	0	Q14289
	P46943	0	Training	1	P46943
	Q7SA90	0	Training	2	Q7SA90
	P25627	0	Training	3	P25627
	Q6ZN28	0	Training	4	Q6ZN28
	Q9Y6N1	0	Training	0	Q9Y6N1
	Q9Y3Z3	0	Training	1	Q9Y3Z3
	Q8TBE7	0	Training	2	Q8TBE7
	P51140	0	Training	3	P51140
	Q3URQ0	0	Training	4	Q3URQ0
	Q21446	0	Training	0	Q21446
	Q4G0N4	0	Training	1	Q4G0N4
	O43663	0	Training	2	O43663
	Q0PGJ6	0	Training	3	Q0PGJ6
	P27929	0	Training	4	P27929
	P48595	0	Training	0	P48595
	Q9JJK1	0	Training	1	Q9JJK1
	Q5SXI5	0	Training	2	Q5SXI5
	Q7Z2E3	0	Training	3	Q7Z2E3
	P40566	0	Training	4	P40566
	O42913	0	Training	0	O42913
	Q8BZ97	0	Training	1	Q8BZ97
	O75616	0	Training	2	O75616
	O95229	0	Training	3	O95229
	Q99ML9	0	Training	4	Q99ML9
	O96000	0	Training	0	O96000
	H2L006	0	Training	1	H2L006
	P40517	0	Training	2	P40517
	Q80VA5	0	Training	3	Q80VA5
	A9LNK9	0	Training	4	A9LNK9
	P38265	0	Training	0	P38265
	Q39255	0	Training	1	Q39255
	Q9NZE8	0	Training	2	Q9NZE8
	O14277	0	Training	3	O14277
	Q9NS73	0	Training	4	Q9NS73
	Q8WT44	0	Training	0	Q8WT44
	Q12749	0	Training	1	Q12749
	P48329	0	Training	2	P48329
	O22806	0	Training	3	O22806
	B9TSP7	0	Training	4	B9TSP7
	P85845	0	Training	0	P85845
	Q22355	0	Training	1	Q22355
	Q84JK2	0	Training	2	Q84JK2
	Q56X52	0	Training	3	Q56X52
	Q96SB8	0	Training	4	Q96SB8
	P29372	0	Training	0	P29372
	Q96LL9	0	Training	1	Q96LL9
	Q24573	0	Training	2	Q24573
	P32349	0	Training	3	P32349
	Q9EQ80	0	Training	4	Q9EQ80
	Q9UGM6	0	Training	0	Q9UGM6
	P32761	0	Training	1	P32761
	A6NLJ0	0	Training	2	A6NLJ0
	P10627	0	Training	3	P10627
	Q54QR9	0	Training	4	Q54QR9
	Q9GZL7	0	Training	0	Q9GZL7
	O35084	0	Training	1	O35084
	P37299	0	Training	2	P37299
	Q9Z213	0	Training	3	Q9Z213
	Q9NWR8	0	Training	4	Q9NWR8
	Q04411	0	Training	0	Q04411
	Q9EP97	0	Training	1	Q9EP97
	Q00723	0	Training	2	Q00723
	O04616	0	Training	3	O04616
	Q03188	0	Training	4	Q03188
	Q9SZI6	0	Training	0	Q9SZI6
	Q96H22	0	Training	1	Q96H22
	Q8N5Y2	0	Training	2	Q8N5Y2
	Q96AG3	0	Training	3	Q96AG3
	Q16594	0	Training	4	Q16594
	P82611	0	Training	0	P82611
	Q9P7M1	0	Training	1	Q9P7M1
	Q9NR00	0	Training	2	Q9NR00
	Q6X7J9	0	Training	3	Q6X7J9
	Q04430	0	Training	4	Q04430
	Q96C03	0	Training	0	Q96C03
	Q86U90	0	Training	1	Q86U90
	Q96ST8	0	Training	2	Q96ST8
	Q9FN48	0	Training	3	Q9FN48
	Q9H2K8	0	Training	4	Q9H2K8
	O13297	0	Training	0	O13297
	Q9Y241	0	Training	1	Q9Y241
	Q12049	0	Training	2	Q12049
	Q9NVH0	0	Training	3	Q9NVH0
	Q9LIK9	0	Training	4	Q9LIK9
	O43030	0	Training	0	O43030
	Q9LF68	0	Training	1	Q9LF68
	Q9SZ63	0	Training	2	Q9SZ63
	Q9BRP1	0	Training	3	Q9BRP1
	Q920Q2	0	Training	4	Q920Q2
	F4ISV6	0	Training	0	F4ISV6
	F4K1B4	0	Training	1	F4K1B4
	P40156	0	Training	2	P40156
	P38779	0	Training	3	P38779
	P13280	0	Training	4	P13280
	Q2T9J0	0	Training	0	Q2T9J0
	Q80TH2	0	Training	1	Q80TH2
	Q6DFQ7	0	Training	2	Q6DFQ7
	Q93356	0	Training	3	Q93356
	Q8SX37	0	Training	4	Q8SX37
	Q5H9R7	0	Training	0	Q5H9R7
	Q8CJ00	0	Training	1	Q8CJ00
	Q10F03	0	Training	2	Q10F03
	Q96NY9	0	Training	3	Q96NY9
	Q9JHI9	0	Training	4	Q9JHI9
	P39103	0	Training	0	P39103
	Q9FVE6	0	Training	1	Q9FVE6
	Q3V0Q6	0	Training	2	Q3V0Q6
	Q6YN16	0	Training	3	Q6YN16
	Q84W65	0	Training	4	Q84W65
	Q86Y97	0	Training	0	Q86Y97
	Q96KM6	0	Training	1	Q96KM6
	Q9FG00	0	Training	2	Q9FG00
	P56385	0	Training	3	P56385
	Q9FE22	0	Training	4	Q9FE22
	Q12167	0	Training	0	Q12167
	Q0DIQ5	0	Training	1	Q0DIQ5
	Q6AX31	0	Training	2	Q6AX31
	P53895	0	Training	3	P53895
	P47027	0	Training	4	P47027
	P26321	0	Training	0	P26321
	Q1M168	0	Training	1	Q1M168
	Q9EPB5	0	Training	2	Q9EPB5
	Q9Y113	0	Training	3	Q9Y113
	Q18593	0	Training	4	Q18593
	P56537	0	Training	0	P56537
	Q8WVI0	0	Training	1	Q8WVI0
	P38838	0	Training	2	P38838
	Q6XUX1	0	Training	3	Q6XUX1
	Q03631	0	Training	4	Q03631
	Q9NWT8	0	Training	0	Q9NWT8
	Q6S4P4	0	Training	1	Q6S4P4
	Q925D4	0	Training	2	Q925D4
	Q19360	0	Training	3	Q19360
	O94516	0	Training	4	O94516
	Q96B42	0	Training	0	Q96B42
	Q9CR61	0	Training	1	Q9CR61
	Q9P7E0	0	Training	2	Q9P7E0
	P82929	0	Training	3	P82929
	O14310	0	Training	4	O14310
	Q9SJQ6	0	Training	0	Q9SJQ6
	Q04359	0	Training	1	Q04359
	P53920	0	Training	2	P53920
	P17629	0	Training	3	P17629
	Q9D8B6	0	Training	4	Q9D8B6
	Q15170	0	Training	0	Q15170
	P38064	0	Training	1	P38064
	Q86UB2	0	Training	2	Q86UB2
	Q147X3	0	Training	3	Q147X3
	Q96T76	0	Training	4	Q96T76
	Q39134	0	Training	0	Q39134
	Q9Y3R4	0	Training	1	Q9Y3R4
	Q9FKA7	0	Training	2	Q9FKA7
	Q8IU80	0	Training	3	Q8IU80
	P45976	0	Training	4	P45976
	Q9VKY1	0	Training	0	Q9VKY1
	P32357	0	Training	1	P32357
	H2KZH5	0	Training	2	H2KZH5
	Q96BN2	0	Training	3	Q96BN2
	Q9UJX3	0	Training	4	Q9UJX3
	F4IHY7	0	Training	0	F4IHY7
	A0A436ZRX2	0	Training	1	A0A436ZRX2
	Q8VC65	0	Training	2	Q8VC65
	Q9FGH9	0	Training	3	Q9FGH9
	O75832	0	Training	4	O75832
	Q7Z2D5	0	Training	0	Q7Z2D5
	O61715	0	Training	1	O61715
	Q801E2	0	Training	2	Q801E2
	O13881	0	Training	3	O13881
	Q6UJY2	0	Training	4	Q6UJY2
	P49916	0	Training	0	P49916
	Q9FXT6	0	Training	1	Q9FXT6
	Q9CYF5	0	Training	2	Q9CYF5
	Q96A26	0	Training	3	Q96A26
	Q8L3P4	0	Training	4	Q8L3P4
	Q9UT19	0	Training	0	Q9UT19
	Q10099	0	Training	1	Q10099
	Q8VXP3	0	Training	2	Q8VXP3
	Q5JTV8	0	Training	3	Q5JTV8
	Q60974	0	Training	4	Q60974
	Q3ZCG2	0	Training	0	Q3ZCG2
	Q96EA4	0	Training	1	Q96EA4
	O60158	0	Training	2	O60158
	Q969S3	0	Training	3	Q969S3
	Q06139	0	Training	4	Q06139
	O74796	0	Training	0	O74796
	Q9H583	0	Training	1	Q9H583
	P53803	0	Training	2	P53803
	A0A5E4M3Q4	0	Training	3	A0A5E4M3Q4
	P40547	0	Training	4	P40547
	Q6ZIK5	0	Training	0	Q6ZIK5
	O14013	0	Training	1	O14013
	O94632	0	Training	2	O94632
	Q17958	0	Training	3	Q17958
	O74191	0	Training	4	O74191
	O95786	0	Training	0	O95786
	P59998	0	Training	1	P59998
	Q99JS0	0	Training	2	Q99JS0
	Q1LZ24	0	Training	3	Q1LZ24
	O48713	0	Training	4	O48713
	P29266	0	Training	0	P29266
	O43679	0	Training	1	O43679
	Q8I266	0	Training	2	Q8I266
	Q9SL05	0	Training	3	Q9SL05
	Q9UNX4	0	Training	4	Q9UNX4
	Q9W148	0	Training	0	Q9W148
	Q5VY09	0	Training	1	Q5VY09
	Q9Y3C5	0	Training	2	Q9Y3C5
	Q9HE02	0	Training	3	Q9HE02
	Q9XWL9	0	Training	4	Q9XWL9
	Q8VYM2	0	Training	0	Q8VYM2
	Q9UPZ3	0	Training	1	Q9UPZ3
	P36163	0	Training	2	P36163
	Q21502	0	Training	3	Q21502
	Q9S7E9	0	Training	4	Q9S7E9
	O13992	0	Training	0	O13992
	Q9BTV5	0	Training	1	Q9BTV5
	Q95T19	0	Training	2	Q95T19
	P41218	0	Training	3	P41218
	Q92466	0	Training	4	Q92466
	P82658	0	Training	0	P82658
	Q9P7S6	0	Training	1	Q9P7S6
	O00910	0	Training	2	O00910
	P48512	0	Training	3	P48512
	O35613	0	Training	4	O35613
	Q9VRN3	0	Training	0	Q9VRN3
	P0CT72	0	Training	1	P0CT72
	P35195	0	Training	2	P35195
	Q8IJH8	0	Training	3	Q8IJH8
	Q8NEY3	0	Training	4	Q8NEY3
	Q10953	0	Training	0	Q10953
	Q9USJ7	0	Training	1	Q9USJ7
	Q94K73	0	Training	2	Q94K73
	Q06511	0	Training	3	Q06511
	P0CT73	0	Training	4	P0CT73
	Q9P7P1	0	Training	0	Q9P7P1
	O94589	0	Training	1	O94589
	Q8SYK5	0	Training	2	Q8SYK5
	P14291	0	Training	3	P14291
	Q6K271	0	Training	4	Q6K271
	Q9LXR8	0	Training	0	Q9LXR8
	Q9Y375	0	Training	1	Q9Y375
	P38257	0	Training	2	P38257
	Q5VWP2	0	Training	3	Q5VWP2
	Q9H6Z4	0	Training	4	Q9H6Z4
	Q8C0V1	0	Training	0	Q8C0V1
	Q69383	0	Training	1	Q69383
	P35659	0	Training	2	P35659
	Q3U8K7	0	Training	3	Q3U8K7
	O22210	0	Training	4	O22210
	Q13685	0	Training	0	Q13685
	P79943	0	Training	1	P79943
	G2XEY9	0	Training	2	G2XEY9
	Q9USX3	0	Training	3	Q9USX3
	Q9D115	0	Training	4	Q9D115
	Q9VSK8	0	Training	0	Q9VSK8
	P22058	0	Training	1	P22058
	Q9NQS5	0	Training	2	Q9NQS5
	Q09728	0	Training	3	Q09728
	P82970	0	Training	4	P82970
	Q7L592	0	Training	0	Q7L592
	O65502	0	Training	1	O65502
	H2KZZ2	0	Training	2	H2KZZ2
	O75475	0	Training	3	O75475
	O60016	0	Training	4	O60016
	O94519	0	Training	0	O94519
	O00522	0	Training	1	O00522
	P36151	0	Training	2	P36151
	Q9UUI6	0	Training	3	Q9UUI6
	Q24434	0	Training	4	Q24434
	Q9Y0B7	0	Training	0	Q9Y0B7
	Q9C115	0	Training	1	Q9C115
	G5EFY7	0	Training	2	G5EFY7
	D3ZUI5	0	Training	3	D3ZUI5
	O74808	0	Training	4	O74808
	Q8TAM2	0	Training	0	Q8TAM2
	Q5VTR2	0	Training	1	Q5VTR2
	Q6LA53	0	Training	2	Q6LA53
	Q9Y3A2	0	Training	3	Q9Y3A2
	P54785	0	Training	4	P54785
	P92949	0	Training	0	P92949
	Q9I7K0	0	Training	1	Q9I7K0
	Q86XK3	0	Training	2	Q86XK3
	Q9UFC0	0	Training	3	Q9UFC0
	Q8SVA6	0	Training	4	Q8SVA6
	Q9TYT3	0	Training	0	Q9TYT3
	O43313	0	Training	1	O43313
	Q6PIV2	0	Training	2	Q6PIV2
	P54860	0	Training	3	P54860
	Q8JFY9	0	Training	4	Q8JFY9
	O14196	0	Training	0	O14196
	Q9Y4E1	0	Training	1	Q9Y4E1
	Q9CQK7	0	Training	2	Q9CQK7
	Q5SS91	0	Training	3	Q5SS91
	P12294	0	Training	4	P12294
	Q9H008	0	Training	0	Q9H008
	O43006	0	Training	1	O43006
	Q9CR14	0	Training	2	Q9CR14
	Q06152	0	Training	3	Q06152
	Q8LGZ9	0	Training	4	Q8LGZ9
	O48528	0	Training	0	O48528
	P39678	0	Training	1	P39678
	Q9NP94	0	Training	2	Q9NP94
	P21245	0	Training	3	P21245
	P08635	0	Training	4	P08635
	P26786	0	Training	0	P26786
	Q8GTS1	0	Training	1	Q8GTS1
	O44997	0	Training	2	O44997
	P83212	0	Training	3	P83212
	Q93246	0	Training	4	Q93246
	Q9GZY4	0	Training	0	Q9GZY4
	Q7XB51	0	Training	1	Q7XB51
	O60941	0	Training	2	O60941
	Q96KP4	0	Training	3	Q96KP4
	Q9P127	0	Training	4	Q9P127
	O15504	0	Training	0	O15504
	P91399	0	Training	1	P91399
	O14832	0	Training	2	O14832
	Q16581	0	Training	3	Q16581
	P50548	0	Training	4	P50548
	Q12462	0	Training	0	Q12462
	A0A2R6X6S3	0	Training	1	A0A2R6X6S3
	A2YMU2	0	Training	2	A2YMU2
	Q9ZVZ9	0	Training	3	Q9ZVZ9
	Q8IZP1	0	Training	4	Q8IZP1
	Q05949	0	Training	0	Q05949
	Q8GUT5	0	Training	1	Q8GUT5
	Q0JJ05	0	Training	2	Q0JJ05
	A8MQN2	0	Training	3	A8MQN2
	Q8NDZ2	0	Training	4	Q8NDZ2
	Q86T26	0	Training	0	Q86T26
	Q6NNI3	0	Training	1	Q6NNI3
	Q9NRY6	0	Training	2	Q9NRY6
	B8BNY7	0	Training	3	B8BNY7
	Q3ED65	0	Training	4	Q3ED65
	Q94AH1	0	Training	0	Q94AH1
	Q25825	0	Training	1	Q25825
	O43070	0	Training	2	O43070
	Q86WB0	0	Training	3	Q86WB0
	Q4WF55	0	Training	4	Q4WF55
	Q8MUF9	0	Training	0	Q8MUF9
	Q12106	0	Training	1	Q12106
	Q02721	0	Training	2	Q02721
	Q8C9B9	0	Training	3	Q8C9B9
	Q8SXD4	0	Training	4	Q8SXD4
	P62847	0	Training	0	P62847
	O23210	0	Training	1	O23210
	Q6PJ21	0	Training	2	Q6PJ21
	P21190	0	Training	3	P21190
	P22980	0	Training	4	P22980
	P42117	0	Training	0	P42117
	Q02060	0	Training	1	Q02060
	P0DPK0	0	Training	2	P0DPK0
	Q9LPL4	0	Training	3	Q9LPL4
	Q54HC6	0	Training	4	Q54HC6
	Q10573	0	Training	0	Q10573
	P38786	0	Training	1	P38786
	Q96T68	0	Training	2	Q96T68
	O74824	0	Training	3	O74824
	P06292	0	Training	4	P06292
	P29509	0	Training	0	P29509
	Q10990	0	Training	1	Q10990
	P42935	0	Training	2	P42935
	Q95U54	0	Training	3	Q95U54
	O02073	0	Training	4	O02073
	O42662	0	Training	0	O42662
	Q8GXH3	0	Training	1	Q8GXH3
	Q7L5D6	0	Training	2	Q7L5D6
	Q3UL36	0	Training	3	Q3UL36
	Q9HG09	0	Training	4	Q9HG09
	Q9C565	0	Training	0	Q9C565
	Q96KR7	0	Training	1	Q96KR7
	Q14241	0	Training	2	Q14241
	Q91ZX6	0	Training	3	Q91ZX6
	Q02932	0	Training	4	Q02932
	P82412	0	Training	0	P82412
	Q15120	0	Training	1	Q15120
	Q9UNE7	0	Training	2	Q9UNE7
	Q96K80	0	Training	3	Q96K80
	A0A2I0BUK1	0	Training	4	A0A2I0BUK1
	Q8VHW8	0	Training	0	Q8VHW8
	Q3UL53	0	Training	1	Q3UL53
	Q9DBL9	0	Training	2	Q9DBL9
	Q6NLW5	0	Training	3	Q6NLW5
	Q4PLS0	0	Training	4	Q4PLS0
	P38751	0	Training	0	P38751
	Q9M199	0	Training	1	Q9M199
	A8CVF3	0	Training	2	A8CVF3
	Q8WVT3	0	Training	3	Q8WVT3
	Q12415	0	Training	4	Q12415
	Q9SL95	0	Training	0	Q9SL95
	Q12514	0	Training	1	Q12514
	Q7S7U5	0	Training	2	Q7S7U5
	P21359	0	Training	3	P21359
	P21145	0	Training	4	P21145
	Q06679	0	Training	0	Q06679
	Q92574	0	Training	1	Q92574
	Q9W484	0	Training	2	Q9W484
	Q07343	0	Training	3	Q07343
	Q9P6N2	0	Training	4	Q9P6N2
	Q7RTY1	0	Training	0	Q7RTY1
	Q9UIL8	0	Training	1	Q9UIL8
	Q5XVG3	0	Training	2	Q5XVG3
	P33076	0	Training	3	P33076
	Q9LI74	0	Training	4	Q9LI74
	O94328	0	Training	0	O94328
	P30038	0	Training	1	P30038
	Q94AU9	0	Training	2	Q94AU9
	Q61146	0	Training	3	Q61146
	O43808	0	Training	4	O43808
	P22907	0	Training	0	P22907
	Q23229	0	Training	1	Q23229
	Q18171	0	Training	2	Q18171
	Q9LS90	0	Training	3	Q9LS90
	Q8R0W0	0	Training	4	Q8R0W0
	Q8NFT6	0	Training	0	Q8NFT6
	P86924	0	Training	1	P86924
	P38777	0	Training	2	P38777
	Q9SJZ6	0	Training	3	Q9SJZ6
	Q92262	0	Training	4	Q92262
	Q62261	0	Training	0	Q62261
	Q381V1	0	Training	1	Q381V1
	Q9JMA2	0	Training	2	Q9JMA2
	Q56YA5	0	Training	3	Q56YA5
	Q6Y5D8	0	Training	4	Q6Y5D8
	Q04601	0	Training	0	Q04601
	Q00471	0	Training	1	Q00471
	Q9U280	0	Training	2	Q9U280
	O60057	0	Training	3	O60057
	Q9P5M9	0	Training	4	Q9P5M9
	Q9P0K7	0	Training	0	Q9P0K7
	Q9P7B8	0	Training	1	Q9P7B8
	Q9P7H8	0	Training	2	Q9P7H8
	P0DP99	0	Training	3	P0DP99
	P22135	0	Training	4	P22135
	Q8S9G8	0	Training	0	Q8S9G8
	Q93442	0	Training	1	Q93442
	Q8IX15	0	Training	2	Q8IX15
	Q9SX29	0	Training	3	Q9SX29
	Q8RXD3	0	Training	4	Q8RXD3
	Q9VKM1	0	Training	0	Q9VKM1
	Q9VN45	0	Training	1	Q9VN45
	Q969P5	0	Training	2	Q969P5
	Q15003	0	Training	3	Q15003
	P00430	0	Training	4	P00430
	Q14CX5	0	Training	0	Q14CX5
	Q8WWY6	0	Training	1	Q8WWY6
	Q9USX4	0	Training	2	Q9USX4
	Q20709	0	Training	3	Q20709
	Q969X6	0	Training	4	Q969X6
	Q06449	0	Training	0	Q06449
	P57728	0	Training	1	P57728
	Q3S4A7	0	Training	2	Q3S4A7
	P92189	0	Training	3	P92189
	Q6U6H1	0	Training	4	Q6U6H1
	F4HYF3	0	Training	0	F4HYF3
	Q8BM75	0	Training	1	Q8BM75
	P32521	0	Training	2	P32521
	Q04073	0	Training	3	Q04073
	Q9VE86	0	Training	4	Q9VE86
	D0E0C2	0	Training	0	D0E0C2
	Q9EQ28	0	Training	1	Q9EQ28
	Q9URQ3	0	Training	2	Q9URQ3
	Q60866	0	Training	3	Q60866
	P32063	0	Training	4	P32063
	P38065	0	Training	0	P38065
	Q9BVJ7	0	Training	1	Q9BVJ7
	A0A2Z4LIS9	0	Training	2	A0A2Z4LIS9
	P47019	0	Training	3	P47019
	Q9H4B6	0	Training	4	Q9H4B6
	P00813	0	Training	0	P00813
	F4I718	0	Training	1	F4I718
	P40567	0	Training	2	P40567
	Q9UGR2	0	Training	3	Q9UGR2
	Q9W0K4	0	Training	4	Q9W0K4
	Q00IB6	0	Training	0	Q00IB6
	O60682	0	Training	1	O60682
	P07250	0	Training	2	P07250
	Q61510	0	Training	3	Q61510
	P38890	0	Training	4	P38890
	Q9NXR7	0	Training	0	Q9NXR7
	O60097	0	Training	1	O60097
	Q9LK34	0	Training	2	Q9LK34
	P41229	0	Training	3	P41229
	Q03937	0	Training	4	Q03937
	P07272	0	Training	0	P07272
	O94248	0	Training	1	O94248
	Q94920	0	Training	2	Q94920
	Q9QZ04	0	Training	3	Q9QZ04
	Q93008	0	Training	4	Q93008
	O14981	0	Training	0	O14981
	P38872	0	Training	1	P38872
	A0A455ZAR2	0	Training	2	A0A455ZAR2
	Q61624	0	Training	3	Q61624
	Q32PI6	0	Training	4	Q32PI6
	Q09793	0	Training	0	Q09793
	Q9H334	0	Training	1	Q9H334
	O94238	0	Training	2	O94238
	P14868	0	Training	3	P14868
	Q9TZ64	0	Training	4	Q9TZ64
	P47148	0	Training	0	P47148
	O74359	0	Training	1	O74359
	Q8GUI6	0	Training	2	Q8GUI6
	P41247	0	Training	3	P41247
	Q03954	0	Training	4	Q03954
	P07910	0	Training	0	P07910
	Q27934	0	Training	1	Q27934
	P32585	0	Training	2	P32585
	Q8VYZ5	0	Training	3	Q8VYZ5
	Q9ERQ3	0	Training	4	Q9ERQ3
	D3ZAW2	0	Training	0	D3ZAW2
	P34567	0	Training	1	P34567
	Q7SHR6	0	Training	2	Q7SHR6
	Q9C9T2	0	Training	3	Q9C9T2
	P33201	0	Training	4	P33201
	E9PXM9	0	Training	0	E9PXM9
	Q8NAP3	0	Training	1	Q8NAP3
	Q96VH5	0	Training	2	Q96VH5
	Q10103	0	Training	3	Q10103
	P11860	0	Training	4	P11860
	P15325	0	Training	0	P15325
	Q1MT80	0	Training	1	Q1MT80
	Q9UJX5	0	Training	2	Q9UJX5
	Q8IWD4	0	Training	3	Q8IWD4
	Q96QA5	0	Training	4	Q96QA5
	Q9SNB6	0	Training	0	Q9SNB6
	P59178	0	Training	1	P59178
	O13988	0	Training	2	O13988
	P36161	0	Training	3	P36161
	Q7Z695	0	Training	4	Q7Z695
	P0DP88	0	Training	0	P0DP88
	P51906	0	Training	1	P51906
	P32807	0	Training	2	P32807
	E1JH25	0	Training	3	E1JH25
	P04117	0	Training	4	P04117
	P53070	0	Training	0	P53070
	Q24459	0	Training	1	Q24459
	Q5T890	0	Training	2	Q5T890
	P43332	0	Training	3	P43332
	Q8WVY7	0	Training	4	Q8WVY7
	P29677	0	Training	0	P29677
	P78753	0	Training	1	P78753
	O75665	0	Training	2	O75665
	F4KCE9	0	Training	3	F4KCE9
	Q383Q5	0	Training	4	Q383Q5
	Q96AP0	0	Training	0	Q96AP0
	Q9LTQ0	0	Training	1	Q9LTQ0
	W0RYD3	0	Training	2	W0RYD3
	P28644	0	Training	3	P28644
	P82244	0	Training	4	P82244
	P97609	0	Training	0	P97609
	P43582	0	Training	1	P43582
	Q12321	0	Training	2	Q12321
	P19173	0	Training	3	P19173
	Q9NS91	0	Training	4	Q9NS91
	Q04089	0	Training	0	Q04089
	P25441	0	Training	1	P25441
	D4A7U2	0	Training	2	D4A7U2
	Q6PGP7	0	Training	3	Q6PGP7
	O42804	0	Training	4	O42804
	P53254	0	Training	0	P53254
	Q9M219	0	Training	1	Q9M219
	A0A7U2MSD6	0	Training	2	A0A7U2MSD6
	Q03774	0	Training	3	Q03774
	S8EZA7	0	Training	4	S8EZA7
	Q9FWR4	0	Training	0	Q9FWR4
	Q9LZX6	0	Training	1	Q9LZX6
	Q8BUX5	0	Training	2	Q8BUX5
	Q9FJW4	0	Training	3	Q9FJW4
	Q6R3K9	0	Training	4	Q6R3K9
	Q8VIM5	0	Training	0	Q8VIM5
	Q965H3	0	Training	1	Q965H3
	Q9NX55	0	Training	2	Q9NX55
	Q5N712	0	Training	3	Q5N712
	P48376	0	Training	4	P48376
	O74910	0	Training	0	O74910
	Q9LFC0	0	Training	1	Q9LFC0
	P40072	0	Training	2	P40072
	Q9QWV4	0	Training	3	Q9QWV4
	Q9FX53	0	Training	4	Q9FX53
	O64973	0	Training	0	O64973
	P41161	0	Training	1	P41161
	Q9TZ70	0	Training	2	Q9TZ70
	Q84JL7	0	Training	3	Q84JL7
	Q26635	0	Training	4	Q26635
	Q3KRB8	0	Training	0	Q3KRB8
	Q9H9A7	0	Training	1	Q9H9A7
	Q9D6J5	0	Training	2	Q9D6J5
	Q9UK41	0	Training	3	Q9UK41
	Q67UU9	0	Training	4	Q67UU9
	Q96N11	0	Training	0	Q96N11
	Q6VY05	0	Training	1	Q6VY05
	Q9H6Z9	0	Training	2	Q9H6Z9
	P34087	0	Training	3	P34087
	Q9Y388	0	Training	4	Q9Y388
	Q9GSF8	0	Training	0	Q9GSF8
	Q3UHH1	0	Training	1	Q3UHH1
	O22914	0	Training	2	O22914
	O43543	0	Training	3	O43543
	Q9HGN4	0	Training	4	Q9HGN4
	P48412	0	Training	0	P48412
	Q5JPH6	0	Training	1	Q5JPH6
	Q9VQB6	0	Training	2	Q9VQB6
	Q9LEM8	0	Training	3	Q9LEM8
	P41073	0	Training	4	P41073
	Q8L557	0	Training	0	Q8L557
	Q96DY5	0	Training	1	Q96DY5
	Q9P3U7	0	Training	2	Q9P3U7
	Q9NWS8	0	Training	3	Q9NWS8
	P82194	0	Training	4	P82194
	Q5T8A7	0	Training	0	Q5T8A7
	Q0VD86	0	Training	1	Q0VD86
	P40528	0	Training	2	P40528
	P14693	0	Training	3	P14693
	Q9LZS0	0	Training	4	Q9LZS0
	P50947	0	Training	0	P50947
	O94609	0	Training	1	O94609
	Q9HAI6	0	Training	2	Q9HAI6
	A2A8T7	0	Training	3	A2A8T7
	Q9H3P2	0	Training	4	Q9H3P2
	Q12481	0	Training	0	Q12481
	P54254	0	Training	1	P54254
	P0C870	0	Training	2	P0C870
	Q3E7A4	0	Training	3	Q3E7A4
	Q9CAC5	0	Training	4	Q9CAC5
	Q9NUL5	0	Training	0	Q9NUL5
	Q3UNH4	0	Training	1	Q3UNH4
	Q99P30	0	Training	2	Q99P30
	U9W802	0	Training	3	U9W802
	Q6NW34	0	Training	4	Q6NW34
	P41970	0	Training	0	P41970
	Q6NPS8	0	Training	1	Q6NPS8
	Q9H5F2	0	Training	2	Q9H5F2
	Q9ZWS6	0	Training	3	Q9ZWS6
	P82715	0	Training	4	P82715
	P97460	0	Training	0	P97460
	A2AMM0	0	Training	1	A2AMM0
	Q9VE04	0	Training	2	Q9VE04
	P21357	0	Training	3	P21357
	Q9Y7Y5	0	Training	4	Q9Y7Y5
	Q07555	0	Training	0	Q07555
	P14724	0	Training	1	P14724
	Q57V03	0	Training	2	Q57V03
	B1AWL2	0	Training	3	B1AWL2
	P20941	0	Training	4	P20941
	P87017	0	Training	0	P87017
	P08907	0	Training	1	P08907
	P0CT58	0	Training	2	P0CT58
	Q8VYF7	0	Training	3	Q8VYF7
	P21801	0	Training	4	P21801
	Q9FPS9	0	Training	0	Q9FPS9
	Q03771	0	Training	1	Q03771
	P25451	0	Training	2	P25451
	Q9LIQ9	0	Training	3	Q9LIQ9
	Q9H0G5	0	Training	4	Q9H0G5
	Q58WW2	0	Training	0	Q58WW2
	Q923W1	0	Training	1	Q923W1
	Q1K8V2	0	Training	2	Q1K8V2
	Q9P6R0	0	Training	3	Q9P6R0
	P25649	0	Training	4	P25649
	Q7LL22	0	Training	0	Q7LL22
	Q9UGC7	0	Training	1	Q9UGC7
	O75367	0	Training	2	O75367
	P38769	0	Training	3	P38769
	Q6ZMT4	0	Training	4	Q6ZMT4
	Q9FGQ9	0	Training	0	Q9FGQ9
	Q0WPU1	0	Training	1	Q0WPU1
	O94450	0	Training	2	O94450
	Q43715	0	Training	3	Q43715
	Q15398	0	Training	4	Q15398
	P07195	0	Training	0	P07195
	Q91VJ5	0	Training	1	Q91VJ5
	Q6F2E7	0	Training	2	Q6F2E7
	Q86WV5	0	Training	3	Q86WV5
	Q5NCQ5	0	Training	4	Q5NCQ5
	Q9LES4	0	Training	0	Q9LES4
	Q60547	0	Training	1	Q60547
	Q8TD31	0	Training	2	Q8TD31
	P24613	0	Training	3	P24613
	O14064	0	Training	4	O14064
	Q53GS9	0	Training	0	Q53GS9
	Q9Y2D1	0	Training	1	Q9Y2D1
	Q62141	0	Training	2	Q62141
	H0YL14	0	Training	3	H0YL14
	Q9WTV7	0	Training	4	Q9WTV7
	E9PYL2	0	Training	0	E9PYL2
	Q9SRX9	0	Training	1	Q9SRX9
	P01109	0	Training	2	P01109
	O43819	0	Training	3	O43819
	O60336	0	Training	4	O60336
	Q9P7T4	0	Training	0	Q9P7T4
	Q9QYB1	0	Training	1	Q9QYB1
	O13758	0	Training	2	O13758
	Q9UUH3	0	Training	3	Q9UUH3
	Q17RH7	0	Training	4	Q17RH7
	O65258	0	Training	0	O65258
	Q9VQ30	0	Training	1	Q9VQ30
	Q6IUP1	0	Training	2	Q6IUP1
	Q8VY80	0	Training	3	Q8VY80
	Q09M02	0	Training	4	Q09M02
	Q12405	0	Training	0	Q12405
	O54982	0	Training	1	O54982
	P82195	0	Training	2	P82195
	Q93W20	0	Training	3	Q93W20
	Q03565	0	Training	4	Q03565
	Q7Z2W9	0	Training	0	Q7Z2W9
	Q9NX76	0	Training	1	Q9NX76
	Q05648	0	Training	2	Q05648
	Q8BQP9	0	Training	3	Q8BQP9
	P17152	0	Training	4	P17152
	Q504T8	0	Training	0	Q504T8
	Q96SB3	0	Training	1	Q96SB3
	O94286	0	Training	2	O94286
	Q9NW75	0	Training	3	Q9NW75
	Q3E7B7	0	Training	4	Q3E7B7
	P47128	0	Training	0	P47128
	Q90X64	0	Training	1	Q90X64
	Q6DN90	0	Training	2	Q6DN90
	O94761	0	Training	3	O94761
	E7FKV8	0	Training	4	E7FKV8
	O13800	0	Training	0	O13800
	Q9UUG2	0	Training	1	Q9UUG2
	Q9GS00	0	Training	2	Q9GS00
	P82673	0	Training	3	P82673
	O74311	0	Training	4	O74311
	F4JLC1	0	Training	0	F4JLC1
	P38236	0	Training	1	P38236
	Q86YS7	0	Training	2	Q86YS7
	Q865Y9	0	Training	3	Q865Y9
	P53184	0	Training	4	P53184
	O14235	0	Training	0	O14235
	Q9LS48	0	Training	1	Q9LS48
	B5DFG1	0	Training	2	B5DFG1
	Q9Y2F5	0	Training	3	Q9Y2F5
	Q6NNL9	0	Training	4	Q6NNL9
	Q15078	0	Training	0	Q15078
	P46972	0	Training	1	P46972
	P41958	0	Training	2	P41958
	Q06497	0	Training	3	Q06497
	Q04305	0	Training	4	Q04305
	Q8N3Z6	0	Training	0	Q8N3Z6
	Q9UUE5	0	Training	1	Q9UUE5
	Q9FL26	0	Training	2	Q9FL26
	Q12996	0	Training	3	Q12996
	Q18825	0	Training	4	Q18825
	P24391	0	Training	0	P24391
	Q8IXQ6	0	Training	1	Q8IXQ6
	Q00312	0	Training	2	Q00312
	Q6NZY4	0	Training	3	Q6NZY4
	Q9NVS2	0	Training	4	Q9NVS2
	Q9JHS2	0	Training	0	Q9JHS2
	P21281	0	Training	1	P21281
	P05626	0	Training	2	P05626
	P04080	0	Training	3	P04080
	Q99836	0	Training	4	Q99836
	P19536	0	Training	0	P19536
	O14734	0	Training	1	O14734
	O48847	0	Training	2	O48847
	Q9BS16	0	Training	3	Q9BS16
	Q9CZ42	0	Training	4	Q9CZ42
	P80299	0	Training	0	P80299
	Q9VGA4	0	Training	1	Q9VGA4
	P30429	0	Training	2	P30429
	P93009	0	Training	3	P93009
	Q9CUU3	0	Training	4	Q9CUU3
	Q6X4W1	0	Training	0	Q6X4W1
	Q10287	0	Training	1	Q10287
	O74465	0	Training	2	O74465
	Q8RXD6	0	Training	3	Q8RXD6
	Q38897	0	Training	4	Q38897
	Q14997	0	Training	0	Q14997
	Q84JE8	0	Training	1	Q84JE8
	Q9LY74	0	Training	2	Q9LY74
	P53220	0	Training	3	P53220
	Q80WE4	0	Training	4	Q80WE4
	P53958	0	Training	0	P53958
	Q9VKM6	0	Training	1	Q9VKM6
	P0DN34	0	Training	2	P0DN34
	Q9SR43	0	Training	3	Q9SR43
	Q9P7N4	0	Training	4	Q9P7N4
	D4A3U0	0	Training	0	D4A3U0
	Q99808	0	Training	1	Q99808
	P22697	0	Training	2	P22697
	Q96QF7	0	Training	3	Q96QF7
	Q53JF7	0	Training	4	Q53JF7
	A3R064	0	Training	0	A3R064
	Q7L2Z9	0	Training	1	Q7L2Z9
	O60952	0	Training	2	O60952
	P25502	0	Training	3	P25502
	Q14157	0	Training	4	Q14157
	Q40477	0	Training	0	Q40477
	O14210	0	Training	1	O14210
	O81242	0	Training	2	O81242
	Q05937	0	Training	3	Q05937
	O02351	0	Training	4	O02351
	P12852	0	Training	0	P12852
	O59800	0	Training	1	O59800
	P43244	0	Training	2	P43244
	Q4KL25	0	Training	3	Q4KL25
	Q78ZR5	0	Training	4	Q78ZR5
	P12954	0	Training	0	P12954
	P33308	0	Training	1	P33308
	Q9CAF6	0	Training	2	Q9CAF6
	Q9NYJ8	0	Training	3	Q9NYJ8
	P50875	0	Training	4	P50875
	F4I1T7	0	Training	0	F4I1T7
	Q94CE5	0	Training	1	Q94CE5
	Q9UM07	0	Training	2	Q9UM07
	Q7L5N1	0	Training	3	Q7L5N1
	Q9SQI2	0	Training	4	Q9SQI2
	Q99MI9	0	Training	0	Q99MI9
	P43554	0	Training	1	P43554
	Q949W6	0	Training	2	Q949W6
	O43818	0	Training	3	O43818
	Q9QZ59	0	Training	4	Q9QZ59
	Q9JM80	0	Training	0	Q9JM80
	Q9DBA9	0	Training	1	Q9DBA9
	Q8W487	0	Training	2	Q8W487
	O61016	0	Training	3	O61016
	Q96GC5	0	Training	4	Q96GC5
	P39996	0	Training	0	P39996
	P0C2B9	0	Training	1	P0C2B9
	Q8BNX7	0	Training	2	Q8BNX7
	Q9NZJ6	0	Training	3	Q9NZJ6
	Q57ZI5	0	Training	4	Q57ZI5
	Q9VIV2	0	Training	0	Q9VIV2
	P52164	0	Training	1	P52164
	Q681Z2	0	Training	2	Q681Z2
	P39685	0	Training	3	P39685
	Q9JM05	0	Training	4	Q9JM05
	P47131	0	Training	0	P47131
	P38806	0	Training	1	P38806
	A1Z8P9	0	Training	2	A1Z8P9
	P21135	0	Training	3	P21135
	Q8BN78	0	Training	4	Q8BN78
	Q9H040	0	Training	0	Q9H040
	Q8BP40	0	Training	1	Q8BP40
	Q93WX6	0	Training	2	Q93WX6
	E9Q5F9	0	Training	3	E9Q5F9
	Q9SU30	0	Training	4	Q9SU30
	P83211	0	Training	0	P83211
	P39988	0	Training	1	P39988
	Q53QV2	0	Training	2	Q53QV2
	O95551	0	Training	3	O95551
	P41910	0	Training	4	P41910
	P92276	0	Training	0	P92276
	Q86TV6	0	Training	1	Q86TV6
	Q07923	0	Training	2	Q07923
	Q96EU6	0	Training	3	Q96EU6
	Q0WR66	0	Training	4	Q0WR66
	Q01718	0	Training	0	Q01718
	O13983	0	Training	1	O13983
	P39943	0	Training	2	P39943
	Q9Z2D6	0	Training	3	Q9Z2D6
	Q94IN5	0	Training	4	Q94IN5
	Q40460	0	Training	0	Q40460
	Q02764	0	Training	1	Q02764
	Q9P3B2	0	Training	2	Q9P3B2
	Q9QXV1	0	Training	3	Q9QXV1
	P15505	0	Training	4	P15505
	Q9FNY3	0	Training	0	Q9FNY3
	P46674	0	Training	1	P46674
	Q9GZH2	0	Training	2	Q9GZH2
	Q7KZF4	0	Training	3	Q7KZF4
	P42777	0	Training	4	P42777
	Q8N567	0	Training	0	Q8N567
	Q9UTG8	0	Training	1	Q9UTG8
	Q02206	0	Training	2	Q02206
	Q14678	0	Training	3	Q14678
	Q9LUI3	0	Training	4	Q9LUI3
	Q336R3	0	Training	0	Q336R3
	Q80WT4	0	Training	1	Q80WT4
	Q9QX98	0	Training	2	Q9QX98
	Q9BQ95	0	Training	3	Q9BQ95
	Q8C5P7	0	Training	4	Q8C5P7
	Q9H0U9	0	Training	0	Q9H0U9
	Q62504	0	Training	1	Q62504
	Q9FNC9	0	Training	2	Q9FNC9
	Q9NR48	0	Training	3	Q9NR48
	Q8TAF3	0	Training	4	Q8TAF3
	Q9BVL4	0	Training	0	Q9BVL4
	Q6P8X9	0	Training	1	Q6P8X9
	P62685	0	Training	2	P62685
	Q9U226	0	Training	3	Q9U226
	Q8TDV2	0	Training	4	Q8TDV2
	Q9D6Z0	0	Training	0	Q9D6Z0
	Q56NI9	0	Training	1	Q56NI9
	Q8IY18	0	Training	2	Q8IY18
	Q9GZZ1	0	Training	3	Q9GZZ1
	P83758	0	Training	4	P83758
	Q3UUI3	0	Training	0	Q3UUI3
	Q9H410	0	Training	1	Q9H410
	Q06266	0	Training	2	Q06266
	Q03429	0	Training	3	Q03429
	Q10109	0	Training	4	Q10109
	Q9SQR5	0	Training	0	Q9SQR5
	Q9NRP7	0	Training	1	Q9NRP7
	Q93WL3	0	Training	2	Q93WL3
	Q9D563	0	Training	3	Q9D563
	Q9CZP5	0	Training	4	Q9CZP5
	Q06494	0	Training	0	Q06494
	P32266	0	Training	1	P32266
	A0A143ZXM2	0	Training	2	A0A143ZXM2
	A0A075TXZ1	0	Training	3	A0A075TXZ1
	O97965	0	Training	4	O97965
	Q9SBK6	0	Training	0	Q9SBK6
	P82413	0	Training	1	P82413
	Q12262	0	Training	2	Q12262
	P36121	0	Training	3	P36121
	Q6GQQ9	0	Training	4	Q6GQQ9
	Q06184	0	Training	0	Q06184
	P19518	0	Training	1	P19518
	Q9UMN6	0	Training	2	Q9UMN6
	Q49B96	0	Training	3	Q49B96
	O13710	0	Training	4	O13710
	P40002	0	Training	0	P40002
	Q03702	0	Training	1	Q03702
	O60516	0	Training	2	O60516
	P38927	0	Training	3	P38927
	Q3UHU5	0	Training	4	Q3UHU5
	O61660	0	Training	0	O61660
	Q09687	0	Training	1	Q09687
	Q15652	0	Training	2	Q15652
	O74905	0	Training	3	O74905
	O88492	0	Training	4	O88492
	P25367	0	Training	0	P25367
	Q18250	0	Training	1	Q18250
	P55212	0	Training	2	P55212
	Q9Y2Z4	0	Training	3	Q9Y2Z4
	Q9FFG0	0	Training	4	Q9FFG0
	P90551	0	Training	0	P90551
	P10518	0	Training	1	P10518
	P32944	0	Training	2	P32944
	Q9UHI7	0	Training	3	Q9UHI7
	Q9HGM8	0	Training	4	Q9HGM8
	Q5VRD7	0	Training	0	Q5VRD7
	Q9JKD9	0	Training	1	Q9JKD9
	P25646	0	Training	2	P25646
	Q9P7B7	0	Training	3	Q9P7B7
	Q9NYX4	0	Training	4	Q9NYX4
	Q9DAG4	0	Training	0	Q9DAG4
	Q8W4J9	0	Training	1	Q8W4J9
	Q93654	0	Training	2	Q93654
	O96623	0	Training	3	O96623
	Q02548	0	Training	4	Q02548
	Q8VZS9	0	Training	0	Q8VZS9
	S0DHV6	0	Training	1	S0DHV6
	P06391	0	Training	2	P06391
	P22438	0	Training	3	P22438
	Q6Z6S1	0	Training	4	Q6Z6S1
	Q7T0L4	0	Training	0	Q7T0L4
	P11836	0	Training	1	P11836
	P39682	0	Training	2	P39682
	P14832	0	Training	3	P14832
	G7JND3	0	Training	4	G7JND3
	Q14203	0	Training	0	Q14203
	Q96CJ1	0	Training	1	Q96CJ1
	Q15678	0	Training	2	Q15678
	Q05779	0	Training	3	Q05779
	Q7SZL5	0	Training	4	Q7SZL5
	Q9BZ67	0	Training	0	Q9BZ67
	Q8WUG5	0	Training	1	Q8WUG5
	Q2TB02	0	Training	2	Q2TB02
	P23786	0	Training	3	P23786
	Q9VKQ9	0	Training	4	Q9VKQ9
	Q4WW97	0	Training	0	Q4WW97
	Q19131	0	Training	1	Q19131
	P42232	0	Training	2	P42232
	Q9Y8G3	0	Training	3	Q9Y8G3
	Q11184	0	Training	4	Q11184
	Q9H5V7	0	Training	0	Q9H5V7
	Q96B23	0	Training	1	Q96B23
	A8MR65	0	Training	2	A8MR65
	O88271	0	Training	3	O88271
	Q9D3F7	0	Training	4	Q9D3F7
	Q8NGU9	0	Training	0	Q8NGU9
	Q8VZA0	0	Training	1	Q8VZA0
	Q9NZD1	0	Training	2	Q9NZD1
	Q8BIW9	0	Training	3	Q8BIW9
	Q22024	0	Training	4	Q22024
	P27684	0	Training	0	P27684
	Q9HFF5	0	Training	1	Q9HFF5
	Q96QP1	0	Training	2	Q96QP1
	H2KYS8	0	Training	3	H2KYS8
	P20609	0	Training	4	P20609
	Q8WWH5	0	Training	0	Q8WWH5
	P09081	0	Training	1	P09081
	Q94A82	0	Training	2	Q94A82
	Q96PK6	0	Training	3	Q96PK6
	Q21733	0	Training	4	Q21733
	Q9NYK5	0	Training	0	Q9NYK5
	Q09808	0	Training	1	Q09808
	F4JXF1	0	Training	2	F4JXF1
	P25332	0	Training	3	P25332
	Q6P2H3	0	Training	4	Q6P2H3
	Q5BJX1	0	Training	0	Q5BJX1
	Q9LEV3	0	Training	1	Q9LEV3
	Q7Z6V5	0	Training	2	Q7Z6V5
	Q12488	0	Training	3	Q12488
	Q8R1N0	0	Training	4	Q8R1N0
	Q9HD42	0	Training	0	Q9HD42
	Q9FFJ8	0	Training	1	Q9FFJ8
	Q9UTA6	0	Training	2	Q9UTA6
	D3ZUE1	0	Training	3	D3ZUE1
	Q09924	0	Training	4	Q09924
	Q9VEX5	0	Training	0	Q9VEX5
	P11020	0	Training	1	P11020
	P20659	0	Training	2	P20659
	Q8GS60	0	Training	3	Q8GS60
	Q9H078	0	Training	4	Q9H078
	Q07510	0	Training	0	Q07510
	O15297	0	Training	1	O15297
	Q9P0K8	0	Training	2	Q9P0K8
	Q07335	0	Training	3	Q07335
	P36527	0	Training	4	P36527
	Q96DN6	0	Training	0	Q96DN6
	Q6A0D4	0	Training	1	Q6A0D4
	A1L020	0	Training	2	A1L020
	Q9SGY2	0	Training	3	Q9SGY2
	P28328	0	Training	4	P28328
	Q00912	0	Training	0	Q00912
	P40033	0	Training	1	P40033
	Q7S4Y4	0	Training	2	Q7S4Y4
	Q9VQD4	0	Training	3	Q9VQD4
	Q550D5	0	Training	4	Q550D5
	Q6U6G5	0	Training	0	Q6U6G5
	O75943	0	Training	1	O75943
	Q9USV1	0	Training	2	Q9USV1
	Q9SX65	0	Training	3	Q9SX65
	Q8S950	0	Training	4	Q8S950
	P24226	0	Training	0	P24226
	P46736	0	Training	1	P46736
	Q8BHK1	0	Training	2	Q8BHK1
	Q5SV06	0	Training	3	Q5SV06
	G3UYX5	0	Training	4	G3UYX5
	Q9VH08	0	Training	0	Q9VH08
	Q53R41	0	Training	1	Q53R41
	Q9QXX8	0	Training	2	Q9QXX8
	P38937	0	Training	3	P38937
	Q9LHF5	0	Training	4	Q9LHF5
	Q9HBI1	0	Training	0	Q9HBI1
	Q04847	0	Training	1	Q04847
	Q10474	0	Training	2	Q10474
	Q93062	0	Training	3	Q93062
	Q91WA1	0	Training	4	Q91WA1
	P42858	0	Training	0	P42858
	P53155	0	Training	1	P53155
	Q21443	0	Training	2	Q21443
	Q9VB62	0	Training	3	Q9VB62
	Q6IN84	0	Training	4	Q6IN84
	P0C7R1	0	Training	0	P0C7R1
	P30536	0	Training	1	P30536
	O95905	0	Training	2	O95905
	Q6Z6M4	0	Training	3	Q6Z6M4
	E5L8F7	0	Training	4	E5L8F7
	Q9NSN8	0	Training	0	Q9NSN8
	Q18425	0	Training	1	Q18425
	Q94A68	0	Training	2	Q94A68
	Q8CGU4	0	Training	3	Q8CGU4
	P04039	0	Training	4	P04039
	Q9H3J6	0	Training	0	Q9H3J6
	Q06707	0	Training	1	Q06707
	P47007	0	Training	2	P47007
	Q8BKA3	0	Training	3	Q8BKA3
	Q96ST2	0	Training	4	Q96ST2
	Q9VW51	0	Training	0	Q9VW51
	O43521	0	Training	1	O43521
	P38782	0	Training	2	P38782
	Q06091	0	Training	3	Q06091
	Q9HFR0	0	Training	4	Q9HFR0
	P38228	0	Training	0	P38228
	Q587E3	0	Training	1	Q587E3
	P93306	0	Training	2	P93306
	Q04964	0	Training	3	Q04964
	Q17604	0	Training	4	Q17604
	P20293	0	Training	0	P20293
