O74740	Accession	Label	Set	CV_Fold
Q03214	Q03214	0	Training	0
Q86BP6	Q86BP6	0	Training	1
O94329	O94329	0	Training	2
Q49AM1	Q49AM1	0	Training	3
Q9D0Z3	Q9D0Z3	0	Training	4
Q9M280	Q9M280	0	Training	0
Q07800	Q07800	0	Training	1
Q9H814	Q9H814	0	Training	2
Q12338	Q12338	0	Training	3
Q8K0U3	Q8K0U3	0	Training	4
Q52LJ0	Q52LJ0	0	Training	0
P38710	P38710	0	Training	1
P40473	P40473	0	Training	2
Q969F9	Q969F9	0	Training	3
P53142	P53142	0	Training	4
Q9N2W5	Q9N2W5	0	Training	0
Q9HDZ6	Q9HDZ6	0	Training	1
Q9XUB3	Q9XUB3	0	Training	2
Q8C5Y2	Q8C5Y2	0	Training	3
Q10360	Q10360	0	Training	4
Q9WVR8	Q9WVR8	0	Training	0
Q8RWG2	Q8RWG2	0	Training	1
Q8L4H0	Q8L4H0	0	Training	2
Q08816	Q08816	0	Training	3
Q13535	Q13535	0	Training	4
E9Q5G7	E9Q5G7	0	Training	0
P38885	P38885	0	Training	1
O13999	O13999	0	Training	2
P23225	P23225	0	Training	3
G4MWZ7	G4MWZ7	0	Training	4
Q96FC9	Q96FC9	0	Training	0
Q12102	Q12102	0	Training	1
P47127	P47127	0	Training	2
Q8R1B8	Q8R1B8	0	Training	3
Q9Y6K9	Q9Y6K9	0	Training	4
Q09750	Q09750	0	Training	0
O97101	O97101	0	Training	1
Q9UL40	Q9UL40	0	Training	2
Q4KMQ2	Q4KMQ2	0	Training	3
Q9M394	Q9M394	0	Training	4
Q9URT4	Q9URT4	0	Training	0
A0A161CFW5	A0A161CFW5	0	Training	1
Q6AT90	Q6AT90	0	Training	2
O60044	O60044	0	Training	3
O14311	O14311	0	Training	4
P52566	P52566	0	Training	0
Q8LDU4	Q8LDU4	0	Training	1
Q9BT43	Q9BT43	0	Training	2
Q53AQ4	Q53AQ4	0	Training	3
Q9HB21	Q9HB21	0	Training	4
P33751	P33751	0	Training	0
Q8LAC4	Q8LAC4	0	Training	1
O74560	O74560	0	Training	2
P40356	P40356	0	Training	3
Q86TU7	Q86TU7	0	Training	4
Q92688	Q92688	0	Training	0
Q584U2	Q584U2	0	Training	1
Q99LY9	Q99LY9	0	Training	2
Q5HZG9	Q5HZG9	0	Training	3
P38325	P38325	0	Training	4
Q08282	Q08282	0	Training	0
Q9VEA5	Q9VEA5	0	Training	1
Q8RWG1	Q8RWG1	0	Training	2
Q3MJK5	Q3MJK5	0	Training	3
Q10204	Q10204	0	Training	4
Q9Z0Y7	Q9Z0Y7	0	Training	0
Q9Y584	Q9Y584	0	Training	1
Q96SQ7	Q96SQ7	0	Training	2
O54697	O54697	0	Training	3
Q9HB58	Q9HB58	0	Training	4
Q9H6E5	Q9H6E5	0	Training	0
G5EDM7	G5EDM7	0	Training	1
Q9XII1	Q9XII1	0	Training	2
O13859	O13859	0	Training	3
P21757	P21757	0	Training	4
Q9Y5L0	Q9Y5L0	0	Training	0
Q8AYS7	Q8AYS7	0	Training	1
P18847	P18847	0	Training	2
Q9N425	Q9N425	0	Training	3
Q9NVU0	Q9NVU0	0	Training	4
Q93560	Q93560	0	Training	0
Q9NRP2	Q9NRP2	0	Training	1
Q9P2D0	Q9P2D0	0	Training	2
Q9UBS8	Q9UBS8	0	Training	3
O13978	O13978	0	Training	4
G5DBJ0	G5DBJ0	0	Training	0
Q07684	Q07684	0	Training	1
C6KST8	C6KST8	0	Training	2
Q9Y448	Q9Y448	0	Training	3
Q03372	Q03372	0	Training	4
Q09902	Q09902	0	Training	0
P43606	P43606	0	Training	1
Q9C9F5	Q9C9F5	0	Training	2
Q91XW8	Q91XW8	0	Training	3
Q8LIY8	Q8LIY8	0	Training	4
G4SLH0	G4SLH0	0	Training	0
O20029	O20029	0	Training	1
O94358	O94358	0	Training	2
A0A0S2UWC9	A0A0S2UWC9	0	Training	3
Q9H0V1	Q9H0V1	0	Training	4
B0L3A2	B0L3A2	0	Training	0
E9PRG8	E9PRG8	0	Training	1
Q8WQX5	Q8WQX5	0	Training	2
Q86YN6	Q86YN6	0	Training	3
Q9FJL0	Q9FJL0	0	Training	4
F1QN48	F1QN48	0	Training	0
Q9H6R4	Q9H6R4	0	Training	1
Q93Y32	Q93Y32	0	Training	2
Q9T6H8	Q9T6H8	0	Training	3
O75426	O75426	0	Training	4
Q8RWL4	Q8RWL4	0	Training	0
Q9BQ65	Q9BQ65	0	Training	1
Q9BQL6	Q9BQL6	0	Training	2
Q9Y7Y6	Q9Y7Y6	0	Training	3
Q8LEA8	Q8LEA8	0	Training	4
Q8I397	Q8I397	0	Training	0
O74946	O74946	0	Training	1
G5EGA9	G5EGA9	0	Training	2
Q6NVG5	Q6NVG5	0	Training	3
P25038	P25038	0	Training	4
S0DPL8	S0DPL8	0	Training	0
Q9Y237	Q9Y237	0	Training	1
J7M799	J7M799	0	Training	2
Q91VD9	Q91VD9	0	Training	3
Q96CU9	Q96CU9	0	Training	4
F4HVG8	F4HVG8	0	Training	0
Q5BKX6	Q5BKX6	0	Training	1
P24499	P24499	0	Training	2
P14712	P14712	0	Training	3
Q24167	Q24167	0	Training	4
P53885	P53885	0	Training	0
B0F481	B0F481	0	Training	1
P56286	P56286	0	Training	2
Q9BSK0	Q9BSK0	0	Training	3
O65220	O65220	0	Training	4
P07471	P07471	0	Training	0
Q9Y530	Q9Y530	0	Training	1
Q29455	Q29455	0	Training	2
O13894	O13894	0	Training	3
P29147	P29147	0	Training	4
Q08887	Q08887	0	Training	0
P25420	P25420	0	Training	1
Q5PP51	Q5PP51	0	Training	2
O88845	O88845	0	Training	3
P25638	P25638	0	Training	4
Q6P1L8	Q6P1L8	0	Training	0
Q9NYQ3	Q9NYQ3	0	Training	1
Q6UN15	Q6UN15	0	Training	2
O13853	O13853	0	Training	3
Q9VC45	Q9VC45	0	Training	4
Q04751	Q04751	0	Training	0
P38198	P38198	0	Training	1
Q05809	Q05809	0	Training	2
Q9FEN9	Q9FEN9	0	Training	3
Q04341	Q04341	0	Training	4
Q9WVH3	Q9WVH3	0	Training	0
P53721	P53721	0	Training	1
Q12180	Q12180	0	Training	2
Q9R269	Q9R269	0	Training	3
Q1K8E0	Q1K8E0	0	Training	4
P40568	P40568	0	Training	0
Q9QWH1	Q9QWH1	0	Training	1
P07276	P07276	0	Training	2
P27864	P27864	0	Training	3
Q15172	Q15172	0	Training	4
Q20924	Q20924	0	Training	0
Q9DBN1	Q9DBN1	0	Training	1
Q9W6V6	Q9W6V6	0	Training	2
Q01453	Q01453	0	Training	3
Q04264	Q04264	0	Training	4
Q84JW1	Q84JW1	0	Training	0
Q9CPR8	Q9CPR8	0	Training	1
Q9FEC1	Q9FEC1	0	Training	2
Q9NWH2	Q9NWH2	0	Training	3
P40159	P40159	0	Training	4
P38324	P38324	0	Training	0
O13294	O13294	0	Training	1
Q02796	Q02796	0	Training	2
Q02794	Q02794	0	Training	3
P09543	P09543	0	Training	4
Q8WTT2	Q8WTT2	0	Training	0
F4JP43	F4JP43	0	Training	1
P63040	P63040	0	Training	2
O54963	O54963	0	Training	3
Q5T6F0	Q5T6F0	0	Training	4
Q6IQ49	Q6IQ49	0	Training	0
Q9H299	Q9H299	0	Training	1
Q9C8Y3	Q9C8Y3	0	Training	2
O74400	O74400	0	Training	3
Q5ZEP9	Q5ZEP9	0	Training	4
Q9USX8	Q9USX8	0	Training	0
Q6P4A7	Q6P4A7	0	Training	1
Q9FMW8	Q9FMW8	0	Training	2
P34219	P34219	0	Training	3
P69851	P69851	0	Training	4
Q9H7D7	Q9H7D7	0	Training	0
Q8R3C6	Q8R3C6	0	Training	1
Q6NKS4	Q6NKS4	0	Training	2
Q43157	Q43157	0	Training	3
Q96E09	Q96E09	0	Training	4
C0LLJ0	C0LLJ0	0	Training	0
O76075	O76075	0	Training	1
Q7XHR2	Q7XHR2	0	Training	2
P0DI83	P0DI83	0	Training	3
Q0WUA3	Q0WUA3	0	Training	4
Q08553	Q08553	0	Training	0
Q9C5Z3	Q9C5Z3	0	Training	1
Q0PNE2	Q0PNE2	0	Training	2
Q8W234	Q8W234	0	Training	3
Q05543	Q05543	0	Training	4
Q9MBA2	Q9MBA2	0	Training	0
P38818	P38818	0	Training	1
Q6P0N0	Q6P0N0	0	Training	2
Q53TQ3	Q53TQ3	0	Training	3
Q9VQ91	Q9VQ91	0	Training	4
Q9VDW6	Q9VDW6	0	Training	0
O60306	O60306	0	Training	1
Q9H582	Q9H582	0	Training	2
Q19087	Q19087	0	Training	3
Q24142	Q24142	0	Training	4
Q19LA2	Q19LA2	0	Training	0
P46970	P46970	0	Training	1
P0C5Y7	P0C5Y7	0	Training	2
P57725	P57725	0	Training	3
Q60EN8	Q60EN8	0	Training	4
P82162	P82162	0	Training	0
Q8VY15	Q8VY15	0	Training	1
Q7Z6G8	Q7Z6G8	0	Training	2
O74975	O74975	0	Training	3
Q80U87	Q80U87	0	Training	4
Q5T7W0	Q5T7W0	0	Training	0
Q9H467	Q9H467	0	Training	1
O13699	O13699	0	Training	2
Q8IDM6	Q8IDM6	0	Training	3
Q96CM3	Q96CM3	0	Training	4
Q9P2Y4	Q9P2Y4	0	Training	0
Q9GGE2	Q9GGE2	0	Training	1
P22224	P22224	0	Training	2
Q86U44	Q86U44	0	Training	3
Q9M1E7	Q9M1E7	0	Training	4
Q8I8U7	Q8I8U7	0	Training	0
Q12748	Q12748	0	Training	1
F4JTE7	F4JTE7	0	Training	2
Q9H7T9	Q9H7T9	0	Training	3
B5TYT3	B5TYT3	0	Training	4
Q9C9G6	Q9C9G6	0	Training	0
P87133	P87133	0	Training	1
Q584D1	Q584D1	0	Training	2
Q96VH4	Q96VH4	0	Training	3
Q8CI15	Q8CI15	0	Training	4
O14079	O14079	0	Training	0
Q9UUK4	Q9UUK4	0	Training	1
Q7TSZ8	Q7TSZ8	0	Training	2
Q9H1I8	Q9H1I8	0	Training	3
Q3UQS8	Q3UQS8	0	Training	4
O89091	O89091	0	Training	0
P36011	P36011	0	Training	1
Q9CQR4	Q9CQR4	0	Training	2
Q12433	Q12433	0	Training	3
Q02099	Q02099	0	Training	4
Q6P2Q9	Q6P2Q9	0	Training	0
Q86X29	Q86X29	0	Training	1
G5EDP2	G5EDP2	0	Training	2
H3BKT1	H3BKT1	0	Training	3
Q9VPQ6	Q9VPQ6	0	Training	4
P32388	P32388	0	Training	0
Q06011	Q06011	0	Training	1
P22572	P22572	0	Training	2
P12686	P12686	0	Training	3
P32776	P32776	0	Training	4
Q8TAT5	Q8TAT5	0	Training	0
Q8NF64	Q8NF64	0	Training	1
P16383	P16383	0	Training	2
Q08949	Q08949	0	Training	3
P41895	P41895	0	Training	4
Q924H7	Q924H7	0	Training	0
Q02199	Q02199	0	Training	1
Q9ASV5	Q9ASV5	0	Training	2
Q9JKU3	Q9JKU3	0	Training	3
O14893	O14893	0	Training	4
Q9C4Z7	Q9C4Z7	0	Training	0
P81760	P81760	0	Training	1
Q9D495	Q9D495	0	Training	2
F4JZY1	F4JZY1	0	Training	3
Q9U2Z0	Q9U2Z0	0	Training	4
O13788	O13788	0	Training	0
Q5PRF9	Q5PRF9	0	Training	1
P14905	P14905	0	Training	2
Q9Y3V2	Q9Y3V2	0	Training	3
P49957	P49957	0	Training	4
P28033	P28033	0	Training	0
Q3URU2	Q3URU2	0	Training	1
Q99679	Q99679	0	Training	2
Q7M750	Q7M750	0	Training	3
Q8WUX2	Q8WUX2	0	Training	4
P0CH07	P0CH07	0	Training	0
P0DH90	P0DH90	0	Training	1
Q9BXC9	Q9BXC9	0	Training	2
P39547	P39547	0	Training	3
P48608	P48608	0	Training	4
Q8W4D8	Q8W4D8	0	Training	0
P32786	P32786	0	Training	1
Q9SZD6	Q9SZD6	0	Training	2
P48526	P48526	0	Training	3
O08774	O08774	0	Training	4
Q24246	Q24246	0	Training	0
P27707	P27707	0	Training	1
Q9V7P1	Q9V7P1	0	Training	2
P27216	P27216	0	Training	3
Q9UTJ8	Q9UTJ8	0	Training	4
Q9C086	Q9C086	0	Training	0
Q9NY74	Q9NY74	0	Training	1
Q9UHV7	Q9UHV7	0	Training	2
Q22812	Q22812	0	Training	3
Q03760	Q03760	0	Training	4
Q94BT9	Q94BT9	0	Training	0
P25453	P25453	0	Training	1
Q674X7	Q674X7	0	Training	2
Q12315	Q12315	0	Training	3
P08657	P08657	0	Training	4
Q8L7E5	Q8L7E5	0	Training	0
O08773	O08773	0	Training	1
Q9LRZ3	Q9LRZ3	0	Training	2
Q9NPI6	Q9NPI6	0	Training	3
Q9H6K1	Q9H6K1	0	Training	4
A0A445AGS0	A0A445AGS0	0	Training	0
P16658	P16658	0	Training	1
Q62796	Q62796	0	Training	2
Q5A4H5	Q5A4H5	0	Training	3
Q13342	Q13342	0	Training	4
P51163	P51163	0	Training	0
A0A509AKT6	A0A509AKT6	0	Training	1
Q94F00	Q94F00	0	Training	2
Q15286	Q15286	0	Training	3
Q9P0P8	Q9P0P8	0	Training	4
Q8BVG4	Q8BVG4	0	Training	0
P19880	P19880	0	Training	1
Q94CD4	Q94CD4	0	Training	2
P41002	P41002	0	Training	3
P53875	P53875	0	Training	4
P0DW81	P0DW81	0	Training	0
P17442	P17442	0	Training	1
P53167	P53167	0	Training	2
U4PAZ9	U4PAZ9	0	Training	3
P53628	P53628	0	Training	4
Q8WZK3	Q8WZK3	0	Training	0
O75004	O75004	0	Training	1
Q75QN2	Q75QN2	0	Training	2
O46385	O46385	0	Training	3
Q91WW3	Q91WW3	0	Training	4
O49629	O49629	0	Training	0
P82913	P82913	0	Training	1
Q7Z410	Q7Z410	0	Training	2
P46673	P46673	0	Training	3
Q3E785	Q3E785	0	Training	4
Q12373	Q12373	0	Training	0
O35250	O35250	0	Training	1
P60323	P60323	0	Training	2
Q12283	Q12283	0	Training	3
P0CS82	P0CS82	0	Training	4
O94494	O94494	0	Training	0
Q02793	Q02793	0	Training	1
F4K933	F4K933	0	Training	2
O94410	O94410	0	Training	3
Q96CX2	Q96CX2	0	Training	4
P47988	P47988	0	Training	0
Q08509	Q08509	0	Training	1
Q94545	Q94545	0	Training	2
Q17390	Q17390	0	Training	3
Q682U6	Q682U6	0	Training	4
Q9FVR6	Q9FVR6	0	Training	0
P40164	P40164	0	Training	1
Q9Y2I8	Q9Y2I8	0	Training	2
Q4VAE3	Q4VAE3	0	Training	3
G5EFY4	G5EFY4	0	Training	4
P39952	P39952	0	Training	0
P11325	P11325	0	Training	1
Q12334	Q12334	0	Training	2
Q6IQ55	Q6IQ55	0	Training	3
A0A1D9BZF0	A0A1D9BZF0	0	Training	4
Q8N196	Q8N196	0	Training	0
P53188	P53188	0	Training	1
P33203	P33203	0	Training	2
Q99575	Q99575	0	Training	3
Q9FEC4	Q9FEC4	0	Training	4
P22134	P22134	0	Training	0
Q94BN0	Q94BN0	0	Training	1
O15427	O15427	0	Training	2
P27516	P27516	0	Training	3
A0A3Q7HWE4	A0A3Q7HWE4	0	Training	4
Q8GT66	Q8GT66	0	Training	0
Q8NFG4	Q8NFG4	0	Training	1
Q9HDZ3	Q9HDZ3	0	Training	2
Q9Z2S7	Q9Z2S7	0	Training	3
Q9ULE6	Q9ULE6	0	Training	4
Q6NZN1	Q6NZN1	0	Training	0
A2ALU4	A2ALU4	0	Training	1
O60141	O60141	0	Training	2
P52868	P52868	0	Training	3
Q9STY4	Q9STY4	0	Training	4
Q9P7L2	Q9P7L2	0	Training	0
P47158	P47158	0	Training	1
Q920F5	Q920F5	0	Training	2
Q9NGX9	Q9NGX9	0	Training	3
Q9SCR2	Q9SCR2	0	Training	4
Q8GSJ6	Q8GSJ6	0	Training	0
J9VQC4	J9VQC4	0	Training	1
P14908	P14908	0	Training	2
Q08702	Q08702	0	Training	3
Q8IWA0	Q8IWA0	0	Training	4
Q69ZR9	Q69ZR9	0	Training	0
Q68CP9	Q68CP9	0	Training	1
A0A075TRC0	A0A075TRC0	0	Training	2
Q0D2I5	Q0D2I5	0	Training	3
Q9EPK5	Q9EPK5	0	Training	4
Q61127	Q61127	0	Training	0
P06100	P06100	0	Training	1
Q06148	Q06148	0	Training	2
O49570	O49570	0	Training	3
Q0WQ41	Q0WQ41	0	Training	4
Q5U623	Q5U623	0	Training	0
Q9FLU1	Q9FLU1	0	Training	1
Q14140	Q14140	0	Training	2
O60674	O60674	0	Training	3
Q8RWD5	Q8RWD5	0	Training	4
O94972	O94972	0	Training	0
Q12361	Q12361	0	Training	1
P42900	P42900	0	Training	2
A2A288	A2A288	0	Training	3
P47118	P47118	0	Training	4
Q1K548	Q1K548	0	Training	0
O60921	O60921	0	Training	1
P34241	P34241	0	Training	2
P33759	P33759	0	Training	3
G5EEG9	G5EEG9	0	Training	4
Q09184	Q09184	0	Training	0
Q9VKV5	Q9VKV5	0	Training	1
Q6ZIV7	Q6ZIV7	0	Training	2
Q07938	Q07938	0	Training	3
P43557	P43557	0	Training	4
O61707	O61707	0	Training	0
P38255	P38255	0	Training	1
Q9BWC9	Q9BWC9	0	Training	2
Q8N6I1	Q8N6I1	0	Training	3
Q10178	Q10178	0	Training	4
P14604	P14604	0	Training	0
P40099	P40099	0	Training	1
Q9D011	Q9D011	0	Training	2
P82670	P82670	0	Training	3
Q5VTT2	Q5VTT2	0	Training	4
Q9LES2	Q9LES2	0	Training	0
O14161	O14161	0	Training	1
Q76KJ5	Q76KJ5	0	Training	2
P14731	P14731	0	Training	3
P19447	P19447	0	Training	4
Q70CQ1	Q70CQ1	0	Training	0
P00390	P00390	0	Training	1
P46059	P46059	0	Training	2
Q5VWN6	Q5VWN6	0	Training	3
D3Z7H4	D3Z7H4	0	Training	4
Q01750	Q01750	0	Training	0
Q7ZT48	Q7ZT48	0	Training	1
Q9Y3F4	Q9Y3F4	0	Training	2
Q8BVE8	Q8BVE8	0	Training	3
Q6J9Q2	Q6J9Q2	0	Training	4
Q96E29	Q96E29	0	Training	0
P53808	P53808	0	Training	1
P32626	P32626	0	Training	2
Q15560	Q15560	0	Training	3
P22354	P22354	0	Training	4
O94913	O94913	0	Training	0
O82204	O82204	0	Training	1
P30316	P30316	0	Training	2
O22059	O22059	0	Training	3
Q6ZQX7	Q6ZQX7	0	Training	4
A0A0P0WQ90	A0A0P0WQ90	0	Training	0
P38193	P38193	0	Training	1
A0A5B9G902	A0A5B9G902	0	Training	2
Q9D4H9	Q9D4H9	0	Training	3
Q02630	Q02630	0	Training	4
Q9BXJ9	Q9BXJ9	0	Training	0
Q09014	Q09014	0	Training	1
Q8NI36	Q8NI36	0	Training	2
P25188	P25188	0	Training	3
Q9P7H5	Q9P7H5	0	Training	4
Q9Y7K9	Q9Y7K9	0	Training	0
Q8S4Q6	Q8S4Q6	0	Training	1
Q9USM4	Q9USM4	0	Training	2
P40360	P40360	0	Training	3
Q66GP9	Q66GP9	0	Training	4
Q7S910	Q7S910	0	Training	0
A8WFJ9	A8WFJ9	0	Training	1
Q6ZYL4	Q6ZYL4	0	Training	2
P22033	P22033	0	Training	3
Q06678	Q06678	0	Training	4
Q08687	Q08687	0	Training	0
Q9H8E8	Q9H8E8	0	Training	1
P53125	P53125	0	Training	2
P40381	P40381	0	Training	3
Q9NZZ3	Q9NZZ3	0	Training	4
Q9NPD3	Q9NPD3	0	Training	0
Q9D1F4	Q9D1F4	0	Training	1
Q96PN7	Q96PN7	0	Training	2
Q07163	Q07163	0	Training	3
Q8IZD2	Q8IZD2	0	Training	4
P32505	P32505	0	Training	0
Q96GX5	Q96GX5	0	Training	1
P41812	P41812	0	Training	2
Q9ZVA7	Q9ZVA7	0	Training	3
Q8LDU1	Q8LDU1	0	Training	4
Q9R0X4	Q9R0X4	0	Training	0
B6HQN4	B6HQN4	0	Training	1
O60287	O60287	0	Training	2
Q9HAV7	Q9HAV7	0	Training	3
Q8TEC5	Q8TEC5	0	Training	4
Q9HCC9	Q9HCC9	0	Training	0
Q8NF50	Q8NF50	0	Training	1
Q8C624	Q8C624	0	Training	2
Q15038	Q15038	0	Training	3
Q12393	Q12393	0	Training	4
O22267	O22267	0	Training	0
P16455	P16455	0	Training	1
P43309	P43309	0	Training	2
O00463	O00463	0	Training	3
P15771	P15771	0	Training	4
Q9LY23	Q9LY23	0	Training	0
P40084	P40084	0	Training	1
A2AMT1	A2AMT1	0	Training	2
Q557E7	Q557E7	0	Training	3
Q9W0I5	Q9W0I5	0	Training	4
Q9LV91	Q9LV91	0	Training	0
Q9FNZ5	Q9FNZ5	0	Training	1
Q12018	Q12018	0	Training	2
O74350	O74350	0	Training	3
P11930	P11930	0	Training	4
Q9P2N6	Q9P2N6	0	Training	0
Q9BUL9	Q9BUL9	0	Training	1
P53251	P53251	0	Training	2
Q04477	Q04477	0	Training	3
Q6PR54	Q6PR54	0	Training	4
E2RU10	E2RU10	0	Training	0
P49756	P49756	0	Training	1
Q6GPH4	Q6GPH4	0	Training	2
Q06163	Q06163	0	Training	3
Q8N108	Q8N108	0	Training	4
Q15326	Q15326	0	Training	0
Q8VCM2	Q8VCM2	0	Training	1
Q9P267	Q9P267	0	Training	2
Q04149	Q04149	0	Training	3
Q04781	Q04781	0	Training	4
A0A125S9M5	A0A125S9M5	0	Training	0
Q5XIQ3	Q5XIQ3	0	Training	1
P36517	P36517	0	Training	2
P16522	P16522	0	Training	3
P37263	P37263	0	Training	4
Q84N64	Q84N64	0	Training	0
Q10PI9	Q10PI9	0	Training	1
P36136	P36136	0	Training	2
P41846	P41846	0	Training	3
Q86V15	Q86V15	0	Training	4
P47164	P47164	0	Training	0
Q14192	Q14192	0	Training	1
K4C9E2	K4C9E2	0	Training	2
Q10666	Q10666	0	Training	3
P40923	P40923	0	Training	4
P51948	P51948	0	Training	0
P49334	P49334	0	Training	1
Q6SKR2	Q6SKR2	0	Training	2
Q18490	Q18490	0	Training	3
Q06142	Q06142	0	Training	4
Q9VWE6	Q9VWE6	0	Training	0
P0DJH7	P0DJH7	0	Training	1
Q80T69	Q80T69	0	Training	2
Q9NAD6	Q9NAD6	0	Training	3
P39706	P39706	0	Training	4
K7W9N9	K7W9N9	0	Training	0
G5ED29	G5ED29	0	Training	1
Q9LFQ9	Q9LFQ9	0	Training	2
Q84MB6	Q84MB6	0	Training	3
O13777	O13777	0	Training	4
Q5XG73	Q5XG73	0	Training	0
Q96S44	Q96S44	0	Training	1
D3YN49	D3YN49	0	Training	2
J9VP29	J9VP29	0	Training	3
Q8QFX1	Q8QFX1	0	Training	4
Q96JZ2	Q96JZ2	0	Training	0
Q8MIR0	Q8MIR0	0	Training	1
Q9JKL7	Q9JKL7	0	Training	2
Q7ZYP6	Q7ZYP6	0	Training	3
Q7Z412	Q7Z412	0	Training	4
Q9LU68	Q9LU68	0	Training	0
A0A120KVR8	A0A120KVR8	0	Training	1
P53540	P53540	0	Training	2
Q09406	Q09406	0	Training	3
Q12149	Q12149	0	Training	4
Q944A6	Q944A6	0	Training	0
Q9Z0W3	Q9Z0W3	0	Training	1
A8J785	A8J785	0	Training	2
P53999	P53999	0	Training	3
P92792	P92792	0	Training	4
P13405	P13405	0	Training	0
P38727	P38727	0	Training	1
Q96GZ6	Q96GZ6	0	Training	2
P25054	P25054	0	Training	3
Q23064	Q23064	0	Training	4
P82916	P82916	0	Training	0
P48382	P48382	0	Training	1
Q8K4R8	Q8K4R8	0	Training	2
Q8GZR2	Q8GZR2	0	Training	3
L0R6Q1	L0R6Q1	0	Training	4
Q23272	Q23272	0	Training	0
Q9SAR5	Q9SAR5	0	Training	1
Q04347	Q04347	0	Training	2
P40053	P40053	0	Training	3
P29539	P29539	0	Training	4
Q9VBX2	Q9VBX2	0	Training	0
T2BMW7	T2BMW7	0	Training	1
Q9WV69	Q9WV69	0	Training	2
Q39083	Q39083	0	Training	3
P17677	P17677	0	Training	4
Q9GZS1	Q9GZS1	0	Training	0
P39715	P39715	0	Training	1
Q96C01	Q96C01	0	Training	2
Q06623	Q06623	0	Training	3
O43913	O43913	0	Training	4
P25398	P25398	0	Training	0
O43008	O43008	0	Training	1
Q96I23	Q96I23	0	Training	2
Q99741	Q99741	0	Training	3
P21269	P21269	0	Training	4
Q9D494	Q9D494	0	Training	0
Q6PG16	Q6PG16	0	Training	1
Q6P8Z1	Q6P8Z1	0	Training	2
Q92922	Q92922	0	Training	3
Q7SCZ3	Q7SCZ3	0	Training	4
P23326	P23326	0	Training	0
Q9STY0	Q9STY0	0	Training	1
O14925	O14925	0	Training	2
Q96BQ5	Q96BQ5	0	Training	3
Q8L773	Q8L773	0	Training	4
Q9HCI7	Q9HCI7	0	Training	0
P25963	P25963	0	Training	1
Q9UBY9	Q9UBY9	0	Training	2
Q12308	Q12308	0	Training	3
E9EWQ4	E9EWQ4	0	Training	4
Q8CDY7	Q8CDY7	0	Training	0
Q8LD98	Q8LD98	0	Training	1
P30414	P30414	0	Training	2
Q9Y6W5	Q9Y6W5	0	Training	3
Q99L90	Q99L90	0	Training	4
Q96I59	Q96I59	0	Training	0
Q8N7J2	Q8N7J2	0	Training	1
P46940	P46940	0	Training	2
O00566	O00566	0	Training	3
Q8IZL2	Q8IZL2	0	Training	4
P15343	P15343	0	Training	0
Q18237	Q18237	0	Training	1
Q86YI8	Q86YI8	0	Training	2
Q8K3Y6	Q8K3Y6	0	Training	3
Q96EV2	Q96EV2	0	Training	4
O65282	O65282	0	Training	0
Q8NBZ0	Q8NBZ0	0	Training	1
Q5FWF5	Q5FWF5	0	Training	2
P38291	P38291	0	Training	3
P32862	P32862	0	Training	4
K4PW38	K4PW38	0	Training	0
P49773	P49773	0	Training	1
P32841	P32841	0	Training	2
Q02953	Q02953	0	Training	3
Q9M2X3	Q9M2X3	0	Training	4
Q6CLY8	Q6CLY8	0	Training	0
Q9VDE4	Q9VDE4	0	Training	1
P07255	P07255	0	Training	2
Q7M2P1	Q7M2P1	0	Training	3
Q3E747	Q3E747	0	Training	4
S0DQI7	S0DQI7	0	Training	0
P34234	P34234	0	Training	1
Q03694	Q03694	0	Training	2
K7WDL7	K7WDL7	0	Training	3
Q7Z7K0	Q7Z7K0	0	Training	4
Q11120	Q11120	0	Training	0
Q12066	Q12066	0	Training	1
O43765	O43765	0	Training	2
Q8VY52	Q8VY52	0	Training	3
B6HU70	B6HU70	0	Training	4
Q7FAD5	Q7FAD5	0	Training	0
Q9NVR2	Q9NVR2	0	Training	1
P46959	P46959	0	Training	2
P35435	P35435	0	Training	3
P68350	P68350	0	Training	4
P79937	P79937	0	Training	0
Q5SXA9	Q5SXA9	0	Training	1
Q8RUN2	Q8RUN2	0	Training	2
Q06109	Q06109	0	Training	3
B2RUZ4	B2RUZ4	0	Training	4
Q8TAS1	Q8TAS1	0	Training	0
P53277	P53277	0	Training	1
Q8IWU4	Q8IWU4	0	Training	2
Q13015	Q13015	0	Training	3
P00107	P00107	0	Training	4
P33441	P33441	0	Training	0
Q9NYJ1	Q9NYJ1	0	Training	1
P32591	P32591	0	Training	2
Q9GZT3	Q9GZT3	0	Training	3
Q14657	Q14657	0	Training	4
Q15847	Q15847	0	Training	0
Q6IBW4	Q6IBW4	0	Training	1
Q9H3F6	Q9H3F6	0	Training	2
P93025	P93025	0	Training	3
Q27403	Q27403	0	Training	4
S8F0G9	S8F0G9	0	Training	0
Q9BUH6	Q9BUH6	0	Training	1
Q23243	Q23243	0	Training	2
P10156	P10156	0	Training	3
P40535	P40535	0	Training	4
Q5VWQ8	Q5VWQ8	0	Training	0
P63098	P63098	0	Training	1
Q62209	Q62209	0	Training	2
Q9NX20	Q9NX20	0	Training	3
Q8NDF8	Q8NDF8	0	Training	4
Q06188	Q06188	0	Training	0
Q9LK76	Q9LK76	0	Training	1
O43058	O43058	0	Training	2
Q04377	Q04377	0	Training	3
P91278	P91278	0	Training	4
P24919	P24919	0	Training	0
Q9H6F5	Q9H6F5	0	Training	1
P32569	P32569	0	Training	2
Q9M4B5	Q9M4B5	0	Training	3
P32785	P32785	0	Training	4
Q9D818	Q9D818	0	Training	0
O74317	O74317	0	Training	1
F4J7T2	F4J7T2	0	Training	2
Q03776	Q03776	0	Training	3
Q811H0	Q811H0	0	Training	4
Q9LZ08	Q9LZ08	0	Training	0
O15226	O15226	0	Training	1
A6QPQ5	A6QPQ5	0	Training	2
P47120	P47120	0	Training	3
Q92619	Q92619	0	Training	4
Q8RWE8	Q8RWE8	0	Training	0
O13834	O13834	0	Training	1
Q0WUY1	Q0WUY1	0	Training	2
Q9SCY2	Q9SCY2	0	Training	3
Q9BXS1	Q9BXS1	0	Training	4
Q08931	Q08931	0	Training	0
P25364	P25364	0	Training	1
O46101	O46101	0	Training	2
P54939	P54939	0	Training	3
Q86UA6	Q86UA6	0	Training	4
P34708	P34708	0	Training	0
Q8K339	Q8K339	0	Training	1
P97303	P97303	0	Training	2
P28803	P28803	0	Training	3
O74518	O74518	0	Training	4
Q9FFK6	Q9FFK6	0	Training	0
Q9BWU0	Q9BWU0	0	Training	1
E1BUG7	E1BUG7	0	Training	2
P10105	P10105	0	Training	3
P47141	P47141	0	Training	4
Q86YD1	Q86YD1	0	Training	0
Q94JU3	Q94JU3	0	Training	1
F4I2J8	F4I2J8	0	Training	2
Q2TB10	Q2TB10	0	Training	3
Q93VT9	Q93VT9	0	Training	4
P18576	P18576	0	Training	0
Q9P000	Q9P000	0	Training	1
Q9H204	Q9H204	0	Training	2
P38302	P38302	0	Training	3
Q6NWY9	Q6NWY9	0	Training	4
Q12062	Q12062	0	Training	0
Q04749	Q04749	0	Training	1
Q06835	Q06835	0	Training	2
D4A4P4	D4A4P4	0	Training	3
Q6NV75	Q6NV75	0	Training	4
Q9C5H9	Q9C5H9	0	Training	0
Q9HGP5	Q9HGP5	0	Training	1
O15084	O15084	0	Training	2
Q9UUM2	Q9UUM2	0	Training	3
O75506	O75506	0	Training	4
P42847	P42847	0	Training	0
Q921G6	Q921G6	0	Training	1
Q06665	Q06665	0	Training	2
B9DGU7	B9DGU7	0	Training	3
P87234	P87234	0	Training	4
P82925	P82925	0	Training	0
Q1ZXU0	Q1ZXU0	0	Training	1
Q12406	Q12406	0	Training	2
P10852	P10852	0	Training	3
P34260	P34260	0	Training	4
G5EDT1	G5EDT1	0	Training	0
Q5VWG9	Q5VWG9	0	Training	1
P32494	P32494	0	Training	2
Q6PDS3	Q6PDS3	0	Training	3
Q9VAM5	Q9VAM5	0	Training	4
Q8SWR3	Q8SWR3	0	Training	0
O93295	O93295	0	Training	1
P48437	P48437	0	Training	2
F1NPG5	F1NPG5	0	Training	3
Q04867	Q04867	0	Training	4
O81852	O81852	0	Training	0
Q9SIU2	Q9SIU2	0	Training	1
Q62868	Q62868	0	Training	2
A0A0R4IMY7	A0A0R4IMY7	0	Training	3
Q19203	Q19203	0	Training	4
Q03782	Q03782	0	Training	0
Q9VBW6	Q9VBW6	0	Training	1
Q9HCJ1	Q9HCJ1	0	Training	2
A0A486WWJ9	A0A486WWJ9	0	Training	3
Q5XVF0	Q5XVF0	0	Training	4
Q9Z2T2	Q9Z2T2	0	Training	0
Q15058	Q15058	0	Training	1
Q7KRI2	Q7KRI2	0	Training	2
Q05131	Q05131	0	Training	3
Q8BMA5	Q8BMA5	0	Training	4
B1AUS7	B1AUS7	0	Training	0
E9Q7G0	E9Q7G0	0	Training	1
P54113	P54113	0	Training	2
Q37708	Q37708	0	Training	3
P46678	P46678	0	Training	4
P53233	P53233	0	Training	0
Q9UJ42	Q9UJ42	0	Training	1
Q8T0D4	Q8T0D4	0	Training	2
Q4ZGE1	Q4ZGE1	0	Training	3
Q9USR9	Q9USR9	0	Training	4
F4JCX9	F4JCX9	0	Training	0
P82281	P82281	0	Training	1
B5X0I6	B5X0I6	0	Training	2
Q08278	Q08278	0	Training	3
Q8WYH8	Q8WYH8	0	Training	4
Q8GXA4	Q8GXA4	0	Training	0
Q1MTR4	Q1MTR4	0	Training	1
Q10426	Q10426	0	Training	2
O94417	O94417	0	Training	3
Q13285	Q13285	0	Training	4
Q96IZ2	Q96IZ2	0	Training	0
Q08959	Q08959	0	Training	1
Q6NZ36	Q6NZ36	0	Training	2
Q06089	Q06089	0	Training	3
O08608	O08608	0	Training	4
P15340	P15340	0	Training	0
P18412	P18412	0	Training	1
Q8CIN9	Q8CIN9	0	Training	2
P38227	P38227	0	Training	3
Q09884	Q09884	0	Training	4
O14464	O14464	0	Training	0
W5U2K2	W5U2K2	0	Training	1
Q9LF79	Q9LF79	0	Training	2
P38172	P38172	0	Training	3
O60150	O60150	0	Training	4
Q4E657	Q4E657	0	Training	0
Q9P7C8	Q9P7C8	0	Training	1
O75478	O75478	0	Training	2
Q96M32	Q96M32	0	Training	3
Q7S4E7	Q7S4E7	0	Training	4
A0A0D1E3S6	A0A0D1E3S6	0	Training	0
P38749	P38749	0	Training	1
P38282	P38282	0	Training	2
P14907	P14907	0	Training	3
Q8WXX7	Q8WXX7	0	Training	4
Q8TF40	Q8TF40	0	Training	0
P49842	P49842	0	Training	1
Q9C829	Q9C829	0	Training	2
P19634	P19634	0	Training	3
O00488	O00488	0	Training	4
Q8WVH0	Q8WVH0	0	Training	0
P94077	P94077	0	Training	1
Q673G8	Q673G8	0	Training	2
Q9HD34	Q9HD34	0	Training	3
P60879	P60879	0	Training	4
Q94AI4	Q94AI4	0	Training	0
Q9VS24	Q9VS24	0	Training	1
Q7SA88	Q7SA88	0	Training	2
Q01517	Q01517	0	Training	3
O74563	O74563	0	Training	4
Q91YI6	Q91YI6	0	Training	0
O74844	O74844	0	Training	1
P08417	P08417	0	Training	2
Q8R3H9	Q8R3H9	0	Training	3
O13395	O13395	0	Training	4
A0A7J6K338	A0A7J6K338	0	Training	0
Q12420	Q12420	0	Training	1
Q8L7F7	Q8L7F7	0	Training	2
Q8IXW5	Q8IXW5	0	Training	3
P14066	P14066	0	Training	4
Q9NZ63	Q9NZ63	0	Training	0
Q80Z30	Q80Z30	0	Training	1
Q23405	Q23405	0	Training	2
P28066	P28066	0	Training	3
Q9VEC1	Q9VEC1	0	Training	4
P32843	P32843	0	Training	0
Q10274	Q10274	0	Training	1
Q9ESJ1	Q9ESJ1	0	Training	2
O78750	O78750	0	Training	3
Q9Y314	Q9Y314	0	Training	4
Q9FFF5	Q9FFF5	0	Training	0
Q80WB5	Q80WB5	0	Training	1
P22293	P22293	0	Training	2
Q6P3S6	Q6P3S6	0	Training	3
P0DPI2	P0DPI2	0	Training	4
Q96DE5	Q96DE5	0	Training	0
Q8NAV1	Q8NAV1	0	Training	1
Q9UST6	Q9UST6	0	Training	2
Q03654	Q03654	0	Training	3
P38169	P38169	0	Training	4
Q8GT74	Q8GT74	0	Training	0
Q8L7E9	Q8L7E9	0	Training	1
C6SZ50	C6SZ50	0	Training	2
P53107	P53107	0	Training	3
Q99816	Q99816	0	Training	4
Q5TAX3	Q5TAX3	0	Training	0
O35914	O35914	0	Training	1
Q8N9N2	Q8N9N2	0	Training	2
Q9UDX5	Q9UDX5	0	Training	3
Q96255	Q96255	0	Training	4
P09114	P09114	0	Training	0
O60284	O60284	0	Training	1
Q99JT1	Q99JT1	0	Training	2
O94258	O94258	0	Training	3
Q3HNG7	Q3HNG7	0	Training	4
Q15388	Q15388	0	Training	0
Q6P4F7	Q6P4F7	0	Training	1
Q84TH4	Q84TH4	0	Training	2
O94311	O94311	0	Training	3
Q7SB95	Q7SB95	0	Training	4
B2C6R6	B2C6R6	0	Training	0
P05549	P05549	0	Training	1
Q59H18	Q59H18	0	Training	2
Q3E6R5	Q3E6R5	0	Training	3
Q27539	Q27539	0	Training	4
O02751	O02751	0	Training	0
Q9BUE6	Q9BUE6	0	Training	1
Q567V2	Q567V2	0	Training	2
P43583	P43583	0	Training	3
Q5JNS0	Q5JNS0	0	Training	4
P36159	P36159	0	Training	0
O82264	O82264	0	Training	1
P42566	P42566	0	Training	2
P35639	P35639	0	Training	3
Q9DCX2	Q9DCX2	0	Training	4
P56216	P56216	0	Training	0
O95696	O95696	0	Training	1
Q8N684	Q8N684	0	Training	2
P46781	P46781	0	Training	3
Q92766	Q92766	0	Training	4
Q9Y0E4	Q9Y0E4	0	Training	0
Q8LLD0	Q8LLD0	0	Training	1
Q38AH0	Q38AH0	0	Training	2
Q9H633	Q9H633	0	Training	3
Q08622	Q08622	0	Training	4
Q3TLD5	Q3TLD5	0	Training	0
A0A8I6ASZ5	A0A8I6ASZ5	0	Training	1
Q96I36	Q96I36	0	Training	2
Q9Y808	Q9Y808	0	Training	3
O80669	O80669	0	Training	4
Q9JJK4	Q9JJK4	0	Training	0
O95751	O95751	0	Training	1
Q8H1D4	Q8H1D4	0	Training	2
Q9SK71	Q9SK71	0	Training	3
Q8WXE1	Q8WXE1	0	Training	4
O75132	O75132	0	Training	0
Q9Z0P4	Q9Z0P4	0	Training	1
B3H5K9	B3H5K9	0	Training	2
Q9GYS1	Q9GYS1	0	Training	3
P40023	P40023	0	Training	4
Q9ZPX5	Q9ZPX5	0	Training	0
Q8GWA2	Q8GWA2	0	Training	1
Q53GL0	Q53GL0	0	Training	2
P46962	P46962	0	Training	3
O96626	O96626	0	Training	4
Q8SX83	Q8SX83	0	Training	0
Q94165	Q94165	0	Training	1
Q01962	Q01962	0	Training	2
Q20591	Q20591	0	Training	3
Q9H4M9	Q9H4M9	0	Training	4
Q9CQE1	Q9CQE1	0	Training	0
Q96L08	Q96L08	0	Training	1
Q9S7W5	Q9S7W5	0	Training	2
P36543	P36543	0	Training	3
Q8WW38	Q8WW38	0	Training	4
P35658	P35658	0	Training	0
Q18909	Q18909	0	Training	1
Q9Y2K1	Q9Y2K1	0	Training	2
Q6VNB8	Q6VNB8	0	Training	3
P16547	P16547	0	Training	4
Q05979	Q05979	0	Training	0
Q9Y5U2	Q9Y5U2	0	Training	1
Q6PB70	Q6PB70	0	Training	2
Q15911	Q15911	0	Training	3
P18074	P18074	0	Training	4
P18887	P18887	0	Training	0
Q6NLQ7	Q6NLQ7	0	Training	1
P47979	P47979	0	Training	2
Q969V5	Q969V5	0	Training	3
A8MQL1	A8MQL1	0	Training	4
G8B839	G8B839	0	Training	0
P41814	P41814	0	Training	1
Q09823	Q09823	0	Training	2
P03874	P03874	0	Training	3
Q9UDW3	Q9UDW3	0	Training	4
Q9NWY4	Q9NWY4	0	Training	0
Q9P1Z0	Q9P1Z0	0	Training	1
O80506	O80506	0	Training	2
P0CU09	P0CU09	0	Training	3
Q9SNC0	Q9SNC0	0	Training	4
P01129	P01129	0	Training	0
Q9XFT3	Q9XFT3	0	Training	1
Q923S6	Q923S6	0	Training	2
Q91YJ3	Q91YJ3	0	Training	3
Q9LVI9	Q9LVI9	0	Training	4
Q9UQ84	Q9UQ84	0	Training	0
P38812	P38812	0	Training	1
Q9LG26	Q9LG26	0	Training	2
Q20977	Q20977	0	Training	3
Q96BY2	Q96BY2	0	Training	4
O02219	O02219	0	Training	0
P16371	P16371	0	Training	1
Q8IYM2	Q8IYM2	0	Training	2
P87315	P87315	0	Training	3
A0A2K8FQU5	A0A2K8FQU5	0	Training	4
P40364	P40364	0	Training	0
Q3EBC8	Q3EBC8	0	Training	1
Q9FIE3	Q9FIE3	0	Training	2
Q9VXG1	Q9VXG1	0	Training	3
P25637	P25637	0	Training	4
Q9SEL7	Q9SEL7	0	Training	0
Q96IZ0	Q96IZ0	0	Training	1
Q8N4Q1	Q8N4Q1	0	Training	2
O42648	O42648	0	Training	3
P49903	P49903	0	Training	4
Q9GTP4	Q9GTP4	0	Training	0
P34247	P34247	0	Training	1
P12354	P12354	0	Training	2
Q9AYU1	Q9AYU1	0	Training	3
P53061	P53061	0	Training	4
Q96BI1	Q96BI1	0	Training	0
P38874	P38874	0	Training	1
Q8N3V7	Q8N3V7	0	Training	2
Q17990	Q17990	0	Training	3
P20052	P20052	0	Training	4
Q12219	Q12219	0	Training	0
Q09904	Q09904	0	Training	1
A6NFN3	A6NFN3	0	Training	2
O43812	O43812	0	Training	3
O94585	O94585	0	Training	4
P31228	P31228	0	Training	0
Q9CPP6	Q9CPP6	0	Training	1
O76906	O76906	0	Training	2
Q80ZQ9	Q80ZQ9	0	Training	3
Q07794	Q07794	0	Training	4
P46310	P46310	0	Training	0
Q06324	Q06324	0	Training	1
Q8WW12	Q8WW12	0	Training	2
Q8W4B1	Q8W4B1	0	Training	3
Q8N5M1	Q8N5M1	0	Training	4
Q03799	Q03799	0	Training	0
Q99L02	Q99L02	0	Training	1
P38870	P38870	0	Training	2
Q84LM4	Q84LM4	0	Training	3
Q8L983	Q8L983	0	Training	4
Q9LW00	Q9LW00	0	Training	0
P21306	P21306	0	Training	1
Q84VQ4	Q84VQ4	0	Training	2
Q8L9X2	Q8L9X2	0	Training	3
Q99929	Q99929	0	Training	4
Q9CWR0	Q9CWR0	0	Training	0
Q8N7A1	Q8N7A1	0	Training	1
Q2TAK8	Q2TAK8	0	Training	2
A0A509APT1	A0A509APT1	0	Training	3
O23722	O23722	0	Training	4
P46946	P46946	0	Training	0
Q13772	Q13772	0	Training	1
O14894	O14894	0	Training	2
O14336	O14336	0	Training	3
Q02223	Q02223	0	Training	4
Q14CB8	Q14CB8	0	Training	0
Q3T9M1	Q3T9M1	0	Training	1
Q969V6	Q969V6	0	Training	2
P28007	P28007	0	Training	3
Q02959	Q02959	0	Training	4
Q9FYS5	Q9FYS5	0	Training	0
Q15916	Q15916	0	Training	1
Q8IYL3	Q8IYL3	0	Training	2
P53834	P53834	0	Training	3
O23813	O23813	0	Training	4
Q86W54	Q86W54	0	Training	0
Q9M8S7	Q9M8S7	0	Training	1
P25008	P25008	0	Training	2
Q8CII8	Q8CII8	0	Training	3
P40467	P40467	0	Training	4
F4JRB0	F4JRB0	0	Training	0
Q8ISM1	Q8ISM1	0	Training	1
Q80Z37	Q80Z37	0	Training	2
P59382	P59382	0	Training	3
Q7M6Y2	Q7M6Y2	0	Training	4
Q39056	Q39056	0	Training	0
Q9SR77	Q9SR77	0	Training	1
Q9ZQI7	Q9ZQI7	0	Training	2
Q9VDV3	Q9VDV3	0	Training	3
Q6BDR8	Q6BDR8	0	Training	4
Q9CAF5	Q9CAF5	0	Training	0
P33749	P33749	0	Training	1
I1RC73	I1RC73	0	Training	2
Q0QWG9	Q0QWG9	0	Training	3
Q96IX5	Q96IX5	0	Training	4
Q8CJ26	Q8CJ26	0	Training	0
Q0JHU5	Q0JHU5	0	Training	1
F4J284	F4J284	0	Training	2
P83565	P83565	0	Training	3
Q9VYX1	Q9VYX1	0	Training	4
Q9C103	Q9C103	0	Training	0
Q9BW91	Q9BW91	0	Training	1
Q03254	Q03254	0	Training	2
P40055	P40055	0	Training	3
Q9M390	Q9M390	0	Training	4
O77408	O77408	0	Training	0
Q5AJU7	Q5AJU7	0	Training	1
G1UH28	G1UH28	0	Training	2
P14164	P14164	0	Training	3
Q9XI73	Q9XI73	0	Training	4
Q53H47	Q53H47	0	Training	0
Q9Y5S8	Q9Y5S8	0	Training	1
Q8NDX5	Q8NDX5	0	Training	2
Q8TDR4	Q8TDR4	0	Training	3
Q7S5N0	Q7S5N0	0	Training	4
P97376	P97376	0	Training	0
P38262	P38262	0	Training	1
Q9M1X2	Q9M1X2	0	Training	2
Q8WWC4	Q8WWC4	0	Training	3
Q9SU71	Q9SU71	0	Training	4
Q9LRI8	Q9LRI8	0	Training	0
Q9Y7N1	Q9Y7N1	0	Training	1
P47035	P47035	0	Training	2
Q9UU99	Q9UU99	0	Training	3
Q4KLP8	Q4KLP8	0	Training	4
A0A0N7KIY3	A0A0N7KIY3	0	Training	0
E5KBU3	E5KBU3	0	Training	1
Q9V3H8	Q9V3H8	0	Training	2
Q12038	Q12038	0	Training	3
F4HZG9	F4HZG9	0	Training	4
Q09847	Q09847	0	Training	0
P91853	P91853	0	Training	1
Q94AV5	Q94AV5	0	Training	2
Q6ZRQ5	Q6ZRQ5	0	Training	3
P62277	P62277	0	Training	4
Q8NI35	Q8NI35	0	Training	0
Q569Z6	Q569Z6	0	Training	1
Q9R1X4	Q9R1X4	0	Training	2
H2KYU6	H2KYU6	0	Training	3
Q9SID1	Q9SID1	0	Training	4
Q03973	Q03973	0	Training	0
O82645	O82645	0	Training	1
P32380	P32380	0	Training	2
O14503	O14503	0	Training	3
O23945	O23945	0	Training	4
Q18412	Q18412	0	Training	0
Q9FNZ4	Q9FNZ4	0	Training	1
Q9M297	Q9M297	0	Training	2
Q9Y6G5	Q9Y6G5	0	Training	3
P38848	P38848	0	Training	4
Q9JIX9	Q9JIX9	0	Training	0
O60053	O60053	0	Training	1
Q8CD10	Q8CD10	0	Training	2
P09087	P09087	0	Training	3
Q8N8Q8	Q8N8Q8	0	Training	4
Q9W3E2	Q9W3E2	0	Training	0
P70444	P70444	0	Training	1
Q93VP3	Q93VP3	0	Training	2
Q9NVT9	Q9NVT9	0	Training	3
Q0WV90	Q0WV90	0	Training	4
Q86Y01	Q86Y01	0	Training	0
Q86VI4	Q86VI4	0	Training	1
Q6ZRS2	Q6ZRS2	0	Training	2
Q9SR62	Q9SR62	0	Training	3
O95180	O95180	0	Training	4
Q9TYY7	Q9TYY7	0	Training	0
Q6Q547	Q6Q547	0	Training	1
Q42687	Q42687	0	Training	2
Q0VGT2	Q0VGT2	0	Training	3
Q1MTQ0	Q1MTQ0	0	Training	4
P70399	P70399	0	Training	0
P93203	P93203	0	Training	1
Q13426	Q13426	0	Training	2
Q9VHI4	Q9VHI4	0	Training	3
P46947	P46947	0	Training	4
P32314	P32314	0	Training	0
Q9LLC6	Q9LLC6	0	Training	1
P34226	P34226	0	Training	2
Q6ZBH6	Q6ZBH6	0	Training	3
Q96QF0	Q96QF0	0	Training	4
A0A5K7RLP0	A0A5K7RLP0	0	Training	0
O04479	O04479	0	Training	1
Q9D5U8	Q9D5U8	0	Training	2
Q9UGP4	Q9UGP4	0	Training	3
Q9H2X8	Q9H2X8	0	Training	4
Q9FY74	Q9FY74	0	Training	0
E9F591	E9F591	0	Training	1
P13804	P13804	0	Training	2
Q94FY8	Q94FY8	0	Training	3
Q9H9P5	Q9H9P5	0	Training	4
P43558	P43558	0	Training	0
P19955	P19955	0	Training	1
P53208	P53208	0	Training	2
Q2EMV9	Q2EMV9	0	Training	3
Q04779	Q04779	0	Training	4
Q9BWF2	Q9BWF2	0	Training	0
Q9V4P1	Q9V4P1	0	Training	1
G5EEH9	G5EEH9	0	Training	2
P58753	P58753	0	Training	3
Q9FHK4	Q9FHK4	0	Training	4
Q9FLD5	Q9FLD5	0	Training	0
Q8R5A3	Q8R5A3	0	Training	1
Q05050	Q05050	0	Training	2
G5EEV2	G5EEV2	0	Training	3
P06813	P06813	0	Training	4
Q9SRP6	Q9SRP6	0	Training	0
Q9SSE9	Q9SSE9	0	Training	1
Q6UWF3	Q6UWF3	0	Training	2
O88291	O88291	0	Training	3
Q99LW6	Q99LW6	0	Training	4
Q12400	Q12400	0	Training	0
P53332	P53332	0	Training	1
Q8BZA9	Q8BZA9	0	Training	2
Q9BY27	Q9BY27	0	Training	3
O13612	O13612	0	Training	4
Q9I7K6	Q9I7K6	0	Training	0
Q6GYP7	Q6GYP7	0	Training	1
Q8NBF2	Q8NBF2	0	Training	2
Q13336	Q13336	0	Training	3
P47821	P47821	0	Training	4
Q9NZQ3	Q9NZQ3	0	Training	0
Q7XA78	Q7XA78	0	Training	1
O42855	O42855	0	Training	2
Q8IWL8	Q8IWL8	0	Training	3
Q9H875	Q9H875	0	Training	4
P34224	P34224	0	Training	0
Q9XZ34	Q9XZ34	0	Training	1
P29692	P29692	0	Training	2
Q15287	Q15287	0	Training	3
Q5SNT2	Q5SNT2	0	Training	4
Q9NYG5	Q9NYG5	0	Training	0
P40063	P40063	0	Training	1
Q9BXL8	Q9BXL8	0	Training	2
Q9SK50	Q9SK50	0	Training	3
Q9LVA9	Q9LVA9	0	Training	4
P06652	P06652	0	Training	0
G2TRN4	G2TRN4	0	Training	1
Q6C6R8	Q6C6R8	0	Training	2
Q61464	Q61464	0	Training	3
Q9BRT3	Q9BRT3	0	Training	4
Q9LRB7	Q9LRB7	0	Training	0
Q70Z53	Q70Z53	0	Training	1
O94468	O94468	0	Training	2
Q6TA49	Q6TA49	0	Training	3
Q8GWQ6	Q8GWQ6	0	Training	4
O74387	O74387	0	Training	0
O60356	O60356	0	Training	1
Q10R09	Q10R09	0	Training	2
Q12507	Q12507	0	Training	3
Q9ULV3	Q9ULV3	0	Training	4
Q9M3K7	Q9M3K7	0	Training	0
P06774	P06774	0	Training	1
Q07799	Q07799	0	Training	2
Q7Z418	Q7Z418	0	Training	3
Q9LVG4	Q9LVG4	0	Training	4
Q8WVC0	Q8WVC0	0	Training	0
Q14154	Q14154	0	Training	1
Q80WE1	Q80WE1	0	Training	2
P19263	P19263	0	Training	3
Q9XIB5	Q9XIB5	0	Training	4
Q9LMK5	Q9LMK5	0	Training	0
Q9FQ08	Q9FQ08	0	Training	1
Q5XF07	Q5XF07	0	Training	2
Q9BQG0	Q9BQG0	0	Training	3
Q12080	Q12080	0	Training	4
P79015	P79015	0	Training	0
P40757	P40757	0	Training	1
Q12734	Q12734	0	Training	2
Q8K0U4	Q8K0U4	0	Training	3
P23611	P23611	0	Training	4
O60164	O60164	0	Training	0
Q9H5J8	Q9H5J8	0	Training	1
O95477	O95477	0	Training	2
P70582	P70582	0	Training	3
Q96QE3	Q96QE3	0	Training	4
Q9W603	Q9W603	0	Training	0
Q9US52	Q9US52	0	Training	1
Q680Q4	Q680Q4	0	Training	2
Q03111	Q03111	0	Training	3
Q9UJA2	Q9UJA2	0	Training	4
P47002	P47002	0	Training	0
O75920	O75920	0	Training	1
P39713	P39713	0	Training	2
Q9ULP9	Q9ULP9	0	Training	3
Q96P16	Q96P16	0	Training	4
Q03327	Q03327	0	Training	0
O59757	O59757	0	Training	1
P50479	P50479	0	Training	2
Q07688	Q07688	0	Training	3
Q8NCN2	Q8NCN2	0	Training	4
Q8N668	Q8N668	0	Training	0
P82137	P82137	0	Training	1
P40850	P40850	0	Training	2
Q9S9Z2	Q9S9Z2	0	Training	3
P0CT69	P0CT69	0	Training	4
O93956	O93956	0	Training	0
Q06512	Q06512	0	Training	1
A0A5K1K8Y8	A0A5K1K8Y8	0	Training	2
Q8L627	Q8L627	0	Training	3
Q8L5Z4	Q8L5Z4	0	Training	4
Q9GZU8	Q9GZU8	0	Training	0
Q5W0Q7	Q5W0Q7	0	Training	1
Q9NR21	Q9NR21	0	Training	2
Q9H5P4	Q9H5P4	0	Training	3
P78811	P78811	0	Training	4
Q03153	Q03153	0	Training	0
A4F267	A4F267	0	Training	1
Q9BVS5	Q9BVS5	0	Training	2
Q94234	Q94234	0	Training	3
Q9W415	Q9W415	0	Training	4
Q9BXV9	Q9BXV9	0	Training	0
O74736	O74736	0	Training	1
O75179	O75179	0	Training	2
Q02775	Q02775	0	Training	3
Q05166	Q05166	0	Training	4
Q9LZP8	Q9LZP8	0	Training	0
Q9NVV9	Q9NVV9	0	Training	1
A1L167	A1L167	0	Training	2
P97287	P97287	0	Training	3
Q9ULY5	Q9ULY5	0	Training	4
Q91836	Q91836	0	Training	0
P42114	P42114	0	Training	1
O95104	O95104	0	Training	2
Q8IH18	Q8IH18	0	Training	3
Q8N3J3	Q8N3J3	0	Training	4
Q9LKX9	Q9LKX9	0	Training	0
Q7S1R6	Q7S1R6	0	Training	1
P07199	P07199	0	Training	2
Q9NZC4	Q9NZC4	0	Training	3
Q10154	Q10154	0	Training	4
Q7L0X2	Q7L0X2	0	Training	0
P38182	P38182	0	Training	1
Q96BM1	Q96BM1	0	Training	2
Q95QK3	Q95QK3	0	Training	3
P97452	P97452	0	Training	4
O23403	O23403	0	Training	0
Q9Y2X0	Q9Y2X0	0	Training	1
Q04170	Q04170	0	Training	2
P48240	P48240	0	Training	3
Q9SL94	Q9SL94	0	Training	4
P10355	P10355	0	Training	0
P38936	P38936	0	Training	1
Q9UL03	Q9UL03	0	Training	2
Q6A078	Q6A078	0	Training	3
P69850	P69850	0	Training	4
Q8NEZ2	Q8NEZ2	0	Training	0
Q7JRE4	Q7JRE4	0	Training	1
Q13573	Q13573	0	Training	2
A0A0K3AUE4	A0A0K3AUE4	0	Training	3
Q6NLC1	Q6NLC1	0	Training	4
Q86X51	Q86X51	0	Training	0
Q7SH52	Q7SH52	0	Training	1
Q5AP95	Q5AP95	0	Training	2
Q9BQ48	Q9BQ48	0	Training	3
P40458	P40458	0	Training	4
P39995	P39995	0	Training	0
Q9LFE0	Q9LFE0	0	Training	1
Q14CZ7	Q14CZ7	0	Training	2
Q9NUK0	Q9NUK0	0	Training	3
D3Z6Q9	D3Z6Q9	0	Training	4
Q8INR6	Q8INR6	0	Training	0
P15330	P15330	0	Training	1
Q9STG9	Q9STG9	0	Training	2
Q9I9B9	Q9I9B9	0	Training	3
Q6AT41	Q6AT41	0	Training	4
P16580	P16580	0	Training	0
Q99LC3	Q99LC3	0	Training	1
P53159	P53159	0	Training	2
P10069	P10069	0	Training	3
P80404	P80404	0	Training	4
P37727	P37727	0	Training	0
Q8GWA7	Q8GWA7	0	Training	1
P08638	P08638	0	Training	2
Q9BVI4	Q9BVI4	0	Training	3
O13600	O13600	0	Training	4
Q9TVM2	Q9TVM2	0	Training	0
Q8N4E7	Q8N4E7	0	Training	1
Q95R35	Q95R35	0	Training	2
O01811	O01811	0	Training	3
P38882	P38882	0	Training	4
Q15080	Q15080	0	Training	0
Q0VD83	Q0VD83	0	Training	1
P35244	P35244	0	Training	2
Q04179	Q04179	0	Training	3
B4DJY2	B4DJY2	0	Training	4
Q9VUB5	Q9VUB5	0	Training	0
Q8K3W2	Q8K3W2	0	Training	1
P82252	P82252	0	Training	2
Q8S8K8	Q8S8K8	0	Training	3
Q53GL7	Q53GL7	0	Training	4
Q12340	Q12340	0	Training	0
Q9UBP6	Q9UBP6	0	Training	1
Q8BGS1	Q8BGS1	0	Training	2
Q01992	Q01992	0	Training	3
Q13523	Q13523	0	Training	4
Q06493	Q06493	0	Training	0
Q93V66	Q93V66	0	Training	1
Q9LVB9	Q9LVB9	0	Training	2
P09940	P09940	0	Training	3
P87074	P87074	0	Training	4
O74958	O74958	0	Training	0
O13722	O13722	0	Training	1
Q9VFK6	Q9VFK6	0	Training	2
P16554	P16554	0	Training	3
Q67FY2	Q67FY2	0	Training	4
P19956	P19956	0	Training	0
Q500V5	Q500V5	0	Training	1
Q9CAF2	Q9CAF2	0	Training	2
Q9CQT6	Q9CQT6	0	Training	3
Q99638	Q99638	0	Training	4
Q8BMB0	Q8BMB0	0	Training	0
O75762	O75762	0	Training	1
A3KPQ7	A3KPQ7	0	Training	2
Q96AJ1	Q96AJ1	0	Training	3
Q60949	Q60949	0	Training	4
Q9P305	Q9P305	0	Training	0
Q8IY92	Q8IY92	0	Training	1
Q9VF30	Q9VF30	0	Training	2
Q9C7C4	Q9C7C4	0	Training	3
P19387	P19387	0	Training	4
O42636	O42636	0	Training	0
O95163	O95163	0	Training	1
Q8BQR4	Q8BQR4	0	Training	2
A6NDU8	A6NDU8	0	Training	3
Q8NBN7	Q8NBN7	0	Training	4
P53034	P53034	0	Training	0
Q26366	Q26366	0	Training	1
P12853	P12853	0	Training	2
P21549	P21549	0	Training	3
Q7Z7F0	Q7Z7F0	0	Training	4
Q96KK5	Q96KK5	0	Training	0
P53062	P53062	0	Training	1
P38279	P38279	0	Training	2
Q9Y5Z4	Q9Y5Z4	0	Training	3
P17890	P17890	0	Training	4
Q9NQ92	Q9NQ92	0	Training	0
P39207	P39207	0	Training	1
Q8NFJ9	Q8NFJ9	0	Training	2
P40096	P40096	0	Training	3
P38985	P38985	0	Training	4
A0A0D1CRC9	A0A0D1CRC9	0	Training	0
Q9DCR4	Q9DCR4	0	Training	1
Q3UZP0	Q3UZP0	0	Training	2
F4KFB3	F4KFB3	0	Training	3
P53909	P53909	0	Training	4
Q08966	Q08966	0	Training	0
Q8WXD0	Q8WXD0	0	Training	1
Q9US07	Q9US07	0	Training	2
P11746	P11746	0	Training	3
Q9FN69	Q9FN69	0	Training	4
Q03281	Q03281	0	Training	0
Q00597	Q00597	0	Training	1
Q3MIT2	Q3MIT2	0	Training	2
Q96F07	Q96F07	0	Training	3
Q76LB1	Q76LB1	0	Training	4
Q94131	Q94131	0	Training	0
Q80T22	Q80T22	0	Training	1
Q0E3V2	Q0E3V2	0	Training	2
Q8NE35	Q8NE35	0	Training	3
Q84U09	Q84U09	0	Training	4
Q9CPU2	Q9CPU2	0	Training	0
P33399	P33399	0	Training	1
Q9UJX4	Q9UJX4	0	Training	2
Q6PFX2	Q6PFX2	0	Training	3
Q9M9V9	Q9M9V9	0	Training	4
Q5XET5	Q5XET5	0	Training	0
Q92247	Q92247	0	Training	1
Q03976	Q03976	0	Training	2
Q02038	Q02038	0	Training	3
Q9VC61	Q9VC61	0	Training	4
Q961D9	Q961D9	0	Training	0
Q8IYR2	Q8IYR2	0	Training	1
P32828	P32828	0	Training	2
P60602	P60602	0	Training	3
Q9SGA2	Q9SGA2	0	Training	4
Q9SW31	Q9SW31	0	Training	0
Q9UI43	Q9UI43	0	Training	1
Q92351	Q92351	0	Training	2
P02381	P02381	0	Training	3
O14291	O14291	0	Training	4
P34250	P34250	0	Training	0
Q9LX93	Q9LX93	0	Training	1
Q0ZCJ7	Q0ZCJ7	0	Training	2
Q9UU96	Q9UU96	0	Training	3
P07663	P07663	0	Training	4
P53203	P53203	0	Training	0
Q9LUA3	Q9LUA3	0	Training	1
P25576	P25576	0	Training	2
Q8NFV4	Q8NFV4	0	Training	3
P27472	P27472	0	Training	4
Q9USQ7	Q9USQ7	0	Training	0
Q9D995	Q9D995	0	Training	1
Q9P7X2	Q9P7X2	0	Training	2
Q9T0H9	Q9T0H9	0	Training	3
Q12802	Q12802	0	Training	4
P38998	P38998	0	Training	0
P53088	P53088	0	Training	1
G5ED47	G5ED47	0	Training	2
P07548	P07548	0	Training	3
Q9UUC7	Q9UUC7	0	Training	4
Q01292	Q01292	0	Training	0
Q61687	Q61687	0	Training	1
Q8GWR1	Q8GWR1	0	Training	2
Q9S9K9	Q9S9K9	0	Training	3
P93740	P93740	0	Training	4
Q67ZB6	Q67ZB6	0	Training	0
P36152	P36152	0	Training	1
F4KHG6	F4KHG6	0	Training	2
Q9BUZ4	Q9BUZ4	0	Training	3
Q9ESC8	Q9ESC8	0	Training	4
Q91Z31	Q91Z31	0	Training	0
Q9BXL5	Q9BXL5	0	Training	1
P82926	P82926	0	Training	2
Q9LD43	Q9LD43	0	Training	3
Q3ZN08	Q3ZN08	0	Training	4
Q9VTE2	Q9VTE2	0	Training	0
Q9LNE8	Q9LNE8	0	Training	1
Q13794	Q13794	0	Training	2
P39515	P39515	0	Training	3
P53063	P53063	0	Training	4
P28147	P28147	0	Training	0
Q60EW9	Q60EW9	0	Training	1
P47085	P47085	0	Training	2
Q9UK99	Q9UK99	0	Training	3
Q9BRS8	Q9BRS8	0	Training	4
Q5VRM0	Q5VRM0	0	Training	0
Q05942	Q05942	0	Training	1
Q9FGV1	Q9FGV1	0	Training	2
A1Z8F4	A1Z8F4	0	Training	3
P0C5X8	P0C5X8	0	Training	4
Q9HGK2	Q9HGK2	0	Training	0
Q3ZBF6	Q3ZBF6	0	Training	1
Q14166	Q14166	0	Training	2
Q13889	Q13889	0	Training	3
J9VUG5	J9VUG5	0	Training	4
Q8BK30	Q8BK30	0	Training	0
P53330	P53330	0	Training	1
Q9SQR3	Q9SQR3	0	Training	2
Q7Z3K3	Q7Z3K3	0	Training	3
Q09130	Q09130	0	Training	4
Q8IYB3	Q8IYB3	0	Training	0
P25379	P25379	0	Training	1
P42677	P42677	0	Training	2
Q12457	Q12457	0	Training	3
Q9P7C9	Q9P7C9	0	Training	4
Q9HAW0	Q9HAW0	0	Training	0
Q20646	Q20646	0	Training	1
P09932	P09932	0	Training	2
O42254	O42254	0	Training	3
Q8VWG3	Q8VWG3	0	Training	4
P10914	P10914	0	Training	0
Q9P0U4	Q9P0U4	0	Training	1
Q07980	Q07980	0	Training	2
O75324	O75324	0	Training	3
O74381	O74381	0	Training	4
Q9NJP9	Q9NJP9	0	Training	0
J3QMY9	J3QMY9	0	Training	1
Q9P382	Q9P382	0	Training	2
Q8NAG6	Q8NAG6	0	Training	3
Q949Q5	Q949Q5	0	Training	4
P40692	P40692	0	Training	0
Q4WJ81	Q4WJ81	0	Training	1
Q8T053	Q8T053	0	Training	2
Q3E7A3	Q3E7A3	0	Training	3
P34122	P34122	0	Training	4
A0A0B5L781	A0A0B5L781	0	Training	0
Q9CQ29	Q9CQ29	0	Training	1
Q9V4C8	Q9V4C8	0	Training	2
O74361	O74361	0	Training	3
O76054	O76054	0	Training	4
G5EBV0	G5EBV0	0	Training	0
Q09856	Q09856	0	Training	1
Q9Z0Z7	Q9Z0Z7	0	Training	2
Q92934	Q92934	0	Training	3
P33895	P33895	0	Training	4
Q96B77	Q96B77	0	Training	0
Q9Y3C4	Q9Y3C4	0	Training	1
P07978	P07978	0	Training	2
Q9NX70	Q9NX70	0	Training	3
P38204	P38204	0	Training	4
Q71RC2	Q71RC2	0	Training	0
Q8GXL3	Q8GXL3	0	Training	1
Q8II12	Q8II12	0	Training	2
F8VPJ6	F8VPJ6	0	Training	3
O15047	O15047	0	Training	4
Q02486	Q02486	0	Training	0
Q9URX9	Q9URX9	0	Training	1
Q6ASS9	Q6ASS9	0	Training	2
Q8GXD9	Q8GXD9	0	Training	3
Q7KWJ5	Q7KWJ5	0	Training	4
Q99PP2	Q99PP2	0	Training	0
Q9NV06	Q9NV06	0	Training	1
F4JAU2	F4JAU2	0	Training	2
Q9UBK9	Q9UBK9	0	Training	3
O74409	O74409	0	Training	4
Q8N2C7	Q8N2C7	0	Training	0
Q9P0R6	Q9P0R6	0	Training	1
Q95XQ1	Q95XQ1	0	Training	2
P53256	P53256	0	Training	3
Q9VTL1	Q9VTL1	0	Training	4
Q9LUI2	Q9LUI2	0	Training	0
P36177	P36177	0	Training	1
Q55GJ6	Q55GJ6	0	Training	2
Q0WVF8	Q0WVF8	0	Training	3
O13329	O13329	0	Training	4
Q96PE3	Q96PE3	0	Training	0
P61326	P61326	0	Training	1
P34164	P34164	0	Training	2
O94225	O94225	0	Training	3
Q92624	Q92624	0	Training	4
Q5JTH9	Q5JTH9	0	Training	0
Q9SLB9	Q9SLB9	0	Training	1
Q8IZT9	Q8IZT9	0	Training	2
Q86U28	Q86U28	0	Training	3
P50748	P50748	0	Training	4
Q9SRN4	Q9SRN4	0	Training	0
Q9CAI2	Q9CAI2	0	Training	1
Q14690	Q14690	0	Training	2
Q5JPI9	Q5JPI9	0	Training	3
P53688	P53688	0	Training	4
Q9LD83	Q9LD83	0	Training	0
Q9P1Z3	Q9P1Z3	0	Training	1
Q8VC04	Q8VC04	0	Training	2
Q06211	Q06211	0	Training	3
Q02931	Q02931	0	Training	4
Q9UL49	Q9UL49	0	Training	0
Q9Z2A5	Q9Z2A5	0	Training	1
O13684	O13684	0	Training	2
Q156A1	Q156A1	0	Training	3
Q9TY84	Q9TY84	0	Training	4
Q12298	Q12298	0	Training	0
Q9SWW6	Q9SWW6	0	Training	1
O13998	O13998	0	Training	2
Q92621	Q92621	0	Training	3
Q08963	Q08963	0	Training	4
Q9ULR3	Q9ULR3	0	Training	0
G5EC86	G5EC86	0	Training	1
Q23529	Q23529	0	Training	2
Q12297	Q12297	0	Training	3
P54103	P54103	0	Training	4
Q9C8L2	Q9C8L2	0	Training	0
Q10067	Q10067	0	Training	1
O00841	O00841	0	Training	2
P43596	P43596	0	Training	3
Q5T4T1	Q5T4T1	0	Training	4
Q09666	Q09666	0	Training	0
Q96HY7	Q96HY7	0	Training	1
Q9Y804	Q9Y804	0	Training	2
Q9FG61	Q9FG61	0	Training	3
O94875	O94875	0	Training	4
O14328	O14328	0	Training	0
P22813	P22813	0	Training	1
O75626	O75626	0	Training	2
Q9WUU9	Q9WUU9	0	Training	3
P38162	P38162	0	Training	4
Q9U221	Q9U221	0	Training	0
H9G301	H9G301	0	Training	1
Q6FI81	Q6FI81	0	Training	2
A0PK05	A0PK05	0	Training	3
Q69YH5	Q69YH5	0	Training	4
P11115	P11115	0	Training	0
Q8IRW8	Q8IRW8	0	Training	1
P04386	P04386	0	Training	2
Q8N183	Q8N183	0	Training	3
Q0P5N6	Q0P5N6	0	Training	4
Q9VM71	Q9VM71	0	Training	0
Q8WZJ8	Q8WZJ8	0	Training	1
P0DJI6	P0DJI6	0	Training	2
Q9SKT0	Q9SKT0	0	Training	3
P13788	P13788	0	Training	4
O74991	O74991	0	Training	0
P34909	P34909	0	Training	1
Q9NUJ1	Q9NUJ1	0	Training	2
O70343	O70343	0	Training	3
P87176	P87176	0	Training	4
Q25423	Q25423	0	Training	0
Q09293	Q09293	0	Training	1
P56785	P56785	0	Training	2
Q9FGW9	Q9FGW9	0	Training	3
P52927	P52927	0	Training	4
Q63430	Q63430	0	Training	0
Q7TP54	Q7TP54	0	Training	1
Q9V629	Q9V629	0	Training	2
P40515	P40515	0	Training	3
Q7Z419	Q7Z419	0	Training	4
O94603	O94603	0	Training	0
Q9SCL7	Q9SCL7	0	Training	1
Q9URT8	Q9URT8	0	Training	2
Q84VG7	Q84VG7	0	Training	3
Q9VHJ6	Q9VHJ6	0	Training	4
P50416	P50416	0	Training	0
Q9USY3	Q9USY3	0	Training	1
P10834	P10834	0	Training	2
Q14164	Q14164	0	Training	3
P33416	P33416	0	Training	4
Q9N5A8	Q9N5A8	0	Training	0
P38398	P38398	0	Training	1
Q6EPN6	Q6EPN6	0	Training	2
Q8LGI2	Q8LGI2	0	Training	3
Q09858	Q09858	0	Training	4
Q9BXP2	Q9BXP2	0	Training	0
Q07534	Q07534	0	Training	1
Q60698	Q60698	0	Training	2
P40366	P40366	0	Training	3
Q04083	Q04083	0	Training	4
Q12476	Q12476	0	Training	0
Q8MXU4	Q8MXU4	0	Training	1
P40012	P40012	0	Training	2
P58557	P58557	0	Training	3
Q9UTP3	Q9UTP3	0	Training	4
S8ESV1	S8ESV1	0	Training	0
Q9FL44	Q9FL44	0	Training	1
Q969F1	Q969F1	0	Training	2
Q8RXA7	Q8RXA7	0	Training	3
Q86NP2	Q86NP2	0	Training	4
Q8L5W8	Q8L5W8	0	Training	0
P26188	P26188	0	Training	1
P36118	P36118	0	Training	2
Q9BSJ6	Q9BSJ6	0	Training	3
P22091	P22091	0	Training	4
Q9BRA0	Q9BRA0	0	Training	0
Q01080	Q01080	0	Training	1
P93758	P93758	0	Training	2
O00291	O00291	0	Training	3
Q9FJV5	Q9FJV5	0	Training	4
Q9W3M3	Q9W3M3	0	Training	0
Q9Y5N6	Q9Y5N6	0	Training	1
O75204	O75204	0	Training	2
Q7Z4T9	Q7Z4T9	0	Training	3
Q84Q77	Q84Q77	0	Training	4
O65680	O65680	0	Training	0
Q8VWK0	Q8VWK0	0	Training	1
P13498	P13498	0	Training	2
Q9H5Z6	Q9H5Z6	0	Training	3
Q22618	Q22618	0	Training	4
Q9ZST4	Q9ZST4	0	Training	0
Q9NPL8	Q9NPL8	0	Training	1
Q9SAH8	Q9SAH8	0	Training	2
Q6PCT2	Q6PCT2	0	Training	3
P42166	P42166	0	Training	4
P38803	P38803	0	Training	0
Q04178	Q04178	0	Training	1
Q9V466	Q9V466	0	Training	2
P53287	P53287	0	Training	3
O42716	O42716	0	Training	4
Q9ZNT1	Q9ZNT1	0	Training	0
P24345	P24345	0	Training	1
Q8VI67	Q8VI67	0	Training	2
Q0ZLH2	Q0ZLH2	0	Training	3
P62952	P62952	0	Training	4
G5EC89	G5EC89	0	Training	0
Q9SW18	Q9SW18	0	Training	1
Q9JLR5	Q9JLR5	0	Training	2
O14113	O14113	0	Training	3
Q99LG4	Q99LG4	0	Training	4
A0A0U2UYC4	A0A0U2UYC4	0	Training	0
Q9VM92	Q9VM92	0	Training	1
Q9VJL6	Q9VJL6	0	Training	2
Q9H869	Q9H869	0	Training	3
Q07589	Q07589	0	Training	4
Q9Y7M6	Q9Y7M6	0	Training	0
Q08047	Q08047	0	Training	1
Q7YTB0	Q7YTB0	0	Training	2
Q68DK7	Q68DK7	0	Training	3
F4JZC2	F4JZC2	0	Training	4
P27716	P27716	0	Training	0
Q01981	Q01981	0	Training	1
O60729	O60729	0	Training	2
P34447	P34447	0	Training	3
Q1K6U7	Q1K6U7	0	Training	4
O43805	O43805	0	Training	0
Q6PCD5	Q6PCD5	0	Training	1
O23300	O23300	0	Training	2
O94326	O94326	0	Training	3
B4XT64	B4XT64	0	Training	4
Q38885	Q38885	0	Training	0
Q9FMM3	Q9FMM3	0	Training	1
Q9LU21	Q9LU21	0	Training	2
Q69TW5	Q69TW5	0	Training	3
Q06506	Q06506	0	Training	4
A0A140LI88	A0A140LI88	0	Training	0
Q99JZ7	Q99JZ7	0	Training	1
Q9BSF0	Q9BSF0	0	Training	2
Q06010	Q06010	0	Training	3
Q99590	Q99590	0	Training	4
O74499	O74499	0	Training	0
Q57X81	Q57X81	0	Training	1
Q22707	Q22707	0	Training	2
Q9NRR8	Q9NRR8	0	Training	3
Q8ND76	Q8ND76	0	Training	4
P81909	P81909	0	Training	0
Q04231	Q04231	0	Training	1
P32179	P32179	0	Training	2
P38883	P38883	0	Training	3
Q9VCX1	Q9VCX1	0	Training	4
Q6UXV4	Q6UXV4	0	Training	0
Q13309	Q13309	0	Training	1
A4D1E9	A4D1E9	0	Training	2
Q99417	Q99417	0	Training	3
Q90578	Q90578	0	Training	4
Q9EQW6	Q9EQW6	0	Training	0
O94614	O94614	0	Training	1
P0C2C1	P0C2C1	0	Training	2
Q15543	Q15543	0	Training	3
Q969T9	Q969T9	0	Training	4
Q86WX3	Q86WX3	0	Training	0
Q12386	Q12386	0	Training	1
Q06596	Q06596	0	Training	2
P32354	P32354	0	Training	3
Q9UIS9	Q9UIS9	0	Training	4
Q0D9C4	Q0D9C4	0	Training	0
P25651	P25651	0	Training	1
Q08580	Q08580	0	Training	2
O09130	O09130	0	Training	3
Q9S7R7	Q9S7R7	0	Training	4
Q12486	Q12486	0	Training	0
P20433	P20433	0	Training	1
P42951	P42951	0	Training	2
Q5THR3	Q5THR3	0	Training	3
Q9SX77	Q9SX77	0	Training	4
Q700C7	Q700C7	0	Training	0
P36626	P36626	0	Training	1
Q19555	Q19555	0	Training	2
Q91WK7	Q91WK7	0	Training	3
P56931	P56931	0	Training	4
O80575	O80575	0	Training	0
Q07139	Q07139	0	Training	1
P27680	P27680	0	Training	2
Q92733	Q92733	0	Training	3
O96759	O96759	0	Training	4
Q9M9F0	Q9M9F0	0	Training	0
Q9H0F6	Q9H0F6	0	Training	1
P09007	P09007	0	Training	2
Q12374	Q12374	0	Training	3
G5ECD9	G5ECD9	0	Training	4
Q69ZK0	Q69ZK0	0	Training	0
B7SXM5	B7SXM5	0	Training	1
A0A7J6KE60	A0A7J6KE60	0	Training	2
Q38CL4	Q38CL4	0	Training	3
Q969H6	Q969H6	0	Training	4
Q08058	Q08058	0	Training	0
A0MES8	A0MES8	0	Training	1
P49640	P49640	0	Training	2
Q9NBD7	Q9NBD7	0	Training	3
Q0VAA5	Q0VAA5	0	Training	4
D3ZGZ6	D3ZGZ6	0	Training	0
Q99K24	Q99K24	0	Training	1
O60231	O60231	0	Training	2
P17655	P17655	0	Training	3
Q65ZG8	Q65ZG8	0	Training	4
Q08231	Q08231	0	Training	0
Q8C886	Q8C886	0	Training	1
P32529	P32529	0	Training	2
Q9VL76	Q9VL76	0	Training	3
Q04002	Q04002	0	Training	4
P52739	P52739	0	Training	0
O15164	O15164	0	Training	1
D3ZXW3	D3ZXW3	0	Training	2
Q57UZ7	Q57UZ7	0	Training	3
O65312	O65312	0	Training	4
P53004	P53004	0	Training	0
O70239	O70239	0	Training	1
Q8K337	Q8K337	0	Training	2
O17679	O17679	0	Training	3
Q9NZM5	Q9NZM5	0	Training	4
Q60707	Q60707	0	Training	0
P55197	P55197	0	Training	1
Q9VHY5	Q9VHY5	0	Training	2
O95568	O95568	0	Training	3
P0CT67	P0CT67	0	Training	4
O43325	O43325	0	Training	0
G5EGF8	G5EGF8	0	Training	1
P54074	P54074	0	Training	2
Q3U5Q7	Q3U5Q7	0	Training	3
Q9VL14	Q9VL14	0	Training	4
Q9LK29	Q9LK29	0	Training	0
Q8GYC1	Q8GYC1	0	Training	1
Q13061	Q13061	0	Training	2
Q9UTT1	Q9UTT1	0	Training	3
P29418	P29418	0	Training	4
P40028	P40028	0	Training	0
Q8BHS6	Q8BHS6	0	Training	1
B6HLU1	B6HLU1	0	Training	2
Q8R010	Q8R010	0	Training	3
O44548	O44548	0	Training	4
Q8BH70	Q8BH70	0	Training	0
O43670	O43670	0	Training	1
Q9SSW0	Q9SSW0	0	Training	2
O74846	O74846	0	Training	3
Q96QC0	Q96QC0	0	Training	4
F4IDB2	F4IDB2	0	Training	0
P40037	P40037	0	Training	1
Q91ZE0	Q91ZE0	0	Training	2
P47057	P47057	0	Training	3
O82277	O82277	0	Training	4
Q8K4V4	Q8K4V4	0	Training	0
Q9Z110	Q9Z110	0	Training	1
O80860	O80860	0	Training	2
Q8BTW8	Q8BTW8	0	Training	3
Q9UUH6	Q9UUH6	0	Training	4
Q96GE9	Q96GE9	0	Training	0
Q54BW5	Q54BW5	0	Training	1
Q5PQZ7	Q5PQZ7	0	Training	2
Q9ZQH0	Q9ZQH0	0	Training	3
P51998	P51998	0	Training	4
Q94AX2	Q94AX2	0	Training	0
P53276	P53276	0	Training	1
P57081	P57081	0	Training	2
A0A087X1C5	A0A087X1C5	0	Training	3
O74835	O74835	0	Training	4
Q5SY16	Q5SY16	0	Training	0
Q9VW47	Q9VW47	0	Training	1
Q13216	Q13216	0	Training	2
O94664	O94664	0	Training	3
Q05021	Q05021	0	Training	4
P06180	P06180	0	Training	0
Q96T23	Q96T23	0	Training	1
Q5ICL9	Q5ICL9	0	Training	2
Q8TC26	Q8TC26	0	Training	3
Q8WV28	Q8WV28	0	Training	4
M9MRD1	M9MRD1	0	Training	0
O00154	O00154	0	Training	1
Q12341	Q12341	0	Training	2
Q22323	Q22323	0	Training	3
Q8QFR4	Q8QFR4	0	Training	4
Q8LAM0	Q8LAM0	0	Training	0
P53972	P53972	0	Training	1
Q92913	Q92913	0	Training	2
P11155	P11155	0	Training	3
P34440	P34440	0	Training	4
Q13228	Q13228	0	Training	0
Q12774	Q12774	0	Training	1
O88801	O88801	0	Training	2
Q08245	Q08245	0	Training	3
F4JYE9	F4JYE9	0	Training	4
Q9Y3C1	Q9Y3C1	0	Training	0
Q8IVH4	Q8IVH4	0	Training	1
Q84JU6	Q84JU6	0	Training	2
Q8VHT6	Q8VHT6	0	Training	3
Q9P7J2	Q9P7J2	0	Training	4
Q5SWY8	Q5SWY8	0	Training	0
Q9H790	Q9H790	0	Training	1
Q2VLK6	Q2VLK6	0	Training	2
Q9NYT0	Q9NYT0	0	Training	3
Q9JJG9	Q9JJG9	0	Training	4
Q949P2	Q949P2	0	Training	0
F4IMQ0	F4IMQ0	0	Training	1
Q3KN41	Q3KN41	0	Training	2
Q8GWP5	Q8GWP5	0	Training	3
P36954	P36954	0	Training	4
Q8LAP6	Q8LAP6	0	Training	0
Q8VY77	Q8VY77	0	Training	1
A8K830	A8K830	0	Training	2
P91645	P91645	0	Training	3
Q15464	Q15464	0	Training	4
Q9XIN0	Q9XIN0	0	Training	0
O17850	O17850	0	Training	1
P16521	P16521	0	Training	2
Q9XI46	Q9XI46	0	Training	3
P34706	P34706	0	Training	4
Q86LG1	Q86LG1	0	Training	0
O49621	O49621	0	Training	1
Q99188	Q99188	0	Training	2
P38289	P38289	0	Training	3
E9QDC5	E9QDC5	0	Training	4
Q12098	Q12098	0	Training	0
O75486	O75486	0	Training	1
Q8WXC6	Q8WXC6	0	Training	2
P57105	P57105	0	Training	3
Q06810	Q06810	0	Training	4
P0CY15	P0CY15	0	Training	0
Q5BPF3	Q5BPF3	0	Training	1
Q9JLI8	Q9JLI8	0	Training	2
P18870	P18870	0	Training	3
Q9ULJ3	Q9ULJ3	0	Training	4
Q2MHN3	Q2MHN3	0	Training	0
Q15424	Q15424	0	Training	1
A0A075TXZ8	A0A075TXZ8	0	Training	2
Q10135	Q10135	0	Training	3
Q08465	Q08465	0	Training	4
O23193	O23193	0	Training	0
Q63707	Q63707	0	Training	1
Q02521	Q02521	0	Training	2
P42073	P42073	0	Training	3
Q9VQ89	Q9VQ89	0	Training	4
Q18616	Q18616	0	Training	0
Q969F2	Q969F2	0	Training	1
Q9C900	Q9C900	0	Training	2
P15384	P15384	0	Training	3
Q924W6	Q924W6	0	Training	4
Q09685	Q09685	0	Training	0
Q9BZJ7	Q9BZJ7	0	Training	1
Q9VX31	Q9VX31	0	Training	2
O14215	O14215	0	Training	3
O59793	O59793	0	Training	4
Q708Y0	Q708Y0	0	Training	0
P11183	P11183	0	Training	1
Q7S300	Q7S300	0	Training	2
Q03063	Q03063	0	Training	3
Q13769	Q13769	0	Training	4
Q9CPZ1	Q9CPZ1	0	Training	0
P38768	P38768	0	Training	1
Q9LYB9	Q9LYB9	0	Training	2
A8CEI3	A8CEI3	0	Training	3
P24329	P24329	0	Training	4
Q08913	Q08913	0	Training	0
O74547	O74547	0	Training	1
Q9UBI1	Q9UBI1	0	Training	2
P00560	P00560	0	Training	3
Q0DEC8	Q0DEC8	0	Training	4
O09053	O09053	0	Training	0
B8BDQ4	B8BDQ4	0	Training	1
P21657	P21657	0	Training	2
P32121	P32121	0	Training	3
Q86VZ6	Q86VZ6	0	Training	4
Q9SS80	Q9SS80	0	Training	0
P40316	P40316	0	Training	1
Q9LSD0	Q9LSD0	0	Training	2
Q6P2D8	Q6P2D8	0	Training	3
M0R7Z9	M0R7Z9	0	Training	4
Q9ULR0	Q9ULR0	0	Training	0
P04842	P04842	0	Training	1
Q10164	Q10164	0	Training	2
Q925J9	Q925J9	0	Training	3
Q02204	Q02204	0	Training	4
P51826	P51826	0	Training	0
Q9VGL8	Q9VGL8	0	Training	1
O14212	O14212	0	Training	2
Q9JIB0	Q9JIB0	0	Training	3
Q52KF3	Q52KF3	0	Training	4
Q92540	Q92540	0	Training	0
Q9U1H0	Q9U1H0	0	Training	1
A1A519	A1A519	0	Training	2
P10080	P10080	0	Training	3
Q9VLD6	Q9VLD6	0	Training	4
P53846	P53846	0	Training	0
Q9Z351	Q9Z351	0	Training	1
Q9BSF4	Q9BSF4	0	Training	2
Q01454	Q01454	0	Training	3
Q940H2	Q940H2	0	Training	4
Q9Y2L1	Q9Y2L1	0	Training	0
Q5T5X7	Q5T5X7	0	Training	1
Q9VBX1	Q9VBX1	0	Training	2
Q08230	Q08230	0	Training	3
Q9C9U5	Q9C9U5	0	Training	4
O81836	O81836	0	Training	0
Q9UT91	Q9UT91	0	Training	1
Q96P67	Q96P67	0	Training	2
Q6Y685	Q6Y685	0	Training	3
Q10148	Q10148	0	Training	4
P31414	P31414	0	Training	0
P13468	P13468	0	Training	1
P38313	P38313	0	Training	2
Q8R4C2	Q8R4C2	0	Training	3
Q8TDB4	Q8TDB4	0	Training	4
Q9FGR0	Q9FGR0	0	Training	0
Q9FIC3	Q9FIC3	0	Training	1
P0CW70	P0CW70	0	Training	2
A1Z9P3	A1Z9P3	0	Training	3
G5EFF5	G5EFF5	0	Training	4
Q9NXF7	Q9NXF7	0	Training	0
Q99359	Q99359	0	Training	1
A8MUP2	A8MUP2	0	Training	2
Q9ES53	Q9ES53	0	Training	3
Q9AT00	Q9AT00	0	Training	4
Q9LSC4	Q9LSC4	0	Training	0
Q5JTC6	Q5JTC6	0	Training	1
Q9Y4F1	Q9Y4F1	0	Training	2
Q80VM7	Q80VM7	0	Training	3
Q945P0	Q945P0	0	Training	4
P04160	P04160	0	Training	0
Q93WK5	Q93WK5	0	Training	1
Q9UU79	Q9UU79	0	Training	2
Q8TDV5	Q8TDV5	0	Training	3
Q6NTE8	Q6NTE8	0	Training	4
P41695	P41695	0	Training	0
O00712	O00712	0	Training	1
P16862	P16862	0	Training	2
Q9SYM0	Q9SYM0	0	Training	3
P47977	P47977	0	Training	4
Q9PVF7	Q9PVF7	0	Training	0
P54258	P54258	0	Training	1
Q9LTS6	Q9LTS6	0	Training	2
Q03172	Q03172	0	Training	3
P55199	P55199	0	Training	4
P38863	P38863	0	Training	0
Q9NVI1	Q9NVI1	0	Training	1
Q96330	Q96330	0	Training	2
P53246	P53246	0	Training	3
P55264	P55264	0	Training	4
P53196	P53196	0	Training	0
Q55D99	Q55D99	0	Training	1
Q9DAG5	Q9DAG5	0	Training	2
Q8BVN9	Q8BVN9	0	Training	3
Q09779	Q09779	0	Training	4
Q9SMH4	Q9SMH4	0	Training	0
Q07362	Q07362	0	Training	1
Q197W8	Q197W8	0	Training	2
Q9FK23	Q9FK23	0	Training	3
P40571	P40571	0	Training	4
O00287	O00287	0	Training	0
P38783	P38783	0	Training	1
Q9UJQ4	Q9UJQ4	0	Training	2
Q9HCC0	Q9HCC0	0	Training	3
O94606	O94606	0	Training	4
P06733	P06733	0	Training	0
Q9H777	Q9H777	0	Training	1
Q9C685	Q9C685	0	Training	2
Q8LPQ5	Q8LPQ5	0	Training	3
O49290	O49290	0	Training	4
P33748	P33748	0	Training	0
P0CY08	P0CY08	0	Training	1
Q99288	Q99288	0	Training	2
Q9H0U6	Q9H0U6	0	Training	3
Q42529	Q42529	0	Training	4
Q8TF63	Q8TF63	0	Training	0
P53335	P53335	0	Training	1
D4AEP3	D4AEP3	0	Training	2
Q23794	Q23794	0	Training	3
Q94CV1	Q94CV1	0	Training	4
Q05728	Q05728	0	Training	0
P38852	P38852	0	Training	1
O43542	O43542	0	Training	2
Q9LLY4	Q9LLY4	0	Training	3
Q96NW4	Q96NW4	0	Training	4
Q3UMU9	Q3UMU9	0	Training	0
Q84TI7	Q84TI7	0	Training	1
Q08050	Q08050	0	Training	2
A0A0D1E6B3	A0A0D1E6B3	0	Training	3
Q84JH7	Q84JH7	0	Training	4
Q8S9K3	Q8S9K3	0	Training	0
O55035	O55035	0	Training	1
Q8K480	Q8K480	0	Training	2
P20618	P20618	0	Training	3
Q99383	Q99383	0	Training	4
Q9NTK1	Q9NTK1	0	Training	0
Q8TE02	Q8TE02	0	Training	1
Q9UF56	Q9UF56	0	Training	2
Q9NQT4	Q9NQT4	0	Training	3
Q9BXU7	Q9BXU7	0	Training	4
Q86WB7	Q86WB7	0	Training	0
O08816	O08816	0	Training	1
Q9I9L7	Q9I9L7	0	Training	2
P49379	P49379	0	Training	3
Q9BTF0	Q9BTF0	0	Training	4
Q9UT03	Q9UT03	0	Training	0
Q9ZVJ3	Q9ZVJ3	0	Training	1
P11171	P11171	0	Training	2
E3SCZ8	E3SCZ8	0	Training	3
O94687	O94687	0	Training	4
Q96GM8	Q96GM8	0	Training	0
A0PJW6	A0PJW6	0	Training	1
O74309	O74309	0	Training	2
O14114	O14114	0	Training	3
P49728	P49728	0	Training	4
P86452	P86452	0	Training	0
Q96CW1	Q96CW1	0	Training	1
Q53EK2	Q53EK2	0	Training	2
Q86SP6	Q86SP6	0	Training	3
Q9NZI6	Q9NZI6	0	Training	4
Q3UMZ3	Q3UMZ3	0	Training	0
Q9SQU2	Q9SQU2	0	Training	1
P40465	P40465	0	Training	2
Q9Y3U8	Q9Y3U8	0	Training	3
Q03124	Q03124	0	Training	4
Q9NZ81	Q9NZ81	0	Training	0
Q09725	Q09725	0	Training	1
O96622	O96622	0	Training	2
Q8GZ52	Q8GZ52	0	Training	3
P53930	P53930	0	Training	4
Q6UWZ7	Q6UWZ7	0	Training	0
Q9NPJ1	Q9NPJ1	0	Training	1
Q9P6M0	Q9P6M0	0	Training	2
Q12318	Q12318	0	Training	3
Q07930	Q07930	0	Training	4
Q9NQW7	Q9NQW7	0	Training	0
P97577	P97577	0	Training	1
Q5JWF2	Q5JWF2	0	Training	2
P40502	P40502	0	Training	3
P78417	P78417	0	Training	4
Q12416	Q12416	0	Training	0
Q9VAW5	Q9VAW5	0	Training	1
Q652K4	Q652K4	0	Training	2
Q9FLT9	Q9FLT9	0	Training	3
Q92629	Q92629	0	Training	4
Q8GZ79	Q8GZ79	0	Training	0
Q9VAH9	Q9VAH9	0	Training	1
Q9VR38	Q9VR38	0	Training	2
Q6PEM8	Q6PEM8	0	Training	3
E9EXC4	E9EXC4	0	Training	4
Q8S1D9	Q8S1D9	0	Training	0
P30419	P30419	0	Training	1
Q96AH0	Q96AH0	0	Training	2
Q0IGK1	Q0IGK1	0	Training	3
B2RWS6	B2RWS6	0	Training	4
F4ITM1	F4ITM1	0	Training	0
Q9SY88	Q9SY88	0	Training	1
Q6PRD7	Q6PRD7	0	Training	2
Q9HEV5	Q9HEV5	0	Training	3
Q8W4B2	Q8W4B2	0	Training	4
Q0WP44	Q0WP44	0	Training	0
P38297	P38297	0	Training	1
Q0VG06	Q0VG06	0	Training	2
Q99315	Q99315	0	Training	3
P38199	P38199	0	Training	4
Q5IBH7	Q5IBH7	0	Training	0
Q8NEY8	Q8NEY8	0	Training	1
Q1MTN9	Q1MTN9	0	Training	2
Q39249	Q39249	0	Training	3
Q5SFM8	Q5SFM8	0	Training	4
P79005	P79005	0	Training	0
Q6DBA5	Q6DBA5	0	Training	1
Q6PCN7	Q6PCN7	0	Training	2
Q01593	Q01593	0	Training	3
Q21691	Q21691	0	Training	4
Q969X0	Q969X0	0	Training	0
P07253	P07253	0	Training	1
A0A096MJY4	A0A096MJY4	0	Training	2
P27895	P27895	0	Training	3
Q9ZWA1	Q9ZWA1	0	Training	4
P60002	P60002	0	Training	0
Q94AC8	Q94AC8	0	Training	1
O62090	O62090	0	Training	2
P32318	P32318	0	Training	3
Q8HTL5	Q8HTL5	0	Training	4
Q9USZ4	Q9USZ4	0	Training	0
O74954	O74954	0	Training	1
Q4V8P4	Q4V8P4	0	Training	2
Q9HB75	Q9HB75	0	Training	3
Q9XI19	Q9XI19	0	Training	4
P42844	P42844	0	Training	0
P40065	P40065	0	Training	1
Q9H2W6	Q9H2W6	0	Training	2
Q811D2	Q811D2	0	Training	3
B2D6M2	B2D6M2	0	Training	4
Q8IWS0	Q8IWS0	0	Training	0
P87052	P87052	0	Training	1
P13637	P13637	0	Training	2
P29350	P29350	0	Training	3
O02696	O02696	0	Training	4
P53568	P53568	0	Training	0
Q9UTI3	Q9UTI3	0	Training	1
Q5AMH6	Q5AMH6	0	Training	2
Q96FX2	Q96FX2	0	Training	3
Q14061	Q14061	0	Training	4
P48995	P48995	0	Training	0
P46939	P46939	0	Training	1
Q9FNN6	Q9FNN6	0	Training	2
Q6P5E8	Q6P5E8	0	Training	3
Q0DRX6	Q0DRX6	0	Training	4
Q9UU83	Q9UU83	0	Training	0
Q04226	Q04226	0	Training	1
Q62417	Q62417	0	Training	2
O42936	O42936	0	Training	3
Q02873	Q02873	0	Training	4
Q8IWL3	Q8IWL3	0	Training	0
Q9UID6	Q9UID6	0	Training	1
G5EE01	G5EE01	0	Training	2
P53913	P53913	0	Training	3
Q9Y512	Q9Y512	0	Training	4
Q9Z1B8	Q9Z1B8	0	Training	0
Q9UPX6	Q9UPX6	0	Training	1
O75817	O75817	0	Training	2
Q1MTQ7	Q1MTQ7	0	Training	3
P54790	P54790	0	Training	4
Q41811	Q41811	0	Training	0
Q9U3D6	Q9U3D6	0	Training	1
P53869	P53869	0	Training	2
Q8N6F7	Q8N6F7	0	Training	3
P28005	P28005	0	Training	4
Q04087	Q04087	0	Training	0
O94418	O94418	0	Training	1
Q96EB1	Q96EB1	0	Training	2
Q9C108	Q9C108	0	Training	3
Q9UKN8	Q9UKN8	0	Training	4
O94653	O94653	0	Training	0
P47140	P47140	0	Training	1
O94993	O94993	0	Training	2
P53352	P53352	0	Training	3
Q56Y52	Q56Y52	0	Training	4
O23077	O23077	0	Training	0
G5EF48	G5EF48	0	Training	1
P48552	P48552	0	Training	2
Q8RWV8	Q8RWV8	0	Training	3
Q9BSI4	Q9BSI4	0	Training	4
Q03112	Q03112	0	Training	0
O36024	O36024	0	Training	1
C8KI33	C8KI33	0	Training	2
Q04603	Q04603	0	Training	3
Q10414	Q10414	0	Training	4
Q9Y6J0	Q9Y6J0	0	Training	0
P08659	P08659	0	Training	1
Q06182	Q06182	0	Training	2
Q12510	Q12510	0	Training	3
Q8IHY1	Q8IHY1	0	Training	4
Q15785	Q15785	0	Training	0
Q9BQS6	Q9BQS6	0	Training	1
P62750	P62750	0	Training	2
Q3UHF7	Q3UHF7	0	Training	3
A0A0D2Y5A7	A0A0D2Y5A7	0	Training	4
F4I9G2	F4I9G2	0	Training	0
Q94BU8	Q94BU8	0	Training	1
P32851	P32851	0	Training	2
Q3SXM5	Q3SXM5	0	Training	3
Q14973	Q14973	0	Training	4
Q04839	Q04839	0	Training	0
O81775	O81775	0	Training	1
O45952	O45952	0	Training	2
Q95ZL9	Q95ZL9	0	Training	3
Q3V0B4	Q3V0B4	0	Training	4
P53298	P53298	0	Training	0
Q8RWH9	Q8RWH9	0	Training	1
Q64727	Q64727	0	Training	2
Q9S850	Q9S850	0	Training	3
Q9S7Z2	Q9S7Z2	0	Training	4
Q14694	Q14694	0	Training	0
P40997	P40997	0	Training	1
Q8R4U1	Q8R4U1	0	Training	2
P13618	P13618	0	Training	3
Q9NZM4	Q9NZM4	0	Training	4
Q8R4T5	Q8R4T5	0	Training	0
P23351	P23351	0	Training	1
Q6C354	Q6C354	0	Training	2
A9JRD8	A9JRD8	0	Training	3
A2A884	A2A884	0	Training	4
Q8GYD9	Q8GYD9	0	Training	0
P50077	P50077	0	Training	1
Q8L794	Q8L794	0	Training	2
O14880	O14880	0	Training	3
Q9SYD8	Q9SYD8	0	Training	4
Q9H4I3	Q9H4I3	0	Training	0
P34427	P34427	0	Training	1
A0A075TMP0	A0A075TMP0	0	Training	2
V5IQE0	V5IQE0	0	Training	3
P08153	P08153	0	Training	4
Q09146	Q09146	0	Training	0
Q27607	Q27607	0	Training	1
O24164	O24164	0	Training	2
P56378	P56378	0	Training	3
O60104	O60104	0	Training	4
Q9UHH9	Q9UHH9	0	Training	0
P14284	P14284	0	Training	1
P18491	P18491	0	Training	2
Q9Y421	Q9Y421	0	Training	3
P22265	P22265	0	Training	4
Q8NCG7	Q8NCG7	0	Training	0
O80536	O80536	0	Training	1
Q9U2M1	Q9U2M1	0	Training	2
Q15834	Q15834	0	Training	3
P29144	P29144	0	Training	4
Q9Y118	Q9Y118	0	Training	0
P53239	P53239	0	Training	1
P10795	P10795	0	Training	2
Q56VL3	Q56VL3	0	Training	3
O94580	O94580	0	Training	4
Q92794	Q92794	0	Training	0
Q9BRG1	Q9BRG1	0	Training	1
O43918	O43918	0	Training	2
P25032	P25032	0	Training	3
P03888	P03888	0	Training	4
Q91XT6	Q91XT6	0	Training	0
F4KBW6	F4KBW6	0	Training	1
Q91YE8	Q91YE8	0	Training	2
Q8WUF5	Q8WUF5	0	Training	3
Q4L180	Q4L180	0	Training	4
Q8VY21	Q8VY21	0	Training	0
P40087	P40087	0	Training	1
P38283	P38283	0	Training	2
Q06991	Q06991	0	Training	3
Q62384	Q62384	0	Training	4
Q9BUV0	Q9BUV0	0	Training	0
Q06338	Q06338	0	Training	1
Q09967	Q09967	0	Training	2
A0A2I0C2C6	A0A2I0C2C6	0	Training	3
P07246	P07246	0	Training	4
Q9ERH4	Q9ERH4	0	Training	0
O43813	O43813	0	Training	1
P28776	P28776	0	Training	2
Q3KNY0	Q3KNY0	0	Training	3
Q02884	Q02884	0	Training	4
P20084	P20084	0	Training	0
Q3TN34	Q3TN34	0	Training	1
Q76NM6	Q76NM6	0	Training	2
Q84LG2	Q84LG2	0	Training	3
P33418	P33418	0	Training	4
Q99MZ3	Q99MZ3	0	Training	0
P0CJ62	P0CJ62	0	Training	1
Q2NNE0	Q2NNE0	0	Training	2
P36144	P36144	0	Training	3
O43396	O43396	0	Training	4
Q04748	Q04748	0	Training	0
P00480	P00480	0	Training	1
P28715	P28715	0	Training	2
Q32P44	Q32P44	0	Training	3
Q04110	Q04110	0	Training	4
O94643	O94643	0	Training	0
Q8WVM0	Q8WVM0	0	Training	1
Q6PCM1	Q6PCM1	0	Training	2
Q9FZ89	Q9FZ89	0	Training	3
Q99ML0	Q99ML0	0	Training	4
O94259	O94259	0	Training	0
A0A0D1CVS5	A0A0D1CVS5	0	Training	1
P07248	P07248	0	Training	2
Q9C666	Q9C666	0	Training	3
Q15723	Q15723	0	Training	4
Q7S711	Q7S711	0	Training	0
O81098	O81098	0	Training	1
Q8BGW0	Q8BGW0	0	Training	2
Q07897	Q07897	0	Training	3
Q9W4N2	Q9W4N2	0	Training	4
Q8BX46	Q8BX46	0	Training	0
P30989	P30989	0	Training	1
Q10429	Q10429	0	Training	2
O94888	O94888	0	Training	3
Q96L50	Q96L50	0	Training	4
Q5SYB0	Q5SYB0	0	Training	0
Q6DGH9	Q6DGH9	0	Training	1
Q8K0E1	Q8K0E1	0	Training	2
Q9SU05	Q9SU05	0	Training	3
Q55FB8	Q55FB8	0	Training	4
P35201	P35201	0	Training	0
Q1ENB6	Q1ENB6	0	Training	1
Q3MK94	Q3MK94	0	Training	2
P15924	P15924	0	Training	3
Q9NWW0	Q9NWW0	0	Training	4
O15014	O15014	0	Training	0
Q9QZU4	Q9QZU4	0	Training	1
P48268	P48268	0	Training	2
Q96EY5	Q96EY5	0	Training	3
O75056	O75056	0	Training	4
Q9H9P8	Q9H9P8	0	Training	0
Q7ZW57	Q7ZW57	0	Training	1
Q6ZVD7	Q6ZVD7	0	Training	2
Q9FZF1	Q9FZF1	0	Training	3
P60896	P60896	0	Training	4
P81449	P81449	0	Training	0
Q8GY61	Q8GY61	0	Training	1
O49687	O49687	0	Training	2
A1Z830	A1Z830	0	Training	3
P27338	P27338	0	Training	4
A4D2B0	A4D2B0	0	Training	0
Q08558	Q08558	0	Training	1
P36036	P36036	0	Training	2
Q9LJG6	Q9LJG6	0	Training	3
F4JZG9	F4JZG9	0	Training	4
Q8GUL2	Q8GUL2	0	Training	0
Q5VZK9	Q5VZK9	0	Training	1
Q04922	Q04922	0	Training	2
Q9BRP8	Q9BRP8	0	Training	3
Q8I615	Q8I615	0	Training	4
O75127	O75127	0	Training	0
Q9NTM9	Q9NTM9	0	Training	1
P34766	P34766	0	Training	2
P17341	P17341	0	Training	3
Q6VAK4	Q6VAK4	0	Training	4
Q00497	Q00497	0	Training	0
Q7Z6G3	Q7Z6G3	0	Training	1
Q9SM57	Q9SM57	0	Training	2
P11498	P11498	0	Training	3
O60934	O60934	0	Training	4
Q96HW7	Q96HW7	0	Training	0
P32800	P32800	0	Training	1
P32792	P32792	0	Training	2
Q3E7A8	Q3E7A8	0	Training	3
Q8CC88	Q8CC88	0	Training	4
Q42564	Q42564	0	Training	0
Q9VK33	Q9VK33	0	Training	1
Q05048	Q05048	0	Training	2
Q8N328	Q8N328	0	Training	3
Q94JV5	Q94JV5	0	Training	4
P40999	P40999	0	Training	0
P05982	P05982	0	Training	1
P39979	P39979	0	Training	2
Q96IL0	Q96IL0	0	Training	3
O23875	O23875	0	Training	4
P49815	P49815	0	Training	0
Q9Y5W9	Q9Y5W9	0	Training	1
Q45VK7	Q45VK7	0	Training	2
Q6NZQ4	Q6NZQ4	0	Training	3
Q8IV76	Q8IV76	0	Training	4
Q08421	Q08421	0	Training	0
Q8IUR7	Q8IUR7	0	Training	1
Q8BMA3	Q8BMA3	0	Training	2
Q5BAH2	Q5BAH2	0	Training	3
Q9NRN7	Q9NRN7	0	Training	4
Q9NQ31	Q9NQ31	0	Training	0
Q2NL27	Q2NL27	0	Training	1
P53119	P53119	0	Training	2
Q6L5B5	Q6L5B5	0	Training	3
Q03834	Q03834	0	Training	4
Q6P589	Q6P589	0	Training	0
Q9XI84	Q9XI84	0	Training	1
O14843	O14843	0	Training	2
P49793	P49793	0	Training	3
O13563	O13563	0	Training	4
Q965W2	Q965W2	0	Training	0
P07236	P07236	0	Training	1
Q9MAM4	Q9MAM4	0	Training	2
P42696	P42696	0	Training	3
P33448	P33448	0	Training	4
Q8WZK0	Q8WZK0	0	Training	0
P36631	P36631	0	Training	1
Q9NQW8	Q9NQW8	0	Training	2
Q13428	Q13428	0	Training	3
Q9FNK4	Q9FNK4	0	Training	4
Q9BTL3	Q9BTL3	0	Training	0
Q14686	Q14686	0	Training	1
Q8IWZ6	Q8IWZ6	0	Training	2
Q9NV70	Q9NV70	0	Training	3
Q93VR9	Q93VR9	0	Training	4
Q9NR90	Q9NR90	0	Training	0
Q9P287	Q9P287	0	Training	1
Q9H307	Q9H307	0	Training	2
P41920	P41920	0	Training	3
A2AG58	A2AG58	0	Training	4
O88484	O88484	0	Training	0
Q15014	Q15014	0	Training	1
P43122	P43122	0	Training	2
P36052	P36052	0	Training	3
Q9SD11	Q9SD11	0	Training	4
A9Y0K8	A9Y0K8	0	Training	0
O13826	O13826	0	Training	1
P83369	P83369	0	Training	2
A2RVJ8	A2RVJ8	0	Training	3
Q6RI63	Q6RI63	0	Training	4
Q9Y2G0	Q9Y2G0	0	Training	0
P06703	P06703	0	Training	1
P36080	P36080	0	Training	2
Q6GKV1	Q6GKV1	0	Training	3
Q9XI00	Q9XI00	0	Training	4
Q15811	Q15811	0	Training	0
P53218	P53218	0	Training	1
Q12036	Q12036	0	Training	2
Q8IXH6	Q8IXH6	0	Training	3
O94916	O94916	0	Training	4
Q149B8	Q149B8	0	Training	0
Q96IY1	Q96IY1	0	Training	1
P46997	P46997	0	Training	2
Q12487	Q12487	0	Training	3
P06786	P06786	0	Training	4
P98192	P98192	0	Training	0
Q23500	Q23500	0	Training	1
P28004	P28004	0	Training	2
Q8K459	Q8K459	0	Training	3
Q04408	Q04408	0	Training	4
Q05498	Q05498	0	Training	0
Q6MG82	Q6MG82	0	Training	1
Q9D742	Q9D742	0	Training	2
Q9Y7R3	Q9Y7R3	0	Training	3
F4HXU3	F4HXU3	0	Training	4
A0A1W2P872	A0A1W2P872	0	Training	0
Q9H4A3	Q9H4A3	0	Training	1
Q56Y74	Q56Y74	0	Training	2
Q6RFH5	Q6RFH5	0	Training	3
Q01448	Q01448	0	Training	4
P29033	P29033	0	Training	0
P06746	P06746	0	Training	1
Q38890	Q38890	0	Training	2
Q09961	Q09961	0	Training	3
Q9LZF1	Q9LZF1	0	Training	4
P40019	P40019	0	Training	0
Q9XH37	Q9XH37	0	Training	1
Q6F6B5	Q6F6B5	0	Training	2
Q8GXN9	Q8GXN9	0	Training	3
P32500	P32500	0	Training	4
Q38946	Q38946	0	Training	0
Q9SYQ0	Q9SYQ0	0	Training	1
P53067	P53067	0	Training	2
P49435	P49435	0	Training	3
O82239	O82239	0	Training	4
O09174	O09174	0	Training	0
Q80VR2	Q80VR2	0	Training	1
Q96DG6	Q96DG6	0	Training	2
P38826	P38826	0	Training	3
Q9GZN7	Q9GZN7	0	Training	4
Q337M4	Q337M4	0	Training	0
Q93ZM9	Q93ZM9	0	Training	1
Q0P5I5	Q0P5I5	0	Training	2
Q924C5	Q924C5	0	Training	3
Q9JKL5	Q9JKL5	0	Training	4
Q9DB96	Q9DB96	0	Training	0
P53123	P53123	0	Training	1
Q8WV24	Q8WV24	0	Training	2
F4I443	F4I443	0	Training	3
P47167	P47167	0	Training	4
Q96MH2	Q96MH2	0	Training	0
P25270	P25270	0	Training	1
Q95748	Q95748	0	Training	2
A2AKX3	A2AKX3	0	Training	3
Q9FFY9	Q9FFY9	0	Training	4
Q9LF24	Q9LF24	0	Training	0
Q8W4F1	Q8W4F1	0	Training	1
Q12136	Q12136	0	Training	2
P38281	P38281	0	Training	3
P05423	P05423	0	Training	4
O95800	O95800	0	Training	0
Q10432	Q10432	0	Training	1
Q9SKT1	Q9SKT1	0	Training	2
Q39033	Q39033	0	Training	3
Q15004	Q15004	0	Training	4
P98170	P98170	0	Training	0
Q969P6	Q969P6	0	Training	1
P09547	P09547	0	Training	2
Q9VMD0	Q9VMD0	0	Training	3
Q05863	Q05863	0	Training	4
Q8TD19	Q8TD19	0	Training	0
P39749	P39749	0	Training	1
P35348	P35348	0	Training	2
A2A5K6	A2A5K6	0	Training	3
Q9UUB5	Q9UUB5	0	Training	4
Q9DB00	Q9DB00	0	Training	0
Q09739	Q09739	0	Training	1
Q13156	Q13156	0	Training	2
P34784	P34784	0	Training	3
Q9UBU9	Q9UBU9	0	Training	4
Q9CQC7	Q9CQC7	0	Training	0
Q63377	Q63377	0	Training	1
Q12285	Q12285	0	Training	2
Q01842	Q01842	0	Training	3
P40038	P40038	0	Training	4
Q22795	Q22795	0	Training	0
Q04636	Q04636	0	Training	1
Q8R515	Q8R515	0	Training	2
Q67Y93	Q67Y93	0	Training	3
Q99LM3	Q99LM3	0	Training	4
A6NND4	A6NND4	0	Training	0
P41903	P41903	0	Training	1
P40492	P40492	0	Training	2
P47045	P47045	0	Training	3
Q9FFZ1	Q9FFZ1	0	Training	4
Q9NQC7	Q9NQC7	0	Training	0
Q80WK2	Q80WK2	0	Training	1
Q10572	Q10572	0	Training	2
Q0IIM8	Q0IIM8	0	Training	3
P53720	P53720	0	Training	4
Q9SJ50	Q9SJ50	0	Training	0
Q62847	Q62847	0	Training	1
P25359	P25359	0	Training	2
P50531	P50531	0	Training	3
P40574	P40574	0	Training	4
P19440	P19440	0	Training	0
Q12032	Q12032	0	Training	1
Q9H161	Q9H161	0	Training	2
Q8N543	Q8N543	0	Training	3
P52503	P52503	0	Training	4
Q14202	Q14202	0	Training	0
Q9NVI7	Q9NVI7	0	Training	1
Q8CJ27	Q8CJ27	0	Training	2
Q9P7U2	Q9P7U2	0	Training	3
P11703	P11703	0	Training	4
P99028	P99028	0	Training	0
Q9SRW7	Q9SRW7	0	Training	1
Q3UN04	Q3UN04	0	Training	2
Q20745	Q20745	0	Training	3
B3EWF7	B3EWF7	0	Training	4
A0A5F8MPU3	A0A5F8MPU3	0	Training	0
Q86W26	Q86W26	0	Training	1
Q8IVE3	Q8IVE3	0	Training	2
P82923	P82923	0	Training	3
O04983	O04983	0	Training	4
Q9SIW2	Q9SIW2	0	Training	0
P03880	P03880	0	Training	1
Q8VZV9	Q8VZV9	0	Training	2
Q9FFH0	Q9FFH0	0	Training	3
Q9FDW8	Q9FDW8	0	Training	4
Q04545	Q04545	0	Training	0
P38111	P38111	0	Training	1
P38855	P38855	0	Training	2
P49222	P49222	0	Training	3
Q39261	Q39261	0	Training	4
Q5ND04	Q5ND04	0	Training	0
P08708	P08708	0	Training	1
Q96AQ6	Q96AQ6	0	Training	2
V6CLN5	V6CLN5	0	Training	3
P83183	P83183	0	Training	4
Q9P0U1	Q9P0U1	0	Training	0
Q96GX8	Q96GX8	0	Training	1
Q9LDE4	Q9LDE4	0	Training	2
Q86VP6	Q86VP6	0	Training	3
O23680	O23680	0	Training	4
O70531	O70531	0	Training	0
P23023	P23023	0	Training	1
O14492	O14492	0	Training	2
Q01501	Q01501	0	Training	3
Q0JFZ0	Q0JFZ0	0	Training	4
Q9NSP4	Q9NSP4	0	Training	0
P06506	P06506	0	Training	1
Q90ZS6	Q90ZS6	0	Training	2
Q2V2P9	Q2V2P9	0	Training	3
P22194	P22194	0	Training	4
Q08683	Q08683	0	Training	0
Q10214	Q10214	0	Training	1
Q92552	Q92552	0	Training	2
Q9ULU4	Q9ULU4	0	Training	3
Q9CQT2	Q9CQT2	0	Training	4
Q9C552	Q9C552	0	Training	0
Q9M0S5	Q9M0S5	0	Training	1
Q9UNQ2	Q9UNQ2	0	Training	2
O60447	O60447	0	Training	3
D3ZX63	D3ZX63	0	Training	4
Q8W191	Q8W191	0	Training	0
O49929	O49929	0	Training	1
P06267	P06267	0	Training	2
Q9UUG9	Q9UUG9	0	Training	3
Q9Y239	Q9Y239	0	Training	4
Q96C12	Q96C12	0	Training	0
Q9NZC9	Q9NZC9	0	Training	1
Q6W2J9	Q6W2J9	0	Training	2
Q8R331	Q8R331	0	Training	3
Q7Z5Q5	Q7Z5Q5	0	Training	4
Q9VFG8	Q9VFG8	0	Training	0
P25368	P25368	0	Training	1
Q6UB98	Q6UB98	0	Training	2
P28519	P28519	0	Training	3
O63075	O63075	0	Training	4
Q9SYM5	Q9SYM5	0	Training	0
P18888	P18888	0	Training	1
Q14DK4	Q14DK4	0	Training	2
Q61233	Q61233	0	Training	3
O95625	O95625	0	Training	4
Q9Y226	Q9Y226	0	Training	0
Q9SIV2	Q9SIV2	0	Training	1
P49021	P49021	0	Training	2
O76039	O76039	0	Training	3
O24463	O24463	0	Training	4
Q99PU7	Q99PU7	0	Training	0
P36130	P36130	0	Training	1
P47054	P47054	0	Training	2
Q8N699	Q8N699	0	Training	3
P58234	P58234	0	Training	4
Q8N3F8	Q8N3F8	0	Training	0
P40382	P40382	0	Training	1
Q9NPB1	Q9NPB1	0	Training	2
Q9P6I9	Q9P6I9	0	Training	3
Q9ST63	Q9ST63	0	Training	4
Q969Y2	Q969Y2	0	Training	0
F1MH24	F1MH24	0	Training	1
P59055	P59055	0	Training	2
Q9H0C3	Q9H0C3	0	Training	3
Q93YN0	Q93YN0	0	Training	4
Q00613	Q00613	0	Training	0
Q8IWV1	Q8IWV1	0	Training	1
Q13562	Q13562	0	Training	2
Q12146	Q12146	0	Training	3
Q12216	Q12216	0	Training	4
Q8LDV3	Q8LDV3	0	Training	0
Q07349	Q07349	0	Training	1
Q15047	Q15047	0	Training	2
Q9ZUT3	Q9ZUT3	0	Training	3
P39705	P39705	0	Training	4
Q84K96	Q84K96	0	Training	0
Q5M731	Q5M731	0	Training	1
O22802	O22802	0	Training	2
Q9WVM1	Q9WVM1	0	Training	3
P87238	P87238	0	Training	4
O73622	O73622	0	Training	0
Q9SLJ2	Q9SLJ2	0	Training	1
Q9EQR5	Q9EQR5	0	Training	2
Q8GY65	Q8GY65	0	Training	3
P46060	P46060	0	Training	4
P12787	P12787	0	Training	0
Q38FI2	Q38FI2	0	Training	1
Q5EAJ7	Q5EAJ7	0	Training	2
Q3YEC7	Q3YEC7	0	Training	3
Q8L999	Q8L999	0	Training	4
Q8IVS2	Q8IVS2	0	Training	0
P10898	P10898	0	Training	1
Q9NQV6	Q9NQV6	0	Training	2
P42842	P42842	0	Training	3
Q8BWT5	Q8BWT5	0	Training	4
Q5ND34	Q5ND34	0	Training	0
Q19872	Q19872	0	Training	1
Q680B9	Q680B9	0	Training	2
Q6K678	Q6K678	0	Training	3
Q9V8P9	Q9V8P9	0	Training	4
Q8L8M9	Q8L8M9	0	Training	0
P48732	P48732	0	Training	1
Q9ES73	Q9ES73	0	Training	2
O94397	O94397	0	Training	3
F4J8G7	F4J8G7	0	Training	4
Q04005	Q04005	0	Training	0
Q3SZ86	Q3SZ86	0	Training	1
P36078	P36078	0	Training	2
Q3U0V2	Q3U0V2	0	Training	3
Q9UPW6	Q9UPW6	0	Training	4
Q2KIR7	Q2KIR7	0	Training	0
Q9HCS7	Q9HCS7	0	Training	1
P30047	P30047	0	Training	2
Q9USQ4	Q9USQ4	0	Training	3
Q9Z1P6	Q9Z1P6	0	Training	4
Q9SKZ1	Q9SKZ1	0	Training	0
Q9H444	Q9H444	0	Training	1
O94864	O94864	0	Training	2
Q9NRY2	Q9NRY2	0	Training	3
O74374	O74374	0	Training	4
P46951	P46951	0	Training	0
P52172	P52172	0	Training	1
P03872	P03872	0	Training	2
Q9Y6K5	Q9Y6K5	0	Training	3
Q12277	Q12277	0	Training	4
Q15233	Q15233	0	Training	0
Q08B36	Q08B36	0	Training	1
P83456	P83456	0	Training	2
Q8LGJ5	Q8LGJ5	0	Training	3
Q7ZT47	Q7ZT47	0	Training	4
Q84W56	Q84W56	0	Training	0
Q8K330	Q8K330	0	Training	1
P52890	P52890	0	Training	2
Q9R061	Q9R061	0	Training	3
Q8GZA8	Q8GZA8	0	Training	4
Q7KMJ6	Q7KMJ6	0	Training	0
Q5H943	Q5H943	0	Training	1
P51587	P51587	0	Training	2
Q6T938	Q6T938	0	Training	3
Q9LQK7	Q9LQK7	0	Training	4
Q3MV14	Q3MV14	0	Training	0
Q20024	Q20024	0	Training	1
Q08287	Q08287	0	Training	2
Q9UIG0	Q9UIG0	0	Training	3
P36516	P36516	0	Training	4
Q0WX00	Q0WX00	0	Training	0
P36532	P36532	0	Training	1
Q3URK3	Q3URK3	0	Training	2
Q8N165	Q8N165	0	Training	3
Q6W0C5	Q6W0C5	0	Training	4
Q8MLV1	Q8MLV1	0	Training	0
Q9H5U6	Q9H5U6	0	Training	1
P23615	P23615	0	Training	2
A0A2R8VHF7	A0A2R8VHF7	0	Training	3
Q54TN2	Q54TN2	0	Training	4
G4LTX4	G4LTX4	0	Training	0
Q9H227	Q9H227	0	Training	1
Q9ULX3	Q9ULX3	0	Training	2
Q38893	Q38893	0	Training	3
Q80WJ1	Q80WJ1	0	Training	4
Q03385	Q03385	0	Training	0
P32347	P32347	0	Training	1
Q39129	Q39129	0	Training	2
Q9USP9	Q9USP9	0	Training	3
Q9FYB5	Q9FYB5	0	Training	4
Q8BT35	Q8BT35	0	Training	0
P07390	P07390	0	Training	1
Q9C000	Q9C000	0	Training	2
Q3KP66	Q3KP66	0	Training	3
Q9Y508	Q9Y508	0	Training	4
Q63HN8	Q63HN8	0	Training	0
P82869	P82869	0	Training	1
Q9UKV3	Q9UKV3	0	Training	2
Q9BY77	Q9BY77	0	Training	3
P38687	P38687	0	Training	4
Q80YF9	Q80YF9	0	Training	0
Q03433	Q03433	0	Training	1
P49792	P49792	0	Training	2
O74792	O74792	0	Training	3
Q8WYK0	Q8WYK0	0	Training	4
P09959	P09959	0	Training	0
P11978	P11978	0	Training	1
Q8WXX5	Q8WXX5	0	Training	2
Q94BS2	Q94BS2	0	Training	3
A1ZAW0	A1ZAW0	0	Training	4
P15919	P15919	0	Training	0
O17286	O17286	0	Training	1
Q1K6Q3	Q1K6Q3	0	Training	2
Q9STS7	Q9STS7	0	Training	3
Q9P797	Q9P797	0	Training	4
Q9U213	Q9U213	0	Training	0
G5EFQ5	G5EFQ5	0	Training	1
Q99M04	Q99M04	0	Training	2
P38771	P38771	0	Training	3
Q9CQT7	Q9CQT7	0	Training	4
Q5I0X4	Q5I0X4	0	Training	0
P07261	P07261	0	Training	1
P78563	P78563	0	Training	2
A1A6M1	A1A6M1	0	Training	3
Q5SU73	Q5SU73	0	Training	4
Q9UI30	Q9UI30	0	Training	0
Q86WA8	Q86WA8	0	Training	1
P40154	P40154	0	Training	2
O94826	O94826	0	Training	3
Q9VRP5	Q9VRP5	0	Training	4
Q92917	Q92917	0	Training	0
Q8GYU3	Q8GYU3	0	Training	1
Q06683	Q06683	0	Training	2
Q9Z2N6	Q9Z2N6	0	Training	3
O62203	O62203	0	Training	4
Q12349	Q12349	0	Training	0
P38319	P38319	0	Training	1
Q00453	Q00453	0	Training	2
P53297	P53297	0	Training	3
Q8VCF0	Q8VCF0	0	Training	4
Q9USY4	Q9USY4	0	Training	0
Q9H6D3	Q9H6D3	0	Training	1
Q920G9	Q920G9	0	Training	2
P82924	P82924	0	Training	3
O74517	O74517	0	Training	4
C4QM85	C4QM85	0	Training	0
Q9SJX7	Q9SJX7	0	Training	1
Q6ZT62	Q6ZT62	0	Training	2
O88466	O88466	0	Training	3
A0A386CAB9	A0A386CAB9	0	Training	4
Q5AL36	Q5AL36	0	Training	0
Q7SA60	Q7SA60	0	Training	1
Q9W4S7	Q9W4S7	0	Training	2
Q9SU56	Q9SU56	0	Training	3
Q38834	Q38834	0	Training	4
J9VI03	J9VI03	0	Training	0
Q06344	Q06344	0	Training	1
Q9VBB3	Q9VBB3	0	Training	2
Q9CQY9	Q9CQY9	0	Training	3
Q6ZTU2	Q6ZTU2	0	Training	4
Q6PE84	Q6PE84	0	Training	0
P35228	P35228	0	Training	1
P45974	P45974	0	Training	2
P53260	P53260	0	Training	3
P83214	P83214	0	Training	4
P32336	P32336	0	Training	0
P09798	P09798	0	Training	1
Q9SE43	Q9SE43	0	Training	2
Q04613	Q04613	0	Training	3
O82392	O82392	0	Training	4
Q13487	Q13487	0	Training	0
Q99177	Q99177	0	Training	1
Q6NVF4	Q6NVF4	0	Training	2
O49660	O49660	0	Training	3
Q62769	Q62769	0	Training	4
H9JBU5	H9JBU5	0	Training	0
Q967U1	Q967U1	0	Training	1
P53136	P53136	0	Training	2
P70423	P70423	0	Training	3
Q06632	Q06632	0	Training	4
Q8TEK3	Q8TEK3	0	Training	0
Q8N140	Q8N140	0	Training	1
Q9NP98	Q9NP98	0	Training	2
P40387	P40387	0	Training	3
Q12020	Q12020	0	Training	4
O94428	O94428	0	Training	0
P47041	P47041	0	Training	1
Q96WW2	Q96WW2	0	Training	2
P82192	P82192	0	Training	3
Q6XP49	Q6XP49	0	Training	4
Q9UN81	Q9UN81	0	Training	0
Q23973	Q23973	0	Training	1
Q07540	Q07540	0	Training	2
Q90941	Q90941	0	Training	3
Q9VNS0	Q9VNS0	0	Training	4
O18017	O18017	0	Training	0
Q93ZF6	Q93ZF6	0	Training	1
Q5FWH3	Q5FWH3	0	Training	2
Q8TEA8	Q8TEA8	0	Training	3
Q8NFU0	Q8NFU0	0	Training	4
P53114	P53114	0	Training	0
Q9ERG0	Q9ERG0	0	Training	1
Q03338	Q03338	0	Training	2
A0A1D8PRB7	A0A1D8PRB7	0	Training	3
O95630	O95630	0	Training	4
P82920	P82920	0	Training	0
Q8LGD5	Q8LGD5	0	Training	1
B7Z0X7	B7Z0X7	0	Training	2
Q20060	Q20060	0	Training	3
P16622	P16622	0	Training	4
Q9VUF8	Q9VUF8	0	Training	0
P34223	P34223	0	Training	1
Q06162	Q06162	0	Training	2
Q84JG2	Q84JG2	0	Training	3
F4I902	F4I902	0	Training	4
Q9UPV0	Q9UPV0	0	Training	0
Q9JKX3	Q9JKX3	0	Training	1
A0A1D6IEG9	A0A1D6IEG9	0	Training	2
Q06639	Q06639	0	Training	3
Q8WXG6	Q8WXG6	0	Training	4
P82979	P82979	0	Training	0
Q9H190	Q9H190	0	Training	1
P51577	P51577	0	Training	2
P53850	P53850	0	Training	3
Q05930	Q05930	0	Training	4
Q5SSJ5	Q5SSJ5	0	Training	0
Q940L4	Q940L4	0	Training	1
P16451	P16451	0	Training	2
Q9LPZ4	Q9LPZ4	0	Training	3
P38996	P38996	0	Training	4
Q8L6Z4	Q8L6Z4	0	Training	0
Q4ADV7	Q4ADV7	0	Training	1
Q12184	Q12184	0	Training	2
Q9FFS4	Q9FFS4	0	Training	3
P34225	P34225	0	Training	4
Q84K35	Q84K35	0	Training	0
Q580X6	Q580X6	0	Training	1
P35790	P35790	0	Training	2
P31115	P31115	0	Training	3
Q9DBR0	Q9DBR0	0	Training	4
Q8WXD5	Q8WXD5	0	Training	0
Q99733	Q99733	0	Training	1
Q03770	Q03770	0	Training	2
Q13901	Q13901	0	Training	3
P53725	P53725	0	Training	4
Q1ZXQ0	Q1ZXQ0	0	Training	0
P09596	P09596	0	Training	1
P09597	P09597	0	Training	2
Q8IWZ4	Q8IWZ4	0	Training	3
Q0JEB7	Q0JEB7	0	Training	4
P53127	P53127	0	Training	0
P50874	P50874	0	Training	1
Q6YUS3	Q6YUS3	0	Training	2
Q84JF5	Q84JF5	0	Training	3
Q8WWM9	Q8WWM9	0	Training	4
P40897	P40897	0	Training	0
P53921	P53921	0	Training	1
O94704	O94704	0	Training	2
Q96LT9	Q96LT9	0	Training	3
Q09142	Q09142	0	Training	4
Q21209	Q21209	0	Training	0
F4KH86	F4KH86	0	Training	1
P03898	P03898	0	Training	2
Q5ZEF1	Q5ZEF1	0	Training	3
Q12497	Q12497	0	Training	4
Q9ZV24	Q9ZV24	0	Training	0
Q12166	Q12166	0	Training	1
Q5AP80	Q5AP80	0	Training	2
Q8IM30	Q8IM30	0	Training	3
P03911	P03911	0	Training	4
Q12040	Q12040	0	Training	0
Q71SY5	Q71SY5	0	Training	1
Q96T21	Q96T21	0	Training	2
P25348	P25348	0	Training	3
Q92349	Q92349	0	Training	4
Q8H1U5	Q8H1U5	0	Training	0
O49292	O49292	0	Training	1
Q9Y3S1	Q9Y3S1	0	Training	2
Q3SYG4	Q3SYG4	0	Training	3
Q5EU90	Q5EU90	0	Training	4
P22035	P22035	0	Training	0
O94522	O94522	0	Training	1
Q86TB9	Q86TB9	0	Training	2
Q9H0Z9	Q9H0Z9	0	Training	3
Q9NYV6	Q9NYV6	0	Training	4
Q6PI26	Q6PI26	0	Training	0
Q9H7Z3	Q9H7Z3	0	Training	1
Q9M9Y4	Q9M9Y4	0	Training	2
Q94JY0	Q94JY0	0	Training	3
Q06405	Q06405	0	Training	4
Q94A41	Q94A41	0	Training	0
Q9BPX3	Q9BPX3	0	Training	1
Q9LXI8	Q9LXI8	0	Training	2
Q9CAF4	Q9CAF4	0	Training	3
Q91XU0	Q91XU0	0	Training	4
P49677	P49677	0	Training	0
Q99MR6	Q99MR6	0	Training	1
Q9P2H5	Q9P2H5	0	Training	2
Q4WSD1	Q4WSD1	0	Training	3
Q08062	Q08062	0	Training	4
Q9JKY0	Q9JKY0	0	Training	0
P67870	P67870	0	Training	1
Q9LEZ1	Q9LEZ1	0	Training	2
P25583	P25583	0	Training	3
Q64MA3	Q64MA3	0	Training	4
Q8BY35	Q8BY35	0	Training	0
Q1K7L7	Q1K7L7	0	Training	1
Q9W1R4	Q9W1R4	0	Training	2
P29617	P29617	0	Training	3
Q9C7I5	Q9C7I5	0	Training	4
Q12247	Q12247	0	Training	0
P32773	P32773	0	Training	1
Q12094	Q12094	0	Training	2
P17987	P17987	0	Training	3
D3KY99	D3KY99	0	Training	4
Q24174	Q24174	0	Training	0
P27705	P27705	0	Training	1
Q9FNC7	Q9FNC7	0	Training	2
P40167	P40167	0	Training	3
O74511	O74511	0	Training	4
P34341	P34341	0	Training	0
Q8VDS3	Q8VDS3	0	Training	1
P60709	P60709	0	Training	2
O65370	O65370	0	Training	3
Q945K7	Q945K7	0	Training	4
P19735	P19735	0	Training	0
P21675	P21675	0	Training	1
Q15022	Q15022	0	Training	2
Q64442	Q64442	0	Training	3
P41698	P41698	0	Training	4
Q62315	Q62315	0	Training	0
Q9Y315	Q9Y315	0	Training	1
P40688	P40688	0	Training	2
P53327	P53327	0	Training	3
G5EED4	G5EED4	0	Training	4
P22289	P22289	0	Training	0
Q92546	Q92546	0	Training	1
O13911	O13911	0	Training	2
P40060	P40060	0	Training	3
A0A2K3DZC4	A0A2K3DZC4	0	Training	4
Q8S4F6	Q8S4F6	0	Training	0
Q8IRB5	Q8IRB5	0	Training	1
Q10SU5	Q10SU5	0	Training	2
Q9VT04	Q9VT04	0	Training	3
P06602	P06602	0	Training	4
Q8R3K3	Q8R3K3	0	Training	0
Q9CA67	Q9CA67	0	Training	1
P14064	P14064	0	Training	2
Q6SKR5	Q6SKR5	0	Training	3
G5EGK6	G5EGK6	0	Training	4
Q3E764	Q3E764	0	Training	0
Q06892	Q06892	0	Training	1
P40554	P40554	0	Training	2
Q8TC90	Q8TC90	0	Training	3
Q7JM44	Q7JM44	0	Training	4
U9W8F2	U9W8F2	0	Training	0
Q9VZM7	Q9VZM7	0	Training	1
Q04199	Q04199	0	Training	2
Q6A028	Q6A028	0	Training	3
Q01329	Q01329	0	Training	4
Q13315	Q13315	0	Training	0
Q9FKP4	Q9FKP4	0	Training	1
Q9LR64	Q9LR64	0	Training	2
Q6KCD5	Q6KCD5	0	Training	3
Q9BZJ8	Q9BZJ8	0	Training	4
Q23238	Q23238	0	Training	0
Q9LJ97	Q9LJ97	0	Training	1
Q00873	Q00873	0	Training	2
Q19972	Q19972	0	Training	3
A0A7P0TBJ1	A0A7P0TBJ1	0	Training	4
P46014	P46014	0	Training	0
P32790	P32790	0	Training	1
O14388	O14388	0	Training	2
G5EC32	G5EC32	0	Training	3
O77264	O77264	0	Training	4
P36523	P36523	0	Training	0
Q9VV74	Q9VV74	0	Training	1
Q38998	Q38998	0	Training	2
Q9FE46	Q9FE46	0	Training	3
Q9Y2R0	Q9Y2R0	0	Training	4
P0DKH5	P0DKH5	0	Training	0
Q24322	Q24322	0	Training	1
A0A143ZZK9	A0A143ZZK9	0	Training	2
Q10198	Q10198	0	Training	3
Q94B35	Q94B35	0	Training	4
Q86W42	Q86W42	0	Training	0
P87169	P87169	0	Training	1
O74356	O74356	0	Training	2
Q8LFH5	Q8LFH5	0	Training	3
Q9VKB9	Q9VKB9	0	Training	4
P03920	P03920	0	Training	0
Q7Y0F6	Q7Y0F6	0	Training	1
Q9FKQ7	Q9FKQ7	0	Training	2
P38127	P38127	0	Training	3
F4IDJ0	F4IDJ0	0	Training	4
Q1K730	Q1K730	0	Training	0
P24473	P24473	0	Training	1
Q9CPQ8	Q9CPQ8	0	Training	2
Q9H5Q4	Q9H5Q4	0	Training	3
Q96MT3	Q96MT3	0	Training	4
Q9CQ75	Q9CQ75	0	Training	0
Q8N5C6	Q8N5C6	0	Training	1
P38175	P38175	0	Training	2
Q8TEW0	Q8TEW0	0	Training	3
Q9VGE2	Q9VGE2	0	Training	4
Q9NYY8	Q9NYY8	0	Training	0
O44783	O44783	0	Training	1
Q505B8	Q505B8	0	Training	2
Q02614	Q02614	0	Training	3
Q9FPW4	Q9FPW4	0	Training	4
Q9H1J1	Q9H1J1	0	Training	0
Q8TAE8	Q8TAE8	0	Training	1
Q9C5S1	Q9C5S1	0	Training	2
O13807	O13807	0	Training	3
Q12788	Q12788	0	Training	4
A0A7J6K629	A0A7J6K629	0	Training	0
Q99P21	Q99P21	0	Training	1
Q80UF9	Q80UF9	0	Training	2
Q05043	Q05043	0	Training	3
Q96NE9	Q96NE9	0	Training	4
Q9M022	Q9M022	0	Training	0
Q96BY6	Q96BY6	0	Training	1
P24309	P24309	0	Training	2
Q6P2C8	Q6P2C8	0	Training	3
Q86WR6	Q86WR6	0	Training	4
Q923Q2	Q923Q2	0	Training	0
Q9NPJ4	Q9NPJ4	0	Training	1
P00522	P00522	0	Training	2
Q9C7A2	Q9C7A2	0	Training	3
Q9H0W9	Q9H0W9	0	Training	4
O14423	O14423	0	Training	0
O82286	O82286	0	Training	1
Q6NUA1	Q6NUA1	0	Training	2
P50749	P50749	0	Training	3
P28661	P28661	0	Training	4
Q9H8W5	Q9H8W5	0	Training	0
O35484	O35484	0	Training	1
P43605	P43605	0	Training	2
P38137	P38137	0	Training	3
B7WN96	B7WN96	0	Training	4
Q5BJZ6	Q5BJZ6	0	Training	0
O94740	O94740	0	Training	1
P34253	P34253	0	Training	2
Q8VYJ1	Q8VYJ1	0	Training	3
Q5N829	Q5N829	0	Training	4
Q9BU61	Q9BU61	0	Training	0
P0CY10	P0CY10	0	Training	1
O75695	O75695	0	Training	2
Q9FK13	Q9FK13	0	Training	3
Q02888	Q02888	0	Training	4
P36531	P36531	0	Training	0
Q8VIH1	Q8VIH1	0	Training	1
Q9V727	Q9V727	0	Training	2
Q9V9W8	Q9V9W8	0	Training	3
Q10Q07	Q10Q07	0	Training	4
Q9VVV9	Q9VVV9	0	Training	0
Q80ZG2	Q80ZG2	0	Training	1
Q03862	Q03862	0	Training	2
Q6P1X5	Q6P1X5	0	Training	3
O95503	O95503	0	Training	4
P0DYC3	P0DYC3	0	Training	0
Q9Y2Q9	Q9Y2Q9	0	Training	1
Q32SG5	Q32SG5	0	Training	2
O74469	O74469	0	Training	3
P32451	P32451	0	Training	4
Q9BSD3	Q9BSD3	0	Training	0
O59744	O59744	0	Training	1
Q9HBL7	Q9HBL7	0	Training	2
P08679	P08679	0	Training	3
O49937	O49937	0	Training	4
Q8IVI9	Q8IVI9	0	Training	0
Q9MBA1	Q9MBA1	0	Training	1
Q9XIP2	Q9XIP2	0	Training	2
P40368	P40368	0	Training	3
P36088	P36088	0	Training	4
P47108	P47108	0	Training	0
P53150	P53150	0	Training	1
Q01663	Q01663	0	Training	2
Q9SEE9	Q9SEE9	0	Training	3
P38804	P38804	0	Training	4
Q12143	Q12143	0	Training	0
Q9LTW4	Q9LTW4	0	Training	1
Q8LDL0	Q8LDL0	0	Training	2
Q02890	Q02890	0	Training	3
Q9VPM5	Q9VPM5	0	Training	4
O74388	O74388	0	Training	0
P36094	P36094	0	Training	1
Q9VMA3	Q9VMA3	0	Training	2
Q56A73	Q56A73	0	Training	3
Q03305	Q03305	0	Training	4
Q05958	Q05958	0	Training	0
P52901	P52901	0	Training	1
O17386	O17386	0	Training	2
Q9VPH8	Q9VPH8	0	Training	3
Q03213	Q03213	0	Training	4
Q93015	Q93015	0	Training	0
F4K687	F4K687	0	Training	1
P53692	P53692	0	Training	2
Q6VMQ6	Q6VMQ6	0	Training	3
Q8CCG4	Q8CCG4	0	Training	4
P38880	P38880	0	Training	0
P22138	P22138	0	Training	1
Q9N658	Q9N658	0	Training	2
O74458	O74458	0	Training	3
P51959	P51959	0	Training	4
A0A509AFM3	A0A509AFM3	0	Training	0
P35192	P35192	0	Training	1
P46655	P46655	0	Training	2
Q3URS9	Q3URS9	0	Training	3
Q9ESK9	Q9ESK9	0	Training	4
P19474	P19474	0	Training	0
Q09838	Q09838	0	Training	1
O22793	O22793	0	Training	2
Q8WUU5	Q8WUU5	0	Training	3
P16467	P16467	0	Training	4
P23368	P23368	0	Training	0
Q10665	Q10665	0	Training	1
O70405	O70405	0	Training	2
P38889	P38889	0	Training	3
Q12188	Q12188	0	Training	4
Q8VZE7	Q8VZE7	0	Training	0
Q9LLC1	Q9LLC1	0	Training	1
Q07953	Q07953	0	Training	2
P38110	P38110	0	Training	3
Q3UZ39	Q3UZ39	0	Training	4
P06894	P06894	0	Training	0
P59540	P59540	0	Training	1
O43299	O43299	0	Training	2
O13936	O13936	0	Training	3
P53207	P53207	0	Training	4
Q9UKT7	Q9UKT7	0	Training	0
Q8BVN3	Q8BVN3	0	Training	1
Q12343	Q12343	0	Training	2
Q00757	Q00757	0	Training	3
P20436	P20436	0	Training	4
Q9WU12	Q9WU12	0	Training	0
P09017	P09017	0	Training	1
Q12887	Q12887	0	Training	2
Q9VWF2	Q9VWF2	0	Training	3
Q02100	Q02100	0	Training	4
Q9HAV4	Q9HAV4	0	Training	0
Q61234	Q61234	0	Training	1
P25573	P25573	0	Training	2
Q12354	Q12354	0	Training	3
F4KAV2	F4KAV2	0	Training	4
Q9ZQZ6	Q9ZQZ6	0	Training	0
Q9Y6H6	Q9Y6H6	0	Training	1
A2RTF1	A2RTF1	0	Training	2
P62249	P62249	0	Training	3
Q9Y802	Q9Y802	0	Training	4
B5KM66	B5KM66	0	Training	0
Q8VIM4	Q8VIM4	0	Training	1
O13683	O13683	0	Training	2
P47802	P47802	0	Training	3
Q19AV6	Q19AV6	0	Training	4
Q02783	Q02783	0	Training	0
P40073	P40073	0	Training	1
Q86WR0	Q86WR0	0	Training	2
Q9P804	Q9P804	0	Training	3
Q6Q5X2	Q6Q5X2	0	Training	4
P98083	P98083	0	Training	0
Q12359	Q12359	0	Training	1
O14730	O14730	0	Training	2
P06007	P06007	0	Training	3
Q5H9S7	Q5H9S7	0	Training	4
Q9VMD6	Q9VMD6	0	Training	0
Q91XJ0	Q91XJ0	0	Training	1
O23174	O23174	0	Training	2
Q95749	Q95749	0	Training	3
P47084	P47084	0	Training	4
Q9BZE1	Q9BZE1	0	Training	0
Q9R085	Q9R085	0	Training	1
A0A1D8PJ01	A0A1D8PJ01	0	Training	2
O22161	O22161	0	Training	3
Q5D869	Q5D869	0	Training	4
P04053	P04053	0	Training	0
Q10290	Q10290	0	Training	1
P04840	P04840	0	Training	2
O74895	O74895	0	Training	3
Q9ZQ19	Q9ZQ19	0	Training	4
O02326	O02326	0	Training	0
P53983	P53983	0	Training	1
Q9JJN6	Q9JJN6	0	Training	2
Q8R151	Q8R151	0	Training	3
P70278	P70278	0	Training	4
O14368	O14368	0	Training	0
Q8NCE0	Q8NCE0	0	Training	1
Q8GXR9	Q8GXR9	0	Training	2
Q9ERS2	Q9ERS2	0	Training	3
Q149M9	Q149M9	0	Training	4
Q9ERV1	Q9ERV1	0	Training	0
P19824	P19824	0	Training	1
Q9HAB3	Q9HAB3	0	Training	2
Q9C7G6	Q9C7G6	0	Training	3
Q9UIA0	Q9UIA0	0	Training	4
P34418	P34418	0	Training	0
Q9BWW7	Q9BWW7	0	Training	1
Q6A037	Q6A037	0	Training	2
O36030	O36030	0	Training	3
Q8NHY2	Q8NHY2	0	Training	4
Q08932	Q08932	0	Training	0
P62483	P62483	0	Training	1
P53507	P53507	0	Training	2
O24629	O24629	0	Training	3
P52654	P52654	0	Training	4
F4KFT7	F4KFT7	0	Training	0
Q86TL0	Q86TL0	0	Training	1
Q8IYW5	Q8IYW5	0	Training	2
P49588	P49588	0	Training	3
P09119	P09119	0	Training	4
Q9USY8	Q9USY8	0	Training	0
Q9UTT2	Q9UTT2	0	Training	1
Q9QZM5	Q9QZM5	0	Training	2
Q07807	Q07807	0	Training	3
A0A0D1CRD0	A0A0D1CRD0	0	Training	4
Q06682	Q06682	0	Training	0
Q9GZR1	Q9GZR1	0	Training	1
Q96HA7	Q96HA7	0	Training	2
Q04675	Q04675	0	Training	3
Q12333	Q12333	0	Training	4
Q76PC4	Q76PC4	0	Training	0
Q3E823	Q3E823	0	Training	1
P82352	P82352	0	Training	2
P51530	P51530	0	Training	3
Q9LSA9	Q9LSA9	0	Training	4
Q4WGS5	Q4WGS5	0	Training	0
P40014	P40014	0	Training	1
Q05568	Q05568	0	Training	2
Q6VN19	Q6VN19	0	Training	3
Q5I0E9	Q5I0E9	0	Training	4
J4UQC2	J4UQC2	0	Training	0
P38170	P38170	0	Training	1
Q13868	Q13868	0	Training	2
O14329	O14329	0	Training	3
Q9SU25	Q9SU25	0	Training	4
Q09228	Q09228	0	Training	0
O59748	O59748	0	Training	1
P53264	P53264	0	Training	2
Q9UBC0	Q9UBC0	0	Training	3
P50091	P50091	0	Training	4
P78953	P78953	0	Training	0
Q86YA3	Q86YA3	0	Training	1
A6NKF2	A6NKF2	0	Training	2
Q39057	Q39057	0	Training	3
O14174	O14174	0	Training	4
Q504Q3	Q504Q3	0	Training	0
Q810H6	Q810H6	0	Training	1
Q9BZV1	Q9BZV1	0	Training	2
O23310	O23310	0	Training	3
E3Q1H1	E3Q1H1	0	Training	4
Q6ZQN7	Q6ZQN7	0	Training	0
Q12511	Q12511	0	Training	1
O42250	O42250	0	Training	2
Q5XKL5	Q5XKL5	0	Training	3
Q8WV22	Q8WV22	0	Training	4
Q9C5J3	Q9C5J3	0	Training	0
P36093	P36093	0	Training	1
C6TCZ5	C6TCZ5	0	Training	2
Q7Z602	Q7Z602	0	Training	3
Q99547	Q99547	0	Training	4
Q60864	Q60864	0	Training	0
P42948	P42948	0	Training	1
P25457	P25457	0	Training	2
Q4PSK3	Q4PSK3	0	Training	3
Q10302	Q10302	0	Training	4
O74880	O74880	0	Training	0
O74418	O74418	0	Training	1
G5ECG2	G5ECG2	0	Training	2
P12904	P12904	0	Training	3
Q9M0A5	Q9M0A5	0	Training	4
P23610	P23610	0	Training	0
Q69T99	Q69T99	0	Training	1
Q8L8Z1	Q8L8Z1	0	Training	2
Q8VEH6	Q8VEH6	0	Training	3
P40061	P40061	0	Training	4
Q8IVG5	Q8IVG5	0	Training	0
P87310	P87310	0	Training	1
P53255	P53255	0	Training	2
Q6PCP7	Q6PCP7	0	Training	3
Q53GS7	Q53GS7	0	Training	4
B2RW88	B2RW88	0	Training	0
Q32NR9	Q32NR9	0	Training	1
Q7SAJ1	Q7SAJ1	0	Training	2
Q9LK88	Q9LK88	0	Training	3
Q03375	Q03375	0	Training	4
Q96D98	Q96D98	0	Training	0
O96693	O96693	0	Training	1
Q91X44	Q91X44	0	Training	2
Q9JJL0	Q9JJL0	0	Training	3
Q9BXW9	Q9BXW9	0	Training	4
O75607	O75607	0	Training	0
P46062	P46062	0	Training	1
Q22829	Q22829	0	Training	2
P41223	P41223	0	Training	3
Q96FF9	Q96FF9	0	Training	4
P53267	P53267	0	Training	0
Q9UKA1	Q9UKA1	0	Training	1
Q9VPH0	Q9VPH0	0	Training	2
Q1K8F6	Q1K8F6	0	Training	3
P53102	P53102	0	Training	4
Q9Y3E1	Q9Y3E1	0	Training	0
O15304	O15304	0	Training	1
P48237	P48237	0	Training	2
Q9JMB1	Q9JMB1	0	Training	3
Q8WVF1	Q8WVF1	0	Training	4
Q9Y4R8	Q9Y4R8	0	Training	0
Q9H668	Q9H668	0	Training	1
Q12947	Q12947	0	Training	2
F6TQD1	F6TQD1	0	Training	3
Q8R2K4	Q8R2K4	0	Training	4
Q9H0R1	Q9H0R1	0	Training	0
Q9FJF4	Q9FJF4	0	Training	1
Q9NYP3	Q9NYP3	0	Training	2
Q9FJY5	Q9FJY5	0	Training	3
P13631	P13631	0	Training	4
Q9VX12	Q9VX12	0	Training	0
Q8R2H7	Q8R2H7	0	Training	1
P46435	P46435	0	Training	2
D3YZI9	D3YZI9	0	Training	3
O82279	O82279	0	Training	4
Q16186	Q16186	0	Training	0
P42526	P42526	0	Training	1
P57080	P57080	0	Training	2
Q58DZ9	Q58DZ9	0	Training	3
C4QWS8	C4QWS8	0	Training	4
A0A076FFM5	A0A076FFM5	0	Training	0
P00856	P00856	0	Training	1
Q6ZI01	Q6ZI01	0	Training	2
Q19404	Q19404	0	Training	3
Q1KPV0	Q1KPV0	0	Training	4
Q940U6	Q940U6	0	Training	0
Q969Z3	Q969Z3	0	Training	1
P09211	P09211	0	Training	2
Q9BZL1	Q9BZL1	0	Training	3
Q7TN79	Q7TN79	0	Training	4
Q9H079	Q9H079	0	Training	0
Q91ZR5	Q91ZR5	0	Training	1
O04209	O04209	0	Training	2
Q9WTJ6	Q9WTJ6	0	Training	3
Q8W1E3	Q8W1E3	0	Training	4
Q6IDA6	Q6IDA6	0	Training	0
Q9UQY9	Q9UQY9	0	Training	1
Q05921	Q05921	0	Training	2
P50106	P50106	0	Training	3
Q29RF7	Q29RF7	0	Training	4
P0C7P0	P0C7P0	0	Training	0
F4IN23	F4IN23	0	Training	1
Q10252	Q10252	0	Training	2
Q12291	Q12291	0	Training	3
Q92979	Q92979	0	Training	4
O13725	O13725	0	Training	0
Q03824	Q03824	0	Training	1
Q8NBA8	Q8NBA8	0	Training	2
Q9U1K1	Q9U1K1	0	Training	3
P38208	P38208	0	Training	4
Q9VLL3	Q9VLL3	0	Training	0
Q9LDY5	Q9LDY5	0	Training	1
Q9BWX1	Q9BWX1	0	Training	2
Q5GH62	Q5GH62	0	Training	3
P0DJ07	P0DJ07	0	Training	4
Q69P94	Q69P94	0	Training	0
Q9WTK8	Q9WTK8	0	Training	1
O00625	O00625	0	Training	2
Q06411	Q06411	0	Training	3
Q91YR5	Q91YR5	0	Training	4
Q8BG87	Q8BG87	0	Training	0
O95997	O95997	0	Training	1
Q86TC9	Q86TC9	0	Training	2
Q06340	Q06340	0	Training	3
G5EEM0	G5EEM0	0	Training	4
P56645	P56645	0	Training	0
P38557	P38557	0	Training	1
Q9Z0X1	Q9Z0X1	0	Training	2
Q15646	Q15646	0	Training	3
Q9SAC6	Q9SAC6	0	Training	4
E1JIT7	E1JIT7	0	Training	0
O15360	O15360	0	Training	1
O88843	O88843	0	Training	2
Q9NY27	Q9NY27	0	Training	3
A9UHW6	A9UHW6	0	Training	4
Q3E798	Q3E798	0	Training	0
A0A8I5ZT12	A0A8I5ZT12	0	Training	1
P46998	P46998	0	Training	2
Q06568	Q06568	0	Training	3
Q6S591	Q6S591	0	Training	4
O78310	O78310	0	Training	0
P06738	P06738	0	Training	1
P91943	P91943	0	Training	2
Q8N1G0	Q8N1G0	0	Training	3
Q1H5E9	Q1H5E9	0	Training	4
Q7TMF3	Q7TMF3	0	Training	0
Q16342	Q16342	0	Training	1
P10664	P10664	0	Training	2
B9EJG8	B9EJG8	0	Training	3
P70434	P70434	0	Training	4
Q92565	Q92565	0	Training	0
Q96PY6	Q96PY6	0	Training	1
Q92989	Q92989	0	Training	2
F4JTS8	F4JTS8	0	Training	3
Q61115	Q61115	0	Training	4
Q5Z8R1	Q5Z8R1	0	Training	0
P82675	P82675	0	Training	1
J4KNE4	J4KNE4	0	Training	2
Q9BQA5	Q9BQA5	0	Training	3
Q10LI1	Q10LI1	0	Training	4
Q9C6T1	Q9C6T1	0	Training	0
Q6PCZ4	Q6PCZ4	0	Training	1
P25582	P25582	0	Training	2
P21375	P21375	0	Training	3
Q922R5	Q922R5	0	Training	4
Q06672	Q06672	0	Training	0
Q1EHW4	Q1EHW4	0	Training	1
P10862	P10862	0	Training	2
Q9SJH0	Q9SJH0	0	Training	3
Q9NX52	Q9NX52	0	Training	4
H2L056	H2L056	0	Training	0
Q05541	Q05541	0	Training	1
Q9W2I4	Q9W2I4	0	Training	2
Q8R3P9	Q8R3P9	0	Training	3
Q0J995	Q0J995	0	Training	4
O59740	O59740	0	Training	0
Q9ZW85	Q9ZW85	0	Training	1
A0A0D1DMJ6	A0A0D1DMJ6	0	Training	2
P50110	P50110	0	Training	3
O13688	O13688	0	Training	4
P32874	P32874	0	Training	0
P53201	P53201	0	Training	1
O55230	O55230	0	Training	2
Q69YN2	Q69YN2	0	Training	3
P78527	P78527	0	Training	4
Q54XG7	Q54XG7	0	Training	0
Q945P1	Q945P1	0	Training	1
Q9SZ15	Q9SZ15	0	Training	2
Q9VWS0	Q9VWS0	0	Training	3
Q6AXT7	Q6AXT7	0	Training	4
Q08605	Q08605	0	Training	0
B9DHG0	B9DHG0	0	Training	1
Q8IXP5	Q8IXP5	0	Training	2
Q92373	Q92373	0	Training	3
P14618	P14618	0	Training	4
Q6P6N5	Q6P6N5	0	Training	0
O13851	O13851	0	Training	1
Q9BSF8	Q9BSF8	0	Training	2
Q6E434	Q6E434	0	Training	3
Q9VH36	Q9VH36	0	Training	4
O35683	O35683	0	Training	0
Q9P7M3	Q9P7M3	0	Training	1
W2SDE2	W2SDE2	0	Training	2
Q9H8K7	Q9H8K7	0	Training	3
A1YKT1	A1YKT1	0	Training	4
Q9NVU7	Q9NVU7	0	Training	0
Q5TAQ9	Q5TAQ9	0	Training	1
Q1MTS0	Q1MTS0	0	Training	2
Q9UT31	Q9UT31	0	Training	3
Q9NX08	Q9NX08	0	Training	4
O94851	O94851	0	Training	0
Q8NEM7	Q8NEM7	0	Training	1
Q9FL12	Q9FL12	0	Training	2
P03069	P03069	0	Training	3
P15884	P15884	0	Training	4
P46604	P46604	0	Training	0
Q9D5P4	Q9D5P4	0	Training	1
Q4V7K4	Q4V7K4	0	Training	2
Q06697	Q06697	0	Training	3
P40008	P40008	0	Training	4
Q9HCU9	Q9HCU9	0	Training	0
Q7YUD6	Q7YUD6	0	Training	1
Q9QXK9	Q9QXK9	0	Training	2
Q91YT7	Q91YT7	0	Training	3
Q8IN94	Q8IN94	0	Training	4
P53309	P53309	0	Training	0
P62072	P62072	0	Training	1
P07257	P07257	0	Training	2
E9Q2Z1	E9Q2Z1	0	Training	3
Q96EH3	Q96EH3	0	Training	4
Q12275	Q12275	0	Training	0
P30987	P30987	0	Training	1
P48634	P48634	0	Training	2
P58281	P58281	0	Training	3
Q10325	Q10325	0	Training	4
Q9Y253	Q9Y253	0	Training	0
Q00055	Q00055	0	Training	1
K4D3V7	K4D3V7	0	Training	2
Q70EL2	Q70EL2	0	Training	3
Q9FGN8	Q9FGN8	0	Training	4
Q9Y4E5	Q9Y4E5	0	Training	0
Q924K8	Q924K8	0	Training	1
P40166	P40166	0	Training	2
Q9VPF9	Q9VPF9	0	Training	3
Q9Y7J1	Q9Y7J1	0	Training	4
P35732	P35732	0	Training	0
O74354	O74354	0	Training	1
P50539	P50539	0	Training	2
U3H042	U3H042	0	Training	3
Q12204	Q12204	0	Training	4
Q08961	Q08961	0	Training	0
O00257	O00257	0	Training	1
Q6XQN6	Q6XQN6	0	Training	2
Q9ESM6	Q9ESM6	0	Training	3
Q6UFS5	Q6UFS5	0	Training	4
Q9QZB0	Q9QZB0	0	Training	0
Q14019	Q14019	0	Training	1
Q9UI32	Q9UI32	0	Training	2
P32259	P32259	0	Training	3
Q7L0Y3	Q7L0Y3	0	Training	4
P26645	P26645	0	Training	0
Q94126	Q94126	0	Training	1
Q06598	Q06598	0	Training	2
O14097	O14097	0	Training	3
P07213	P07213	0	Training	4
Q10173	Q10173	0	Training	0
P35710	P35710	0	Training	1
A0A120KVW2	A0A120KVW2	0	Training	2
Q06315	Q06315	0	Training	3
P47077	P47077	0	Training	4
Q9EQQ4	Q9EQQ4	0	Training	0
Q9BUA3	Q9BUA3	0	Training	1
Q12931	Q12931	0	Training	2
O55057	O55057	0	Training	3
Q3U2U7	Q3U2U7	0	Training	4
Q9LVM5	Q9LVM5	0	Training	0
Q9HGN5	Q9HGN5	0	Training	1
Q9C5J9	Q9C5J9	0	Training	2
P0C1Z6	P0C1Z6	0	Training	3
Q9UH92	Q9UH92	0	Training	4
P43079	P43079	0	Training	0
A2A9C3	A2A9C3	0	Training	1
Q9UNA4	Q9UNA4	0	Training	2
P45968	P45968	0	Training	3
Q42606	Q42606	0	Training	4
Q21836	Q21836	0	Training	0
P54857	P54857	0	Training	1
Q9FZ47	Q9FZ47	0	Training	2
A0A163UT06	A0A163UT06	0	Training	3
O74535	O74535	0	Training	4
Q8K1R3	Q8K1R3	0	Training	0
Q24134	Q24134	0	Training	1
Q96524	Q96524	0	Training	2
A9YTQ3	A9YTQ3	0	Training	3
A0AV96	A0AV96	0	Training	4
P70033	P70033	0	Training	0
Q16617	Q16617	0	Training	1
Q95XA8	Q95XA8	0	Training	2
A0A1B0GUW7	A0A1B0GUW7	0	Training	3
Q9P2D8	Q9P2D8	0	Training	4
Q18508	Q18508	0	Training	0
Q9P6S5	Q9P6S5	0	Training	1
Q940X9	Q940X9	0	Training	2
O80842	O80842	0	Training	3
Q10059	Q10059	0	Training	4
Q08024	Q08024	0	Training	0
Q96Q11	Q96Q11	0	Training	1
A2T1U1	A2T1U1	0	Training	2
Q8L7C9	Q8L7C9	0	Training	3
Q9FTA2	Q9FTA2	0	Training	4
Q12117	Q12117	0	Training	0
P40326	P40326	0	Training	1
Q94AG6	Q94AG6	0	Training	2
P38250	P38250	0	Training	3
O08586	O08586	0	Training	4
Q07381	Q07381	0	Training	0
O42637	O42637	0	Training	1
Q9UUI3	Q9UUI3	0	Training	2
Q19345	Q19345	0	Training	3
Q96DV4	Q96DV4	0	Training	4
Q7Z3E1	Q7Z3E1	0	Training	0
Q925F4	Q925F4	0	Training	1
P28907	P28907	0	Training	2
B6VQ60	B6VQ60	0	Training	3
P09234	P09234	0	Training	4
P32037	P32037	0	Training	0
Q04868	Q04868	0	Training	1
Q75WU1	Q75WU1	0	Training	2
Q9SKZ5	Q9SKZ5	0	Training	3
Q86TS9	Q86TS9	0	Training	4
Q9H8M2	Q9H8M2	0	Training	0
Q62674	Q62674	0	Training	1
P09108	P09108	0	Training	2
P32526	P32526	0	Training	3
Q42510	Q42510	0	Training	4
F4ICK8	F4ICK8	0	Training	0
Q68FY1	Q68FY1	0	Training	1
Q9FJH5	Q9FJH5	0	Training	2
P32480	P32480	0	Training	3
Q9BSV6	Q9BSV6	0	Training	4
O15068	O15068	0	Training	0
Q9URZ4	Q9URZ4	0	Training	1
Q9FN52	Q9FN52	0	Training	2
Q5I2A0	Q5I2A0	0	Training	3
P53886	P53886	0	Training	4
P38292	P38292	0	Training	0
Q9LY66	Q9LY66	0	Training	1
Q9FXI5	Q9FXI5	0	Training	2
Q9W2H9	Q9W2H9	0	Training	3
Q8R4F0	Q8R4F0	0	Training	4
Q03388	Q03388	0	Training	0
Q6P756	Q6P756	0	Training	1
Q61471	Q61471	0	Training	2
Q9UQ13	Q9UQ13	0	Training	3
Q9ZT96	Q9ZT96	0	Training	4
Q03898	Q03898	0	Training	0
O60174	O60174	0	Training	1
Q9CZX7	Q9CZX7	0	Training	2
Q5M775	Q5M775	0	Training	3
Q64702	Q64702	0	Training	4
Q9SS48	Q9SS48	0	Training	0
Q9CQ79	Q9CQ79	0	Training	1
Q99496	Q99496	0	Training	2
Q9D8H7	Q9D8H7	0	Training	3
P51178	P51178	0	Training	4
Q9SPI9	Q9SPI9	0	Training	0
Q4KMQ1	Q4KMQ1	0	Training	1
F4JF14	F4JF14	0	Training	2
Q6P3S1	Q6P3S1	0	Training	3
Q9D8F1	Q9D8F1	0	Training	4
Q08213	Q08213	0	Training	0
Q8BG21	Q8BG21	0	Training	1
Q12381	Q12381	0	Training	2
A0A1C3NSL9	A0A1C3NSL9	0	Training	3
P78316	P78316	0	Training	4
P46309	P46309	0	Training	0
Q6NUD0	Q6NUD0	0	Training	1
O74971	O74971	0	Training	2
P36168	P36168	0	Training	3
P53883	P53883	0	Training	4
P78345	P78345	0	Training	0
Q28851	Q28851	0	Training	1
O42975	O42975	0	Training	2
P03925	P03925	0	Training	3
Q17602	Q17602	0	Training	4
P47149	P47149	0	Training	0
Q12753	Q12753	0	Training	1
D0Q0Y7	D0Q0Y7	0	Training	2
Q15649	Q15649	0	Training	3
Q93ZG9	Q93ZG9	0	Training	4
P47093	P47093	0	Training	0
Q6Q4D0	Q6Q4D0	0	Training	1
O49543	O49543	0	Training	2
Q03193	Q03193	0	Training	3
O00623	O00623	0	Training	4
Q12179	Q12179	0	Training	0
Q9P7G6	Q9P7G6	0	Training	1
A0A509ARF0	A0A509ARF0	0	Training	2
P42116	P42116	0	Training	3
P39683	P39683	0	Training	4
Q9NZG7	Q9NZG7	0	Training	0
Q9SGH4	Q9SGH4	0	Training	1
G1X9H9	G1X9H9	0	Training	2
F4JGZ1	F4JGZ1	0	Training	3
A6NFQ2	A6NFQ2	0	Training	4
P42697	P42697	0	Training	0
Q7SHR9	Q7SHR9	0	Training	1
P47910	P47910	0	Training	2
A2AIV2	A2AIV2	0	Training	3
Q9FQ09	Q9FQ09	0	Training	4
L0R8F8	L0R8F8	0	Training	0
P40486	P40486	0	Training	1
Q9UHV9	Q9UHV9	0	Training	2
P20134	P20134	0	Training	3
P82887	P82887	0	Training	4
Q8IUH3	Q8IUH3	0	Training	0
O97297	O97297	0	Training	1
Q9SB47	Q9SB47	0	Training	2
Q05024	Q05024	0	Training	3
P35680	P35680	0	Training	4
O43082	O43082	0	Training	0
P19541	P19541	0	Training	1
P82669	P82669	0	Training	2
Q6UXN9	Q6UXN9	0	Training	3
P41896	P41896	0	Training	4
Q8VIJ5	Q8VIJ5	0	Training	0
Q9ER97	Q9ER97	0	Training	1
Q3KRA9	Q3KRA9	0	Training	2
Q8WWQ0	Q8WWQ0	0	Training	3
P93045	P93045	0	Training	4
Q9NXV6	Q9NXV6	0	Training	0
Q3V2A7	Q3V2A7	0	Training	1
Q14498	Q14498	0	Training	2
Q64321	Q64321	0	Training	3
Q84Y18	Q84Y18	0	Training	4
Q8BMI0	Q8BMI0	0	Training	0
Q9URX7	Q9URX7	0	Training	1
P38326	P38326	0	Training	2
Q8IWT0	Q8IWT0	0	Training	3
P55088	P55088	0	Training	4
Q7K003	Q7K003	0	Training	0
Q9BUL5	Q9BUL5	0	Training	1
Q9TXI7	Q9TXI7	0	Training	2
Q9C9B9	Q9C9B9	0	Training	3
P38205	P38205	0	Training	4
O75940	O75940	0	Training	0
P24482	P24482	0	Training	1
Q42496	Q42496	0	Training	2
Q06106	Q06106	0	Training	3
Q9VEX9	Q9VEX9	0	Training	4
P18754	P18754	0	Training	0
I6PL68	I6PL68	0	Training	1
O75106	O75106	0	Training	2
Q9Y6N9	Q9Y6N9	0	Training	3
P38801	P38801	0	Training	4
O95415	O95415	0	Training	0
O22160	O22160	0	Training	1
P93788	P93788	0	Training	2
Q14676	Q14676	0	Training	3
P38979	P38979	0	Training	4
Q06554	Q06554	0	Training	0
O42666	O42666	0	Training	1
P56277	P56277	0	Training	2
P21580	P21580	0	Training	3
P20398	P20398	0	Training	4
Q9VZL5	Q9VZL5	0	Training	0
Q75WB5	Q75WB5	0	Training	1
Q9NRF8	Q9NRF8	0	Training	2
Q04894	Q04894	0	Training	3
P23116	P23116	0	Training	4
G4NCH6	G4NCH6	0	Training	0
Q9BW27	Q9BW27	0	Training	1
E9QAU8	E9QAU8	0	Training	2
Q02606	Q02606	0	Training	3
P30706	P30706	0	Training	4
F4HRV8	F4HRV8	0	Training	0
D3Z649	D3Z649	0	Training	1
A0A0K2GUJ4	A0A0K2GUJ4	0	Training	2
Q08923	Q08923	0	Training	3
Q9W6G7	Q9W6G7	0	Training	4
Q0P651	Q0P651	0	Training	0
Q9FZD1	Q9FZD1	0	Training	1
Q08357	Q08357	0	Training	2
Q80ZI2	Q80ZI2	0	Training	3
Q9H165	Q9H165	0	Training	4
Q67Y99	Q67Y99	0	Training	0
Q8VY11	Q8VY11	0	Training	1
P39985	P39985	0	Training	2
Q9I8A3	Q9I8A3	0	Training	3
Q4QAU9	Q4QAU9	0	Training	4
O01367	O01367	0	Training	0
Q9HGL9	Q9HGL9	0	Training	1
Q9LR91	Q9LR91	0	Training	2
Q9VYQ0	Q9VYQ0	0	Training	3
P41696	P41696	0	Training	4
Q9SP32	Q9SP32	0	Training	0
E9AGH7	E9AGH7	0	Training	1
Q01892	Q01892	0	Training	2
Q09275	Q09275	0	Training	3
Q9CAH5	Q9CAH5	0	Training	4
Q8N8R5	Q8N8R5	0	Training	0
Q9VV73	Q9VV73	0	Training	1
Q9FIG9	Q9FIG9	0	Training	2
Q96SY0	Q96SY0	0	Training	3
O80832	O80832	0	Training	4
Q9TW65	Q9TW65	0	Training	0
Q8RWV3	Q8RWV3	0	Training	1
Q8K3Q3	Q8K3Q3	0	Training	2
Q32KD2	Q32KD2	0	Training	3
Q9Y3S2	Q9Y3S2	0	Training	4
Q0WNB1	Q0WNB1	0	Training	0
Q9SV55	Q9SV55	0	Training	1
Q6RFZ7	Q6RFZ7	0	Training	2
P22936	P22936	0	Training	3
Q9Y6D9	Q9Y6D9	0	Training	4
Q15833	Q15833	0	Training	0
Q96RN5	Q96RN5	0	Training	1
P23369	P23369	0	Training	2
P40161	P40161	0	Training	3
Q00341	Q00341	0	Training	4
P38827	P38827	0	Training	0
Q14765	Q14765	0	Training	1
Q7Z2T5	Q7Z2T5	0	Training	2
Q0E7J7	Q0E7J7	0	Training	3
Q8IVF7	Q8IVF7	0	Training	4
P40121	P40121	0	Training	0
Q96JJ3	Q96JJ3	0	Training	1
P47096	P47096	0	Training	2
Q24472	Q24472	0	Training	3
Q12495	Q12495	0	Training	4
Q9C106	Q9C106	0	Training	0
P09925	P09925	0	Training	1
Q8WTP8	Q8WTP8	0	Training	2
Q9Y2I1	Q9Y2I1	0	Training	3
Q9UBE0	Q9UBE0	0	Training	4
Q80TG1	Q80TG1	0	Training	0
Q8W4D6	Q8W4D6	0	Training	1
Q9QYW0	Q9QYW0	0	Training	2
Q02447	Q02447	0	Training	3
Q8C8R3	Q8C8R3	0	Training	4
Q9W252	Q9W252	0	Training	0
P06541	P06541	0	Training	1
Q4WUK4	Q4WUK4	0	Training	2
P19783	P19783	0	Training	3
Q9C8R8	Q9C8R8	0	Training	4
Q7SG49	Q7SG49	0	Training	0
Q9H4X1	Q9H4X1	0	Training	1
Q09690	Q09690	0	Training	2
Q09842	Q09842	0	Training	3
P04789	P04789	0	Training	4
O15091	O15091	0	Training	0
Q01560	Q01560	0	Training	1
Q60865	Q60865	0	Training	2
Q9VWN4	Q9VWN4	0	Training	3
Q92361	Q92361	0	Training	4
O14015	O14015	0	Training	0
Q8N9A8	Q8N9A8	0	Training	1
Q9BTZ2	Q9BTZ2	0	Training	2
Q7RYW7	Q7RYW7	0	Training	3
P53060	P53060	0	Training	4
Q8IYJ3	Q8IYJ3	0	Training	0
C9JLW8	C9JLW8	0	Training	1
P48239	P48239	0	Training	2
P52168	P52168	0	Training	3
P32899	P32899	0	Training	4
Q8L7N4	Q8L7N4	0	Training	0
P24813	P24813	0	Training	1
Q9Y3A4	Q9Y3A4	0	Training	2
A2AKK5	A2AKK5	0	Training	3
Q5Q0E6	Q5Q0E6	0	Training	4
F4K3G5	F4K3G5	0	Training	0
P38210	P38210	0	Training	1
Q8L7W1	Q8L7W1	0	Training	2
D3YXJ0	D3YXJ0	0	Training	3
Q12139	Q12139	0	Training	4
O74478	O74478	0	Training	0
Q8GSM2	Q8GSM2	0	Training	1
P24641	P24641	0	Training	2
O35047	O35047	0	Training	3
Q7LDG7	Q7LDG7	0	Training	4
Q9BMK9	Q9BMK9	0	Training	0
Q9FLY0	Q9FLY0	0	Training	1
Q4V7H8	Q4V7H8	0	Training	2
Q7L8L6	Q7L8L6	0	Training	3
Q80UF7	Q80UF7	0	Training	4
Q9R0A0	Q9R0A0	0	Training	0
Q7L5Y1	Q7L5Y1	0	Training	1
P22734	P22734	0	Training	2
Q9BTP7	Q9BTP7	0	Training	3
P36421	P36421	0	Training	4
Q03661	Q03661	0	Training	0
Q96FI4	Q96FI4	0	Training	1
C8V329	C8V329	0	Training	2
Q6PID8	Q6PID8	0	Training	3
P32453	P32453	0	Training	4
Q9FMZ0	Q9FMZ0	0	Training	0
Q96E11	Q96E11	0	Training	1
Q9USP0	Q9USP0	0	Training	2
Q8BL80	Q8BL80	0	Training	3
O74331	O74331	0	Training	4
J9VT33	J9VT33	0	Training	0
Q02080	Q02080	0	Training	1
Q9NQX7	Q9NQX7	0	Training	2
O95071	O95071	0	Training	3
Q9UTH9	Q9UTH9	0	Training	4
P22561	P22561	0	Training	0
P13469	P13469	0	Training	1
Q07053	Q07053	0	Training	2
Q585P3	Q585P3	0	Training	3
Q09601	Q09601	0	Training	4
P53139	P53139	0	Training	0
P34231	P34231	0	Training	1
Q12161	Q12161	0	Training	2
Q9NY33	Q9NY33	0	Training	3
Q9SSA5	Q9SSA5	0	Training	4
Q5RI15	Q5RI15	0	Training	0
Q9NQV5	Q9NQV5	0	Training	1
Q9BY10	Q9BY10	0	Training	2
Q8NBI5	Q8NBI5	0	Training	3
Q6NUF4	Q6NUF4	0	Training	4
Q06675	Q06675	0	Training	0
P43569	P43569	0	Training	1
O42958	O42958	0	Training	2
Q9BZR8	Q9BZR8	0	Training	3
P23180	P23180	0	Training	4
Q9P7N0	Q9P7N0	0	Training	0
Q16534	Q16534	0	Training	1
Q9LS24	Q9LS24	0	Training	2
P40460	P40460	0	Training	3
Q03465	Q03465	0	Training	4
Q10187	Q10187	0	Training	0
Q6EPZ0	Q6EPZ0	0	Training	1
Q9V452	Q9V452	0	Training	2
Q61823	Q61823	0	Training	3
Q07912	Q07912	0	Training	4
P52594	P52594	0	Training	0
P0DYC2	P0DYC2	0	Training	1
Q8I299	Q8I299	0	Training	2
Q10336	Q10336	0	Training	3
Q92750	Q92750	0	Training	4
Q5SZT7	Q5SZT7	0	Training	0
Q9GZP8	Q9GZP8	0	Training	1
P39961	P39961	0	Training	2
Q9UI36	Q9UI36	0	Training	3
A0A096LP01	A0A096LP01	0	Training	4
Q9LVS0	Q9LVS0	0	Training	0
Q8SWX0	Q8SWX0	0	Training	1
Q1W1G1	Q1W1G1	0	Training	2
O55003	O55003	0	Training	3
Q9P7A0	Q9P7A0	0	Training	4
Q9ZV06	Q9ZV06	0	Training	0
Q9BVJ6	Q9BVJ6	0	Training	1
Q8WUX9	Q8WUX9	0	Training	2
O74904	O74904	0	Training	3
Q9FNB0	Q9FNB0	0	Training	4
O95714	O95714	0	Training	0
Q86WP2	Q86WP2	0	Training	1
Q9Z2Q2	Q9Z2Q2	0	Training	2
P04038	P04038	0	Training	3
O43586	O43586	0	Training	4
Q9ZR72	Q9ZR72	0	Training	0
P0DW10	P0DW10	0	Training	1
Q9LU39	Q9LU39	0	Training	2
A0A120KVR5	A0A120KVR5	0	Training	3
P22516	P22516	0	Training	4
Q8IRH5	Q8IRH5	0	Training	0
P51810	P51810	0	Training	1
O75952	O75952	0	Training	2
V9M398	V9M398	0	Training	3
Q9XZT7	Q9XZT7	0	Training	4
Q9NWV8	Q9NWV8	0	Training	0
P36064	P36064	0	Training	1
Q8VXV7	Q8VXV7	0	Training	2
Q6ZWK4	Q6ZWK4	0	Training	3
G5EEU2	G5EEU2	0	Training	4
Q96WW3	Q96WW3	0	Training	0
W8JWV8	W8JWV8	0	Training	1
Q8GUK1	Q8GUK1	0	Training	2
Q17569	Q17569	0	Training	3
Q9H8H0	Q9H8H0	0	Training	4
P78312	P78312	0	Training	0
Q873E4	Q873E4	0	Training	1
Q8K1Z0	Q8K1Z0	0	Training	2
B1ASB6	B1ASB6	0	Training	3
Q4U0S5	Q4U0S5	0	Training	4
P17106	P17106	0	Training	0
Q12974	Q12974	0	Training	1
O43502	O43502	0	Training	2
G5EGE9	G5EGE9	0	Training	3
P36606	P36606	0	Training	4
Q8NC56	Q8NC56	0	Training	0
P46089	P46089	0	Training	1
Q3ZBU2	Q3ZBU2	0	Training	2
P39880	P39880	0	Training	3
Q5VZV1	Q5VZV1	0	Training	4
P22469	P22469	0	Training	0
Q06604	Q06604	0	Training	1
P08525	P08525	0	Training	2
Q66JZ4	Q66JZ4	0	Training	3
Q7XR83	Q7XR83	0	Training	4
E7F568	E7F568	0	Training	0
Q38HM4	Q38HM4	0	Training	1
P42891	P42891	0	Training	2
O14802	O14802	0	Training	3
B9F1C0	B9F1C0	0	Training	4
Q10B19	Q10B19	0	Training	0
Q8CDP0	Q8CDP0	0	Training	1
Q99LD4	Q99LD4	0	Training	2
Q9C0Z9	Q9C0Z9	0	Training	3
Q15760	Q15760	0	Training	4
Q5FWP4	Q5FWP4	0	Training	0
A1Z8D0	A1Z8D0	0	Training	1
Q9C5G0	Q9C5G0	0	Training	2
P42838	P42838	0	Training	3
Q4W9R0	Q4W9R0	0	Training	4
Q2TAL8	Q2TAL8	0	Training	0
Q8IUR6	Q8IUR6	0	Training	1
Q9VEB4	Q9VEB4	0	Training	2
Q8N0S6	Q8N0S6	0	Training	3
Q8WWL7	Q8WWL7	0	Training	4
Q6PII3	Q6PII3	0	Training	0
O82170	O82170	0	Training	1
P03871	P03871	0	Training	2
Q9EQ10	Q9EQ10	0	Training	3
B9DFX7	B9DFX7	0	Training	4
Q9BYG8	Q9BYG8	0	Training	0
Q02864	Q02864	0	Training	1
Q9LY99	Q9LY99	0	Training	2
Q62747	Q62747	0	Training	3
P22798	P22798	0	Training	4
Q9BT17	Q9BT17	0	Training	0
Q8N5A5	Q8N5A5	0	Training	1
Q61884	Q61884	0	Training	2
P56765	P56765	0	Training	3
Q659A1	Q659A1	0	Training	4
Q94K75	Q94K75	0	Training	0
P42937	P42937	0	Training	1
P0DKJ7	P0DKJ7	0	Training	2
Q9FVW4	Q9FVW4	0	Training	3
A9D2P7	A9D2P7	0	Training	4
Q941Q3	Q941Q3	0	Training	0
Q54HI5	Q54HI5	0	Training	1
P40041	P40041	0	Training	2
Q9QXN0	Q9QXN0	0	Training	3
Q9LE82	Q9LE82	0	Training	4
Q6NXG1	Q6NXG1	0	Training	0
H2KYH4	H2KYH4	0	Training	1
P29747	P29747	0	Training	2
P82248	P82248	0	Training	3
O82796	O82796	0	Training	4
Q9SPU7	Q9SPU7	0	Training	0
Q5H9F3	Q5H9F3	0	Training	1
Q8IQG1	Q8IQG1	0	Training	2
O35253	O35253	0	Training	3
Q9BLG3	Q9BLG3	0	Training	4
O74887	O74887	0	Training	0
O74854	O74854	0	Training	1
F4HVZ5	F4HVZ5	0	Training	2
O00483	O00483	0	Training	3
Q9CWE6	Q9CWE6	0	Training	4
Q9Y2W2	Q9Y2W2	0	Training	0
Q8C206	Q8C206	0	Training	1
P03877	P03877	0	Training	2
P54730	P54730	0	Training	3
Q04623	Q04623	0	Training	4
E7FFT2	E7FFT2	0	Training	0
Q9P7V3	Q9P7V3	0	Training	1
P23758	P23758	0	Training	2
Q8BGL3	Q8BGL3	0	Training	3
Q9SIM9	Q9SIM9	0	Training	4
O43504	O43504	0	Training	0
Q86V97	Q86V97	0	Training	1
Q96CB8	Q96CB8	0	Training	2
P49917	P49917	0	Training	3
P38876	P38876	0	Training	4
Q8R4N0	Q8R4N0	0	Training	0
Q8C8Y5	Q8C8Y5	0	Training	1
P12297	P12297	0	Training	2
P51947	P51947	0	Training	3
Q9NXZ1	Q9NXZ1	0	Training	4
Q18221	Q18221	0	Training	0
Q13356	Q13356	0	Training	1
Q01613	Q01613	0	Training	2
G5EBR8	G5EBR8	0	Training	3
P13489	P13489	0	Training	4
P81269	P81269	0	Training	0
Q00422	Q00422	0	Training	1
Q9UT23	Q9UT23	0	Training	2
Q9H0E3	Q9H0E3	0	Training	3
Q8BJA3	Q8BJA3	0	Training	4
Q7XA83	Q7XA83	0	Training	0
P53331	P53331	0	Training	1
Q12906	Q12906	0	Training	2
Q00PI9	Q00PI9	0	Training	3
Q96RG2	Q96RG2	0	Training	4
Q76NL8	Q76NL8	0	Training	0
Q9SX99	Q9SX99	0	Training	1
Q9H816	Q9H816	0	Training	2
P25443	P25443	0	Training	3
Q9SD80	Q9SD80	0	Training	4
Q9NPG3	Q9NPG3	0	Training	0
P87000	P87000	0	Training	1
Q7KTX8	Q7KTX8	0	Training	2
P19426	P19426	0	Training	3
O49562	O49562	0	Training	4
Q5C9Z4	Q5C9Z4	0	Training	0
P19659	P19659	0	Training	1
Q12530	Q12530	0	Training	2
P93015	P93015	0	Training	3
Q9VYD1	Q9VYD1	0	Training	4
Q86TP1	Q86TP1	0	Training	0
Q38895	Q38895	0	Training	1
Q62908	Q62908	0	Training	2
P38360	P38360	0	Training	3
Q9CA42	Q9CA42	0	Training	4
P02240	P02240	0	Training	0
P0DOW4	P0DOW4	0	Training	1
Q96LW4	Q96LW4	0	Training	2
Q810W7	Q810W7	0	Training	3
Q9S7D1	Q9S7D1	0	Training	4
P25626	P25626	0	Training	0
P09077	P09077	0	Training	1
P53140	P53140	0	Training	2
Q1HG43	Q1HG43	0	Training	3
Q948R9	Q948R9	0	Training	4
Q9JMC2	Q9JMC2	0	Training	0
Q9BRJ2	Q9BRJ2	0	Training	1
Q944N1	Q944N1	0	Training	2
P28347	P28347	0	Training	3
Q84VX3	Q84VX3	0	Training	4
Q6ZLB0	Q6ZLB0	0	Training	0
Q02336	Q02336	0	Training	1
Q9C0C6	Q9C0C6	0	Training	2
P40576	P40576	0	Training	3
P70670	P70670	0	Training	4
Q06505	Q06505	0	Training	0
Q9VLP7	Q9VLP7	0	Training	1
Q8VZD4	Q8VZD4	0	Training	2
Q61827	Q61827	0	Training	3
Q54T86	Q54T86	0	Training	4
Q8IU81	Q8IU81	0	Training	0
Q04052	Q04052	0	Training	1
Q8WWM7	Q8WWM7	0	Training	2
A6H8H2	A6H8H2	0	Training	3
Q6ZSZ5	Q6ZSZ5	0	Training	4
P53259	P53259	0	Training	0
Q6PIZ9	Q6PIZ9	0	Training	1
P40202	P40202	0	Training	2
Q1G3K8	Q1G3K8	0	Training	3
B9DHT4	B9DHT4	0	Training	4
P09457	P09457	0	Training	0
A0A509AER3	A0A509AER3	0	Training	1
Q9H9Q4	Q9H9Q4	0	Training	2
A0A0K3AR81	A0A0K3AR81	0	Training	3
Q7Z7C8	Q7Z7C8	0	Training	4
Q6PP77	Q6PP77	0	Training	0
Q9UQ35	Q9UQ35	0	Training	1
E9Q4F7	E9Q4F7	0	Training	2
Q9H4Q4	Q9H4Q4	0	Training	3
Q8BH07	Q8BH07	0	Training	4
Q6P4Q7	Q6P4Q7	0	Training	0
Q9D842	Q9D842	0	Training	1
Q9Y603	Q9Y603	0	Training	2
Q05123	Q05123	0	Training	3
Q9LMR3	Q9LMR3	0	Training	4
P08740	P08740	0	Training	0
Q5Z807	Q5Z807	0	Training	1
Q7K3L1	Q7K3L1	0	Training	2
P30999	P30999	0	Training	3
P18409	P18409	0	Training	4
Q80SY4	Q80SY4	0	Training	0
P02730	P02730	0	Training	1
Q9Y6F1	Q9Y6F1	0	Training	2
P52656	P52656	0	Training	3
Q63768	Q63768	0	Training	4
Q9UDR5	Q9UDR5	0	Training	0
P31376	P31376	0	Training	1
P06785	P06785	0	Training	2
Q12418	Q12418	0	Training	3
Q08818	Q08818	0	Training	4
Q9SRT0	Q9SRT0	0	Training	0
P41930	P41930	0	Training	1
Q9H7L9	Q9H7L9	0	Training	2
P06841	P06841	0	Training	3
Q5EAF2	Q5EAF2	0	Training	4
Q99990	Q99990	0	Training	0
F7VJQ1	F7VJQ1	0	Training	1
Q8S948	Q8S948	0	Training	2
P23508	P23508	0	Training	3
P42737	P42737	0	Training	4
Q40089	Q40089	0	Training	0
Q92748	Q92748	0	Training	1
Q9FR37	Q9FR37	0	Training	2
Q8N3I7	Q8N3I7	0	Training	3
Q9W1C5	Q9W1C5	0	Training	4
O47027	O47027	0	Training	0
P38790	P38790	0	Training	1
Q63342	Q63342	0	Training	2
Q8W5B1	Q8W5B1	0	Training	3
Q9CQP8	Q9CQP8	0	Training	4
Q9Y221	Q9Y221	0	Training	0
Q14142	Q14142	0	Training	1
Q96B49	Q96B49	0	Training	2
C0HMD7	C0HMD7	0	Training	3
P53968	P53968	0	Training	4
Q9DAD6	Q9DAD6	0	Training	0
Q8L960	Q8L960	0	Training	1
Q9H4Z3	Q9H4Z3	0	Training	2
O54931	O54931	0	Training	3
P0CG12	P0CG12	0	Training	4
P07768	P07768	0	Training	0
P53072	P53072	0	Training	1
Q4V7C6	Q4V7C6	0	Training	2
Q12259	Q12259	0	Training	3
A0A061ACU2	A0A061ACU2	0	Training	4
P47139	P47139	0	Training	0
Q09683	Q09683	0	Training	1
P25846	P25846	0	Training	2
P40342	P40342	0	Training	3
Q12199	Q12199	0	Training	4
P35735	P35735	0	Training	0
Q9SMX1	Q9SMX1	0	Training	1
Q2Q5T5	Q2Q5T5	0	Training	2
Q9H063	Q9H063	0	Training	3
O43031	O43031	0	Training	4
Q6PCP5	Q6PCP5	0	Training	0
Q9NW13	Q9NW13	0	Training	1
Q9V9V9	Q9V9V9	0	Training	2
O14313	O14313	0	Training	3
Q9UKV8	Q9UKV8	0	Training	4
P25046	P25046	0	Training	0
P46983	P46983	0	Training	1
Q7TS55	Q7TS55	0	Training	2
P25644	P25644	0	Training	3
Q96BR5	Q96BR5	0	Training	4
Q9ZNX9	Q9ZNX9	0	Training	0
Q98TA5	Q98TA5	0	Training	1
Q9BSN7	Q9BSN7	0	Training	2
Q8IYT2	Q8IYT2	0	Training	3
Q9FZK4	Q9FZK4	0	Training	4
Q95QA6	Q95QA6	0	Training	0
P53193	P53193	0	Training	1
Q9NTI7	Q9NTI7	0	Training	2
A0JNW5	A0JNW5	0	Training	3
Q8BXP5	Q8BXP5	0	Training	4
Q9SYU4	Q9SYU4	0	Training	0
Q12223	Q12223	0	Training	1
Q8K2C6	Q8K2C6	0	Training	2
Q3UK10	Q3UK10	0	Training	3
Q9SIG8	Q9SIG8	0	Training	4
Q8RY73	Q8RY73	0	Training	0
P34160	P34160	0	Training	1
Q61818	Q61818	0	Training	2
P80235	P80235	0	Training	3
O59836	O59836	0	Training	4
Q9LK57	Q9LK57	0	Training	0
O14867	O14867	0	Training	1
Q9JIR4	Q9JIR4	0	Training	2
F8VQK3	F8VQK3	0	Training	3
Q563C3	Q563C3	0	Training	4
Q6NME7	Q6NME7	0	Training	0
Q8N5I2	Q8N5I2	0	Training	1
Q9NWQ9	Q9NWQ9	0	Training	2
Q9FFF4	Q9FFF4	0	Training	3
Q9CQJ2	Q9CQJ2	0	Training	4
Q8BLG0	Q8BLG0	0	Training	0
O74429	O74429	0	Training	1
Q42588	Q42588	0	Training	2
Q99728	Q99728	0	Training	3
Q21227	Q21227	0	Training	4
P53064	P53064	0	Training	0
P53266	P53266	0	Training	1
Q9Y605	Q9Y605	0	Training	2
P54310	P54310	0	Training	3
P40155	P40155	0	Training	4
Q283Q6	Q283Q6	0	Training	0
Q8T0G4	Q8T0G4	0	Training	1
O60127	O60127	0	Training	2
O60130	O60130	0	Training	3
Q17381	Q17381	0	Training	4
P53187	P53187	0	Training	0
Q96PM9	Q96PM9	0	Training	1
Q5VZI3	Q5VZI3	0	Training	2
P28805	P28805	0	Training	3
Q01217	Q01217	0	Training	4
Q9SII9	Q9SII9	0	Training	0
G5E8K5	G5E8K5	0	Training	1
Q9LTY1	Q9LTY1	0	Training	2
Q6P587	Q6P587	0	Training	3
P40057	P40057	0	Training	4
Q810F1	Q810F1	0	Training	0
Q9VKJ9	Q9VKJ9	0	Training	1
P38345	P38345	0	Training	2
P46783	P46783	0	Training	3
Q8GSI0	Q8GSI0	0	Training	4
Q9LHJ9	Q9LHJ9	0	Training	0
P54274	P54274	0	Training	1
Q9BQP7	Q9BQP7	0	Training	2
P32389	P32389	0	Training	3
Q6NKX1	Q6NKX1	0	Training	4
F4I3V6	F4I3V6	0	Training	0
Q80ZD3	Q80ZD3	0	Training	1
Q9CWR7	Q9CWR7	0	Training	2
P41779	P41779	0	Training	3
P34111	P34111	0	Training	4
Q9P0M9	Q9P0M9	0	Training	0
P69447	P69447	0	Training	1
Q8L493	Q8L493	0	Training	2
Q9LH52	Q9LH52	0	Training	3
P36632	P36632	0	Training	4
Q8K3J1	Q8K3J1	0	Training	0
Q8S9M1	Q8S9M1	0	Training	1
P09085	P09085	0	Training	2
Q9UUJ4	Q9UUJ4	0	Training	3
Q9SZR9	Q9SZR9	0	Training	4
O43687	O43687	0	Training	0
A0SVK0	A0SVK0	0	Training	1
Q93227	Q93227	0	Training	2
Q9H1K0	Q9H1K0	0	Training	3
Q60560	Q60560	0	Training	4
Q9FZ96	Q9FZ96	0	Training	0
O75955	O75955	0	Training	1
Q9ZVD0	Q9ZVD0	0	Training	2
O55081	O55081	0	Training	3
Q06339	Q06339	0	Training	4
D3ZKB9	D3ZKB9	0	Training	0
Q01664	Q01664	0	Training	1
Q9Y7L4	Q9Y7L4	0	Training	2
O75937	O75937	0	Training	3
P27202	P27202	0	Training	4
Q59UY7	Q59UY7	0	Training	0
P82245	P82245	0	Training	1
Q9UII2	Q9UII2	0	Training	2
B6TTV8	B6TTV8	0	Training	3
C0HM98	C0HM98	0	Training	4
Q9SUP6	Q9SUP6	0	Training	0
O35144	O35144	0	Training	1
Q9WV02	Q9WV02	0	Training	2
Q9H0E9	Q9H0E9	0	Training	3
Q8CGY6	Q8CGY6	0	Training	4
Q7X7A4	Q7X7A4	0	Training	0
Q12107	Q12107	0	Training	1
Q96IR7	Q96IR7	0	Training	2
Q5TGZ0	Q5TGZ0	0	Training	3
Q8H1E5	Q8H1E5	0	Training	4
P49005	P49005	0	Training	0
P53076	P53076	0	Training	1
Q9UT17	Q9UT17	0	Training	2
Q9U3V9	Q9U3V9	0	Training	3
P38830	P38830	0	Training	4
Q9UKK3	Q9UKK3	0	Training	0
P38637	P38637	0	Training	1
Q9LRH6	Q9LRH6	0	Training	2
Q9I869	Q9I869	0	Training	3
Q9QY24	Q9QY24	0	Training	4
Q9H0A8	Q9H0A8	0	Training	0
P56749	P56749	0	Training	1
Q17TI5	Q17TI5	0	Training	2
Q80TN7	Q80TN7	0	Training	3
O95817	O95817	0	Training	4
Q8IXI2	Q8IXI2	0	Training	0
O94268	O94268	0	Training	1
O74935	O74935	0	Training	2
P39707	P39707	0	Training	3
P26770	P26770	0	Training	4
P20143	P20143	0	Training	0
Q9D2V8	Q9D2V8	0	Training	1
Q8IPX7	Q8IPX7	0	Training	2
P15315	P15315	0	Training	3
O89019	O89019	0	Training	4
Q99MA9	Q99MA9	0	Training	0
Q8NEZ4	Q8NEZ4	0	Training	1
P70331	P70331	0	Training	2
Q9Y5Y0	Q9Y5Y0	0	Training	3
Q8L7S5	Q8L7S5	0	Training	4
O13539	O13539	0	Training	0
Q7KZN9	Q7KZN9	0	Training	1
Q9P7S9	Q9P7S9	0	Training	2
P17429	P17429	0	Training	3
Q92374	Q92374	0	Training	4
O95359	O95359	0	Training	0
P14866	P14866	0	Training	1
Q9URY2	Q9URY2	0	Training	2
Q9Y5Q8	Q9Y5Q8	0	Training	3
P28350	P28350	0	Training	4
P32570	P32570	0	Training	0
O77480	O77480	0	Training	1
Q38931	Q38931	0	Training	2
O13919	O13919	0	Training	3
Q9VIT0	Q9VIT0	0	Training	4
Q9NYF8	Q9NYF8	0	Training	0
Q9LVI4	Q9LVI4	0	Training	1
Q54XQ2	Q54XQ2	0	Training	2
C4LY96	C4LY96	0	Training	3
Q9DAT5	Q9DAT5	0	Training	4
P41277	P41277	0	Training	0
Q37707	Q37707	0	Training	1
Q10168	Q10168	0	Training	2
Q9JJ28	Q9JJ28	0	Training	3
Q9M7I7	Q9M7I7	0	Training	4
V5IM60	V5IM60	0	Training	0
Q5VTB9	Q5VTB9	0	Training	1
O75164	O75164	0	Training	2
Q63638	Q63638	0	Training	3
Q8RWI0	Q8RWI0	0	Training	4
Q86V20	Q86V20	0	Training	0
Q8VYR5	Q8VYR5	0	Training	1
O60094	O60094	0	Training	2
Q86XI2	Q86XI2	0	Training	3
Q08774	Q08774	0	Training	4
Q80W99	Q80W99	0	Training	0
Q15257	Q15257	0	Training	1
Q06149	Q06149	0	Training	2
Q9D6J6	Q9D6J6	0	Training	3
Q7Z5K2	Q7Z5K2	0	Training	4
Q9UGK8	Q9UGK8	0	Training	0
Q08236	Q08236	0	Training	1
P32493	P32493	0	Training	2
F4JP52	F4JP52	0	Training	3
Q497V6	Q497V6	0	Training	4
Q14642	Q14642	0	Training	0
P18625	P18625	0	Training	1
Q7RWZ7	Q7RWZ7	0	Training	2
P70460	P70460	0	Training	3
Q9Z2C8	Q9Z2C8	0	Training	4
P11596	P11596	0	Training	0
Q7S4E0	Q7S4E0	0	Training	1
Q9LZD0	Q9LZD0	0	Training	2
Q9USU8	Q9USU8	0	Training	3
Q90ZF9	Q90ZF9	0	Training	4
Q8BG36	Q8BG36	0	Training	0
Q8H1F7	Q8H1F7	0	Training	1
P55318	P55318	0	Training	2
Q6EKJ0	Q6EKJ0	0	Training	3
Q06706	Q06706	0	Training	4
Q32NC0	Q32NC0	0	Training	0
Q9LS02	Q9LS02	0	Training	1
O94261	O94261	0	Training	2
Q84N48	Q84N48	0	Training	3
Q86XK2	Q86XK2	0	Training	4
A6NK58	A6NK58	0	Training	0
P83111	P83111	0	Training	1
P40992	P40992	0	Training	2
Q9S7E4	Q9S7E4	0	Training	3
Q9UTI4	Q9UTI4	0	Training	4
F4JVI3	F4JVI3	0	Training	0
Q6UB28	Q6UB28	0	Training	1
P24522	P24522	0	Training	2
Q13325	Q13325	0	Training	3
P18608	P18608	0	Training	4
Q10FT0	Q10FT0	0	Training	0
Q6UL01	Q6UL01	0	Training	1
Q7TPD6	Q7TPD6	0	Training	2
Q15126	Q15126	0	Training	3
Q9VT00	Q9VT00	0	Training	4
Q12208	Q12208	0	Training	0
O74417	O74417	0	Training	1
Q86Y91	Q86Y91	0	Training	2
Q9SM44	Q9SM44	0	Training	3
Q708S7	Q708S7	0	Training	4
Q8RX78	Q8RX78	0	Training	0
P49919	P49919	0	Training	1
Q64318	Q64318	0	Training	2
P47076	P47076	0	Training	3
D5LXJ0	D5LXJ0	0	Training	4
P53032	P53032	0	Training	0
Q2M3C6	Q2M3C6	0	Training	1
Q69YI7	Q69YI7	0	Training	2
Q8NDD1	Q8NDD1	0	Training	3
Q12830	Q12830	0	Training	4
P0DPG3	P0DPG3	0	Training	0
P81128	P81128	0	Training	1
P93303	P93303	0	Training	2
P07470	P07470	0	Training	3
Q7Z6L0	Q7Z6L0	0	Training	4
P39001	P39001	0	Training	0
Q04049	Q04049	0	Training	1
Q99JB6	Q99JB6	0	Training	2
P34078	P34078	0	Training	3
P40498	P40498	0	Training	4
Q9SZH4	Q9SZH4	0	Training	0
O59767	O59767	0	Training	1
Q8L9Y3	Q8L9Y3	0	Training	2
Q9HAW4	Q9HAW4	0	Training	3
P53866	P53866	0	Training	4
A0A075TRB3	A0A075TRB3	0	Training	0
P15512	P15512	0	Training	1
Q12084	Q12084	0	Training	2
O88339	O88339	0	Training	3
Q8VYE2	Q8VYE2	0	Training	4
O94621	O94621	0	Training	0
Q9UHQ1	Q9UHQ1	0	Training	1
Q9LXW7	Q9LXW7	0	Training	2
P40459	P40459	0	Training	3
O94667	O94667	0	Training	4
P38793	P38793	0	Training	0
Q9C9T3	Q9C9T3	0	Training	1
F4JYC8	F4JYC8	0	Training	2
Q8H0V4	Q8H0V4	0	Training	3
Q03218	Q03218	0	Training	4
Q9ASS2	Q9ASS2	0	Training	0
P19407	P19407	0	Training	1
Q9H9T3	Q9H9T3	0	Training	2
Q9VCH5	Q9VCH5	0	Training	3
Q4WN10	Q4WN10	0	Training	4
Q12104	Q12104	0	Training	0
P53289	P53289	0	Training	1
Q80VL1	Q80VL1	0	Training	2
Q9FJW3	Q9FJW3	0	Training	3
Q9NYL2	Q9NYL2	0	Training	4
A0A0B5KU17	A0A0B5KU17	0	Training	0
Q68FX6	Q68FX6	0	Training	1
P53881	P53881	0	Training	2
V5IMN1	V5IMN1	0	Training	3
O14338	O14338	0	Training	4
Q64471	Q64471	0	Training	0
Q9SY69	Q9SY69	0	Training	1
Q9W1V7	Q9W1V7	0	Training	2
P53569	P53569	0	Training	3
Q32065	Q32065	0	Training	4
Q3ZCT1	Q3ZCT1	0	Training	0
Q8AWF4	Q8AWF4	0	Training	1
Q9VC56	Q9VC56	0	Training	2
Q9SWI1	Q9SWI1	0	Training	3
Q920Q3	Q920Q3	0	Training	4
Q6P4H8	Q6P4H8	0	Training	0
Q6DWJ6	Q6DWJ6	0	Training	1
Q9VVR6	Q9VVR6	0	Training	2
Q9W413	Q9W413	0	Training	3
A0A0A6YY25	A0A0A6YY25	0	Training	4
Q8TEQ6	Q8TEQ6	0	Training	0
Q9VR19	Q9VR19	0	Training	1
Q21148	Q21148	0	Training	2
P39112	P39112	0	Training	3
Q6P1J9	Q6P1J9	0	Training	4
Q9FNH6	Q9FNH6	0	Training	0
O22773	O22773	0	Training	1
Q9Y2V0	Q9Y2V0	0	Training	2
O81787	O81787	0	Training	3
Q5FW52	Q5FW52	0	Training	4
Q96JM3	Q96JM3	0	Training	0
G5EG51	G5EG51	0	Training	1
A7TUE1	A7TUE1	0	Training	2
P82130	P82130	0	Training	3
Q99JB8	Q99JB8	0	Training	4
P80680	P80680	0	Training	0
Q90ZA1	Q90ZA1	0	Training	1
P56288	P56288	0	Training	2
A7DTF0	A7DTF0	0	Training	3
L0B1Y1	L0B1Y1	0	Training	4
Q9H9L7	Q9H9L7	0	Training	0
Q8IVP5	Q8IVP5	0	Training	1
F8VPN2	F8VPN2	0	Training	2
P12956	P12956	0	Training	3
O15287	O15287	0	Training	4
P25298	P25298	0	Training	0
O43083	O43083	0	Training	1
P52553	P52553	0	Training	2
P40543	P40543	0	Training	3
Q8NFZ0	Q8NFZ0	0	Training	4
Q6NL34	Q6NL34	0	Training	0
Q9W1H4	Q9W1H4	0	Training	1
P47112	P47112	0	Training	2
P38879	P38879	0	Training	3
Q94EH2	Q94EH2	0	Training	4
Q62924	Q62924	0	Training	0
P05084	P05084	0	Training	1
P57742	P57742	0	Training	2
O14188	O14188	0	Training	3
P54920	P54920	0	Training	4
O18475	O18475	0	Training	0
Q9LVV5	Q9LVV5	0	Training	1
Q8CGU1	Q8CGU1	0	Training	2
Q61009	Q61009	0	Training	3
Q9M276	Q9M276	0	Training	4
Q9USM1	Q9USM1	0	Training	0
P53911	P53911	0	Training	1
G5EEG1	G5EEG1	0	Training	2
Q12345	Q12345	0	Training	3
Q13761	Q13761	0	Training	4
Q9Y2M2	Q9Y2M2	0	Training	0
Q4VC44	Q4VC44	0	Training	1
A6NHX0	A6NHX0	0	Training	2
P53168	P53168	0	Training	3
P92506	P92506	0	Training	4
Q9HAJ7	Q9HAJ7	0	Training	0
P50536	P50536	0	Training	1
Q9C5Y0	Q9C5Y0	0	Training	2
Q9BT78	Q9BT78	0	Training	3
O35615	O35615	0	Training	4
Q91YE5	Q91YE5	0	Training	0
Q8N6L0	Q8N6L0	0	Training	1
Q9Y5B0	Q9Y5B0	0	Training	2
P00415	P00415	0	Training	3
Q9W1R5	Q9W1R5	0	Training	4
P02836	P02836	0	Training	0
Q62318	Q62318	0	Training	1
Q9FJI1	Q9FJI1	0	Training	2
Q9H147	Q9H147	0	Training	3
Q8LDF9	Q8LDF9	0	Training	4
P13183	P13183	0	Training	0
P23492	P23492	0	Training	1
Q9NPJ6	Q9NPJ6	0	Training	2
W7MAT5	W7MAT5	0	Training	3
P32335	P32335	0	Training	4
P22342	P22342	0	Training	0
P25346	P25346	0	Training	1
Q80T79	Q80T79	0	Training	2
P33411	P33411	0	Training	3
Q8K3D3	Q8K3D3	0	Training	4
Q24400	Q24400	0	Training	0
Q9Y6J8	Q9Y6J8	0	Training	1
Q8TDB6	Q8TDB6	0	Training	2
Q8CH25	Q8CH25	0	Training	3
Q10SY9	Q10SY9	0	Training	4
O48721	O48721	0	Training	0
Q96GJ1	Q96GJ1	0	Training	1
P12689	P12689	0	Training	2
P05089	P05089	0	Training	3
O42647	O42647	0	Training	4
Q53H82	Q53H82	0	Training	0
Q7SGU0	Q7SGU0	0	Training	1
Q03533	Q03533	0	Training	2
G5ECU7	G5ECU7	0	Training	3
P23500	P23500	0	Training	4
Q94AR8	Q94AR8	0	Training	0
Q9LEK8	Q9LEK8	0	Training	1
G5EDW7	G5EDW7	0	Training	2
Q969Q6	Q969Q6	0	Training	3
O43597	O43597	0	Training	4
Q9NTX7	Q9NTX7	0	Training	0
Q9Y5Y5	Q9Y5Y5	0	Training	1
P40024	P40024	0	Training	2
Q1K699	Q1K699	0	Training	3
Q9C0C2	Q9C0C2	0	Training	4
Q9LQI7	Q9LQI7	0	Training	0
P34893	P34893	0	Training	1
Q9U6M1	Q9U6M1	0	Training	2
G5EEW6	G5EEW6	0	Training	3
G5EG17	G5EG17	0	Training	4
Q9ZST9	Q9ZST9	0	Training	0
Q93V85	Q93V85	0	Training	1
P38237	P38237	0	Training	2
O94538	O94538	0	Training	3
Q08921	Q08921	0	Training	4
Q8VDU0	Q8VDU0	0	Training	0
Q9Y5B8	Q9Y5B8	0	Training	1
P26569	P26569	0	Training	2
P42027	P42027	0	Training	3
G5EGQ6	G5EGQ6	0	Training	4
Q9S752	Q9S752	0	Training	0
P49789	P49789	0	Training	1
O65272	O65272	0	Training	2
O75496	O75496	0	Training	3
P87231	P87231	0	Training	4
Q10296	Q10296	0	Training	0
P05066	P05066	0	Training	1
Q9I9N6	Q9I9N6	0	Training	2
Q9UUI2	Q9UUI2	0	Training	3
P47175	P47175	0	Training	4
P83213	P83213	0	Training	0
P62241	P62241	0	Training	1
Q38E51	Q38E51	0	Training	2
Q13495	Q13495	0	Training	3
P63212	P63212	0	Training	4
Q9XE33	Q9XE33	0	Training	0
Q9UKL0	Q9UKL0	0	Training	1
Q9M3B8	Q9M3B8	0	Training	2
P84996	P84996	0	Training	3
O13852	O13852	0	Training	4
Q9VFX3	Q9VFX3	0	Training	0
Q22703	Q22703	0	Training	1
Q9NQX3	Q9NQX3	0	Training	2
P13275	P13275	0	Training	3
Q9VNH1	Q9VNH1	0	Training	4
Q3SZX5	Q3SZX5	0	Training	0
O43482	O43482	0	Training	1
P53838	P53838	0	Training	2
Q61548	Q61548	0	Training	3
Q96PZ2	Q96PZ2	0	Training	4
O94451	O94451	0	Training	0
Q9S7B5	Q9S7B5	0	Training	1
P56780	P56780	0	Training	2
P38140	P38140	0	Training	3
O43716	O43716	0	Training	4
Q9H4I9	Q9H4I9	0	Training	0
P06778	P06778	0	Training	1
P84090	P84090	0	Training	2
Q16385	Q16385	0	Training	3
Q9C469	Q9C469	0	Training	4
Q9SIY3	Q9SIY3	0	Training	0
Q9FFH1	Q9FFH1	0	Training	1
P43618	P43618	0	Training	2
Q7XA07	Q7XA07	0	Training	3
A6YSL1	A6YSL1	0	Training	4
Q03201	Q03201	0	Training	0
Q19253	Q19253	0	Training	1
Q99207	Q99207	0	Training	2
Q9D1M4	Q9D1M4	0	Training	3
Q7TNS8	Q7TNS8	0	Training	4
Q6Z1Z3	Q6Z1Z3	0	Training	0
Q9CQ91	Q9CQ91	0	Training	1
Q02969	Q02969	0	Training	2
Q9M365	Q9M365	0	Training	3
O43719	O43719	0	Training	4
Q9Y817	Q9Y817	0	Training	0
Q08985	Q08985	0	Training	1
O14519	O14519	0	Training	2
P53854	P53854	0	Training	3
P48985	P48985	0	Training	4
Q8BHN1	Q8BHN1	0	Training	0
P32833	P32833	0	Training	1
P26754	P26754	0	Training	2
P80002	P80002	0	Training	3
Q8N4H5	Q8N4H5	0	Training	4
Q9D4J1	Q9D4J1	0	Training	0
P34707	P34707	0	Training	1
O13900	O13900	0	Training	2
Q9Y4P9	Q9Y4P9	0	Training	3
Q9STF2	Q9STF2	0	Training	4
P51610	P51610	0	Training	0
P19889	P19889	0	Training	1
P53877	P53877	0	Training	2
Q7JWP6	Q7JWP6	0	Training	3
Q9UPS6	Q9UPS6	0	Training	4
Q10S44	Q10S44	0	Training	0
Q96BU1	Q96BU1	0	Training	1
Q9HBL8	Q9HBL8	0	Training	2
Q96KQ7	Q96KQ7	0	Training	3
Q9QXM1	Q9QXM1	0	Training	4
P47074	P47074	0	Training	0
P34619	P34619	0	Training	1
Q04213	Q04213	0	Training	2
Q9UT32	Q9UT32	0	Training	3
Q04712	Q04712	0	Training	4
Q9BLG4	Q9BLG4	0	Training	0
P34257	P34257	0	Training	1
A0A8P0N4K0	A0A8P0N4K0	0	Training	2
Q9Y3E5	Q9Y3E5	0	Training	3
P91928	P91928	0	Training	4
Q61451	Q61451	0	Training	0
Q8NHG8	Q8NHG8	0	Training	1
Q3UP24	Q3UP24	0	Training	2
B9DGI8	B9DGI8	0	Training	3
Q84TH9	Q84TH9	0	Training	4
F4HU58	F4HU58	0	Training	0
Q7Y1W1	Q7Y1W1	0	Training	1
Q9UI40	Q9UI40	0	Training	2
Q9Y7Q6	Q9Y7Q6	0	Training	3
Q9I7U4	Q9I7U4	0	Training	4
Q5TGY3	Q5TGY3	0	Training	0
Q9NWU2	Q9NWU2	0	Training	1
P48837	P48837	0	Training	2
A1A6H3	A1A6H3	0	Training	3
Q9P3W1	Q9P3W1	0	Training	4
P83103	P83103	0	Training	0
Q04279	Q04279	0	Training	1
Q7RTV3	Q7RTV3	0	Training	2
Q06032	Q06032	0	Training	3
Q8TEV9	Q8TEV9	0	Training	4
Q8WXI9	Q8WXI9	0	Training	0
Q8TBZ3	Q8TBZ3	0	Training	1
P11471	P11471	0	Training	2
O74461	O74461	0	Training	3
Q7YZH1	Q7YZH1	0	Training	4
Q86TG7	Q86TG7	0	Training	0
Q9XQN8	Q9XQN8	0	Training	1
Q6P9H5	Q6P9H5	0	Training	2
Q9LJ87	Q9LJ87	0	Training	3
P80470	P80470	0	Training	4
P78364	P78364	0	Training	0
Q21986	Q21986	0	Training	1
P38969	P38969	0	Training	2
Q9UTK5	Q9UTK5	0	Training	3
Q8BGY7	Q8BGY7	0	Training	4
P36213	P36213	0	Training	0
Q8R107	Q8R107	0	Training	1
O13803	O13803	0	Training	2
Q22002	Q22002	0	Training	3
Q06409	Q06409	0	Training	4
Q93WG3	Q93WG3	0	Training	0
Q9LX31	Q9LX31	0	Training	1
P43572	P43572	0	Training	2
Q5C9I9	Q5C9I9	0	Training	3
Q05905	Q05905	0	Training	4
O60936	O60936	0	Training	0
P43188	P43188	0	Training	1
Q8N695	Q8N695	0	Training	2
Q2M1K9	Q2M1K9	0	Training	3
Q9VNB5	Q9VNB5	0	Training	4
O74500	O74500	0	Training	0
P54789	P54789	0	Training	1
Q99966	Q99966	0	Training	2
Q05934	Q05934	0	Training	3
P43116	P43116	0	Training	4
P30307	P30307	0	Training	0
Q562E2	Q562E2	0	Training	1
Q9BV90	Q9BV90	0	Training	2
O88942	O88942	0	Training	3
P30776	P30776	0	Training	4
P56347	P56347	0	Training	0
Q9FNE9	Q9FNE9	0	Training	1
O13601	O13601	0	Training	2
P10119	P10119	0	Training	3
O59858	O59858	0	Training	4
P25555	P25555	0	Training	0
Q8BG79	Q8BG79	0	Training	1
P56282	P56282	0	Training	2
P34233	P34233	0	Training	3
B6HQ74	B6HQ74	0	Training	4
Q6PD74	Q6PD74	0	Training	0
Q92366	Q92366	0	Training	1
Q1K5G1	Q1K5G1	0	Training	2
Q944H2	Q944H2	0	Training	3
Q09814	Q09814	0	Training	4
Q9NPI8	Q9NPI8	0	Training	0
O01971	O01971	0	Training	1
Q9URV9	Q9URV9	0	Training	2
Q6TAS3	Q6TAS3	0	Training	3
F4HQA1	F4HQA1	0	Training	4
Q8N3J2	Q8N3J2	0	Training	0
Q16773	Q16773	0	Training	1
O74365	O74365	0	Training	2
P39965	P39965	0	Training	3
Q22557	Q22557	0	Training	4
C6KT66	C6KT66	0	Training	0
R4X244	R4X244	0	Training	1
P0CG13	P0CG13	0	Training	2
Q15029	Q15029	0	Training	3
Q9HA38	Q9HA38	0	Training	4
P31334	P31334	0	Training	0
Q9NUX5	Q9NUX5	0	Training	1
P25299	P25299	0	Training	2
P16458	P16458	0	Training	3
J9VIL4	J9VIL4	0	Training	4
Q6ZSS7	Q6ZSS7	0	Training	0
P38300	P38300	0	Training	1
P53226	P53226	0	Training	2
Q8LFW5	Q8LFW5	0	Training	3
Q9Y6P5	Q9Y6P5	0	Training	4
Q9BQ69	Q9BQ69	0	Training	0
P50105	P50105	0	Training	1
K4CF70	K4CF70	0	Training	2
P80428	P80428	0	Training	3
Q8N4T4	Q8N4T4	0	Training	4
Q9Y3D7	Q9Y3D7	0	Training	0
P50219	P50219	0	Training	1
Q96T49	Q96T49	0	Training	2
O80796	O80796	0	Training	3
Q9H7B4	Q9H7B4	0	Training	4
Q96CM4	Q96CM4	0	Training	0
Q21738	Q21738	0	Training	1
O88379	O88379	0	Training	2
Q9Z2D7	Q9Z2D7	0	Training	3
P47043	P47043	0	Training	4
Q2V2P4	Q2V2P4	0	Training	0
P20050	P20050	0	Training	1
P18494	P18494	0	Training	2
Q7TS63	Q7TS63	0	Training	3
Q8IEF6	Q8IEF6	0	Training	4
Q791V5	Q791V5	0	Training	0
P20676	P20676	0	Training	1
Q96EY7	Q96EY7	0	Training	2
P25569	P25569	0	Training	3
Q03435	Q03435	0	Training	4
Q14674	Q14674	0	Training	0
A0A0D1DYJ6	A0A0D1DYJ6	0	Training	1
Q800K6	Q800K6	0	Training	2
Q69WS3	Q69WS3	0	Training	3
D3ZKT0	D3ZKT0	0	Training	4
C4R8D7	C4R8D7	0	Training	0
Q9BU64	Q9BU64	0	Training	1
Q9FJG1	Q9FJG1	0	Training	2
Q02950	Q02950	0	Training	3
Q7S2C2	Q7S2C2	0	Training	4
P22148	P22148	0	Training	0
Q03079	Q03079	0	Training	1
Q15057	Q15057	0	Training	2
A2ARP9	A2ARP9	0	Training	3
P09368	P09368	0	Training	4
Q9W3C1	Q9W3C1	0	Training	0
Q9USJ8	Q9USJ8	0	Training	1
Q54HS3	Q54HS3	0	Training	2
O75689	O75689	0	Training	3
Q9UT48	Q9UT48	0	Training	4
Q0WPT7	Q0WPT7	0	Training	0
Q86UK7	Q86UK7	0	Training	1
F4I2H7	F4I2H7	0	Training	2
Q6TCH4	Q6TCH4	0	Training	3
O80683	O80683	0	Training	4
Q9Y5R4	Q9Y5R4	0	Training	0
Q03615	Q03615	0	Training	1
Q5YDB5	Q5YDB5	0	Training	2
O94294	O94294	0	Training	3
P45951	P45951	0	Training	4
Q92355	Q92355	0	Training	0
Q6NVU6	Q6NVU6	0	Training	1
O75971	O75971	0	Training	2
O88382	O88382	0	Training	3
Q8IJX8	Q8IJX8	0	Training	4
Q9Z206	Q9Z206	0	Training	0
O74845	O74845	0	Training	1
P30943	P30943	0	Training	2
P61236	P61236	0	Training	3
Q8VYU8	Q8VYU8	0	Training	4
Q53HV7	Q53HV7	0	Training	0
Q9UU84	Q9UU84	0	Training	1
Q12159	Q12159	0	Training	2
Q63425	Q63425	0	Training	3
P32767	P32767	0	Training	4
Q96326	Q96326	0	Training	0
Q9GZQ3	Q9GZQ3	0	Training	1
Q03468	Q03468	0	Training	2
P09132	P09132	0	Training	3
Q7Z7H8	Q7Z7H8	0	Training	4
P54987	P54987	0	Training	0
Q08365	Q08365	0	Training	1
Q8IEK7	Q8IEK7	0	Training	2
Q91W39	Q91W39	0	Training	3
Q86WV1	Q86WV1	0	Training	4
F4JV80	F4JV80	0	Training	0
C4R4G9	C4R4G9	0	Training	1
O88286	O88286	0	Training	2
A0A2H1A5W4	A0A2H1A5W4	0	Training	3
G5EGA3	G5EGA3	0	Training	4
P16050	P16050	0	Training	0
Q8N8Q3	Q8N8Q3	0	Training	1
P40958	P40958	0	Training	2
O80931	O80931	0	Training	3
O75528	O75528	0	Training	4
O09171	O09171	0	Training	0
Q6P6C2	Q6P6C2	0	Training	1
O80952	O80952	0	Training	2
Q6ZQL4	Q6ZQL4	0	Training	3
Q8GYC7	Q8GYC7	0	Training	4
Q06455	Q06455	0	Training	0
Q01852	Q01852	0	Training	1
P38907	P38907	0	Training	2
P97346	P97346	0	Training	3
Q9Y2M0	Q9Y2M0	0	Training	4
Q9BX79	Q9BX79	0	Training	0
C8VP82	C8VP82	0	Training	1
Q9BW66	Q9BW66	0	Training	2
Q16635	Q16635	0	Training	3
Q63HR2	Q63HR2	0	Training	4
Q66HC5	Q66HC5	0	Training	0
Q9STL9	Q9STL9	0	Training	1
P32048	P32048	0	Training	2
P63161	P63161	0	Training	3
P38770	P38770	0	Training	4
P47825	P47825	0	Training	0
Q92900	Q92900	0	Training	1
P38253	P38253	0	Training	2
O70337	O70337	0	Training	3
Q6ZVD8	Q6ZVD8	0	Training	4
Q5SGE0	Q5SGE0	0	Training	0
P23179	P23179	0	Training	1
Q9LUJ5	Q9LUJ5	0	Training	2
Q9Y7X6	Q9Y7X6	0	Training	3
P35203	P35203	0	Training	4
P47174	P47174	0	Training	0
X5HYT8	X5HYT8	0	Training	1
Q8C8N2	Q8C8N2	0	Training	2
Q058N4	Q058N4	0	Training	3
Q9H1D9	Q9H1D9	0	Training	4
Q1W6H9	Q1W6H9	0	Training	0
Q04659	Q04659	0	Training	1
Q9DBU6	Q9DBU6	0	Training	2
O14230	O14230	0	Training	3
Q06510	Q06510	0	Training	4
O95059	O95059	0	Training	0
Q96HS1	Q96HS1	0	Training	1
Q9VIF6	Q9VIF6	0	Training	2
Q9VGZ5	Q9VGZ5	0	Training	3
Q12504	Q12504	0	Training	4
P53718	P53718	0	Training	0
Q54PQ4	Q54PQ4	0	Training	1
Q9VIF5	Q9VIF5	0	Training	2
Q27368	Q27368	0	Training	3
Q9Y3B2	Q9Y3B2	0	Training	4
Q8TB36	Q8TB36	0	Training	0
P41828	P41828	0	Training	1
Q9HB71	Q9HB71	0	Training	2
Q9W157	Q9W157	0	Training	3
Q61550	Q61550	0	Training	4
Q6PFD5	Q6PFD5	0	Training	0
A0A509AE54	A0A509AE54	0	Training	1
P52593	P52593	0	Training	2
Q39172	Q39172	0	Training	3
Q99986	Q99986	0	Training	4
P22812	P22812	0	Training	0
Q38796	Q38796	0	Training	1
P05022	P05022	0	Training	2
P68104	P68104	0	Training	3
Q65XX7	Q65XX7	0	Training	4
Q8BTQ0	Q8BTQ0	0	Training	0
Q21773	Q21773	0	Training	1
Q6P161	Q6P161	0	Training	2
P38858	P38858	0	Training	3
E5FYH0	E5FYH0	0	Training	4
P53171	P53171	0	Training	0
Q96PV7	Q96PV7	0	Training	1
Q39161	Q39161	0	Training	2
P12524	P12524	0	Training	3
Q9P805	Q9P805	0	Training	4
Q9SNB7	Q9SNB7	0	Training	0
Q8NBT2	Q8NBT2	0	Training	1
Q9P7S7	Q9P7S7	0	Training	2
O88735	O88735	0	Training	3
Q5TB80	Q5TB80	0	Training	4
Q96RL1	Q96RL1	0	Training	0
Q8WVX9	Q8WVX9	0	Training	1
P91277	P91277	0	Training	2
Q86Y26	Q86Y26	0	Training	3
P56558	P56558	0	Training	4
O70372	O70372	0	Training	0
Q8W4E7	Q8W4E7	0	Training	1
Q6FN94	Q6FN94	0	Training	2
P78946	P78946	0	Training	3
Q06214	Q06214	0	Training	4
Q8VZS0	Q8VZS0	0	Training	0
Q8W489	Q8W489	0	Training	1
Q7XZF5	Q7XZF5	0	Training	2
O42649	O42649	0	Training	3
Q9BSH3	Q9BSH3	0	Training	4
P21771	P21771	0	Training	0
Q24JJ9	Q24JJ9	0	Training	1
O43592	O43592	0	Training	2
Q04705	Q04705	0	Training	3
P83510	P83510	0	Training	4
Q41062	Q41062	0	Training	0
Q6Q629	Q6Q629	0	Training	1
Q9DB60	Q9DB60	0	Training	2
Q9C0C9	Q9C0C9	0	Training	3
O04121	O04121	0	Training	4
Q0JCC3	Q0JCC3	0	Training	0
Q96MF7	Q96MF7	0	Training	1
P38278	P38278	0	Training	2
P08703	P08703	0	Training	3
Q14249	Q14249	0	Training	4
O35820	O35820	0	Training	0
Q9LRY0	Q9LRY0	0	Training	1
Q9V6L9	Q9V6L9	0	Training	2
Q8GYH7	Q8GYH7	0	Training	3
Q9NP64	Q9NP64	0	Training	4
Q9H910	Q9H910	0	Training	0
Q56P42	Q56P42	0	Training	1
Q18919	Q18919	0	Training	2
Q9DE46	Q9DE46	0	Training	3
Q9WVL3	Q9WVL3	0	Training	4
Q9P7W8	Q9P7W8	0	Training	0
P06843	P06843	0	Training	1
Q9D945	Q9D945	0	Training	2
Q9Y2G2	Q9Y2G2	0	Training	3
Q06236	Q06236	0	Training	4
Q8C5S7	Q8C5S7	0	Training	0
P15308	P15308	0	Training	1
Q8H0U4	Q8H0U4	0	Training	2
Q96WV2	Q96WV2	0	Training	3
Q9GYU8	Q9GYU8	0	Training	4
Q12046	Q12046	0	Training	0
G4NBR8	G4NBR8	0	Training	1
Q7K6X4	Q7K6X4	0	Training	2
A8XJ98	A8XJ98	0	Training	3
Q3UHC2	Q3UHC2	0	Training	4
Q5M755	Q5M755	0	Training	0
Q09463	Q09463	0	Training	1
Q9UTH3	Q9UTH3	0	Training	2
Q10L01	Q10L01	0	Training	3
Q03557	Q03557	0	Training	4
P54845	P54845	0	Training	0
Q6P6J4	Q6P6J4	0	Training	1
P10242	P10242	0	Training	2
Q8CD15	Q8CD15	0	Training	3
P25284	P25284	0	Training	4
Q9DC04	Q9DC04	0	Training	0
P38285	P38285	0	Training	1
P41046	P41046	0	Training	2
Q9UI26	Q9UI26	0	Training	3
Q9FIX1	Q9FIX1	0	Training	4
Q8C006	Q8C006	0	Training	0
Q9BRT2	Q9BRT2	0	Training	1
Q9HAC7	Q9HAC7	0	Training	2
A0A509AJL3	A0A509AJL3	0	Training	3
Q949T8	Q949T8	0	Training	4
A1Z7A6	A1Z7A6	0	Training	0
Q68G58	Q68G58	0	Training	1
Q6ZWS8	Q6ZWS8	0	Training	2
Q92905	Q92905	0	Training	3
Q9P7K5	Q9P7K5	0	Training	4
Q8IPA1	Q8IPA1	0	Training	0
Q9M3I4	Q9M3I4	0	Training	1
Q9C6X2	Q9C6X2	0	Training	2
P26755	P26755	0	Training	3
Q9BSJ5	Q9BSJ5	0	Training	4
Q9UUA8	Q9UUA8	0	Training	0
P38789	P38789	0	Training	1
Q2M2T7	Q2M2T7	0	Training	2
Q84VZ1	Q84VZ1	0	Training	3
Q9N5S3	Q9N5S3	0	Training	4
Q9HAF1	Q9HAF1	0	Training	0
Q12132	Q12132	0	Training	1
Q06631	Q06631	0	Training	2
Q9UBF9	Q9UBF9	0	Training	3
P35734	P35734	0	Training	4
Q5F1R6	Q5F1R6	0	Training	0
Q9NZN9	Q9NZN9	0	Training	1
Q5FBB7	Q5FBB7	0	Training	2
Q8VHQ2	Q8VHQ2	0	Training	3
Q96JK9	Q96JK9	0	Training	4
P53919	P53919	0	Training	0
Q9VX09	Q9VX09	0	Training	1
P29547	P29547	0	Training	2
Q9UHX1	Q9UHX1	0	Training	3
Q3UB74	Q3UB74	0	Training	4
Q8IEG9	Q8IEG9	0	Training	0
O13974	O13974	0	Training	1
P82024	P82024	0	Training	2
Q9P6L9	Q9P6L9	0	Training	3
O43068	O43068	0	Training	4
Q9BRD0	Q9BRD0	0	Training	0
Q9GZN2	Q9GZN2	0	Training	1
Q9HD15	Q9HD15	0	Training	2
P0DI81	P0DI81	0	Training	3
Q13352	Q13352	0	Training	4
Q9NVH1	Q9NVH1	0	Training	0
P43579	P43579	0	Training	1
P53318	P53318	0	Training	2
Q9D4W2	Q9D4W2	0	Training	3
Q9FGQ6	Q9FGQ6	0	Training	4
Q8TAX9	Q8TAX9	0	Training	0
Q9FFD8	Q9FFD8	0	Training	1
Q92785	Q92785	0	Training	2
F4IY62	F4IY62	0	Training	3
Q42545	Q42545	0	Training	4
Q9P7S3	Q9P7S3	0	Training	0
O74434	O74434	0	Training	1
Q9BV86	Q9BV86	0	Training	2
P38691	P38691	0	Training	3
Q6EPW7	Q6EPW7	0	Training	4
Q9HD33	Q9HD33	0	Training	0
O94751	O94751	0	Training	1
Q9QYL0	Q9QYL0	0	Training	2
Q8IY22	Q8IY22	0	Training	3
G2HK15	G2HK15	0	Training	4
Q9CQV7	Q9CQV7	0	Training	0
P06168	P06168	0	Training	1
Q09873	Q09873	0	Training	2
Q3USZ2	Q3USZ2	0	Training	3
D2K8N5	D2K8N5	0	Training	4
Q7Z7K6	Q7Z7K6	0	Training	0
Q8RVC7	Q8RVC7	0	Training	1
Q9JL04	Q9JL04	0	Training	2
O13702	O13702	0	Training	3
Q08952	Q08952	0	Training	4
Q9SGS4	Q9SGS4	0	Training	0
Q9LSV0	Q9LSV0	0	Training	1
Q06244	Q06244	0	Training	2
A8MPH9	A8MPH9	0	Training	3
Q9V463	Q9V463	0	Training	4
Q9W420	Q9W420	0	Training	0
Q8R4I4	Q8R4I4	0	Training	1
P15173	P15173	0	Training	2
O13927	O13927	0	Training	3
O95347	O95347	0	Training	4
Q03018	Q03018	0	Training	0
P46669	P46669	0	Training	1
Q7K0D8	Q7K0D8	0	Training	2
Q94CL9	Q94CL9	0	Training	3
Q9H2S6	Q9H2S6	0	Training	4
Q9NYV7	Q9NYV7	0	Training	0
Q6ZWQ0	Q6ZWQ0	0	Training	1
Q8R4T1	Q8R4T1	0	Training	2
Q8IZY5	Q8IZY5	0	Training	3
Q9CQ54	Q9CQ54	0	Training	4
Q1H537	Q1H537	0	Training	0
Q08457	Q08457	0	Training	1
Q99LD8	Q99LD8	0	Training	2
Q9UBT7	Q9UBT7	0	Training	3
P35728	P35728	0	Training	4
Q75N03	Q75N03	0	Training	0
Q12789	Q12789	0	Training	1
O60293	O60293	0	Training	2
Q6Z955	Q6Z955	0	Training	3
P15619	P15619	0	Training	4
P53944	P53944	0	Training	0
Q8VZ20	Q8VZ20	0	Training	1
P29467	P29467	0	Training	2
O96624	O96624	0	Training	3
Q34807	Q34807	0	Training	4
Q2Z1W2	Q2Z1W2	0	Training	0
Q8MLZ3	Q8MLZ3	0	Training	1
Q9BPY3	Q9BPY3	0	Training	2
Q22227	Q22227	0	Training	3
Q31708	Q31708	0	Training	4
G4N7S6	G4N7S6	0	Training	0
P16550	P16550	0	Training	1
Q9SSE7	Q9SSE7	0	Training	2
P36169	P36169	0	Training	3
P43124	P43124	0	Training	4
Q9DAM1	Q9DAM1	0	Training	0
O60733	O60733	0	Training	1
Q9Y2B4	Q9Y2B4	0	Training	2
P40855	P40855	0	Training	3
Q8RXH2	Q8RXH2	0	Training	4
Q4KMP7	Q4KMP7	0	Training	0
Q03071	Q03071	0	Training	1
Q9SYJ8	Q9SYJ8	0	Training	2
Q3UYV9	Q3UYV9	0	Training	3
Q8CJF7	Q8CJF7	0	Training	4
P40026	P40026	0	Training	0
Q9ES52	Q9ES52	0	Training	1
Q9Z311	Q9Z311	0	Training	2
Q8C6L5	Q8C6L5	0	Training	3
Q62920	Q62920	0	Training	4
Q5VW36	Q5VW36	0	Training	0
P10676	P10676	0	Training	1
J9VE33	J9VE33	0	Training	2
Q24478	Q24478	0	Training	3
Q9FME4	Q9FME4	0	Training	4
P25584	P25584	0	Training	0
Q8TF01	Q8TF01	0	Training	1
P14736	P14736	0	Training	2
Q9NX04	Q9NX04	0	Training	3
O64517	O64517	0	Training	4
Q01804	Q01804	0	Training	0
A2AIL4	A2AIL4	0	Training	1
Q6IPR1	Q6IPR1	0	Training	2
O74889	O74889	0	Training	3
Q8NC51	Q8NC51	0	Training	4
O23247	O23247	0	Training	0
Q9JM73	Q9JM73	0	Training	1
Q04500	Q04500	0	Training	2
G3UVW3	G3UVW3	0	Training	3
Q99MU3	Q99MU3	0	Training	4
G5ECC7	G5ECC7	0	Training	0
P61964	P61964	0	Training	1
Q9URQ5	Q9URQ5	0	Training	2
Q16774	Q16774	0	Training	3
Q7Z6K1	Q7Z6K1	0	Training	4
O75934	O75934	0	Training	0
Q9H773	Q9H773	0	Training	1
Q8K0D5	Q8K0D5	0	Training	2
Q03280	Q03280	0	Training	3
Q9VBW9	Q9VBW9	0	Training	4
Q9ES00	Q9ES00	0	Training	0
Q9H7D0	Q9H7D0	0	Training	1
Q80SU7	Q80SU7	0	Training	2
Q96I76	Q96I76	0	Training	3
Q9LQ98	Q9LQ98	0	Training	4
A6NJ78	A6NJ78	0	Training	0
Q53FT3	Q53FT3	0	Training	1
C8VSZ2	C8VSZ2	0	Training	2
P49686	P49686	0	Training	3
P0DM40	P0DM40	0	Training	4
P09595	P09595	0	Training	0
Q9H4M3	Q9H4M3	0	Training	1
Q03718	Q03718	0	Training	2
Q8GZ87	Q8GZ87	0	Training	3
P39525	P39525	0	Training	4
Q96HJ9	Q96HJ9	0	Training	0
Q8CC21	Q8CC21	0	Training	1
P53810	P53810	0	Training	2
P32342	P32342	0	Training	3
P25490	P25490	0	Training	4
Q96B26	Q96B26	0	Training	0
P07269	P07269	0	Training	1
P93286	P93286	0	Training	2
Q8WYA6	Q8WYA6	0	Training	3
Q9QXY4	Q9QXY4	0	Training	4
Q9Y224	Q9Y224	0	Training	0
P35269	P35269	0	Training	1
P87233	P87233	0	Training	2
Q9D067	Q9D067	0	Training	3
P57680	P57680	0	Training	4
P38241	P38241	0	Training	0
P78337	P78337	0	Training	1
Q4VBE8	Q4VBE8	0	Training	2
Q9UIA9	Q9UIA9	0	Training	3
P32103	P32103	0	Training	4
P87227	P87227	0	Training	0
Q9SDW0	Q9SDW0	0	Training	1
Q6P1K2	Q6P1K2	0	Training	2
P80483	P80483	0	Training	3
Q0WNP7	Q0WNP7	0	Training	4
Q08119	Q08119	0	Training	0
O17514	O17514	0	Training	1
P40470	P40470	0	Training	2
Q9BWM7	Q9BWM7	0	Training	3
P40208	P40208	0	Training	4
O54825	O54825	0	Training	0
Q86HX0	Q86HX0	0	Training	1
Q9JKT3	Q9JKT3	0	Training	2
O04714	O04714	0	Training	3
Q8GZM7	Q8GZM7	0	Training	4
Q8W593	Q8W593	0	Training	0
Q9SL92	Q9SL92	0	Training	1
Q9H7B2	Q9H7B2	0	Training	2
O59676	O59676	0	Training	3
Q9BW71	Q9BW71	0	Training	4
Q9Y4F3	Q9Y4F3	0	Training	0
Q9UTK4	Q9UTK4	0	Training	1
P03896	P03896	0	Training	2
Q8RWS0	Q8RWS0	0	Training	3
Q9UIV1	Q9UIV1	0	Training	4
Q8N5P1	Q8N5P1	0	Training	0
O43114	O43114	0	Training	1
Q9H1P3	Q9H1P3	0	Training	2
O75603	O75603	0	Training	3
Q68DX3	Q68DX3	0	Training	4
Q12068	Q12068	0	Training	0
Q9UGY1	Q9UGY1	0	Training	1
O95989	O95989	0	Training	2
P32524	P32524	0	Training	3
Q9JIL4	Q9JIL4	0	Training	4
P53835	P53835	0	Training	0
Q9UUB6	Q9UUB6	0	Training	1
Q9CPX8	Q9CPX8	0	Training	2
Q8N5N7	Q8N5N7	0	Training	3
Q95RV2	Q95RV2	0	Training	4
Q01831	Q01831	0	Training	0
Q9Y2I9	Q9Y2I9	0	Training	1
Q06608	Q06608	0	Training	2
Q5AK51	Q5AK51	0	Training	3
Q96EL3	Q96EL3	0	Training	4
Q8IVS8	Q8IVS8	0	Training	0
P82139	P82139	0	Training	1
Q8WYQ5	Q8WYQ5	0	Training	2
O44498	O44498	0	Training	3
P46099	P46099	0	Training	4
Q8BJ05	Q8BJ05	0	Training	0
O14497	O14497	0	Training	1
Q8K400	Q8K400	0	Training	2
Q8GWE0	Q8GWE0	0	Training	3
Q8N2Z9	Q8N2Z9	0	Training	4
O48917	O48917	0	Training	0
A8MZ59	A8MZ59	0	Training	1
P0C869	P0C869	0	Training	2
Q9VLJ8	Q9VLJ8	0	Training	3
Q8SKU2	Q8SKU2	0	Training	4
Q8T498	Q8T498	0	Training	0
Q80TR8	Q80TR8	0	Training	1
P21276	P21276	0	Training	2
Q9H4B0	Q9H4B0	0	Training	3
Q570R7	Q570R7	0	Training	4
Q8TEX9	Q8TEX9	0	Training	0
Q9VN91	Q9VN91	0	Training	1
Q9NJH0	Q9NJH0	0	Training	2
O74876	O74876	0	Training	3
P35551	P35551	0	Training	4
P50080	P50080	0	Training	0
P40798	P40798	0	Training	1
P38351	P38351	0	Training	2
O14737	O14737	0	Training	3
O70302	O70302	0	Training	4
O74964	O74964	0	Training	0
Q9V4Z9	Q9V4Z9	0	Training	1
P0C7T6	P0C7T6	0	Training	2
P34283	P34283	0	Training	3
Q5U5X0	Q5U5X0	0	Training	4
Q9B6C8	Q9B6C8	0	Training	0
P38207	P38207	0	Training	1
P35169	P35169	0	Training	2
Q7Z2Z1	Q7Z2Z1	0	Training	3
P13574	P13574	0	Training	4
Q7S2H6	Q7S2H6	0	Training	0
Q12124	Q12124	0	Training	1
P82249	P82249	0	Training	2
P06509	P06509	0	Training	3
Q93VB2	Q93VB2	0	Training	4
Q9UT46	Q9UT46	0	Training	0
Q9JJP2	Q9JJP2	0	Training	1
O16102	O16102	0	Training	2
Q0WSX8	Q0WSX8	0	Training	3
O74942	O74942	0	Training	4
Q86YC2	Q86YC2	0	Training	0
Q9H1U9	Q9H1U9	0	Training	1
Q3U284	Q3U284	0	Training	2
F1M386	F1M386	0	Training	3
P38809	P38809	0	Training	4
Q8IBN8	Q8IBN8	0	Training	0
Q9HCH5	Q9HCH5	0	Training	1
G5EDW5	G5EDW5	0	Training	2
Q7JXF5	Q7JXF5	0	Training	3
Q9ULZ2	Q9ULZ2	0	Training	4
Q8RWN0	Q8RWN0	0	Training	0
Q10262	Q10262	0	Training	1
Q02455	Q02455	0	Training	2
P36038	P36038	0	Training	3
Q9FI46	Q9FI46	0	Training	4
O74553	O74553	0	Training	0
Q9Y2S7	Q9Y2S7	0	Training	1
Q9CA45	Q9CA45	0	Training	2
Q95TS5	Q95TS5	0	Training	3
Q28205	Q28205	0	Training	4
Q9H0F5	Q9H0F5	0	Training	0
Q9SUE3	Q9SUE3	0	Training	1
Q7T2T1	Q7T2T1	0	Training	2
Q230X8	Q230X8	0	Training	3
O94355	O94355	0	Training	4
Q9FVQ1	Q9FVQ1	0	Training	0
Q6T4R5	Q6T4R5	0	Training	1
O74544	O74544	0	Training	2
Q85FY6	Q85FY6	0	Training	3
O60779	O60779	0	Training	4
P40995	P40995	0	Training	0
O60090	O60090	0	Training	1
Q8TCY9	Q8TCY9	0	Training	2
Q7TSD4	Q7TSD4	0	Training	3
Q9H840	Q9H840	0	Training	4
Q8WV41	Q8WV41	0	Training	0
Q7Z4V0	Q7Z4V0	0	Training	1
Q9LKW9	Q9LKW9	0	Training	2
P53148	P53148	0	Training	3
Q94ID2	Q94ID2	0	Training	4
O59746	O59746	0	Training	0
P33412	P33412	0	Training	1
P25588	P25588	0	Training	2
Q3UUF8	Q3UUF8	0	Training	3
Q7TPF1	Q7TPF1	0	Training	4
Q8WXU2	Q8WXU2	0	Training	0
Q940M2	Q940M2	0	Training	1
Q8CGB3	Q8CGB3	0	Training	2
P61221	P61221	0	Training	3
O95704	O95704	0	Training	4
B7Z0I7	B7Z0I7	0	Training	0
P38781	P38781	0	Training	1
P49590	P49590	0	Training	2
Q8TBK2	Q8TBK2	0	Training	3
O13577	O13577	0	Training	4
Q1MTR2	Q1MTR2	0	Training	0
Q9BV68	Q9BV68	0	Training	1
Q9URV3	Q9URV3	0	Training	2
Q6ZMU5	Q6ZMU5	0	Training	3
P35632	P35632	0	Training	4
Q9Y6X0	Q9Y6X0	0	Training	0
Q8CHP0	Q8CHP0	0	Training	1
P40630	P40630	0	Training	2
P51556	P51556	0	Training	3
P61092	P61092	0	Training	4
Q6PEY1	Q6PEY1	0	Training	0
Q9UT49	Q9UT49	0	Training	1
Q8IDN4	Q8IDN4	0	Training	2
O94427	O94427	0	Training	3
Q9S720	Q9S720	0	Training	4
O60184	O60184	0	Training	0
P29461	P29461	0	Training	1
O96033	O96033	0	Training	2
P40050	P40050	0	Training	3
P53874	P53874	0	Training	4
Q5U419	Q5U419	0	Training	0
O60829	O60829	0	Training	1
P32914	P32914	0	Training	2
Q08902	Q08902	0	Training	3
Q9FX31	Q9FX31	0	Training	4
Q9UHW5	Q9UHW5	0	Training	0
Q06667	Q06667	0	Training	1
Q0WPF2	Q0WPF2	0	Training	2
Q9LSB9	Q9LSB9	0	Training	3
P38323	P38323	0	Training	4
Q9VEN1	Q9VEN1	0	Training	0
A9C3R9	A9C3R9	0	Training	1
Q94AQ9	Q94AQ9	0	Training	2
Q9NWT1	Q9NWT1	0	Training	3
Q56P03	Q56P03	0	Training	4
Q8TDM6	Q8TDM6	0	Training	0
Q15714	Q15714	0	Training	1
Q8VDP4	Q8VDP4	0	Training	2
Q8IWV7	Q8IWV7	0	Training	3
Q05892	Q05892	0	Training	4
P53990	P53990	0	Training	0
Q8CH19	Q8CH19	0	Training	1
O74485	O74485	0	Training	2
Q4G176	Q4G176	0	Training	3
Q04930	Q04930	0	Training	4
Q12524	Q12524	0	Training	0
P40344	P40344	0	Training	1
Q5W9E7	Q5W9E7	0	Training	2
A0A6P3HVI0	A0A6P3HVI0	0	Training	3
F4IXE7	F4IXE7	0	Training	4
O46043	O46043	0	Training	0
Q93ZB2	Q93ZB2	0	Training	1
P46681	P46681	0	Training	2
P42284	P42284	0	Training	3
Q9US06	Q9US06	0	Training	4
Q9ULP0	Q9ULP0	0	Training	0
Q08176	Q08176	0	Training	1
P17883	P17883	0	Training	2
O43044	O43044	0	Training	3
P61218	P61218	0	Training	4
P0DOY1	P0DOY1	0	Training	0
Q05812	Q05812	0	Training	1
Q00202	Q00202	0	Training	2
P07245	P07245	0	Training	3
P51509	P51509	0	Training	4
O22287	O22287	0	Training	0
O14227	O14227	0	Training	1
O74329	O74329	0	Training	2
F4JCC1	F4JCC1	0	Training	3
Q11107	Q11107	0	Training	4
Q0GGX2	Q0GGX2	0	Training	0
Q91YI1	Q91YI1	0	Training	1
Q12972	Q12972	0	Training	2
Q05192	Q05192	0	Training	3
P22027	P22027	0	Training	4
Q9NRG9	Q9NRG9	0	Training	0
Q7Z6Z7	Q7Z6Z7	0	Training	1
P33417	P33417	0	Training	2
Q940Z2	Q940Z2	0	Training	3
Q7RYM5	Q7RYM5	0	Training	4
Q9M658	Q9M658	0	Training	0
P12383	P12383	0	Training	1
Q7SHB2	Q7SHB2	0	Training	2
Q5TKA1	Q5TKA1	0	Training	3
P49107	P49107	0	Training	4
Q9LV85	Q9LV85	0	Training	0
Q53F19	Q53F19	0	Training	1
P40505	P40505	0	Training	2
Q8BRE0	Q8BRE0	0	Training	3
Q9VA37	Q9VA37	0	Training	4
Q9Y4K3	Q9Y4K3	0	Training	0
Q8H1D3	Q8H1D3	0	Training	1
Q9P6Q0	Q9P6Q0	0	Training	2
Q8H1D9	Q8H1D9	0	Training	3
Q5T197	Q5T197	0	Training	4
Q9XVS4	Q9XVS4	0	Training	0
A0A0F7G352	A0A0F7G352	0	Training	1
P25336	P25336	0	Training	2
Q9P013	Q9P013	0	Training	3
P26358	P26358	0	Training	4
Q6UXY1	Q6UXY1	0	Training	0
P53153	P53153	0	Training	1
P41005	P41005	0	Training	2
O59701	O59701	0	Training	3
Q8BFX3	Q8BFX3	0	Training	4
P40546	P40546	0	Training	0
Q5PP37	Q5PP37	0	Training	1
I6LAD1	I6LAD1	0	Training	2
Q14978	Q14978	0	Training	3
Q2WG80	Q2WG80	0	Training	4
Q7S1Z3	Q7S1Z3	0	Training	0
P32338	P32338	0	Training	1
O23342	O23342	0	Training	2
P54657	P54657	0	Training	3
Q9H6U6	Q9H6U6	0	Training	4
Q96MB7	Q96MB7	0	Training	0
Q03430	Q03430	0	Training	1
P00918	P00918	0	Training	2
Q9BUU2	Q9BUU2	0	Training	3
Q767K8	Q767K8	0	Training	4
Q6UW78	Q6UW78	0	Training	0
P19517	P19517	0	Training	1
Q9C8J7	Q9C8J7	0	Training	2
Q4GZF6	Q4GZF6	0	Training	3
D0EL35	D0EL35	0	Training	4
Q95Q39	Q95Q39	0	Training	0
P55786	P55786	0	Training	1
P0C6T3	P0C6T3	0	Training	2
Q1MTN3	Q1MTN3	0	Training	3
Q8VY88	Q8VY88	0	Training	4
P32250	P32250	0	Training	0
Q8BGW1	Q8BGW1	0	Training	1
Q02983	Q02983	0	Training	2
I3SL57	I3SL57	0	Training	3
Q8IZS7	Q8IZS7	0	Training	4
Q75WF1	Q75WF1	0	Training	0
Q9H3M7	Q9H3M7	0	Training	1
P53212	P53212	0	Training	2
Q8NDZ0	Q8NDZ0	0	Training	3
Q59RL7	Q59RL7	0	Training	4
Q9S816	Q9S816	0	Training	0
P08468	P08468	0	Training	1
Q9Y4W2	Q9Y4W2	0	Training	2
Q960V3	Q960V3	0	Training	3
Q7K4V4	Q7K4V4	0	Training	4
P53743	P53743	0	Training	0
A0A2R6QE26	A0A2R6QE26	0	Training	1
Q8VEC4	Q8VEC4	0	Training	2
Q9H813	Q9H813	0	Training	3
Q9SYM2	Q9SYM2	0	Training	4
O62471	O62471	0	Training	0
Q7RZ62	Q7RZ62	0	Training	1
O74829	O74829	0	Training	2
P49367	P49367	0	Training	3
P40069	P40069	0	Training	4
Q5H8A6	Q5H8A6	0	Training	0
H2KZB2	H2KZB2	0	Training	1
Q10337	Q10337	0	Training	2
Q05923	Q05923	0	Training	3
G3XKQ9	G3XKQ9	0	Training	4
Q15025	Q15025	0	Training	0
Q9BQ83	Q9BQ83	0	Training	1
Q9UW82	Q9UW82	0	Training	2
O76064	O76064	0	Training	3
P40457	P40457	0	Training	4
P36141	P36141	0	Training	0
P86981	P86981	0	Training	1
Q9S7I0	Q9S7I0	0	Training	2
P40971	P40971	0	Training	3
Q9NVA1	Q9NVA1	0	Training	4
Q6ZRI6	Q6ZRI6	0	Training	0
P22570	P22570	0	Training	1
Q9Y3I1	Q9Y3I1	0	Training	2
Q8RWX4	Q8RWX4	0	Training	3
P32432	P32432	0	Training	4
Q9LXR9	Q9LXR9	0	Training	0
P32344	P32344	0	Training	1
Q91876	Q91876	0	Training	2
Q07532	Q07532	0	Training	3
Q9C682	Q9C682	0	Training	4
P39994	P39994	0	Training	0
P40079	P40079	0	Training	1
P31942	P31942	0	Training	2
Q9AUE0	Q9AUE0	0	Training	3
Q93092	Q93092	0	Training	4
Q96EL1	Q96EL1	0	Training	0
Q9BZB8	Q9BZB8	0	Training	1
Q9Y222	Q9Y222	0	Training	2
O95838	O95838	0	Training	3
O74783	O74783	0	Training	4
P46995	P46995	0	Training	0
P46677	P46677	0	Training	1
Q9LXT3	Q9LXT3	0	Training	2
D6VTK4	D6VTK4	0	Training	3
Q8WU10	Q8WU10	0	Training	4
O35671	O35671	0	Training	0
Q9WUR2	Q9WUR2	0	Training	1
P40530	P40530	0	Training	2
Q8VYS2	Q8VYS2	0	Training	3
Q15596	Q15596	0	Training	4
Q0VC21	Q0VC21	0	Training	0
O96237	O96237	0	Training	1
G5EGK5	G5EGK5	0	Training	2
Q9FWA3	Q9FWA3	0	Training	3
Q9BUK6	Q9BUK6	0	Training	4
P23490	P23490	0	Training	0
P40090	P40090	0	Training	1
Q7XI96	Q7XI96	0	Training	2
Q9VLP3	Q9VLP3	0	Training	3
P50535	P50535	0	Training	4
P34162	P34162	0	Training	0
P42845	P42845	0	Training	1
Q9UHD9	Q9UHD9	0	Training	2
Q9LYD9	Q9LYD9	0	Training	3
P40043	P40043	0	Training	4
Q5HYJ3	Q5HYJ3	0	Training	0
P39956	P39956	0	Training	1
Q53KW9	Q53KW9	0	Training	2
Q8BGY9	Q8BGY9	0	Training	3
P43619	P43619	0	Training	4
O13838	O13838	0	Training	0
P47069	P47069	0	Training	1
Q19541	Q19541	0	Training	2
P87297	P87297	0	Training	3
Q3TYA6	Q3TYA6	0	Training	4
Q7XYY2	Q7XYY2	0	Training	0
G5ECD6	G5ECD6	0	Training	1
Q1K528	Q1K528	0	Training	2
Q9Y3B8	Q9Y3B8	0	Training	3
G5EGU9	G5EGU9	0	Training	4
Q96PZ0	Q96PZ0	0	Training	0
P36521	P36521	0	Training	1
Q9P802	Q9P802	0	Training	2
Q39163	Q39163	0	Training	3
Q06102	Q06102	0	Training	4
P08044	P08044	0	Training	0
Q9SI64	Q9SI64	0	Training	1
O75554	O75554	0	Training	2
Q86YH6	Q86YH6	0	Training	3
O89050	O89050	0	Training	4
Q15013	Q15013	0	Training	0
Q5T4T6	Q5T4T6	0	Training	1
Q9T0A4	Q9T0A4	0	Training	2
Q7RYW8	Q7RYW8	0	Training	3
Q5DTW7	Q5DTW7	0	Training	4
Q8ITW8	Q8ITW8	0	Training	0
P52655	P52655	0	Training	1
Q80ZI1	Q80ZI1	0	Training	2
A1L4Y1	A1L4Y1	0	Training	3
Q9BRU2	Q9BRU2	0	Training	4
Q8N726	Q8N726	0	Training	0
P98078	P98078	0	Training	1
Q8JFQ4	Q8JFQ4	0	Training	2
Q9VW15	Q9VW15	0	Training	3
Q95QD7	Q95QD7	0	Training	4
Q9JK95	Q9JK95	0	Training	0
Q9UT72	Q9UT72	0	Training	1
P40317	P40317	0	Training	2
Q9UJW9	Q9UJW9	0	Training	3
P53170	P53170	0	Training	4
P00927	P00927	0	Training	0
O14318	O14318	0	Training	1
P36629	P36629	0	Training	2
Q02086	Q02086	0	Training	3
P61460	P61460	0	Training	4
P04792	P04792	0	Training	0
Q9NYH9	Q9NYH9	0	Training	1
Q9CRB9	Q9CRB9	0	Training	2
Q9JMI1	Q9JMI1	0	Training	3
Q9FME2	Q9FME2	0	Training	4
Q8VZL6	Q8VZL6	0	Training	0
O55102	O55102	0	Training	1
P49454	P49454	0	Training	2
Q39055	Q39055	0	Training	3
P26017	P26017	0	Training	4
P38961	P38961	0	Training	0
Q17635	Q17635	0	Training	1
Q94C69	Q94C69	0	Training	2
O60503	O60503	0	Training	3
O74504	O74504	0	Training	4
Q9FJI5	Q9FJI5	0	Training	0
Q96TA1	Q96TA1	0	Training	1
P07273	P07273	0	Training	2
B2D6P4	B2D6P4	0	Training	3
Q39659	Q39659	0	Training	4
P35557	P35557	0	Training	0
P54791	P54791	0	Training	1
Q9NVH2	Q9NVH2	0	Training	2
P26041	P26041	0	Training	3
Q6DRC5	Q6DRC5	0	Training	4
Q941D3	Q941D3	0	Training	0
O48716	O48716	0	Training	1
Q78T81	Q78T81	0	Training	2
Q04175	Q04175	0	Training	3
Q9H3K2	Q9H3K2	0	Training	4
Q6ZV65	Q6ZV65	0	Training	0
P61581	P61581	0	Training	1
O13769	O13769	0	Training	2
Q13886	Q13886	0	Training	3
Q9C950	Q9C950	0	Training	4
Q9H061	Q9H061	0	Training	0
A8DYY6	A8DYY6	0	Training	1
P38909	P38909	0	Training	2
Q6IEG0	Q6IEG0	0	Training	3
O94822	O94822	0	Training	4
Q99NB1	Q99NB1	0	Training	0
Q8C9X6	Q8C9X6	0	Training	1
P21228	P21228	0	Training	2
O74761	O74761	0	Training	3
P48039	P48039	0	Training	4
Q7TSH3	Q7TSH3	0	Training	0
Q06668	Q06668	0	Training	1
Q14916	Q14916	0	Training	2
Q9P7P2	Q9P7P2	0	Training	3
Q12905	Q12905	0	Training	4
P17558	P17558	0	Training	0
Q9S713	Q9S713	0	Training	1
P54783	P54783	0	Training	2
O18412	O18412	0	Training	3
P30658	P30658	0	Training	4
P00314	P00314	0	Training	0
Q9VYY4	Q9VYY4	0	Training	1
Q8NCN4	Q8NCN4	0	Training	2
Q80VL0	Q80VL0	0	Training	3
O77059	O77059	0	Training	4
Q9H9J2	Q9H9J2	0	Training	0
P38737	P38737	0	Training	1
Q9LFA3	Q9LFA3	0	Training	2
Q15428	Q15428	0	Training	3
Q52M58	Q52M58	0	Training	4
P0DO23	P0DO23	0	Training	0
Q86UT6	Q86UT6	0	Training	1
Q9UQN3	Q9UQN3	0	Training	2
P0C2B6	P0C2B6	0	Training	3
Q00816	Q00816	0	Training	4
P33322	P33322	0	Training	0
P48015	P48015	0	Training	1
Q10335	Q10335	0	Training	2
Q12024	Q12024	0	Training	3
Q03525	Q03525	0	Training	4
Q08492	Q08492	0	Training	0
Q02040	Q02040	0	Training	1
Q9Z1X9	Q9Z1X9	0	Training	2
Q9ES19	Q9ES19	0	Training	3
Q9UMY1	Q9UMY1	0	Training	4
O80883	O80883	0	Training	0
P87152	P87152	0	Training	1
Q9XVI2	Q9XVI2	0	Training	2
Q9VQI9	Q9VQI9	0	Training	3
Q92341	Q92341	0	Training	4
P89114	P89114	0	Training	0
Q7L3V2	Q7L3V2	0	Training	1
Q99829	Q99829	0	Training	2
Q03370	Q03370	0	Training	3
Q7S6M9	Q7S6M9	0	Training	4
P42695	P42695	0	Training	0
P32970	P32970	0	Training	1
Q9BPW8	Q9BPW8	0	Training	2
Q9SHZ6	Q9SHZ6	0	Training	3
P32855	P32855	0	Training	4
P22735	P22735	0	Training	0
Q9N589	Q9N589	0	Training	1
Q7XBS0	Q7XBS0	0	Training	2
P70671	P70671	0	Training	3
P42356	P42356	0	Training	4
P40380	P40380	0	Training	0
Q02354	Q02354	0	Training	1
Q9VGH1	Q9VGH1	0	Training	2
Q8VC49	Q8VC49	0	Training	3
P53081	P53081	0	Training	4
P04921	P04921	0	Training	0
Q9LPV5	Q9LPV5	0	Training	1
Q8WUA4	Q8WUA4	0	Training	2
Q12509	Q12509	0	Training	3
Q8RY95	Q8RY95	0	Training	4
Q94FL6	Q94FL6	0	Training	0
Q8WV93	Q8WV93	0	Training	1
Q9N4M4	Q9N4M4	0	Training	2
Q6IDB0	Q6IDB0	0	Training	3
P40513	P40513	0	Training	4
O55236	O55236	0	Training	0
O94868	O94868	0	Training	1
Q9USU3	Q9USU3	0	Training	2
Q9LDD5	Q9LDD5	0	Training	3
Q9EST4	Q9EST4	0	Training	4
Q9D385	Q9D385	0	Training	0
Q9XZS8	Q9XZS8	0	Training	1
Q10740	Q10740	0	Training	2
O82660	O82660	0	Training	3
P59942	P59942	0	Training	4
Q8TC71	Q8TC71	0	Training	0
P29374	P29374	0	Training	1
O94668	O94668	0	Training	2
P38824	P38824	0	Training	3
P0DO24	P0DO24	0	Training	4
O43822	O43822	0	Training	0
P39717	P39717	0	Training	1
Q6B9X6	Q6B9X6	0	Training	2
P51970	P51970	0	Training	3
Q9UTR9	Q9UTR9	0	Training	4
Q9JHR9	Q9JHR9	0	Training	0
Q09675	Q09675	0	Training	1
O64827	O64827	0	Training	2
O43137	O43137	0	Training	3
Q93YU8	Q93YU8	0	Training	4
Q14289	Q14289	0	Training	0
P46943	P46943	0	Training	1
Q7SA90	Q7SA90	0	Training	2
P25627	P25627	0	Training	3
Q6ZN28	Q6ZN28	0	Training	4
Q9Y6N1	Q9Y6N1	0	Training	0
Q9Y3Z3	Q9Y3Z3	0	Training	1
Q8TBE7	Q8TBE7	0	Training	2
P51140	P51140	0	Training	3
Q3URQ0	Q3URQ0	0	Training	4
Q21446	Q21446	0	Training	0
Q4G0N4	Q4G0N4	0	Training	1
O43663	O43663	0	Training	2
Q0PGJ6	Q0PGJ6	0	Training	3
P27929	P27929	0	Training	4
P48595	P48595	0	Training	0
Q9JJK1	Q9JJK1	0	Training	1
Q5SXI5	Q5SXI5	0	Training	2
Q7Z2E3	Q7Z2E3	0	Training	3
P40566	P40566	0	Training	4
O42913	O42913	0	Training	0
Q8BZ97	Q8BZ97	0	Training	1
O75616	O75616	0	Training	2
O95229	O95229	0	Training	3
Q99ML9	Q99ML9	0	Training	4
O96000	O96000	0	Training	0
H2L006	H2L006	0	Training	1
P40517	P40517	0	Training	2
Q80VA5	Q80VA5	0	Training	3
A9LNK9	A9LNK9	0	Training	4
P38265	P38265	0	Training	0
Q39255	Q39255	0	Training	1
Q9NZE8	Q9NZE8	0	Training	2
O14277	O14277	0	Training	3
Q9NS73	Q9NS73	0	Training	4
Q8WT44	Q8WT44	0	Training	0
Q12749	Q12749	0	Training	1
P48329	P48329	0	Training	2
O22806	O22806	0	Training	3
B9TSP7	B9TSP7	0	Training	4
P85845	P85845	0	Training	0
Q22355	Q22355	0	Training	1
Q84JK2	Q84JK2	0	Training	2
Q56X52	Q56X52	0	Training	3
Q96SB8	Q96SB8	0	Training	4
P29372	P29372	0	Training	0
Q96LL9	Q96LL9	0	Training	1
Q24573	Q24573	0	Training	2
P32349	P32349	0	Training	3
Q9EQ80	Q9EQ80	0	Training	4
Q9UGM6	Q9UGM6	0	Training	0
P32761	P32761	0	Training	1
A6NLJ0	A6NLJ0	0	Training	2
P10627	P10627	0	Training	3
Q54QR9	Q54QR9	0	Training	4
Q9GZL7	Q9GZL7	0	Training	0
O35084	O35084	0	Training	1
P37299	P37299	0	Training	2
Q9Z213	Q9Z213	0	Training	3
Q9NWR8	Q9NWR8	0	Training	4
Q04411	Q04411	0	Training	0
Q9EP97	Q9EP97	0	Training	1
Q00723	Q00723	0	Training	2
O04616	O04616	0	Training	3
Q03188	Q03188	0	Training	4
Q9SZI6	Q9SZI6	0	Training	0
Q96H22	Q96H22	0	Training	1
Q8N5Y2	Q8N5Y2	0	Training	2
Q96AG3	Q96AG3	0	Training	3
Q16594	Q16594	0	Training	4
P82611	P82611	0	Training	0
Q9P7M1	Q9P7M1	0	Training	1
Q9NR00	Q9NR00	0	Training	2
Q6X7J9	Q6X7J9	0	Training	3
Q04430	Q04430	0	Training	4
Q96C03	Q96C03	0	Training	0
Q86U90	Q86U90	0	Training	1
Q96ST8	Q96ST8	0	Training	2
Q9FN48	Q9FN48	0	Training	3
Q9H2K8	Q9H2K8	0	Training	4
O13297	O13297	0	Training	0
Q9Y241	Q9Y241	0	Training	1
Q12049	Q12049	0	Training	2
Q9NVH0	Q9NVH0	0	Training	3
Q9LIK9	Q9LIK9	0	Training	4
O43030	O43030	0	Training	0
Q9LF68	Q9LF68	0	Training	1
Q9SZ63	Q9SZ63	0	Training	2
Q9BRP1	Q9BRP1	0	Training	3
Q920Q2	Q920Q2	0	Training	4
F4ISV6	F4ISV6	0	Training	0
F4K1B4	F4K1B4	0	Training	1
P40156	P40156	0	Training	2
P38779	P38779	0	Training	3
P13280	P13280	0	Training	4
Q2T9J0	Q2T9J0	0	Training	0
Q80TH2	Q80TH2	0	Training	1
Q6DFQ7	Q6DFQ7	0	Training	2
Q93356	Q93356	0	Training	3
Q8SX37	Q8SX37	0	Training	4
Q5H9R7	Q5H9R7	0	Training	0
Q8CJ00	Q8CJ00	0	Training	1
Q10F03	Q10F03	0	Training	2
Q96NY9	Q96NY9	0	Training	3
Q9JHI9	Q9JHI9	0	Training	4
P39103	P39103	0	Training	0
Q9FVE6	Q9FVE6	0	Training	1
Q3V0Q6	Q3V0Q6	0	Training	2
Q6YN16	Q6YN16	0	Training	3
Q84W65	Q84W65	0	Training	4
Q86Y97	Q86Y97	0	Training	0
Q96KM6	Q96KM6	0	Training	1
Q9FG00	Q9FG00	0	Training	2
P56385	P56385	0	Training	3
Q9FE22	Q9FE22	0	Training	4
Q12167	Q12167	0	Training	0
Q0DIQ5	Q0DIQ5	0	Training	1
Q6AX31	Q6AX31	0	Training	2
P53895	P53895	0	Training	3
P47027	P47027	0	Training	4
P26321	P26321	0	Training	0
Q1M168	Q1M168	0	Training	1
Q9EPB5	Q9EPB5	0	Training	2
Q9Y113	Q9Y113	0	Training	3
Q18593	Q18593	0	Training	4
P56537	P56537	0	Training	0
Q8WVI0	Q8WVI0	0	Training	1
P38838	P38838	0	Training	2
Q6XUX1	Q6XUX1	0	Training	3
Q03631	Q03631	0	Training	4
Q9NWT8	Q9NWT8	0	Training	0
Q6S4P4	Q6S4P4	0	Training	1
Q925D4	Q925D4	0	Training	2
Q19360	Q19360	0	Training	3
O94516	O94516	0	Training	4
Q96B42	Q96B42	0	Training	0
Q9CR61	Q9CR61	0	Training	1
Q9P7E0	Q9P7E0	0	Training	2
P82929	P82929	0	Training	3
O14310	O14310	0	Training	4
Q9SJQ6	Q9SJQ6	0	Training	0
Q04359	Q04359	0	Training	1
P53920	P53920	0	Training	2
P17629	P17629	0	Training	3
Q9D8B6	Q9D8B6	0	Training	4
Q15170	Q15170	0	Training	0
P38064	P38064	0	Training	1
Q86UB2	Q86UB2	0	Training	2
Q147X3	Q147X3	0	Training	3
Q96T76	Q96T76	0	Training	4
Q39134	Q39134	0	Training	0
Q9Y3R4	Q9Y3R4	0	Training	1
Q9FKA7	Q9FKA7	0	Training	2
Q8IU80	Q8IU80	0	Training	3
P45976	P45976	0	Training	4
Q9VKY1	Q9VKY1	0	Training	0
P32357	P32357	0	Training	1
H2KZH5	H2KZH5	0	Training	2
Q96BN2	Q96BN2	0	Training	3
Q9UJX3	Q9UJX3	0	Training	4
F4IHY7	F4IHY7	0	Training	0
A0A436ZRX2	A0A436ZRX2	0	Training	1
Q8VC65	Q8VC65	0	Training	2
Q9FGH9	Q9FGH9	0	Training	3
O75832	O75832	0	Training	4
Q7Z2D5	Q7Z2D5	0	Training	0
O61715	O61715	0	Training	1
Q801E2	Q801E2	0	Training	2
O13881	O13881	0	Training	3
Q6UJY2	Q6UJY2	0	Training	4
P49916	P49916	0	Training	0
Q9FXT6	Q9FXT6	0	Training	1
Q9CYF5	Q9CYF5	0	Training	2
Q96A26	Q96A26	0	Training	3
Q8L3P4	Q8L3P4	0	Training	4
Q9UT19	Q9UT19	0	Training	0
Q10099	Q10099	0	Training	1
Q8VXP3	Q8VXP3	0	Training	2
Q5JTV8	Q5JTV8	0	Training	3
Q60974	Q60974	0	Training	4
Q3ZCG2	Q3ZCG2	0	Training	0
Q96EA4	Q96EA4	0	Training	1
O60158	O60158	0	Training	2
Q969S3	Q969S3	0	Training	3
Q06139	Q06139	0	Training	4
O74796	O74796	0	Training	0
Q9H583	Q9H583	0	Training	1
P53803	P53803	0	Training	2
A0A5E4M3Q4	A0A5E4M3Q4	0	Training	3
P40547	P40547	0	Training	4
Q6ZIK5	Q6ZIK5	0	Training	0
O14013	O14013	0	Training	1
O94632	O94632	0	Training	2
Q17958	Q17958	0	Training	3
O74191	O74191	0	Training	4
O95786	O95786	0	Training	0
P59998	P59998	0	Training	1
Q99JS0	Q99JS0	0	Training	2
Q1LZ24	Q1LZ24	0	Training	3
O48713	O48713	0	Training	4
P29266	P29266	0	Training	0
O43679	O43679	0	Training	1
Q8I266	Q8I266	0	Training	2
Q9SL05	Q9SL05	0	Training	3
Q9UNX4	Q9UNX4	0	Training	4
Q9W148	Q9W148	0	Training	0
Q5VY09	Q5VY09	0	Training	1
Q9Y3C5	Q9Y3C5	0	Training	2
Q9HE02	Q9HE02	0	Training	3
Q9XWL9	Q9XWL9	0	Training	4
Q8VYM2	Q8VYM2	0	Training	0
Q9UPZ3	Q9UPZ3	0	Training	1
P36163	P36163	0	Training	2
Q21502	Q21502	0	Training	3
Q9S7E9	Q9S7E9	0	Training	4
O13992	O13992	0	Training	0
Q9BTV5	Q9BTV5	0	Training	1
Q95T19	Q95T19	0	Training	2
P41218	P41218	0	Training	3
Q92466	Q92466	0	Training	4
P82658	P82658	0	Training	0
Q9P7S6	Q9P7S6	0	Training	1
O00910	O00910	0	Training	2
P48512	P48512	0	Training	3
O35613	O35613	0	Training	4
Q9VRN3	Q9VRN3	0	Training	0
P0CT72	P0CT72	0	Training	1
P35195	P35195	0	Training	2
Q8IJH8	Q8IJH8	0	Training	3
Q8NEY3	Q8NEY3	0	Training	4
Q10953	Q10953	0	Training	0
Q9USJ7	Q9USJ7	0	Training	1
Q94K73	Q94K73	0	Training	2
Q06511	Q06511	0	Training	3
P0CT73	P0CT73	0	Training	4
Q9P7P1	Q9P7P1	0	Training	0
O94589	O94589	0	Training	1
Q8SYK5	Q8SYK5	0	Training	2
P14291	P14291	0	Training	3
Q6K271	Q6K271	0	Training	4
Q9LXR8	Q9LXR8	0	Training	0
Q9Y375	Q9Y375	0	Training	1
P38257	P38257	0	Training	2
Q5VWP2	Q5VWP2	0	Training	3
Q9H6Z4	Q9H6Z4	0	Training	4
Q8C0V1	Q8C0V1	0	Training	0
Q69383	Q69383	0	Training	1
P35659	P35659	0	Training	2
Q3U8K7	Q3U8K7	0	Training	3
O22210	O22210	0	Training	4
Q13685	Q13685	0	Training	0
P79943	P79943	0	Training	1
G2XEY9	G2XEY9	0	Training	2
Q9USX3	Q9USX3	0	Training	3
Q9D115	Q9D115	0	Training	4
Q9VSK8	Q9VSK8	0	Training	0
P22058	P22058	0	Training	1
Q9NQS5	Q9NQS5	0	Training	2
Q09728	Q09728	0	Training	3
P82970	P82970	0	Training	4
Q7L592	Q7L592	0	Training	0
O65502	O65502	0	Training	1
H2KZZ2	H2KZZ2	0	Training	2
O75475	O75475	0	Training	3
O60016	O60016	0	Training	4
O94519	O94519	0	Training	0
O00522	O00522	0	Training	1
P36151	P36151	0	Training	2
Q9UUI6	Q9UUI6	0	Training	3
Q24434	Q24434	0	Training	4
Q9Y0B7	Q9Y0B7	0	Training	0
Q9C115	Q9C115	0	Training	1
G5EFY7	G5EFY7	0	Training	2
D3ZUI5	D3ZUI5	0	Training	3
O74808	O74808	0	Training	4
Q8TAM2	Q8TAM2	0	Training	0
Q5VTR2	Q5VTR2	0	Training	1
Q6LA53	Q6LA53	0	Training	2
Q9Y3A2	Q9Y3A2	0	Training	3
P54785	P54785	0	Training	4
P92949	P92949	0	Training	0
Q9I7K0	Q9I7K0	0	Training	1
Q86XK3	Q86XK3	0	Training	2
Q9UFC0	Q9UFC0	0	Training	3
Q8SVA6	Q8SVA6	0	Training	4
Q9TYT3	Q9TYT3	0	Training	0
O43313	O43313	0	Training	1
Q6PIV2	Q6PIV2	0	Training	2
P54860	P54860	0	Training	3
Q8JFY9	Q8JFY9	0	Training	4
O14196	O14196	0	Training	0
Q9Y4E1	Q9Y4E1	0	Training	1
Q9CQK7	Q9CQK7	0	Training	2
Q5SS91	Q5SS91	0	Training	3
P12294	P12294	0	Training	4
Q9H008	Q9H008	0	Training	0
O43006	O43006	0	Training	1
Q9CR14	Q9CR14	0	Training	2
Q06152	Q06152	0	Training	3
Q8LGZ9	Q8LGZ9	0	Training	4
O48528	O48528	0	Training	0
P39678	P39678	0	Training	1
Q9NP94	Q9NP94	0	Training	2
P21245	P21245	0	Training	3
P08635	P08635	0	Training	4
P26786	P26786	0	Training	0
Q8GTS1	Q8GTS1	0	Training	1
O44997	O44997	0	Training	2
P83212	P83212	0	Training	3
Q93246	Q93246	0	Training	4
Q9GZY4	Q9GZY4	0	Training	0
Q7XB51	Q7XB51	0	Training	1
O60941	O60941	0	Training	2
Q96KP4	Q96KP4	0	Training	3
Q9P127	Q9P127	0	Training	4
O15504	O15504	0	Training	0
P91399	P91399	0	Training	1
O14832	O14832	0	Training	2
Q16581	Q16581	0	Training	3
P50548	P50548	0	Training	4
Q12462	Q12462	0	Training	0
A0A2R6X6S3	A0A2R6X6S3	0	Training	1
A2YMU2	A2YMU2	0	Training	2
Q9ZVZ9	Q9ZVZ9	0	Training	3
Q8IZP1	Q8IZP1	0	Training	4
Q05949	Q05949	0	Training	0
Q8GUT5	Q8GUT5	0	Training	1
Q0JJ05	Q0JJ05	0	Training	2
A8MQN2	A8MQN2	0	Training	3
Q8NDZ2	Q8NDZ2	0	Training	4
Q86T26	Q86T26	0	Training	0
Q6NNI3	Q6NNI3	0	Training	1
Q9NRY6	Q9NRY6	0	Training	2
B8BNY7	B8BNY7	0	Training	3
Q3ED65	Q3ED65	0	Training	4
Q94AH1	Q94AH1	0	Training	0
Q25825	Q25825	0	Training	1
O43070	O43070	0	Training	2
Q86WB0	Q86WB0	0	Training	3
Q4WF55	Q4WF55	0	Training	4
Q8MUF9	Q8MUF9	0	Training	0
Q12106	Q12106	0	Training	1
Q02721	Q02721	0	Training	2
Q8C9B9	Q8C9B9	0	Training	3
Q8SXD4	Q8SXD4	0	Training	4
P62847	P62847	0	Training	0
O23210	O23210	0	Training	1
Q6PJ21	Q6PJ21	0	Training	2
P21190	P21190	0	Training	3
P22980	P22980	0	Training	4
P42117	P42117	0	Training	0
Q02060	Q02060	0	Training	1
P0DPK0	P0DPK0	0	Training	2
Q9LPL4	Q9LPL4	0	Training	3
Q54HC6	Q54HC6	0	Training	4
Q10573	Q10573	0	Training	0
P38786	P38786	0	Training	1
Q96T68	Q96T68	0	Training	2
O74824	O74824	0	Training	3
P06292	P06292	0	Training	4
P29509	P29509	0	Training	0
Q10990	Q10990	0	Training	1
P42935	P42935	0	Training	2
Q95U54	Q95U54	0	Training	3
O02073	O02073	0	Training	4
O42662	O42662	0	Training	0
Q8GXH3	Q8GXH3	0	Training	1
Q7L5D6	Q7L5D6	0	Training	2
Q3UL36	Q3UL36	0	Training	3
Q9HG09	Q9HG09	0	Training	4
Q9C565	Q9C565	0	Training	0
Q96KR7	Q96KR7	0	Training	1
Q14241	Q14241	0	Training	2
Q91ZX6	Q91ZX6	0	Training	3
Q02932	Q02932	0	Training	4
P82412	P82412	0	Training	0
Q15120	Q15120	0	Training	1
Q9UNE7	Q9UNE7	0	Training	2
Q96K80	Q96K80	0	Training	3
A0A2I0BUK1	A0A2I0BUK1	0	Training	4
Q8VHW8	Q8VHW8	0	Training	0
Q3UL53	Q3UL53	0	Training	1
Q9DBL9	Q9DBL9	0	Training	2
Q6NLW5	Q6NLW5	0	Training	3
Q4PLS0	Q4PLS0	0	Training	4
P38751	P38751	0	Training	0
Q9M199	Q9M199	0	Training	1
A8CVF3	A8CVF3	0	Training	2
Q8WVT3	Q8WVT3	0	Training	3
Q12415	Q12415	0	Training	4
Q9SL95	Q9SL95	0	Training	0
Q12514	Q12514	0	Training	1
Q7S7U5	Q7S7U5	0	Training	2
P21359	P21359	0	Training	3
P21145	P21145	0	Training	4
Q06679	Q06679	0	Training	0
Q92574	Q92574	0	Training	1
Q9W484	Q9W484	0	Training	2
Q07343	Q07343	0	Training	3
Q9P6N2	Q9P6N2	0	Training	4
Q7RTY1	Q7RTY1	0	Training	0
Q9UIL8	Q9UIL8	0	Training	1
Q5XVG3	Q5XVG3	0	Training	2
P33076	P33076	0	Training	3
Q9LI74	Q9LI74	0	Training	4
O94328	O94328	0	Training	0
P30038	P30038	0	Training	1
Q94AU9	Q94AU9	0	Training	2
Q61146	Q61146	0	Training	3
O43808	O43808	0	Training	4
P22907	P22907	0	Training	0
Q23229	Q23229	0	Training	1
Q18171	Q18171	0	Training	2
Q9LS90	Q9LS90	0	Training	3
Q8R0W0	Q8R0W0	0	Training	4
Q8NFT6	Q8NFT6	0	Training	0
P86924	P86924	0	Training	1
P38777	P38777	0	Training	2
Q9SJZ6	Q9SJZ6	0	Training	3
Q92262	Q92262	0	Training	4
Q62261	Q62261	0	Training	0
Q381V1	Q381V1	0	Training	1
Q9JMA2	Q9JMA2	0	Training	2
Q56YA5	Q56YA5	0	Training	3
Q6Y5D8	Q6Y5D8	0	Training	4
Q04601	Q04601	0	Training	0
Q00471	Q00471	0	Training	1
Q9U280	Q9U280	0	Training	2
O60057	O60057	0	Training	3
Q9P5M9	Q9P5M9	0	Training	4
Q9P0K7	Q9P0K7	0	Training	0
Q9P7B8	Q9P7B8	0	Training	1
Q9P7H8	Q9P7H8	0	Training	2
P0DP99	P0DP99	0	Training	3
P22135	P22135	0	Training	4
Q8S9G8	Q8S9G8	0	Training	0
Q93442	Q93442	0	Training	1
Q8IX15	Q8IX15	0	Training	2
Q9SX29	Q9SX29	0	Training	3
Q8RXD3	Q8RXD3	0	Training	4
Q9VKM1	Q9VKM1	0	Training	0
Q9VN45	Q9VN45	0	Training	1
Q969P5	Q969P5	0	Training	2
Q15003	Q15003	0	Training	3
P00430	P00430	0	Training	4
Q14CX5	Q14CX5	0	Training	0
Q8WWY6	Q8WWY6	0	Training	1
Q9USX4	Q9USX4	0	Training	2
Q20709	Q20709	0	Training	3
Q969X6	Q969X6	0	Training	4
Q06449	Q06449	0	Training	0
P57728	P57728	0	Training	1
Q3S4A7	Q3S4A7	0	Training	2
P92189	P92189	0	Training	3
Q6U6H1	Q6U6H1	0	Training	4
F4HYF3	F4HYF3	0	Training	0
Q8BM75	Q8BM75	0	Training	1
P32521	P32521	0	Training	2
Q04073	Q04073	0	Training	3
Q9VE86	Q9VE86	0	Training	4
D0E0C2	D0E0C2	0	Training	0
Q9EQ28	Q9EQ28	0	Training	1
Q9URQ3	Q9URQ3	0	Training	2
Q60866	Q60866	0	Training	3
P32063	P32063	0	Training	4
P38065	P38065	0	Training	0
Q9BVJ7	Q9BVJ7	0	Training	1
A0A2Z4LIS9	A0A2Z4LIS9	0	Training	2
P47019	P47019	0	Training	3
Q9H4B6	Q9H4B6	0	Training	4
P00813	P00813	0	Training	0
F4I718	F4I718	0	Training	1
P40567	P40567	0	Training	2
Q9UGR2	Q9UGR2	0	Training	3
Q9W0K4	Q9W0K4	0	Training	4
Q00IB6	Q00IB6	0	Training	0
O60682	O60682	0	Training	1
P07250	P07250	0	Training	2
Q61510	Q61510	0	Training	3
P38890	P38890	0	Training	4
Q9NXR7	Q9NXR7	0	Training	0
O60097	O60097	0	Training	1
Q9LK34	Q9LK34	0	Training	2
P41229	P41229	0	Training	3
Q03937	Q03937	0	Training	4
P07272	P07272	0	Training	0
O94248	O94248	0	Training	1
Q94920	Q94920	0	Training	2
Q9QZ04	Q9QZ04	0	Training	3
Q93008	Q93008	0	Training	4
O14981	O14981	0	Training	0
P38872	P38872	0	Training	1
A0A455ZAR2	A0A455ZAR2	0	Training	2
Q61624	Q61624	0	Training	3
Q32PI6	Q32PI6	0	Training	4
Q09793	Q09793	0	Training	0
Q9H334	Q9H334	0	Training	1
O94238	O94238	0	Training	2
P14868	P14868	0	Training	3
Q9TZ64	Q9TZ64	0	Training	4
P47148	P47148	0	Training	0
O74359	O74359	0	Training	1
Q8GUI6	Q8GUI6	0	Training	2
P41247	P41247	0	Training	3
Q03954	Q03954	0	Training	4
P07910	P07910	0	Training	0
Q27934	Q27934	0	Training	1
P32585	P32585	0	Training	2
Q8VYZ5	Q8VYZ5	0	Training	3
Q9ERQ3	Q9ERQ3	0	Training	4
D3ZAW2	D3ZAW2	0	Training	0
P34567	P34567	0	Training	1
Q7SHR6	Q7SHR6	0	Training	2
Q9C9T2	Q9C9T2	0	Training	3
P33201	P33201	0	Training	4
E9PXM9	E9PXM9	0	Training	0
Q8NAP3	Q8NAP3	0	Training	1
Q96VH5	Q96VH5	0	Training	2
Q10103	Q10103	0	Training	3
P11860	P11860	0	Training	4
P15325	P15325	0	Training	0
Q1MT80	Q1MT80	0	Training	1
Q9UJX5	Q9UJX5	0	Training	2
Q8IWD4	Q8IWD4	0	Training	3
Q96QA5	Q96QA5	0	Training	4
Q9SNB6	Q9SNB6	0	Training	0
P59178	P59178	0	Training	1
O13988	O13988	0	Training	2
P36161	P36161	0	Training	3
Q7Z695	Q7Z695	0	Training	4
P0DP88	P0DP88	0	Training	0
P51906	P51906	0	Training	1
P32807	P32807	0	Training	2
E1JH25	E1JH25	0	Training	3
P04117	P04117	0	Training	4
P53070	P53070	0	Training	0
Q24459	Q24459	0	Training	1
Q5T890	Q5T890	0	Training	2
P43332	P43332	0	Training	3
Q8WVY7	Q8WVY7	0	Training	4
P29677	P29677	0	Training	0
P78753	P78753	0	Training	1
O75665	O75665	0	Training	2
F4KCE9	F4KCE9	0	Training	3
Q383Q5	Q383Q5	0	Training	4
Q96AP0	Q96AP0	0	Training	0
Q9LTQ0	Q9LTQ0	0	Training	1
W0RYD3	W0RYD3	0	Training	2
P28644	P28644	0	Training	3
P82244	P82244	0	Training	4
P97609	P97609	0	Training	0
P43582	P43582	0	Training	1
Q12321	Q12321	0	Training	2
P19173	P19173	0	Training	3
Q9NS91	Q9NS91	0	Training	4
Q04089	Q04089	0	Training	0
P25441	P25441	0	Training	1
D4A7U2	D4A7U2	0	Training	2
Q6PGP7	Q6PGP7	0	Training	3
O42804	O42804	0	Training	4
P53254	P53254	0	Training	0
Q9M219	Q9M219	0	Training	1
A0A7U2MSD6	A0A7U2MSD6	0	Training	2
Q03774	Q03774	0	Training	3
S8EZA7	S8EZA7	0	Training	4
Q9FWR4	Q9FWR4	0	Training	0
Q9LZX6	Q9LZX6	0	Training	1
Q8BUX5	Q8BUX5	0	Training	2
Q9FJW4	Q9FJW4	0	Training	3
Q6R3K9	Q6R3K9	0	Training	4
Q8VIM5	Q8VIM5	0	Training	0
Q965H3	Q965H3	0	Training	1
Q9NX55	Q9NX55	0	Training	2
Q5N712	Q5N712	0	Training	3
P48376	P48376	0	Training	4
O74910	O74910	0	Training	0
Q9LFC0	Q9LFC0	0	Training	1
P40072	P40072	0	Training	2
Q9QWV4	Q9QWV4	0	Training	3
Q9FX53	Q9FX53	0	Training	4
O64973	O64973	0	Training	0
P41161	P41161	0	Training	1
Q9TZ70	Q9TZ70	0	Training	2
Q84JL7	Q84JL7	0	Training	3
Q26635	Q26635	0	Training	4
Q3KRB8	Q3KRB8	0	Training	0
Q9H9A7	Q9H9A7	0	Training	1
Q9D6J5	Q9D6J5	0	Training	2
Q9UK41	Q9UK41	0	Training	3
Q67UU9	Q67UU9	0	Training	4
Q96N11	Q96N11	0	Training	0
Q6VY05	Q6VY05	0	Training	1
Q9H6Z9	Q9H6Z9	0	Training	2
P34087	P34087	0	Training	3
Q9Y388	Q9Y388	0	Training	4
Q9GSF8	Q9GSF8	0	Training	0
Q3UHH1	Q3UHH1	0	Training	1
O22914	O22914	0	Training	2
O43543	O43543	0	Training	3
Q9HGN4	Q9HGN4	0	Training	4
P48412	P48412	0	Training	0
Q5JPH6	Q5JPH6	0	Training	1
Q9VQB6	Q9VQB6	0	Training	2
Q9LEM8	Q9LEM8	0	Training	3
P41073	P41073	0	Training	4
Q8L557	Q8L557	0	Training	0
Q96DY5	Q96DY5	0	Training	1
Q9P3U7	Q9P3U7	0	Training	2
Q9NWS8	Q9NWS8	0	Training	3
P82194	P82194	0	Training	4
Q5T8A7	Q5T8A7	0	Training	0
Q0VD86	Q0VD86	0	Training	1
P40528	P40528	0	Training	2
P14693	P14693	0	Training	3
Q9LZS0	Q9LZS0	0	Training	4
P50947	P50947	0	Training	0
O94609	O94609	0	Training	1
Q9HAI6	Q9HAI6	0	Training	2
A2A8T7	A2A8T7	0	Training	3
Q9H3P2	Q9H3P2	0	Training	4
Q12481	Q12481	0	Training	0
P54254	P54254	0	Training	1
P0C870	P0C870	0	Training	2
Q3E7A4	Q3E7A4	0	Training	3
Q9CAC5	Q9CAC5	0	Training	4
Q9NUL5	Q9NUL5	0	Training	0
Q3UNH4	Q3UNH4	0	Training	1
Q99P30	Q99P30	0	Training	2
U9W802	U9W802	0	Training	3
Q6NW34	Q6NW34	0	Training	4
P41970	P41970	0	Training	0
Q6NPS8	Q6NPS8	0	Training	1
Q9H5F2	Q9H5F2	0	Training	2
Q9ZWS6	Q9ZWS6	0	Training	3
P82715	P82715	0	Training	4
P97460	P97460	0	Training	0
A2AMM0	A2AMM0	0	Training	1
Q9VE04	Q9VE04	0	Training	2
P21357	P21357	0	Training	3
Q9Y7Y5	Q9Y7Y5	0	Training	4
Q07555	Q07555	0	Training	0
P14724	P14724	0	Training	1
Q57V03	Q57V03	0	Training	2
B1AWL2	B1AWL2	0	Training	3
P20941	P20941	0	Training	4
P87017	P87017	0	Training	0
P08907	P08907	0	Training	1
P0CT58	P0CT58	0	Training	2
Q8VYF7	Q8VYF7	0	Training	3
P21801	P21801	0	Training	4
Q9FPS9	Q9FPS9	0	Training	0
Q03771	Q03771	0	Training	1
P25451	P25451	0	Training	2
Q9LIQ9	Q9LIQ9	0	Training	3
Q9H0G5	Q9H0G5	0	Training	4
Q58WW2	Q58WW2	0	Training	0
Q923W1	Q923W1	0	Training	1
Q1K8V2	Q1K8V2	0	Training	2
Q9P6R0	Q9P6R0	0	Training	3
P25649	P25649	0	Training	4
Q7LL22	Q7LL22	0	Training	0
Q9UGC7	Q9UGC7	0	Training	1
O75367	O75367	0	Training	2
P38769	P38769	0	Training	3
Q6ZMT4	Q6ZMT4	0	Training	4
Q9FGQ9	Q9FGQ9	0	Training	0
Q0WPU1	Q0WPU1	0	Training	1
O94450	O94450	0	Training	2
Q43715	Q43715	0	Training	3
Q15398	Q15398	0	Training	4
P07195	P07195	0	Training	0
Q91VJ5	Q91VJ5	0	Training	1
Q6F2E7	Q6F2E7	0	Training	2
Q86WV5	Q86WV5	0	Training	3
Q5NCQ5	Q5NCQ5	0	Training	4
Q9LES4	Q9LES4	0	Training	0
Q60547	Q60547	0	Training	1
Q8TD31	Q8TD31	0	Training	2
P24613	P24613	0	Training	3
O14064	O14064	0	Training	4
Q53GS9	Q53GS9	0	Training	0
Q9Y2D1	Q9Y2D1	0	Training	1
Q62141	Q62141	0	Training	2
H0YL14	H0YL14	0	Training	3
Q9WTV7	Q9WTV7	0	Training	4
E9PYL2	E9PYL2	0	Training	0
Q9SRX9	Q9SRX9	0	Training	1
P01109	P01109	0	Training	2
O43819	O43819	0	Training	3
O60336	O60336	0	Training	4
Q9P7T4	Q9P7T4	0	Training	0
Q9QYB1	Q9QYB1	0	Training	1
O13758	O13758	0	Training	2
Q9UUH3	Q9UUH3	0	Training	3
Q17RH7	Q17RH7	0	Training	4
O65258	O65258	0	Training	0
Q9VQ30	Q9VQ30	0	Training	1
Q6IUP1	Q6IUP1	0	Training	2
Q8VY80	Q8VY80	0	Training	3
Q09M02	Q09M02	0	Training	4
Q12405	Q12405	0	Training	0
O54982	O54982	0	Training	1
P82195	P82195	0	Training	2
Q93W20	Q93W20	0	Training	3
Q03565	Q03565	0	Training	4
Q7Z2W9	Q7Z2W9	0	Training	0
Q9NX76	Q9NX76	0	Training	1
Q05648	Q05648	0	Training	2
Q8BQP9	Q8BQP9	0	Training	3
P17152	P17152	0	Training	4
Q504T8	Q504T8	0	Training	0
Q96SB3	Q96SB3	0	Training	1
O94286	O94286	0	Training	2
Q9NW75	Q9NW75	0	Training	3
Q3E7B7	Q3E7B7	0	Training	4
P47128	P47128	0	Training	0
Q90X64	Q90X64	0	Training	1
Q6DN90	Q6DN90	0	Training	2
O94761	O94761	0	Training	3
E7FKV8	E7FKV8	0	Training	4
O13800	O13800	0	Training	0
Q9UUG2	Q9UUG2	0	Training	1
Q9GS00	Q9GS00	0	Training	2
P82673	P82673	0	Training	3
O74311	O74311	0	Training	4
F4JLC1	F4JLC1	0	Training	0
P38236	P38236	0	Training	1
Q86YS7	Q86YS7	0	Training	2
Q865Y9	Q865Y9	0	Training	3
P53184	P53184	0	Training	4
O14235	O14235	0	Training	0
Q9LS48	Q9LS48	0	Training	1
B5DFG1	B5DFG1	0	Training	2
Q9Y2F5	Q9Y2F5	0	Training	3
Q6NNL9	Q6NNL9	0	Training	4
Q15078	Q15078	0	Training	0
P46972	P46972	0	Training	1
P41958	P41958	0	Training	2
Q06497	Q06497	0	Training	3
Q04305	Q04305	0	Training	4
Q8N3Z6	Q8N3Z6	0	Training	0
Q9UUE5	Q9UUE5	0	Training	1
Q9FL26	Q9FL26	0	Training	2
Q12996	Q12996	0	Training	3
Q18825	Q18825	0	Training	4
P24391	P24391	0	Training	0
Q8IXQ6	Q8IXQ6	0	Training	1
Q00312	Q00312	0	Training	2
Q6NZY4	Q6NZY4	0	Training	3
Q9NVS2	Q9NVS2	0	Training	4
Q9JHS2	Q9JHS2	0	Training	0
P21281	P21281	0	Training	1
P05626	P05626	0	Training	2
P04080	P04080	0	Training	3
Q99836	Q99836	0	Training	4
P19536	P19536	0	Training	0
O14734	O14734	0	Training	1
O48847	O48847	0	Training	2
Q9BS16	Q9BS16	0	Training	3
Q9CZ42	Q9CZ42	0	Training	4
P80299	P80299	0	Training	0
Q9VGA4	Q9VGA4	0	Training	1
P30429	P30429	0	Training	2
P93009	P93009	0	Training	3
Q9CUU3	Q9CUU3	0	Training	4
Q6X4W1	Q6X4W1	0	Training	0
Q10287	Q10287	0	Training	1
O74465	O74465	0	Training	2
Q8RXD6	Q8RXD6	0	Training	3
Q38897	Q38897	0	Training	4
Q14997	Q14997	0	Training	0
Q84JE8	Q84JE8	0	Training	1
Q9LY74	Q9LY74	0	Training	2
P53220	P53220	0	Training	3
Q80WE4	Q80WE4	0	Training	4
P53958	P53958	0	Training	0
Q9VKM6	Q9VKM6	0	Training	1
P0DN34	P0DN34	0	Training	2
Q9SR43	Q9SR43	0	Training	3
Q9P7N4	Q9P7N4	0	Training	4
D4A3U0	D4A3U0	0	Training	0
Q99808	Q99808	0	Training	1
P22697	P22697	0	Training	2
Q96QF7	Q96QF7	0	Training	3
Q53JF7	Q53JF7	0	Training	4
A3R064	A3R064	0	Training	0
Q7L2Z9	Q7L2Z9	0	Training	1
O60952	O60952	0	Training	2
P25502	P25502	0	Training	3
Q14157	Q14157	0	Training	4
Q40477	Q40477	0	Training	0
O14210	O14210	0	Training	1
O81242	O81242	0	Training	2
Q05937	Q05937	0	Training	3
O02351	O02351	0	Training	4
P12852	P12852	0	Training	0
O59800	O59800	0	Training	1
P43244	P43244	0	Training	2
Q4KL25	Q4KL25	0	Training	3
Q78ZR5	Q78ZR5	0	Training	4
P12954	P12954	0	Training	0
P33308	P33308	0	Training	1
Q9CAF6	Q9CAF6	0	Training	2
Q9NYJ8	Q9NYJ8	0	Training	3
P50875	P50875	0	Training	4
F4I1T7	F4I1T7	0	Training	0
Q94CE5	Q94CE5	0	Training	1
Q9UM07	Q9UM07	0	Training	2
Q7L5N1	Q7L5N1	0	Training	3
Q9SQI2	Q9SQI2	0	Training	4
Q99MI9	Q99MI9	0	Training	0
P43554	P43554	0	Training	1
Q949W6	Q949W6	0	Training	2
O43818	O43818	0	Training	3
Q9QZ59	Q9QZ59	0	Training	4
Q9JM80	Q9JM80	0	Training	0
Q9DBA9	Q9DBA9	0	Training	1
Q8W487	Q8W487	0	Training	2
O61016	O61016	0	Training	3
Q96GC5	Q96GC5	0	Training	4
P39996	P39996	0	Training	0
P0C2B9	P0C2B9	0	Training	1
Q8BNX7	Q8BNX7	0	Training	2
Q9NZJ6	Q9NZJ6	0	Training	3
Q57ZI5	Q57ZI5	0	Training	4
Q9VIV2	Q9VIV2	0	Training	0
P52164	P52164	0	Training	1
Q681Z2	Q681Z2	0	Training	2
P39685	P39685	0	Training	3
Q9JM05	Q9JM05	0	Training	4
P47131	P47131	0	Training	0
P38806	P38806	0	Training	1
A1Z8P9	A1Z8P9	0	Training	2
P21135	P21135	0	Training	3
Q8BN78	Q8BN78	0	Training	4
Q9H040	Q9H040	0	Training	0
Q8BP40	Q8BP40	0	Training	1
Q93WX6	Q93WX6	0	Training	2
E9Q5F9	E9Q5F9	0	Training	3
Q9SU30	Q9SU30	0	Training	4
P83211	P83211	0	Training	0
P39988	P39988	0	Training	1
Q53QV2	Q53QV2	0	Training	2
O95551	O95551	0	Training	3
P41910	P41910	0	Training	4
P92276	P92276	0	Training	0
Q86TV6	Q86TV6	0	Training	1
Q07923	Q07923	0	Training	2
Q96EU6	Q96EU6	0	Training	3
Q0WR66	Q0WR66	0	Training	4
Q01718	Q01718	0	Training	0
O13983	O13983	0	Training	1
P39943	P39943	0	Training	2
Q9Z2D6	Q9Z2D6	0	Training	3
Q94IN5	Q94IN5	0	Training	4
Q40460	Q40460	0	Training	0
Q02764	Q02764	0	Training	1
Q9P3B2	Q9P3B2	0	Training	2
Q9QXV1	Q9QXV1	0	Training	3
P15505	P15505	0	Training	4
Q9FNY3	Q9FNY3	0	Training	0
P46674	P46674	0	Training	1
Q9GZH2	Q9GZH2	0	Training	2
Q7KZF4	Q7KZF4	0	Training	3
P42777	P42777	0	Training	4
Q8N567	Q8N567	0	Training	0
Q9UTG8	Q9UTG8	0	Training	1
Q02206	Q02206	0	Training	2
Q14678	Q14678	0	Training	3
Q9LUI3	Q9LUI3	0	Training	4
Q336R3	Q336R3	0	Training	0
Q80WT4	Q80WT4	0	Training	1
Q9QX98	Q9QX98	0	Training	2
Q9BQ95	Q9BQ95	0	Training	3
Q8C5P7	Q8C5P7	0	Training	4
Q9H0U9	Q9H0U9	0	Training	0
Q62504	Q62504	0	Training	1
Q9FNC9	Q9FNC9	0	Training	2
Q9NR48	Q9NR48	0	Training	3
Q8TAF3	Q8TAF3	0	Training	4
Q9BVL4	Q9BVL4	0	Training	0
Q6P8X9	Q6P8X9	0	Training	1
P62685	P62685	0	Training	2
Q9U226	Q9U226	0	Training	3
Q8TDV2	Q8TDV2	0	Training	4
Q9D6Z0	Q9D6Z0	0	Training	0
Q56NI9	Q56NI9	0	Training	1
Q8IY18	Q8IY18	0	Training	2
Q9GZZ1	Q9GZZ1	0	Training	3
P83758	P83758	0	Training	4
Q3UUI3	Q3UUI3	0	Training	0
Q9H410	Q9H410	0	Training	1
Q06266	Q06266	0	Training	2
Q03429	Q03429	0	Training	3
Q10109	Q10109	0	Training	4
Q9SQR5	Q9SQR5	0	Training	0
Q9NRP7	Q9NRP7	0	Training	1
Q93WL3	Q93WL3	0	Training	2
Q9D563	Q9D563	0	Training	3
Q9CZP5	Q9CZP5	0	Training	4
Q06494	Q06494	0	Training	0
P32266	P32266	0	Training	1
A0A143ZXM2	A0A143ZXM2	0	Training	2
A0A075TXZ1	A0A075TXZ1	0	Training	3
O97965	O97965	0	Training	4
Q9SBK6	Q9SBK6	0	Training	0
P82413	P82413	0	Training	1
Q12262	Q12262	0	Training	2
P36121	P36121	0	Training	3
Q6GQQ9	Q6GQQ9	0	Training	4
Q06184	Q06184	0	Training	0
P19518	P19518	0	Training	1
Q9UMN6	Q9UMN6	0	Training	2
Q49B96	Q49B96	0	Training	3
O13710	O13710	0	Training	4
P40002	P40002	0	Training	0
Q03702	Q03702	0	Training	1
O60516	O60516	0	Training	2
P38927	P38927	0	Training	3
Q3UHU5	Q3UHU5	0	Training	4
O61660	O61660	0	Training	0
Q09687	Q09687	0	Training	1
Q15652	Q15652	0	Training	2
O74905	O74905	0	Training	3
O88492	O88492	0	Training	4
P25367	P25367	0	Training	0
Q18250	Q18250	0	Training	1
P55212	P55212	0	Training	2
Q9Y2Z4	Q9Y2Z4	0	Training	3
Q9FFG0	Q9FFG0	0	Training	4
P90551	P90551	0	Training	0
P10518	P10518	0	Training	1
P32944	P32944	0	Training	2
Q9UHI7	Q9UHI7	0	Training	3
Q9HGM8	Q9HGM8	0	Training	4
Q5VRD7	Q5VRD7	0	Training	0
Q9JKD9	Q9JKD9	0	Training	1
P25646	P25646	0	Training	2
Q9P7B7	Q9P7B7	0	Training	3
Q9NYX4	Q9NYX4	0	Training	4
Q9DAG4	Q9DAG4	0	Training	0
Q8W4J9	Q8W4J9	0	Training	1
Q93654	Q93654	0	Training	2
O96623	O96623	0	Training	3
Q02548	Q02548	0	Training	4
Q8VZS9	Q8VZS9	0	Training	0
S0DHV6	S0DHV6	0	Training	1
P06391	P06391	0	Training	2
P22438	P22438	0	Training	3
Q6Z6S1	Q6Z6S1	0	Training	4
Q7T0L4	Q7T0L4	0	Training	0
P11836	P11836	0	Training	1
P39682	P39682	0	Training	2
P14832	P14832	0	Training	3
G7JND3	G7JND3	0	Training	4
Q14203	Q14203	0	Training	0
Q96CJ1	Q96CJ1	0	Training	1
Q15678	Q15678	0	Training	2
Q05779	Q05779	0	Training	3
Q7SZL5	Q7SZL5	0	Training	4
Q9BZ67	Q9BZ67	0	Training	0
Q8WUG5	Q8WUG5	0	Training	1
Q2TB02	Q2TB02	0	Training	2
P23786	P23786	0	Training	3
Q9VKQ9	Q9VKQ9	0	Training	4
Q4WW97	Q4WW97	0	Training	0
Q19131	Q19131	0	Training	1
P42232	P42232	0	Training	2
Q9Y8G3	Q9Y8G3	0	Training	3
Q11184	Q11184	0	Training	4
Q9H5V7	Q9H5V7	0	Training	0
Q96B23	Q96B23	0	Training	1
A8MR65	A8MR65	0	Training	2
O88271	O88271	0	Training	3
Q9D3F7	Q9D3F7	0	Training	4
Q8NGU9	Q8NGU9	0	Training	0
Q8VZA0	Q8VZA0	0	Training	1
Q9NZD1	Q9NZD1	0	Training	2
Q8BIW9	Q8BIW9	0	Training	3
Q22024	Q22024	0	Training	4
P27684	P27684	0	Training	0
Q9HFF5	Q9HFF5	0	Training	1
Q96QP1	Q96QP1	0	Training	2
H2KYS8	H2KYS8	0	Training	3
P20609	P20609	0	Training	4
Q8WWH5	Q8WWH5	0	Training	0
P09081	P09081	0	Training	1
Q94A82	Q94A82	0	Training	2
Q96PK6	Q96PK6	0	Training	3
Q21733	Q21733	0	Training	4
Q9NYK5	Q9NYK5	0	Training	0
Q09808	Q09808	0	Training	1
F4JXF1	F4JXF1	0	Training	2
P25332	P25332	0	Training	3
Q6P2H3	Q6P2H3	0	Training	4
Q5BJX1	Q5BJX1	0	Training	0
Q9LEV3	Q9LEV3	0	Training	1
Q7Z6V5	Q7Z6V5	0	Training	2
Q12488	Q12488	0	Training	3
Q8R1N0	Q8R1N0	0	Training	4
Q9HD42	Q9HD42	0	Training	0
Q9FFJ8	Q9FFJ8	0	Training	1
Q9UTA6	Q9UTA6	0	Training	2
D3ZUE1	D3ZUE1	0	Training	3
Q09924	Q09924	0	Training	4
Q9VEX5	Q9VEX5	0	Training	0
P11020	P11020	0	Training	1
P20659	P20659	0	Training	2
Q8GS60	Q8GS60	0	Training	3
Q9H078	Q9H078	0	Training	4
Q07510	Q07510	0	Training	0
O15297	O15297	0	Training	1
Q9P0K8	Q9P0K8	0	Training	2
Q07335	Q07335	0	Training	3
P36527	P36527	0	Training	4
Q96DN6	Q96DN6	0	Training	0
Q6A0D4	Q6A0D4	0	Training	1
A1L020	A1L020	0	Training	2
Q9SGY2	Q9SGY2	0	Training	3
P28328	P28328	0	Training	4
Q00912	Q00912	0	Training	0
P40033	P40033	0	Training	1
Q7S4Y4	Q7S4Y4	0	Training	2
Q9VQD4	Q9VQD4	0	Training	3
Q550D5	Q550D5	0	Training	4
Q6U6G5	Q6U6G5	0	Training	0
O75943	O75943	0	Training	1
Q9USV1	Q9USV1	0	Training	2
Q9SX65	Q9SX65	0	Training	3
Q8S950	Q8S950	0	Training	4
P24226	P24226	0	Training	0
P46736	P46736	0	Training	1
Q8BHK1	Q8BHK1	0	Training	2
Q5SV06	Q5SV06	0	Training	3
G3UYX5	G3UYX5	0	Training	4
Q9VH08	Q9VH08	0	Training	0
Q53R41	Q53R41	0	Training	1
Q9QXX8	Q9QXX8	0	Training	2
P38937	P38937	0	Training	3
Q9LHF5	Q9LHF5	0	Training	4
Q9HBI1	Q9HBI1	0	Training	0
Q04847	Q04847	0	Training	1
Q10474	Q10474	0	Training	2
Q93062	Q93062	0	Training	3
Q91WA1	Q91WA1	0	Training	4
P42858	P42858	0	Training	0
P53155	P53155	0	Training	1
Q21443	Q21443	0	Training	2
Q9VB62	Q9VB62	0	Training	3
Q6IN84	Q6IN84	0	Training	4
P0C7R1	P0C7R1	0	Training	0
P30536	P30536	0	Training	1
O95905	O95905	0	Training	2
Q6Z6M4	Q6Z6M4	0	Training	3
E5L8F7	E5L8F7	0	Training	4
Q9NSN8	Q9NSN8	0	Training	0
Q18425	Q18425	0	Training	1
Q94A68	Q94A68	0	Training	2
Q8CGU4	Q8CGU4	0	Training	3
P04039	P04039	0	Training	4
Q9H3J6	Q9H3J6	0	Training	0
Q06707	Q06707	0	Training	1
P47007	P47007	0	Training	2
Q8BKA3	Q8BKA3	0	Training	3
Q96ST2	Q96ST2	0	Training	4
Q9VW51	Q9VW51	0	Training	0
O43521	O43521	0	Training	1
P38782	P38782	0	Training	2
Q06091	Q06091	0	Training	3
Q9HFR0	Q9HFR0	0	Training	4
P38228	P38228	0	Training	0
Q587E3	Q587E3	0	Training	1
P93306	P93306	0	Training	2
Q04964	Q04964	0	Training	3
Q17604	Q17604	0	Training	4
P20293	P20293	0	Training	0
