O74740	accession	organism	kingdom	protein_length	cleavage_position	tm_helix_first_90
P40465	P40465	Saccharomyces cerevisiae (strain ATCC 204508 / S288c)	Fungi	213		False
Q04264	Q04264	Saccharomyces cerevisiae (strain ATCC 204508 / S288c)	Fungi	1277		False
O82279	O82279	Arabidopsis thaliana	Plants	350		False
P00430	P00430	Bos taurus	Metazoa	63		True
P42777	P42777	Arabidopsis thaliana	Plants	270		False
G5EC32	G5EC32	Caenorhabditis elegans	Metazoa	1005		False
Q6P8Z1	Q6P8Z1	Mus musculus	Metazoa	170		False
Q38893	Q38893	Arabidopsis thaliana	Plants	558		False
Q9BTF0	Q9BTF0	Homo sapiens	Metazoa	503		False
Q9C950	Q9C950	Arabidopsis thaliana	Plants	643		False
Q86TC9	Q86TC9	Homo sapiens	Metazoa	1320		False
P53352	P53352	Gallus gallus	Metazoa	877		False
Q7TS63	Q7TS63	Mus musculus	Metazoa	1237		False
O94248	O94248	Schizosaccharomyces pombe (strain 972 / ATCC 24843)	Fungi	4717		False
Q9P305	Q9P305	Saccharomyces cerevisiae (strain ATCC 204508 / S288c)	Fungi	131		False
P40382	P40382	Schizosaccharomyces pombe (strain 972 / ATCC 24843)	Fungi	422		False
Q8VY21	Q8VY21	Arabidopsis thaliana	Plants	406		False
P38236	P38236	Saccharomyces cerevisiae (strain ATCC 204508 / S288c)	Fungi	366		False
A0A1C3NSL9	A0A1C3NSL9	Caenorhabditis elegans	Metazoa	1644		False
P00480	P00480	Homo sapiens	Metazoa	354		False
O60674	O60674	Homo sapiens	Metazoa	1132		False
O43137	O43137	Saccharomyces cerevisiae (strain ATCC 204508 / S288c)	Fungi	85		False
Q22707	Q22707	Caenorhabditis elegans	Metazoa	233		False
P13574	P13574	Saccharomyces cerevisiae (strain ATCC 204508 / S288c)	Fungi	688		False
P53266	P53266	Saccharomyces cerevisiae (strain ATCC 204508 / S288c)	Fungi	389		True
P32776	P32776	Saccharomyces cerevisiae (strain ATCC 204508 / S288c)	Fungi	642		False
Q56NI9	Q56NI9	Homo sapiens	Metazoa	601		False
Q02080	Q02080	Homo sapiens	Metazoa	365		False
P53193	P53193	Saccharomyces cerevisiae (strain ATCC 204508 / S288c)	Fungi	184		False
O22914	O22914	Arabidopsis thaliana	Plants	124		False
Q03834	Q03834	Saccharomyces cerevisiae (strain ATCC 204508 / S288c)	Fungi	1242		False
Q9H5P4	Q9H5P4	Homo sapiens	Metazoa	1033		False
P38175	P38175	Saccharomyces cerevisiae (strain ATCC 204508 / S288c)	Fungi	177		False
P53255	P53255	Saccharomyces cerevisiae (strain ATCC 204508 / S288c)	Fungi	507		False
Q504Q3	Q504Q3	Homo sapiens	Metazoa	1202		False
Q8L773	Q8L773	Arabidopsis thaliana	Plants	244		False
Q9H307	Q9H307	Homo sapiens	Metazoa	717		False
Q6P4A7	Q6P4A7	Homo sapiens	Metazoa	337		False
Q6PCP7	Q6PCP7	Mus musculus	Metazoa	798		True
P54857	P54857	Saccharomyces cerevisiae (strain ATCC 204508 / S288c)	Fungi	326		False
P38262	P38262	Saccharomyces cerevisiae (strain ATCC 204508 / S288c)	Fungi	535		False
P33441	P33441	Saccharomyces cerevisiae (strain ATCC 204508 / S288c)	Fungi	392		False
V5IM60	V5IM60	Neurospora crassa (strain ATCC 24698 / 74-OR23-1A / CBS 708.71 / DSM 1257 / FGSC 987)	Fungi	59		False
O80683	O80683	Arabidopsis thaliana	Plants	238		False
O13834	O13834	Schizosaccharomyces pombe (strain 972 / ATCC 24843)	Fungi	3227		False
Q12415	Q12415	Saccharomyces cerevisiae (strain ATCC 204508 / S288c)	Fungi	435		False
Q93015	Q93015	Homo sapiens	Metazoa	286		False
F4ITM1	F4ITM1	Arabidopsis thaliana	Plants	398		False
Q93246	Q93246	Caenorhabditis elegans	Metazoa	310		False
O74895	O74895	Schizosaccharomyces pombe (strain 972 / ATCC 24843)	Fungi	201		False
Q9FME4	Q9FME4	Arabidopsis thaliana	Plants	521		False
Q8CCG4	Q8CCG4	Mus musculus	Metazoa	296		False
Q76NL8	Q76NL8	Plasmodium falciparum (isolate 3D7)	Other	1193		False
Q9LHF5	Q9LHF5	Arabidopsis thaliana	Plants	602		False
Q18221	Q18221	Caenorhabditis elegans	Metazoa	1507		False
Q7X7A4	Q7X7A4	Oryza sativa subsp. japonica	Plants	475		False
P98083	P98083	Mus musculus	Metazoa	579		False
Q9BUV0	Q9BUV0	Homo sapiens	Metazoa	290		False
Q94CE5	Q94CE5	Arabidopsis thaliana	Plants	504		False
Q14657	Q14657	Homo sapiens	Metazoa	143		False
Q91WW3	Q91WW3	Mus musculus	Metazoa	302		True
O94417	O94417	Schizosaccharomyces pombe (strain 972 / ATCC 24843)	Fungi	301		False
P46669	P46669	Saccharomyces cerevisiae (strain ATCC 204508 / S288c)	Fungi	326		False
Q06244	Q06244	Saccharomyces cerevisiae (strain ATCC 204508 / S288c)	Fungi	254		False
Q6NW34	Q6NW34	Homo sapiens	Metazoa	567		False
G4MWZ7	G4MWZ7	Pyricularia oryzae (strain 70-15 / ATCC MYA-4617 / FGSC 8958)	Fungi	702		False
Q9VA37	Q9VA37	Drosophila melanogaster	Metazoa	187		False
Q9Y2I8	Q9Y2I8	Homo sapiens	Metazoa	494		False
P06007	P06007	Chlamydomonas reinhardtii	Plants	352		True
P0CS82	P0CS82	Saccharomyces cerevisiae	Fungi	1483		False
Q9H4M9	Q9H4M9	Homo sapiens	Metazoa	534		False
Q99L02	Q99L02	Mus musculus	Metazoa	253		False
O96622	O96622	Dictyostelium discoideum	Other	369		False
P40087	P40087	Saccharomyces cerevisiae (strain ATCC 204508 / S288c)	Fungi	428		False
Q8BJA3	Q8BJA3	Mus musculus	Metazoa	419		False
Q9P7S9	Q9P7S9	Schizosaccharomyces pombe (strain 972 / ATCC 24843)	Fungi	194		False
Q9LIQ9	Q9LIQ9	Arabidopsis thaliana	Plants	714		False
H2KYH4	H2KYH4	Caenorhabditis elegans	Metazoa	392		False
P56378	P56378	Homo sapiens	Metazoa	58		True
Q26635	Q26635	Sarcophaga peregrina	Metazoa	354		False
P23351	P23351	Neurospora crassa (strain ATCC 24698 / 74-OR23-1A / CBS 708.71 / DSM 1257 / FGSC 987)	Fungi	508		False
Q9Z2N6	Q9Z2N6	Rattus norvegicus	Metazoa	79		False
P48732	P48732	Arabidopsis thaliana	Plants	543		False
Q96B42	Q96B42	Homo sapiens	Metazoa	140		True
P36136	P36136	Saccharomyces cerevisiae (strain ATCC 204508 / S288c)	Fungi	271		False
Q99JZ7	Q99JZ7	Mus musculus	Metazoa	461		False
Q9BY27	Q9BY27	Homo sapiens	Metazoa	220		False
P36177	P36177	Euglena gracilis	Other	538		False
Q5VRM0	Q5VRM0	Oryza sativa subsp. japonica	Plants	91		False
Q6YUS3	Q6YUS3	Oryza sativa subsp. japonica	Plants	552		False
P0CH07	P0CH07	Schizosaccharomyces pombe (strain 972 / ATCC 24843)	Fungi	128		False
P38227	P38227	Saccharomyces cerevisiae (strain ATCC 204508 / S288c)	Fungi	689		False
P40486	P40486	Saccharomyces cerevisiae (strain ATCC 204508 / S288c)	Fungi	507		False
Q9UII2	Q9UII2	Homo sapiens	Metazoa	106		False
A0A143ZXM2	A0A143ZXM2	Plasmodium falciparum (isolate 3D7)	Other	2074		False
Q9UBK9	Q9UBK9	Homo sapiens	Metazoa	157		False
Q9Y314	Q9Y314	Homo sapiens	Metazoa	301		False
P51947	P51947	Xenopus laevis	Metazoa	323		False
Q08931	Q08931	Saccharomyces cerevisiae (strain ATCC 204508 / S288c)	Fungi	133		False
B2RUZ4	B2RUZ4	Homo sapiens	Metazoa	78		True
O35084	O35084	Mus musculus	Metazoa	507		False
Q03776	Q03776	Saccharomyces cerevisiae (strain ATCC 204508 / S288c)	Fungi	544		False
Q8BVE8	Q8BVE8	Mus musculus	Metazoa	1365		False
O74796	O74796	Schizosaccharomyces pombe (strain 972 / ATCC 24843)	Fungi	264		False
Q3E7A8	Q3E7A8	Saccharomyces cerevisiae (strain ATCC 204508 / S288c)	Fungi	72		False
Q9SIV2	Q9SIV2	Arabidopsis thaliana	Plants	891		False
O94428	O94428	Schizosaccharomyces pombe (strain 972 / ATCC 24843)	Fungi	115		False
O43586	O43586	Homo sapiens	Metazoa	416		False
K7WDL7	K7WDL7	Catharanthus roseus	Plants	388		False
O24629	O24629	Arabidopsis thaliana	Plants	502		False
P19783	P19783	Mus musculus	Metazoa	169		False
O65312	O65312	Arabidopsis thaliana	Plants	689		False
Q9FME2	Q9FME2	Arabidopsis thaliana	Plants	460		False
Q8SX83	Q8SX83	Drosophila melanogaster	Metazoa	5560		False
Q9VEN1	Q9VEN1	Drosophila melanogaster	Metazoa	2210		False
P82611	P82611	Candida albicans (strain SC5314 / ATCC MYA-2876)	Fungi	777		False
Q99575	Q99575	Homo sapiens	Metazoa	1024		False
P97452	P97452	Mus musculus	Metazoa	732		False
Q09961	Q09961	Caenorhabditis elegans	Metazoa	148		False
O42975	O42975	Schizosaccharomyces pombe (strain 972 / ATCC 24843)	Fungi	972		False
Q04305	Q04305	Saccharomyces cerevisiae (strain ATCC 204508 / S288c)	Fungi	513		False
O14737	O14737	Homo sapiens	Metazoa	125		False
Q12038	Q12038	Saccharomyces cerevisiae (strain ATCC 204508 / S288c)	Fungi	1033		False
Q8QFX1	Q8QFX1	Gallus gallus	Metazoa	1325		False
P53107	P53107	Saccharomyces cerevisiae (strain ATCC 204508 / S288c)	Fungi	440		False
Q9LXT3	Q9LXT3	Arabidopsis thaliana	Plants	142		False
Q10173	Q10173	Schizosaccharomyces pombe (strain 972 / ATCC 24843)	Fungi	441		False
Q3SYG4	Q3SYG4	Homo sapiens	Metazoa	887		False
Q6PCP5	Q6PCP5	Mus musculus	Metazoa	291		False
O74876	O74876	Schizosaccharomyces pombe (strain 972 / ATCC 24843)	Fungi	357		False
Q3T9M1	Q3T9M1	Mus musculus	Metazoa	494		False
A0A0K3AUE4	A0A0K3AUE4	Caenorhabditis elegans	Metazoa	1968		False
P09077	P09077	Drosophila melanogaster	Metazoa	417		False
P38300	P38300	Saccharomyces cerevisiae (strain ATCC 204508 / S288c)	Fungi	278		False
Q14674	Q14674	Homo sapiens	Metazoa	2120		False
Q56Y74	Q56Y74	Arabidopsis thaliana	Plants	663		False
P38793	P38793	Saccharomyces cerevisiae (strain ATCC 204508 / S288c)	Fungi	499		False
P12297	P12297	Drosophila melanogaster	Metazoa	963		False
Q80WE1	Q80WE1	Rattus norvegicus	Metazoa	593		False
P0CY15	P0CY15	Schizosaccharomyces pombe (strain 972 / ATCC 24843)	Fungi	42		False
P38876	P38876	Saccharomyces cerevisiae (strain ATCC 204508 / S288c)	Fungi	190		False
P47027	P47027	Saccharomyces cerevisiae (strain ATCC 204508 / S288c)	Fungi	764		False
P38855	P38855	Saccharomyces cerevisiae (strain ATCC 204508 / S288c)	Fungi	283		False
P52868	P52868	Saccharomyces cerevisiae (strain ATCC 204508 / S288c)	Fungi	283		False
O35484	O35484	Mus musculus	Metazoa	448		False
Q6J9Q2	Q6J9Q2	Arabidopsis thaliana	Plants	348		False
Q9Y3U8	Q9Y3U8	Homo sapiens	Metazoa	105		False
O43325	O43325	Homo sapiens	Metazoa	122		False
Q07139	Q07139	Mus musculus	Metazoa	913		False
P52593	P52593	Saccharomyces cerevisiae (strain ATCC 204508 / S288c)	Fungi	1655		False
Q09275	Q09275	Caenorhabditis elegans	Metazoa	382		False
P47164	P47164	Saccharomyces cerevisiae (strain ATCC 204508 / S288c)	Fungi	639		False
P04842	P04842	Komagataella phaffii (strain GS115 / ATCC 20864)	Fungi	663		False
Q9QYL0	Q9QYL0	Mus musculus	Metazoa	170		False
P07246	P07246	Saccharomyces cerevisiae (strain ATCC 204508 / S288c)	Fungi	375		False
F4I2H7	F4I2H7	Arabidopsis thaliana	Plants	790		False
Q9SKT0	Q9SKT0	Arabidopsis thaliana	Plants	300		False
O74381	O74381	Schizosaccharomyces pombe (strain 972 / ATCC 24843)	Fungi	467		False
Q9USX3	Q9USX3	Schizosaccharomyces pombe (strain 972 / ATCC 24843)	Fungi	406		False
Q9FNY3	Q9FNY3	Arabidopsis thaliana	Plants	292		False
Q96KP4	Q96KP4	Homo sapiens	Metazoa	475		False
Q03112	Q03112	Homo sapiens	Metazoa	1230		False
Q0QWG9	Q0QWG9	Mus musculus	Metazoa	1203		False
Q86WR0	Q86WR0	Homo sapiens	Metazoa	208		True
P82925	P82925	Bos taurus	Metazoa	386		False
Q9CAF4	Q9CAF4	Arabidopsis thaliana	Plants	1309		False
Q6K271	Q6K271	Oryza sativa subsp. japonica	Plants	738		False
Q09293	Q09293	Caenorhabditis elegans	Metazoa	367		False
Q9UUH6	Q9UUH6	Schizosaccharomyces pombe (strain 972 / ATCC 24843)	Fungi	188		False
Q02040	Q02040	Homo sapiens	Metazoa	695		False
Q8TAX9	Q8TAX9	Homo sapiens	Metazoa	416		True
A6NDU8	A6NDU8	Homo sapiens	Metazoa	294		False
Q949W6	Q949W6	Arabidopsis thaliana	Plants	485		False
O00463	O00463	Homo sapiens	Metazoa	557		False
Q8IBN8	Q8IBN8	Plasmodium falciparum (isolate 3D7)	Other	899		False
Q01292	Q01292	Spinacia oleracea	Plants	595		False
O60044	O60044	Neurospora crassa (strain ATCC 24698 / 74-OR23-1A / CBS 708.71 / DSM 1257 / FGSC 987)	Fungi	454		False
P42951	P42951	Saccharomyces cerevisiae (strain ATCC 204508 / S288c)	Fungi	607		False
P40155	P40155	Saccharomyces cerevisiae (strain ATCC 204508 / S288c)	Fungi	199		True
Q8H1D9	Q8H1D9	Arabidopsis thaliana	Plants	605		False
Q9BU61	Q9BU61	Homo sapiens	Metazoa	184		False
Q08923	Q08923	Saccharomyces cerevisiae (strain ATCC 204508 / S288c)	Fungi	506		False
Q9UNQ2	Q9UNQ2	Homo sapiens	Metazoa	313		False
Q8IUH3	Q8IUH3	Homo sapiens	Metazoa	476		False
Q5W0Q7	Q5W0Q7	Homo sapiens	Metazoa	1092		False
Q08963	Q08963	Saccharomyces cerevisiae (strain ATCC 204508 / S288c)	Fungi	238		False
Q95QA6	Q95QA6	Caenorhabditis elegans	Metazoa	663		False
Q56VL3	Q56VL3	Homo sapiens	Metazoa	154		False
Q940U6	Q940U6	Arabidopsis thaliana	Plants	316		False
O14188	O14188	Schizosaccharomyces pombe (strain 972 / ATCC 24843)	Fungi	1489		False
Q05728	Q05728	Arabidopsis thaliana	Plants	389		False
Q9VAM5	Q9VAM5	Drosophila melanogaster	Metazoa	872		False
Q6Y685	Q6Y685	Mus musculus	Metazoa	774		False
P59178	P59178	Mus musculus	Metazoa	703		False
O93295	O93295	Gallus gallus	Metazoa	493		True
Q969V6	Q969V6	Homo sapiens	Metazoa	931		False
A9JRD8	A9JRD8	Danio rerio	Metazoa	540		False
P03872	P03872	Saccharomyces cerevisiae (strain ATCC 204508 / S288c)	Fungi	296		False
Q969Z3	Q969Z3	Homo sapiens	Metazoa	335		False
A2A884	A2A884	Mus musculus	Metazoa	2348		False
P22907	P22907	Mus musculus	Metazoa	361		False
O95800	O95800	Homo sapiens	Metazoa	540		True
Q09847	Q09847	Schizosaccharomyces pombe (strain 972 / ATCC 24843)	Fungi	1325		False
P97609	P97609	Rattus norvegicus	Metazoa	1181		False
Q04964	Q04964	Saccharomyces cerevisiae (strain ATCC 204508 / S288c)	Fungi	104		False
O94427	O94427	Schizosaccharomyces pombe (strain 972 / ATCC 24843)	Fungi	424		False
Q9FLT9	Q9FLT9	Arabidopsis thaliana	Plants	259		True
Q99733	Q99733	Homo sapiens	Metazoa	375		False
Q6AT90	Q6AT90	Oryza sativa subsp. japonica	Plants	505		False
P48526	P48526	Saccharomyces cerevisiae (strain ATCC 204508 / S288c)	Fungi	1002		False
O13992	O13992	Schizosaccharomyces pombe (strain 972 / ATCC 24843)	Fungi	965		False
Q9XVI2	Q9XVI2	Caenorhabditis elegans	Metazoa	811		False
Q9HBL8	Q9HBL8	Homo sapiens	Metazoa	299		False
Q10274	Q10274	Schizosaccharomyces pombe (strain 972 / ATCC 24843)	Fungi	390		False
Q9URT4	Q9URT4	Schizosaccharomyces pombe (strain 972 / ATCC 24843)	Fungi	697		False
O74889	O74889	Schizosaccharomyces pombe (strain 972 / ATCC 24843)	Fungi	1024		False
Q6P2Q9	Q6P2Q9	Homo sapiens	Metazoa	2335		False
O95905	O95905	Homo sapiens	Metazoa	644		False
Q03468	Q03468	Homo sapiens	Metazoa	1493		False
O74535	O74535	Schizosaccharomyces pombe (strain 972 / ATCC 24843)	Fungi	710		False
P92949	P92949	Arabidopsis thaliana	Plants	725		True
Q07897	Q07897	Saccharomyces cerevisiae (strain ATCC 204508 / S288c)	Fungi	291		False
Q8TAM2	Q8TAM2	Homo sapiens	Metazoa	541		False
P19824	P19824	Chlamydomonas reinhardtii	Plants	375		False
Q8WUX2	Q8WUX2	Homo sapiens	Metazoa	184		False
P46655	P46655	Saccharomyces cerevisiae (strain ATCC 204508 / S288c)	Fungi	708		False
D3ZAW2	D3ZAW2	Rattus norvegicus	Metazoa	406		True
Q32SG5	Q32SG5	Zea mays	Plants	616		False
P87133	P87133	Schizosaccharomyces pombe (strain 972 / ATCC 24843)	Fungi	121		False
P09798	P09798	Saccharomyces cerevisiae (strain ATCC 204508 / S288c)	Fungi	840		False
O74845	O74845	Schizosaccharomyces pombe (strain 972 / ATCC 24843)	Fungi	564		False
Q5JTC6	Q5JTC6	Homo sapiens	Metazoa	1135		False
Q9NTX7	Q9NTX7	Homo sapiens	Metazoa	359		False
Q9ASV5	Q9ASV5	Arabidopsis thaliana	Plants	650		True
Q9H790	Q9H790	Homo sapiens	Metazoa	373		False
Q96T76	Q96T76	Homo sapiens	Metazoa	1030		False
Q17635	Q17635	Caenorhabditis elegans	Metazoa	590		False
Q9CQK7	Q9CQK7	Mus musculus	Metazoa	243		False
Q9XIB5	Q9XIB5	Arabidopsis thaliana	Plants	226		False
Q06632	Q06632	Saccharomyces cerevisiae (strain ATCC 204508 / S288c)	Fungi	1357		False
Q9XI19	Q9XI19	Arabidopsis thaliana	Plants	328		False
A3KPQ7	A3KPQ7	Danio rerio	Metazoa	1378		True
Q10B19	Q10B19	Oryza sativa subsp. japonica	Plants	250		False
Q9SZ15	Q9SZ15	Arabidopsis thaliana	Plants	421		False
Q8CGU4	Q8CGU4	Rattus norvegicus	Metazoa	1186		False
Q13315	Q13315	Homo sapiens	Metazoa	3056		False
P13804	P13804	Homo sapiens	Metazoa	333		False
P40073	P40073	Saccharomyces cerevisiae (strain ATCC 204508 / S288c)	Fungi	367		True
Q03533	Q03533	Saccharomyces cerevisiae (strain ATCC 204508 / S288c)	Fungi	586		False
P34223	P34223	Saccharomyces cerevisiae (strain ATCC 204508 / S288c)	Fungi	423		False
O49570	O49570	Arabidopsis thaliana	Plants	650		False
Q9ES52	Q9ES52	Mus musculus	Metazoa	1191		False
Q12166	Q12166	Saccharomyces cerevisiae (strain ATCC 204508 / S288c)	Fungi	604		False
Q8NAV1	Q8NAV1	Homo sapiens	Metazoa	312		False
P38257	P38257	Saccharomyces cerevisiae (strain ATCC 204508 / S288c)	Fungi	691		False
Q5AK51	Q5AK51	Candida albicans (strain SC5314 / ATCC MYA-2876)	Fungi	714		False
P51178	P51178	Homo sapiens	Metazoa	756		False
Q78ZR5	Q78ZR5	Rattus norvegicus	Metazoa	73		False
P34078	P34078	Saccharomyces cerevisiae (strain ATCC 204508 / S288c)	Fungi	463		False
Q8N5I2	Q8N5I2	Homo sapiens	Metazoa	433		False
P04039	P04039	Saccharomyces cerevisiae (strain ATCC 204508 / S288c)	Fungi	78		True
Q9XIP2	Q9XIP2	Arabidopsis thaliana	Plants	505		False
Q14203	Q14203	Homo sapiens	Metazoa	1278		False
Q9V9V9	Q9V9V9	Drosophila melanogaster	Metazoa	200		False
P50874	P50874	Saccharomyces cerevisiae (strain ATCC 204508 / S288c)	Fungi	479		False
B9DGI8	B9DGI8	Arabidopsis thaliana	Plants	314		False
P00560	P00560	Saccharomyces cerevisiae (strain ATCC 204508 / S288c)	Fungi	416		False
P39717	P39717	Saccharomyces cerevisiae (strain ATCC 204508 / S288c)	Fungi	880		False
O60779	O60779	Homo sapiens	Metazoa	497		True
Q8N5A5	Q8N5A5	Homo sapiens	Metazoa	531		False
Q9LLC1	Q9LLC1	Arabidopsis thaliana	Plants	255		False
P40053	P40053	Saccharomyces cerevisiae (strain ATCC 204508 / S288c)	Fungi	627		False
Q84TH4	Q84TH4	Arabidopsis thaliana	Plants	382		False
P07245	P07245	Saccharomyces cerevisiae (strain ATCC 204508 / S288c)	Fungi	946		False
Q8N543	Q8N543	Homo sapiens	Metazoa	542		False
P35735	P35735	Saccharomyces cerevisiae (strain ATCC 204508 / S288c)	Fungi	353		True
Q12359	Q12359	Saccharomyces cerevisiae (strain ATCC 204508 / S288c)	Fungi	275		True
P25443	P25443	Saccharomyces cerevisiae (strain ATCC 204508 / S288c)	Fungi	254		False
P16547	P16547	Saccharomyces cerevisiae (strain ATCC 204508 / S288c)	Fungi	393		True
Q969T9	Q969T9	Homo sapiens	Metazoa	261		False
O23310	O23310	Arabidopsis thaliana	Plants	161		False
P10852	P10852	Mus musculus	Metazoa	526		True
Q8TAE8	Q8TAE8	Homo sapiens	Metazoa	222		False
P09925	P09925	Mus musculus	Metazoa	306		True
Q8NAG6	Q8NAG6	Homo sapiens	Metazoa	615		False
Q9NWU2	Q9NWU2	Homo sapiens	Metazoa	228		False
P87176	P87176	Schizosaccharomyces pombe (strain 972 / ATCC 24843)	Fungi	269		False
Q8VC04	Q8VC04	Mus musculus	Metazoa	261		False
Q96I36	Q96I36	Homo sapiens	Metazoa	57		True
Q06010	Q06010	Saccharomyces cerevisiae (strain ATCC 204508 / S288c)	Fungi	1027		False
P12904	P12904	Saccharomyces cerevisiae (strain ATCC 204508 / S288c)	Fungi	322		False
Q8K0E1	Q8K0E1	Mus musculus	Metazoa	283		False
Q9USQ7	Q9USQ7	Schizosaccharomyces pombe (strain 972 / ATCC 24843)	Fungi	606		False
Q8N196	Q8N196	Homo sapiens	Metazoa	739		False
Q6ZRI6	Q6ZRI6	Homo sapiens	Metazoa	1047		False
Q9QWV4	Q9QWV4	Mus musculus	Metazoa	267		False
Q9VYX1	Q9VYX1	Drosophila melanogaster	Metazoa	101		False
Q9Y5Q8	Q9Y5Q8	Homo sapiens	Metazoa	519		False
Q5H9S7	Q5H9S7	Homo sapiens	Metazoa	520		False
P10119	P10119	Oryctolagus cuniculus	Metazoa	50		False
O74761	O74761	Schizosaccharomyces pombe (strain 972 / ATCC 24843)	Fungi	459		False
F4J8G7	F4J8G7	Arabidopsis thaliana	Plants	2138		False
O01971	O01971	Caenorhabditis elegans	Metazoa	166		False
G5EGK5	G5EGK5	Caenorhabditis elegans	Metazoa	928		False
P49590	P49590	Homo sapiens	Metazoa	506		False
Q38931	Q38931	Arabidopsis thaliana	Plants	551		False
P17429	P17429	Emericella nidulans (strain FGSC A4 / ATCC 38163 / CBS 112.46 / NRRL 194 / M139)	Fungi	876		False
Q84JF5	Q84JF5	Arabidopsis thaliana	Plants	483		False
Q7K6X4	Q7K6X4	Caenorhabditis elegans	Metazoa	497		False
O95059	O95059	Homo sapiens	Metazoa	124		False
Q5A4H5	Q5A4H5	Candida albicans (strain SC5314 / ATCC MYA-2876)	Fungi	731		False
Q13015	Q13015	Homo sapiens	Metazoa	90		False
Q9FL44	Q9FL44	Arabidopsis thaliana	Plants	235		False
Q03954	Q03954	Saccharomyces cerevisiae (strain ATCC 204508 / S288c)	Fungi	165		False
P11183	P11183	Gallus gallus	Metazoa	164		False
Q9NQV5	Q9NQV5	Homo sapiens	Metazoa	511		False
O13722	O13722	Schizosaccharomyces pombe (strain 972 / ATCC 24843)	Fungi	450		False
P53070	P53070	Saccharomyces cerevisiae (strain ATCC 204508 / S288c)	Fungi	669		False
Q9SY69	Q9SY69	Arabidopsis thaliana	Plants	913		False
Q96D98	Q96D98	Homo sapiens	Metazoa	161		False
Q9C0C9	Q9C0C9	Homo sapiens	Metazoa	1292		False
O74400	O74400	Schizosaccharomyces pombe (strain 972 / ATCC 24843)	Fungi	674		False
O14227	O14227	Schizosaccharomyces pombe (strain 972 / ATCC 24843)	Fungi	1215		False
Q8BH07	Q8BH07	Mus musculus	Metazoa	226		False
Q9UJ42	Q9UJ42	Homo sapiens	Metazoa	338		True
P24613	P24613	Spinacia oleracea	Plants	256		False
Q9FJW4	Q9FJW4	Arabidopsis thaliana	Plants	154		False
Q9W6V6	Q9W6V6	Gallus gallus	Metazoa	2705		False
O75132	O75132	Homo sapiens	Metazoa	1171		False
Q9H6Z4	Q9H6Z4	Homo sapiens	Metazoa	567		False
Q9HGK2	Q9HGK2	Schizosaccharomyces pombe (strain 972 / ATCC 24843)	Fungi	216		False
Q6PCM1	Q6PCM1	Mus musculus	Metazoa	1323		False
O00488	O00488	Homo sapiens	Metazoa	134		False
Q9UHV7	Q9UHV7	Homo sapiens	Metazoa	2174		False
F4HZG9	F4HZG9	Arabidopsis thaliana	Plants	493		False
P18888	P18888	Saccharomyces cerevisiae (strain ATCC 204508 / S288c)	Fungi	332		False
O95786	O95786	Homo sapiens	Metazoa	925		False
Q9Y5Y5	Q9Y5Y5	Homo sapiens	Metazoa	336		True
A0A120KVW2	A0A120KVW2	Trypanosoma brucei brucei	Other	1136		False
Q9UL49	Q9UL49	Homo sapiens	Metazoa	500		False
Q9LD43	Q9LD43	Arabidopsis thaliana	Plants	769		False
Q9FYS5	Q9FYS5	Zea mays	Plants	193		False
Q965H3	Q965H3	Caenorhabditis elegans	Metazoa	735		False
Q92366	Q92366	Schizosaccharomyces pombe (strain 972 / ATCC 24843)	Fungi	61		False
Q9LZD0	Q9LZD0	Arabidopsis thaliana	Plants	599		False
Q07807	Q07807	Saccharomyces cerevisiae (strain ATCC 204508 / S288c)	Fungi	879		False
G2HK15	G2HK15	Caenorhabditis elegans	Metazoa	367		False
Q04868	Q04868	Saccharomyces cerevisiae (strain ATCC 204508 / S288c)	Fungi	273		False
A9D2P7	A9D2P7	Caenorhabditis elegans	Metazoa	672		False
Q12802	Q12802	Homo sapiens	Metazoa	2813		False
Q9DCX2	Q9DCX2	Mus musculus	Metazoa	161		False
Q8IWT0	Q8IWT0	Homo sapiens	Metazoa	167		False
P40084	P40084	Saccharomyces cerevisiae (strain ATCC 204508 / S288c)	Fungi	226		False
Q8WUU5	Q8WUU5	Homo sapiens	Metazoa	269		False
O94358	O94358	Schizosaccharomyces pombe (strain 972 / ATCC 24843)	Fungi	845		False
A1L020	A1L020	Homo sapiens	Metazoa	520		False
Q9BQ69	Q9BQ69	Homo sapiens	Metazoa	325		False
P42845	P42845	Saccharomyces cerevisiae (strain ATCC 204508 / S288c)	Fungi	420		False
Q944H2	Q944H2	Arabidopsis thaliana	Plants	391		False
Q9VUF8	Q9VUF8	Drosophila melanogaster	Metazoa	540		False
Q84LG2	Q84LG2	Arabidopsis thaliana	Plants	389		False
O43543	O43543	Homo sapiens	Metazoa	280		False
Q09683	Q09683	Schizosaccharomyces pombe (strain 972 / ATCC 24843)	Fungi	649		False
Q93008	Q93008	Homo sapiens	Metazoa	2554		False
P47140	P47140	Saccharomyces cerevisiae (strain ATCC 204508 / S288c)	Fungi	327		False
O74880	O74880	Schizosaccharomyces pombe (strain 972 / ATCC 24843)	Fungi	360		False
P53688	P53688	Saccharomyces cerevisiae (strain ATCC 204508 / S288c)	Fungi	370		False
P04038	P04038	Bos taurus	Metazoa	74		True
Q96EB1	Q96EB1	Homo sapiens	Metazoa	424		False
P53297	P53297	Saccharomyces cerevisiae (strain ATCC 204508 / S288c)	Fungi	722		False
P80680	P80680	Zea mays	Plants	97		False
Q8TBK2	Q8TBK2	Homo sapiens	Metazoa	473		False
Q9SZI6	Q9SZI6	Arabidopsis thaliana	Plants	352		False
P46062	P46062	Mus musculus	Metazoa	1037		False
Q948R9	Q948R9	Arabidopsis thaliana	Plants	314		False
Q9HD42	Q9HD42	Homo sapiens	Metazoa	196		False
O74829	O74829	Schizosaccharomyces pombe (strain 972 / ATCC 24843)	Fungi	516		True
Q15847	Q15847	Homo sapiens	Metazoa	76		False
O43808	O43808	Homo sapiens	Metazoa	307		True
Q9H299	Q9H299	Homo sapiens	Metazoa	93		False
Q14061	Q14061	Homo sapiens	Metazoa	63		False
Q659A1	Q659A1	Homo sapiens	Metazoa	982		False
Q9H0R1	Q9H0R1	Homo sapiens	Metazoa	490		False
P46947	P46947	Saccharomyces cerevisiae (strain ATCC 204508 / S288c)	Fungi	266		False
Q9FR37	Q9FR37	Arabidopsis thaliana	Plants	425		False
Q3UHU5	Q3UHU5	Mus musculus	Metazoa	1945		False
Q9Z2T2	Q9Z2T2	Rattus norvegicus	Metazoa	336		True
Q96T21	Q96T21	Homo sapiens	Metazoa	854		False
Q06835	Q06835	Saccharomyces cerevisiae (strain ATCC 204508 / S288c)	Fungi	107		False
Q9BXW9	Q9BXW9	Homo sapiens	Metazoa	1451		False
Q9NX52	Q9NX52	Homo sapiens	Metazoa	303		True
Q7S2C2	Q7S2C2	Neurospora crassa (strain ATCC 24698 / 74-OR23-1A / CBS 708.71 / DSM 1257 / FGSC 987)	Fungi	119		False
Q00613	Q00613	Homo sapiens	Metazoa	529		False
Q7XHR2	Q7XHR2	Oryza sativa subsp. japonica	Plants	927		False
Q5PQZ7	Q5PQZ7	Danio rerio	Metazoa	352		True
Q96SQ7	Q96SQ7	Homo sapiens	Metazoa	321		False
Q90ZS6	Q90ZS6	Xenopus laevis	Metazoa	1271		False
Q9SX99	Q9SX99	Arabidopsis thaliana	Plants	261		False
Q6NL34	Q6NL34	Drosophila melanogaster	Metazoa	543		False
Q6UXN9	Q6UXN9	Homo sapiens	Metazoa	313		False
Q8WZK3	Q8WZK3	Schizosaccharomyces pombe (strain 972 / ATCC 24843)	Fungi	138		False
Q53F19	Q53F19	Homo sapiens	Metazoa	620		False
Q96MH2	Q96MH2	Homo sapiens	Metazoa	286		False
Q75WB5	Q75WB5	Bos taurus	Metazoa	1288		False
Q9ZST4	Q9ZST4	Arabidopsis thaliana	Plants	196		False
P38282	P38282	Saccharomyces cerevisiae (strain ATCC 204508 / S288c)	Fungi	291		False
P25963	P25963	Homo sapiens	Metazoa	317		False
Q9BPY3	Q9BPY3	Homo sapiens	Metazoa	351		False
Q9UPX6	Q9UPX6	Homo sapiens	Metazoa	916		False
Q23064	Q23064	Caenorhabditis elegans	Metazoa	1041		False
Q09M02	Q09M02	Mus musculus	Metazoa	886		False
A0A2I0BUK1	A0A2I0BUK1	Plasmodium falciparum (isolate NF54)	Other	893		False
Q08509	Q08509	Mus musculus	Metazoa	821		False
A1ZAW0	A1ZAW0	Drosophila melanogaster	Metazoa	1722		False
Q9FL26	Q9FL26	Arabidopsis thaliana	Plants	326		False
Q15257	Q15257	Homo sapiens	Metazoa	358		False
Q9LEM8	Q9LEM8	Chlamydomonas reinhardtii	Plants	1385		False
Q12040	Q12040	Saccharomyces cerevisiae (strain ATCC 204508 / S288c)	Fungi	230		False
Q9NWV8	Q9NWV8	Homo sapiens	Metazoa	329		False
P82130	P82130	Spinacia oleracea	Plants	183		False
P32349	P32349	Saccharomyces cerevisiae (strain ATCC 204508 / S288c)	Fungi	654		False
P0DM40	P0DM40	Mus musculus	Metazoa	2038		False
P54791	P54791	Saccharomyces cerevisiae (strain ATCC 204508 / S288c)	Fungi	529		False
Q9ZR72	Q9ZR72	Arabidopsis thaliana	Plants	1286		True
Q4V8P4	Q4V8P4	Rattus norvegicus	Metazoa	168		False
Q9LJ97	Q9LJ97	Arabidopsis thaliana	Plants	262		False
Q13685	Q13685	Homo sapiens	Metazoa	434		False
Q6P6C2	Q6P6C2	Homo sapiens	Metazoa	394		False
P78946	P78946	Schizosaccharomyces pombe (strain 972 / ATCC 24843)	Fungi	126		False
Q8TEX9	Q8TEX9	Homo sapiens	Metazoa	1081		False
P16550	P16550	Saccharomyces cerevisiae (strain ATCC 204508 / S288c)	Fungi	321		False
F4IDB2	F4IDB2	Arabidopsis thaliana	Plants	1325		False
Q24174	Q24174	Drosophila melanogaster	Metazoa	904		False
Q04894	Q04894	Saccharomyces cerevisiae (strain ATCC 204508 / S288c)	Fungi	360		False
Q5BKX6	Q5BKX6	Homo sapiens	Metazoa	768		True
Q9BQS6	Q9BQS6	Homo sapiens	Metazoa	159		False
Q96326	Q96326	Arabidopsis thaliana	Plants	256		True
Q7M2P1	Q7M2P1	Sus scrofa	Metazoa	76		False
Q9UTH9	Q9UTH9	Schizosaccharomyces pombe (strain 972 / ATCC 24843)	Fungi	617		False
P48329	P48329	Cyanophora paradoxa	Other	180		False
Q3EBC8	Q3EBC8	Arabidopsis thaliana	Plants	1388		False
O43542	O43542	Homo sapiens	Metazoa	346		False
Q12277	Q12277	Saccharomyces cerevisiae (strain ATCC 204508 / S288c)	Fungi	265		False
Q38897	Q38897	Arabidopsis thaliana	Plants	611		False
Q9H3K2	Q9H3K2	Homo sapiens	Metazoa	345		True
O14893	O14893	Homo sapiens	Metazoa	280		False
Q03188	Q03188	Homo sapiens	Metazoa	943		False
P39985	P39985	Saccharomyces cerevisiae (strain ATCC 204508 / S288c)	Fungi	1022		False
Q7K0D8	Q7K0D8	Drosophila melanogaster	Metazoa	564		False
Q9T0H9	Q9T0H9	Arabidopsis thaliana	Plants	359		False
Q9ULJ3	Q9ULJ3	Homo sapiens	Metazoa	1066		False
Q8WVC0	Q8WVC0	Homo sapiens	Metazoa	666		False
O94653	O94653	Schizosaccharomyces pombe (strain 972 / ATCC 24843)	Fungi	1121		False
Q9UUI2	Q9UUI2	Schizosaccharomyces pombe (strain 972 / ATCC 24843)	Fungi	165		False
Q99M04	Q99M04	Mus musculus	Metazoa	373		False
P28805	P28805	Spinacia oleracea	Plants	66		False
O74361	O74361	Schizosaccharomyces pombe (strain 972 / ATCC 24843)	Fungi	356		False
P43596	P43596	Saccharomyces cerevisiae (strain ATCC 204508 / S288c)	Fungi	787		False
Q05779	Q05779	Saccharomyces cerevisiae (strain ATCC 204508 / S288c)	Fungi	260		False
O62471	O62471	Caenorhabditis elegans	Metazoa	1592		False
Q03557	Q03557	Saccharomyces cerevisiae (strain ATCC 204508 / S288c)	Fungi	464		False
O14368	O14368	Schizosaccharomyces pombe (strain 972 / ATCC 24843)	Fungi	143		False
P53072	P53072	Saccharomyces cerevisiae (strain ATCC 204508 / S288c)	Fungi	289		False
P35732	P35732	Saccharomyces cerevisiae (strain ATCC 204508 / S288c)	Fungi	738		False
Q9HGP5	Q9HGP5	Schizosaccharomyces pombe (strain 972 / ATCC 24843)	Fungi	268		False
Q9UUH3	Q9UUH3	Schizosaccharomyces pombe (strain 972 / ATCC 24843)	Fungi	277		False
G4NBR8	G4NBR8	Pyricularia oryzae (strain 70-15 / ATCC MYA-4617 / FGSC 8958)	Fungi	548		False
O15068	O15068	Homo sapiens	Metazoa	1137		False
Q12405	Q12405	Saccharomyces cerevisiae (strain ATCC 204508 / S288c)	Fungi	387		False
Q8WXI9	Q8WXI9	Homo sapiens	Metazoa	593		False
Q9SW31	Q9SW31	Arabidopsis thaliana	Plants	157		False
Q9UHV9	Q9UHV9	Homo sapiens	Metazoa	154		False
O60127	O60127	Schizosaccharomyces pombe (strain 972 / ATCC 24843)	Fungi	126		False
O63075	O63075	Chlamydomonas reinhardtii	Plants	238		True
Q94IN5	Q94IN5	Euglena gracilis	Other	1803		False
P38326	P38326	Saccharomyces cerevisiae (strain ATCC 204508 / S288c)	Fungi	303		False
Q8NBN7	Q8NBN7	Homo sapiens	Metazoa	331		False
Q13535	Q13535	Homo sapiens	Metazoa	2644		False
Q9CQR4	Q9CQR4	Mus musculus	Metazoa	140		False
Q05648	Q05648	Saccharomyces cerevisiae (strain ATCC 204508 / S288c)	Fungi	414		False
P53184	P53184	Saccharomyces cerevisiae (strain ATCC 204508 / S288c)	Fungi	216		False
Q9SD80	Q9SD80	Arabidopsis thaliana	Plants	54		True
Q9CAF6	Q9CAF6	Arabidopsis thaliana	Plants	950		False
P38804	P38804	Saccharomyces cerevisiae (strain ATCC 204508 / S288c)	Fungi	111		False
Q9LVI4	Q9LVI4	Arabidopsis thaliana	Plants	352		False
P93203	P93203	Solanum lycopersicum	Plants	697		False
P53930	P53930	Saccharomyces cerevisiae (strain ATCC 204508 / S288c)	Fungi	226		False
Q10PI9	Q10PI9	Oryza sativa subsp. japonica	Plants	459		False
Q8WUA4	Q8WUA4	Homo sapiens	Metazoa	911		False
P38880	P38880	Saccharomyces cerevisiae (strain ATCC 204508 / S288c)	Fungi	579		False
Q9Y6J8	Q9Y6J8	Homo sapiens	Metazoa	313		False
P32342	P32342	Saccharomyces cerevisiae (strain ATCC 204508 / S288c)	Fungi	167		False
Q9SIW2	Q9SIW2	Arabidopsis thaliana	Plants	888		False
Q0PGJ6	Q0PGJ6	Arabidopsis thaliana	Plants	315		False
Q9C7I5	Q9C7I5	Arabidopsis thaliana	Plants	189		False
P13489	P13489	Homo sapiens	Metazoa	461		False
Q9CUU3	Q9CUU3	Mus musculus	Metazoa	1500		False
Q8IM30	Q8IM30	Plasmodium falciparum (isolate 3D7)	Other	608		False
Q06608	Q06608	Saccharomyces cerevisiae (strain ATCC 204508 / S288c)	Fungi	200		False
Q93W20	Q93W20	Arabidopsis thaliana	Plants	235		False
Q8RWG1	Q8RWG1	Arabidopsis thaliana	Plants	682		False
P53725	P53725	Saccharomyces cerevisiae (strain ATCC 204508 / S288c)	Fungi	186		False
Q8RWG2	Q8RWG2	Arabidopsis thaliana	Plants	652		False
B3H5K9	B3H5K9	Arabidopsis thaliana	Plants	782		False
Q4WGS5	Q4WGS5	Aspergillus fumigatus (strain ATCC MYA-4609 / CBS 101355 / FGSC A1100 / Af293)	Fungi	577		True
P32389	P32389	Saccharomyces cerevisiae (strain ATCC 204508 / S288c)	Fungi	672		False
O35820	O35820	Rattus norvegicus	Metazoa	163		False
P28004	P28004	Saccharomyces cerevisiae (strain ATCC 204508 / S288c)	Fungi	379		False
O75937	O75937	Homo sapiens	Metazoa	253		False
Q9FFK6	Q9FFK6	Arabidopsis thaliana	Plants	810		False
P50548	P50548	Homo sapiens	Metazoa	548		False
O42855	O42855	Schizosaccharomyces pombe (strain 972 / ATCC 24843)	Fungi	303		False
Q9H5J8	Q9H5J8	Homo sapiens	Metazoa	278		False
Q9SAH8	Q9SAH8	Arabidopsis thaliana	Plants	532		True
C4R8D7	C4R8D7	Komagataella phaffii (strain GS115 / ATCC 20864)	Fungi	409		False
O15164	O15164	Homo sapiens	Metazoa	1050		False
Q6TAS3	Q6TAS3	Solanum lycopersicum	Plants	902		False
Q8CHP0	Q8CHP0	Mus musculus	Metazoa	950		False
D4A4P4	D4A4P4	Rattus norvegicus	Metazoa	490		False
Q9C6T1	Q9C6T1	Arabidopsis thaliana	Plants	505		False
Q06184	Q06184	Euplotes crassus	Other	446		False
Q03385	Q03385	Mus musculus	Metazoa	852		False
Q8BLG0	Q8BLG0	Mus musculus	Metazoa	1010		False
O43913	O43913	Homo sapiens	Metazoa	435		False
Q9QZ59	Q9QZ59	Mus musculus	Metazoa	374		False
Q9H777	Q9H777	Homo sapiens	Metazoa	363		False
Q8GUT5	Q8GUT5	Arabidopsis thaliana	Plants	288		False
P09597	P09597	Spinacia oleracea	Plants	134		False
Q91XT6	Q91XT6	Mus musculus	Metazoa	489		False
Q08231	Q08231	Saccharomyces cerevisiae (strain ATCC 204508 / S288c)	Fungi	455		False
Q76NM6	Q76NM6	Plasmodium falciparum (isolate 3D7)	Other	611		False
O43719	O43719	Homo sapiens	Metazoa	755		False
Q9Y7N1	Q9Y7N1	Schizosaccharomyces pombe (strain 972 / ATCC 24843)	Fungi	240		False
O75626	O75626	Homo sapiens	Metazoa	825		False
Q8W1E3	Q8W1E3	Arabidopsis thaliana	Plants	298		False
Q96SB8	Q96SB8	Homo sapiens	Metazoa	1091		False
E1BUG7	E1BUG7	Gallus gallus	Metazoa	690		False
Q09146	Q09146	Schizosaccharomyces pombe (strain 972 / ATCC 24843)	Fungi	399		False
Q12068	Q12068	Saccharomyces cerevisiae (strain ATCC 204508 / S288c)	Fungi	342		False
Q8W4E7	Q8W4E7	Arabidopsis thaliana	Plants	598		False
Q9VX12	Q9VX12	Drosophila melanogaster	Metazoa	359		False
P23610	P23610	Homo sapiens	Metazoa	371		False
Q7T0L4	Q7T0L4	Gallus gallus	Metazoa	329		False
J4KNE4	J4KNE4	Beauveria bassiana (strain ARSEF 2860)	Fungi	810		False
P35658	P35658	Homo sapiens	Metazoa	2090		False
O42250	O42250	Danio rerio	Metazoa	344		False
Q9VT04	Q9VT04	Drosophila melanogaster	Metazoa	471		True
Q9SR77	Q9SR77	Arabidopsis thaliana	Plants	309		False
P09234	P09234	Homo sapiens	Metazoa	159		False
P87233	P87233	Schizosaccharomyces pombe (strain 972 / ATCC 24843)	Fungi	461		False
Q9I7U4	Q9I7U4	Drosophila melanogaster	Metazoa	18141		False
Q2Q5T5	Q2Q5T5	Mus musculus	Metazoa	84		True
P12954	P12954	Saccharomyces cerevisiae (strain ATCC 204508 / S288c)	Fungi	1174		False
J9VIL4	J9VIL4	Cryptococcus neoformans (strain H99 / ATCC 208821 / CBS 10515 / FGSC 9487)	Fungi	623		True
Q9H7B4	Q9H7B4	Homo sapiens	Metazoa	428		False
Q9SJH0	Q9SJH0	Arabidopsis thaliana	Plants	118		False
P01109	P01109	Gallus gallus	Metazoa	435		False
Q7L8L6	Q7L8L6	Homo sapiens	Metazoa	764		False
P09959	P09959	Saccharomyces cerevisiae (strain ATCC 204508 / S288c)	Fungi	803		False
P38285	P38285	Saccharomyces cerevisiae (strain ATCC 204508 / S288c)	Fungi	549		False
P40971	P40971	Saccharomyces cerevisiae (strain ATCC 204508 / S288c)	Fungi	790		False
O60336	O60336	Homo sapiens	Metazoa	1514		False
Q69383	Q69383	Homo sapiens	Metazoa	105		False
P14724	P14724	Saccharomyces cerevisiae (strain ATCC 204508 / S288c)	Fungi	124		False
P40547	P40547	Saccharomyces cerevisiae (strain ATCC 204508 / S288c)	Fungi	921		False
Q9FFF4	Q9FFF4	Arabidopsis thaliana	Plants	477		False
Q86TV6	Q86TV6	Homo sapiens	Metazoa	843		False
Q1ZXU0	Q1ZXU0	Caenorhabditis elegans	Metazoa	205		False
P15325	P15325	Emericella nidulans (strain FGSC A4 / ATCC 38163 / CBS 112.46 / NRRL 194 / M139)	Fungi	533		True
Q9FFJ8	Q9FFJ8	Arabidopsis thaliana	Plants	449		False
Q62920	Q62920	Rattus norvegicus	Metazoa	591		False
Q9T0A4	Q9T0A4	Arabidopsis thaliana	Plants	250		False
Q96HA7	Q96HA7	Homo sapiens	Metazoa	1378		False
Q00IB6	Q00IB6	Arabidopsis thaliana	Plants	440		False
P70033	P70033	Xenopus laevis	Metazoa	435		False
Q99383	Q99383	Saccharomyces cerevisiae (strain ATCC 204508 / S288c)	Fungi	534		False
P36516	P36516	Saccharomyces cerevisiae (strain ATCC 204508 / S288c)	Fungi	390		False
O75426	O75426	Homo sapiens	Metazoa	580		False
P49756	P49756	Homo sapiens	Metazoa	843		False
Q07381	Q07381	Saccharomyces cerevisiae (strain ATCC 204508 / S288c)	Fungi	788		False
P43244	P43244	Rattus norvegicus	Metazoa	845		False
F4I1T7	F4I1T7	Arabidopsis thaliana	Plants	1819		False
Q7TMF3	Q7TMF3	Mus musculus	Metazoa	145		False
P59942	P59942	Homo sapiens	Metazoa	119		False
Q9NZD1	Q9NZD1	Homo sapiens	Metazoa	345		True
E3Q1H1	E3Q1H1	Trypanosoma brucei brucei	Other	147		False
O94259	O94259	Schizosaccharomyces pombe (strain 972 / ATCC 24843)	Fungi	327		False
P49903	P49903	Homo sapiens	Metazoa	392		False
O74387	O74387	Schizosaccharomyces pombe (strain 972 / ATCC 24843)	Fungi	287		False
Q9VMD0	Q9VMD0	Drosophila melanogaster	Metazoa	1659		False
P06168	P06168	Saccharomyces cerevisiae (strain ATCC 204508 / S288c)	Fungi	395		False
Q94545	Q94545	Drosophila melanogaster	Metazoa	556		False
Q61127	Q61127	Mus musculus	Metazoa	525		False
Q19555	Q19555	Caenorhabditis elegans	Metazoa	1096		False
Q9H0G5	Q9H0G5	Homo sapiens	Metazoa	558		False
Q80VM7	Q80VM7	Mus musculus	Metazoa	985		False
Q9LI74	Q9LI74	Arabidopsis thaliana	Plants	1004		False
Q8TDB6	Q8TDB6	Homo sapiens	Metazoa	740		False
Q21227	Q21227	Caenorhabditis elegans	Metazoa	1188		False
Q5Z8R1	Q5Z8R1	Oryza sativa subsp. japonica	Plants	455		False
Q8VYF7	Q8VYF7	Arabidopsis thaliana	Plants	238		False
P91645	P91645	Drosophila melanogaster	Metazoa	1851		True
P53835	P53835	Saccharomyces cerevisiae (strain ATCC 204508 / S288c)	Fungi	661		True
P03880	P03880	Emericella nidulans	Fungi	488		False
Q9NQX3	Q9NQX3	Homo sapiens	Metazoa	736		False
Q9H6U6	Q9H6U6	Homo sapiens	Metazoa	928		False
Q22355	Q22355	Caenorhabditis elegans	Metazoa	377		False
Q09463	Q09463	Caenorhabditis elegans	Metazoa	235		False
Q9H816	Q9H816	Homo sapiens	Metazoa	532		False
P56765	P56765	Arabidopsis thaliana	Plants	488		False
Q9C108	Q9C108	Schizosaccharomyces pombe (strain 972 / ATCC 24843)	Fungi	163		False
P87315	P87315	Schizosaccharomyces pombe (strain 972 / ATCC 24843)	Fungi	1630		False
Q9Y222	Q9Y222	Homo sapiens	Metazoa	760		False
P25637	P25637	Saccharomyces cerevisiae (strain ATCC 204508 / S288c)	Fungi	258		False
Q14289	Q14289	Homo sapiens	Metazoa	1009		False
Q8TEC5	Q8TEC5	Homo sapiens	Metazoa	729		False
Q9TZ70	Q9TZ70	Caenorhabditis elegans	Metazoa	205		False
Q00312	Q00312	Candida albicans	Fungi	527		False
Q09406	Q09406	Caenorhabditis elegans	Metazoa	534		False
Q2V2P9	Q2V2P9	Saccharomyces cerevisiae (strain ATCC 204508 / S288c)	Fungi	66		True
Q09228	Q09228	Caenorhabditis elegans	Metazoa	1129		False
P53061	P53061	Saccharomyces cerevisiae (strain ATCC 204508 / S288c)	Fungi	704		False
Q9Y3C5	Q9Y3C5	Homo sapiens	Metazoa	154		False
P46940	P46940	Homo sapiens	Metazoa	1657		False
O94326	O94326	Schizosaccharomyces pombe (strain 972 / ATCC 24843)	Fungi	609		False
Q96JK9	Q96JK9	Homo sapiens	Metazoa	1138		False
Q86NP2	Q86NP2	Drosophila melanogaster	Metazoa	1251		False
Q8RWH9	Q8RWH9	Arabidopsis thaliana	Plants	513		False
Q96WV2	Q96WV2	Schizosaccharomyces pombe (strain 972 / ATCC 24843)	Fungi	339		False
A0A8P0N4K0	A0A8P0N4K0	Canis lupus familiaris	Metazoa	1614		False
B9DFX7	B9DFX7	Arabidopsis thaliana	Plants	883		False
P36606	P36606	Schizosaccharomyces pombe (strain 972 / ATCC 24843)	Fungi	468		True
Q54PQ4	Q54PQ4	Dictyostelium discoideum	Other	605		False
Q9CWR0	Q9CWR0	Mus musculus	Metazoa	618		False
Q8C9B9	Q8C9B9	Mus musculus	Metazoa	2256		False
Q9P000	Q9P000	Homo sapiens	Metazoa	198		False
Q8BVN3	Q8BVN3	Mus musculus	Metazoa	442		True
Q9HD33	Q9HD33	Homo sapiens	Metazoa	250		False
P24919	P24919	Neurospora crassa (strain ATCC 24698 / 74-OR23-1A / CBS 708.71 / DSM 1257 / FGSC 987)	Fungi	273		False
F4I3V6	F4I3V6	Arabidopsis thaliana	Plants	192		False
A8MQL1	A8MQL1	Arabidopsis thaliana	Plants	1082		False
Q60698	Q60698	Mus musculus	Metazoa	725		False
Q8IUR6	Q8IUR6	Homo sapiens	Metazoa	639		False
P87238	P87238	Schizosaccharomyces pombe (strain 972 / ATCC 24843)	Fungi	215		False
O13974	O13974	Schizosaccharomyces pombe (strain 972 / ATCC 24843)	Fungi	329		False
O15297	O15297	Homo sapiens	Metazoa	605		False
Q9H3M7	Q9H3M7	Homo sapiens	Metazoa	391		False
P11596	P11596	Drosophila melanogaster	Metazoa	197		False
Q99MZ3	Q99MZ3	Mus musculus	Metazoa	864		False
Q6TCH4	Q6TCH4	Homo sapiens	Metazoa	344		True
Q15424	Q15424	Homo sapiens	Metazoa	915		False
Q9NYP3	Q9NYP3	Homo sapiens	Metazoa	566		False
Q9HB75	Q9HB75	Homo sapiens	Metazoa	910		False
Q5BJX1	Q5BJX1	Rattus norvegicus	Metazoa	134		False
S8F0G9	S8F0G9	Toxoplasma gondii (strain ATCC 50611 / Me49)	Other	920		False
Q8BGY7	Q8BGY7	Mus musculus	Metazoa	273		False
Q9QYB1	Q9QYB1	Mus musculus	Metazoa	253		True
Q9C682	Q9C682	Arabidopsis thaliana	Plants	226		False
Q7S6M9	Q7S6M9	Neurospora crassa (strain ATCC 24698 / 74-OR23-1A / CBS 708.71 / DSM 1257 / FGSC 987)	Fungi	309		False
P42842	P42842	Saccharomyces cerevisiae (strain ATCC 204508 / S288c)	Fungi	904		False
Q94AH1	Q94AH1	Arabidopsis thaliana	Plants	300		True
Q9JIL4	Q9JIL4	Mus musculus	Metazoa	519		False
P47158	P47158	Saccharomyces cerevisiae (strain ATCC 204508 / S288c)	Fungi	497		False
Q99PP2	Q99PP2	Mus musculus	Metazoa	2237		False
Q9Y2K1	Q9Y2K1	Homo sapiens	Metazoa	713		False
Q9Y6N1	Q9Y6N1	Homo sapiens	Metazoa	276		False
Q3SZ86	Q3SZ86	Bos taurus	Metazoa	205		False
Q8NBT2	Q8NBT2	Homo sapiens	Metazoa	197		False
Q8MLZ3	Q8MLZ3	Dictyostelium discoideum	Other	867		False
Q9XI00	Q9XI00	Arabidopsis thaliana	Plants	328		False
Q9VSK8	Q9VSK8	Drosophila melanogaster	Metazoa	597		False
Q60547	Q60547	Mesocricetus auratus	Metazoa	234		False
P46089	P46089	Homo sapiens	Metazoa	330		True
A6NFQ2	A6NFQ2	Homo sapiens	Metazoa	919		False
Q94JU3	Q94JU3	Arabidopsis thaliana	Plants	260		False
Q9EQR5	Q9EQR5	Mus musculus	Metazoa	269		True
Q5C9I9	Q5C9I9	Mentha piperita	Plants	265		False
Q9LE82	Q9LE82	Arabidopsis thaliana	Plants	535		False
Q9XIN0	Q9XIN0	Arabidopsis thaliana	Plants	650		False
Q6P6N5	Q6P6N5	Mus musculus	Metazoa	408		False
P0DW81	P0DW81	Homo sapiens	Metazoa	44		False
Q9FZD1	Q9FZD1	Arabidopsis thaliana	Plants	630		False
Q94AI4	Q94AI4	Arabidopsis thaliana	Plants	775		False
A0A1B0GUW7	A0A1B0GUW7	Homo sapiens	Metazoa	55		True
Q9BZR8	Q9BZR8	Homo sapiens	Metazoa	327		False
Q06315	Q06315	Saccharomyces cerevisiae (strain ATCC 204508 / S288c)	Fungi	1026		False
Q29455	Q29455	Bos taurus	Metazoa	198		False
O74808	O74808	Schizosaccharomyces pombe (strain 972 / ATCC 24843)	Fungi	1238		False
Q9QZB0	Q9QZB0	Mus musculus	Metazoa	210		False
P32874	P32874	Saccharomyces cerevisiae (strain ATCC 204508 / S288c)	Fungi	2273		False
Q96MF7	Q96MF7	Homo sapiens	Metazoa	247		False
A0A5B9G902	A0A5B9G902	Aureobasidium melanogenum	Fungi	521		False
P34427	P34427	Caenorhabditis elegans	Metazoa	962		False
Q9STG9	Q9STG9	Arabidopsis thaliana	Plants	561		False
Q04601	Q04601	Saccharomyces cerevisiae (strain ATCC 204508 / S288c)	Fungi	652		False
Q9SSE7	Q9SSE7	Arabidopsis thaliana	Plants	381		False
Q5ND34	Q5ND34	Mus musculus	Metazoa	1934		False
Q9NZE8	Q9NZE8	Homo sapiens	Metazoa	188		False
Q0DRX6	Q0DRX6	Oryza sativa subsp. japonica	Plants	902		False
Q9Y224	Q9Y224	Homo sapiens	Metazoa	244		False
O94468	O94468	Schizosaccharomyces pombe (strain 972 / ATCC 24843)	Fungi	213		False
Q01718	Q01718	Homo sapiens	Metazoa	297		True
P22469	P22469	Drosophila melanogaster	Metazoa	90		False
P33749	P33749	Saccharomyces cerevisiae (strain ATCC 204508 / S288c)	Fungi	630		False
P34447	P34447	Caenorhabditis elegans	Metazoa	867		False
P39749	P39749	Mus musculus	Metazoa	378		False
Q9S7B5	Q9S7B5	Arabidopsis thaliana	Plants	526		False
Q95749	Q95749	Arabidopsis thaliana	Plants	556		False
P82923	P82923	Bos taurus	Metazoa	293		False
Q9UJX3	Q9UJX3	Homo sapiens	Metazoa	565		False
Q9U3V9	Q9U3V9	Drosophila melanogaster	Metazoa	2079		False
P35228	P35228	Homo sapiens	Metazoa	1153		False
P47007	P47007	Saccharomyces cerevisiae (strain ATCC 204508 / S288c)	Fungi	382		False
Q9BY77	Q9BY77	Homo sapiens	Metazoa	421		False
P39683	P39683	Saccharomyces cerevisiae (strain ATCC 204508 / S288c)	Fungi	429		False
Q9Z1B8	Q9Z1B8	Mus musculus	Metazoa	559		False
Q94F00	Q94F00	Arabidopsis thaliana	Plants	371		False
Q9Y5Z4	Q9Y5Z4	Homo sapiens	Metazoa	205		False
Q8BT35	Q8BT35	Mus musculus	Metazoa	56		True
O14519	O14519	Homo sapiens	Metazoa	115		False
Q04347	Q04347	Saccharomyces cerevisiae (strain ATCC 204508 / S288c)	Fungi	519		False
Q8C9X6	Q8C9X6	Mus musculus	Metazoa	813		False
A0A0B5L781	A0A0B5L781	Penicillium brevicompactum	Fungi	398		False
Q9W415	Q9W415	Drosophila melanogaster	Metazoa	424		False
Q04110	Q04110	Saccharomyces cerevisiae (strain ATCC 204508 / S288c)	Fungi	302		False
Q8LPQ5	Q8LPQ5	Arabidopsis thaliana	Plants	1254		False
Q5SU73	Q5SU73	Mus musculus	Metazoa	570		False
Q12139	Q12139	Saccharomyces cerevisiae (strain ATCC 204508 / S288c)	Fungi	1133		False
P54258	P54258	Rattus norvegicus	Metazoa	1183		False
Q7XA78	Q7XA78	Arabidopsis thaliana	Plants	264		False
Q03799	Q03799	Saccharomyces cerevisiae (strain ATCC 204508 / S288c)	Fungi	155		False
O65680	O65680	Arabidopsis thaliana	Plants	279		False
Q9NYF8	Q9NYF8	Homo sapiens	Metazoa	920		False
P43605	P43605	Saccharomyces cerevisiae (strain ATCC 204508 / S288c)	Fungi	281		False
Q99P21	Q99P21	Mus musculus	Metazoa	515		False
P40356	P40356	Saccharomyces cerevisiae (strain ATCC 204508 / S288c)	Fungi	397		False
Q09690	Q09690	Schizosaccharomyces pombe (strain 972 / ATCC 24843)	Fungi	1087		False
P57742	P57742	Arabidopsis thaliana	Plants	151		False
P61218	P61218	Homo sapiens	Metazoa	127		False
Q94AQ9	Q94AQ9	Arabidopsis thaliana	Plants	260		False
Q9UW82	Q9UW82	Komagataella pastoris	Fungi	187		True
Q9LJG6	Q9LJG6	Arabidopsis thaliana	Plants	193		False
P32318	P32318	Saccharomyces cerevisiae (strain ATCC 204508 / S288c)	Fungi	326		False
Q80Z37	Q80Z37	Mus musculus	Metazoa	1033		False
Q09687	Q09687	Schizosaccharomyces pombe (strain 972 / ATCC 24843)	Fungi	518		False
A0A2R8VHF7	A0A2R8VHF7	Mus musculus	Metazoa	171		True
P58557	P58557	Homo sapiens	Metazoa	167		False
Q9H9J2	Q9H9J2	Homo sapiens	Metazoa	332		False
P87152	P87152	Schizosaccharomyces pombe (strain 972 / ATCC 24843)	Fungi	992		False
Q19345	Q19345	Caenorhabditis elegans	Metazoa	572		False
Q10262	Q10262	Schizosaccharomyces pombe (strain 972 / ATCC 24843)	Fungi	131		False
P40026	P40026	Saccharomyces cerevisiae (strain ATCC 204508 / S288c)	Fungi	464		False
Q80WB5	Q80WB5	Mus musculus	Metazoa	209		False
O13999	O13999	Schizosaccharomyces pombe (strain 972 / ATCC 24843)	Fungi	187		True
P0CU09	P0CU09	Schizosaccharomyces pombe (strain 972 / ATCC 24843)	Fungi	235		False
Q15649	Q15649	Homo sapiens	Metazoa	155		False
Q9VQB6	Q9VQB6	Drosophila melanogaster	Metazoa	971		False
Q9LMR3	Q9LMR3	Arabidopsis thaliana	Plants	358		False
Q9DCR4	Q9DCR4	Mus musculus	Metazoa	169		False
O75943	O75943	Homo sapiens	Metazoa	681		False
Q96Q11	Q96Q11	Homo sapiens	Metazoa	434		False
Q9SCY2	Q9SCY2	Arabidopsis thaliana	Plants	208		False
P53895	P53895	Saccharomyces cerevisiae (strain ATCC 204508 / S288c)	Fungi	289		False
Q9NYH9	Q9NYH9	Homo sapiens	Metazoa	597		False
Q06497	Q06497	Saccharomyces cerevisiae (strain ATCC 204508 / S288c)	Fungi	328		True
Q9SJZ6	Q9SJZ6	Arabidopsis thaliana	Plants	219		False
A0AV96	A0AV96	Homo sapiens	Metazoa	593		False
Q94A68	Q94A68	Arabidopsis thaliana	Plants	377		False
Q84JH7	Q84JH7	Arabidopsis thaliana	Plants	225		False
Q337M4	Q337M4	Oryza sativa subsp. japonica	Plants	364		False
O76054	O76054	Homo sapiens	Metazoa	403		False
C4QM85	C4QM85	Schistosoma mansoni	Metazoa	419		True
Q9SR43	Q9SR43	Arabidopsis thaliana	Plants	329		False
O60921	O60921	Homo sapiens	Metazoa	280		False
P56558	P56558	Rattus norvegicus	Metazoa	1036		False
Q9Y3C4	Q9Y3C4	Homo sapiens	Metazoa	175		False
P53885	P53885	Saccharomyces cerevisiae (strain ATCC 204508 / S288c)	Fungi	366		False
P17341	P17341	Petroselinum crispum	Plants	97		False
P87227	P87227	Schizosaccharomyces pombe (strain 972 / ATCC 24843)	Fungi	672		False
P22354	P22354	Saccharomyces cerevisiae (strain ATCC 204508 / S288c)	Fungi	195		False
P38283	P38283	Saccharomyces cerevisiae (strain ATCC 204508 / S288c)	Fungi	698		False
P53076	P53076	Saccharomyces cerevisiae (strain ATCC 204508 / S288c)	Fungi	958		False
Q6NLQ7	Q6NLQ7	Arabidopsis thaliana	Plants	476		False
Q14154	Q14154	Homo sapiens	Metazoa	515		False
Q9FIE3	Q9FIE3	Arabidopsis thaliana	Plants	620		False
P29147	P29147	Rattus norvegicus	Metazoa	343		False
C6SZ50	C6SZ50	Glycine max	Plants	211		False
P38936	P38936	Homo sapiens	Metazoa	164		False
Q9BT43	Q9BT43	Homo sapiens	Metazoa	218		False
Q9SIM9	Q9SIM9	Arabidopsis thaliana	Plants	693		False
Q12341	Q12341	Saccharomyces cerevisiae (strain ATCC 204508 / S288c)	Fungi	374		False
P93286	P93286	Arabidopsis thaliana	Plants	442		True
Q550D5	Q550D5	Dictyostelium discoideum	Other	872		False
Q9HAJ7	Q9HAJ7	Homo sapiens	Metazoa	183		False
P0DN34	P0DN34	Mus musculus	Metazoa	57		True
Q11107	Q11107	Caenorhabditis elegans	Metazoa	2248		False
P61221	P61221	Homo sapiens	Metazoa	599		False
A0MES8	A0MES8	Arabidopsis thaliana	Plants	328		False
Q8N7A1	Q8N7A1	Homo sapiens	Metazoa	406		False
P45968	P45968	Caenorhabditis elegans	Metazoa	339		False
Q9C5G0	Q9C5G0	Arabidopsis thaliana	Plants	367		False
Q12334	Q12334	Saccharomyces cerevisiae (strain ATCC 204508 / S288c)	Fungi	223		False
Q12996	Q12996	Homo sapiens	Metazoa	717		False
Q5T4T1	Q5T4T1	Homo sapiens	Metazoa	132		True
O82264	O82264	Arabidopsis thaliana	Plants	413		False
P08657	P08657	Kluyveromyces lactis (strain ATCC 8585 / CBS 2359 / DSM 70799 / NBRC 1267 / NRRL Y-1140 / WM37)	Fungi	865		False
Q6X4W1	Q6X4W1	Homo sapiens	Metazoa	530		False
Q02336	Q02336	Saccharomyces cerevisiae (strain ATCC 204508 / S288c)	Fungi	434		False
P36168	P36168	Saccharomyces cerevisiae (strain ATCC 204508 / S288c)	Fungi	1195		False
P53127	P53127	Saccharomyces cerevisiae (strain ATCC 204508 / S288c)	Fungi	1403		False
O02751	O02751	Bos taurus	Metazoa	592		False
Q9H840	Q9H840	Homo sapiens	Metazoa	131		False
Q4G0N4	Q4G0N4	Homo sapiens	Metazoa	442		False
Q7T2T1	Q7T2T1	Gallus gallus	Metazoa	484		False
Q05050	Q05050	Saccharomyces cerevisiae (strain ATCC 204508 / S288c)	Fungi	843		False
Q9Y7R3	Q9Y7R3	Schizosaccharomyces pombe (strain 972 / ATCC 24843)	Fungi	742		False
O35671	O35671	Mus musculus	Metazoa	200		False
O76039	O76039	Homo sapiens	Metazoa	960		False
O15091	O15091	Homo sapiens	Metazoa	583		False
P21801	P21801	Saccharomyces cerevisiae (strain ATCC 204508 / S288c)	Fungi	266		False
Q8VYR5	Q8VYR5	Arabidopsis thaliana	Plants	444		False
Q9CQ75	Q9CQ75	Mus musculus	Metazoa	99		False
P40530	P40530	Saccharomyces cerevisiae (strain ATCC 204508 / S288c)	Fungi	394		False
Q96ST8	Q96ST8	Homo sapiens	Metazoa	783		False
Q7TSZ8	Q7TSZ8	Mus musculus	Metazoa	514		False
P40154	P40154	Saccharomyces cerevisiae (strain ATCC 204508 / S288c)	Fungi	320		False
Q9SMX1	Q9SMX1	Arabidopsis thaliana	Plants	571		False
P25332	P25332	Saccharomyces cerevisiae (strain ATCC 204508 / S288c)	Fungi	333		False
Q12504	Q12504	Saccharomyces cerevisiae (strain ATCC 204508 / S288c)	Fungi	494		False
A0PK05	A0PK05	Homo sapiens	Metazoa	275		True
P34341	P34341	Caenorhabditis elegans	Metazoa	821		False
Q9Y2L1	Q9Y2L1	Homo sapiens	Metazoa	958		False
Q12343	Q12343	Saccharomyces cerevisiae (strain ATCC 204508 / S288c)	Fungi	284		False
Q96P16	Q96P16	Homo sapiens	Metazoa	312		False
Q8I266	Q8I266	Plasmodium falciparum (isolate 3D7)	Other	1470		True
P0CW70	P0CW70	Mus musculus	Metazoa	773		False
P19387	P19387	Homo sapiens	Metazoa	275		False
Q9USV1	Q9USV1	Schizosaccharomyces pombe (strain 972 / ATCC 24843)	Fungi	299		False
P53251	P53251	Saccharomyces cerevisiae (strain ATCC 204508 / S288c)	Fungi	210		False
O43521	O43521	Homo sapiens	Metazoa	198		False
P37299	P37299	Saccharomyces cerevisiae (strain ATCC 204508 / S288c)	Fungi	77		True
Q08932	Q08932	Saccharomyces cerevisiae (strain ATCC 204508 / S288c)	Fungi	381		False
A0A7U2MSD6	A0A7U2MSD6	Aspergillus flavus (strain ATCC 200026 / FGSC A1120 / IAM 13836 / NRRL 3357 / JCM 12722 / SRRC 167)	Fungi	435		False
P97376	P97376	Mus musculus	Metazoa	258		False
Q07799	Q07799	Saccharomyces cerevisiae (strain ATCC 204508 / S288c)	Fungi	665		False
Q01981	Q01981	Emericella nidulans (strain FGSC A4 / ATCC 38163 / CBS 112.46 / NRRL 194 / M139)	Fungi	416		False
B9DHG0	B9DHG0	Arabidopsis thaliana	Plants	301		True
P08703	P08703	Penicillium chrysogenum	Fungi	331		False
Q9CAC5	Q9CAC5	Arabidopsis thaliana	Plants	191		True
Q9NUX5	Q9NUX5	Homo sapiens	Metazoa	634		False
Q1K7L7	Q1K7L7	Neurospora crassa (strain ATCC 24698 / 74-OR23-1A / CBS 708.71 / DSM 1257 / FGSC 987)	Fungi	219		False
O75486	O75486	Homo sapiens	Metazoa	317		False
P12686	P12686	Saccharomyces cerevisiae (strain ATCC 204508 / S288c)	Fungi	339		False
Q6NKS4	Q6NKS4	Arabidopsis thaliana	Plants	258		False
Q6ZQX7	Q6ZQX7	Homo sapiens	Metazoa	453		False
Q6PR54	Q6PR54	Mus musculus	Metazoa	2419		False
O18412	O18412	Drosophila melanogaster	Metazoa	718		False
P36144	P36144	Saccharomyces cerevisiae (strain ATCC 204508 / S288c)	Fungi	274		False
Q9QYW0	Q9QYW0	Rattus norvegicus	Metazoa	523		False
Q5TAQ9	Q5TAQ9	Homo sapiens	Metazoa	597		False
O43008	O43008	Schizosaccharomyces pombe (strain 972 / ATCC 24843)	Fungi	300		False
Q3UZP0	Q3UZP0	Mus musculus	Metazoa	555		False
Q96FC9	Q96FC9	Homo sapiens	Metazoa	970		False
O82645	O82645	Arabidopsis thaliana	Plants	488		False
O60158	O60158	Schizosaccharomyces pombe (strain 972 / ATCC 24843)	Fungi	432		False
P38826	P38826	Saccharomyces cerevisiae (strain ATCC 204508 / S288c)	Fungi	435		False
Q9V4P1	Q9V4P1	Drosophila melanogaster	Metazoa	1239		False
Q9HD15	Q9HD15	Homo sapiens	Metazoa	224		False
Q8R010	Q8R010	Mus musculus	Metazoa	320		False
Q9W1R5	Q9W1R5	Drosophila melanogaster	Metazoa	1854		False
Q8L7E5	Q8L7E5	Arabidopsis thaliana	Plants	703		False
Q9NR48	Q9NR48	Homo sapiens	Metazoa	2969		False
Q9UBC0	Q9UBC0	Homo sapiens	Metazoa	465		False
Q9M199	Q9M199	Arabidopsis thaliana	Plants	517		False
Q91X44	Q91X44	Mus musculus	Metazoa	623		False
Q6NV75	Q6NV75	Homo sapiens	Metazoa	609		True
Q12481	Q12481	Saccharomyces cerevisiae (strain ATCC 204508 / S288c)	Fungi	300		False
A9Y0K8	A9Y0K8	Medicago truncatula	Plants	313		False
Q8NFJ9	Q8NFJ9	Homo sapiens	Metazoa	593		False
O13539	O13539	Saccharomyces cerevisiae (strain ATCC 204508 / S288c)	Fungi	261		False
F8VPN2	F8VPN2	Mus musculus	Metazoa	2785		False
Q7Z6G8	Q7Z6G8	Homo sapiens	Metazoa	1248		False
Q96M32	Q96M32	Homo sapiens	Metazoa	723		False
Q9P804	Q9P804	Schizosaccharomyces pombe (strain 972 / ATCC 24843)	Fungi	548		False
Q8N5N7	Q8N5N7	Homo sapiens	Metazoa	158		False
Q5T890	Q5T890	Homo sapiens	Metazoa	1561		False
Q8K0D5	Q8K0D5	Mus musculus	Metazoa	751		False
O96033	O96033	Homo sapiens	Metazoa	88		False
P41247	P41247	Homo sapiens	Metazoa	253		False
J4UQC2	J4UQC2	Beauveria bassiana (strain ARSEF 2860)	Fungi	682		False
Q96330	Q96330	Arabidopsis thaliana	Plants	336		False
Q3U5Q7	Q3U5Q7	Mus musculus	Metazoa	447		False
Q03824	Q03824	Saccharomyces cerevisiae (strain ATCC 204508 / S288c)	Fungi	705		False
Q8N2Z9	Q8N2Z9	Homo sapiens	Metazoa	138		False
Q7Z5K2	Q7Z5K2	Homo sapiens	Metazoa	1190		False
Q9CZ42	Q9CZ42	Mus musculus	Metazoa	343		False
O62203	O62203	Caenorhabditis elegans	Metazoa	1073		False
Q9LXW7	Q9LXW7	Arabidopsis thaliana	Plants	1580		False
P38927	P38927	Saccharomyces cerevisiae (strain ATCC 204508 / S288c)	Fungi	245		False
Q7L0X2	Q7L0X2	Homo sapiens	Metazoa	663		False
P0C7T6	P0C7T6	Mus musculus	Metazoa	687		False
F4HVG8	F4HVG8	Arabidopsis thaliana	Plants	611		False
Q5FWF5	Q5FWF5	Homo sapiens	Metazoa	840		False
Q06598	Q06598	Saccharomyces cerevisiae (strain ATCC 204508 / S288c)	Fungi	404		True
Q6W0C5	Q6W0C5	Homo sapiens	Metazoa	159		False
O22160	O22160	Arabidopsis thaliana	Plants	224		False
Q9SD11	Q9SD11	Arabidopsis thaliana	Plants	103		False
P21306	P21306	Saccharomyces cerevisiae (strain ATCC 204508 / S288c)	Fungi	62		False
Q99LD8	Q99LD8	Mus musculus	Metazoa	285		False
P20398	P20398	Xenopus laevis	Metazoa	591		False
P09368	P09368	Saccharomyces cerevisiae (strain ATCC 204508 / S288c)	Fungi	476		False
P59382	P59382	Rattus norvegicus	Metazoa	212		False
Q17604	Q17604	Caenorhabditis elegans	Metazoa	161		False
Q9H410	Q9H410	Homo sapiens	Metazoa	356		False
A0A7J6K629	A0A7J6K629	Toxoplasma gondii	Other	547		True
Q9M390	Q9M390	Arabidopsis thaliana	Plants	570		False
P15505	P15505	Gallus gallus	Metazoa	1004		False
Q1MTN9	Q1MTN9	Schizosaccharomyces pombe (strain 972 / ATCC 24843)	Fungi	544		False
Q27607	Q27607	Drosophila melanogaster	Metazoa	1145		False
Q6NKX1	Q6NKX1	Arabidopsis thaliana	Plants	476		False
P32259	P32259	Saccharomyces cerevisiae (strain ATCC 204508 / S288c)	Fungi	974		False
Q9UU99	Q9UU99	Schizosaccharomyces pombe (strain 972 / ATCC 24843)	Fungi	1008		False
P39707	P39707	Saccharomyces cerevisiae (strain ATCC 204508 / S288c)	Fungi	275		False
P36078	P36078	Saccharomyces cerevisiae (strain ATCC 204508 / S288c)	Fungi	116		False
O14313	O14313	Schizosaccharomyces pombe (strain 972 / ATCC 24843)	Fungi	156		False
Q9P267	Q9P267	Homo sapiens	Metazoa	1494		False
Q7SAJ1	Q7SAJ1	Neurospora crassa (strain ATCC 24698 / 74-OR23-1A / CBS 708.71 / DSM 1257 / FGSC 987)	Fungi	236		False
Q8I8U7	Q8I8U7	Drosophila melanogaster	Metazoa	3790		False
O14291	O14291	Schizosaccharomyces pombe (strain 972 / ATCC 24843)	Fungi	313		False
P61460	P61460	Mus musculus	Metazoa	1591		False
P82281	P82281	Arabidopsis thaliana	Plants	349		False
Q80TR8	Q80TR8	Mus musculus	Metazoa	1506		False
Q75N03	Q75N03	Homo sapiens	Metazoa	491		False
P47167	P47167	Saccharomyces cerevisiae (strain ATCC 204508 / S288c)	Fungi	239		False
P29372	P29372	Homo sapiens	Metazoa	298		False
Q02888	Q02888	Saccharomyces cerevisiae (strain ATCC 204508 / S288c)	Fungi	182		False
Q94FY8	Q94FY8	Zea mays	Plants	474		False
Q94K73	Q94K73	Arabidopsis thaliana	Plants	429		False
Q9CZP5	Q9CZP5	Mus musculus	Metazoa	418		True
Q12080	Q12080	Saccharomyces cerevisiae (strain ATCC 204508 / S288c)	Fungi	455		False
O55236	O55236	Mus musculus	Metazoa	597		False
Q16774	Q16774	Homo sapiens	Metazoa	197		False
Q9FY74	Q9FY74	Arabidopsis thaliana	Plants	1007		False
O74485	O74485	Schizosaccharomyces pombe (strain 972 / ATCC 24843)	Fungi	581		False
Q9ERQ3	Q9ERQ3	Mus musculus	Metazoa	566		False
P54254	P54254	Mus musculus	Metazoa	791		False
P53869	P53869	Saccharomyces cerevisiae (strain ATCC 204508 / S288c)	Fungi	86		False
Q32PI6	Q32PI6	Bos taurus	Metazoa	294		False
Q7JM44	Q7JM44	Caenorhabditis elegans	Metazoa	2242		False
P38909	P38909	Saccharomyces cerevisiae (strain ATCC 204508 / S288c)	Fungi	366		False
Q9USR9	Q9USR9	Schizosaccharomyces pombe (strain 972 / ATCC 24843)	Fungi	643		False
O95704	O95704	Homo sapiens	Metazoa	486		False
P40057	P40057	Saccharomyces cerevisiae (strain ATCC 204508 / S288c)	Fungi	128		False
Q62769	Q62769	Rattus norvegicus	Metazoa	1622		False
P0DKH5	P0DKH5	Arabidopsis thaliana	Plants	1288		False
Q1MTR2	Q1MTR2	Schizosaccharomyces pombe (strain 972 / ATCC 24843)	Fungi	207		False
P60709	P60709	Homo sapiens	Metazoa	375		False
Q9LK76	Q9LK76	Arabidopsis thaliana	Plants	389		False
P17442	P17442	Saccharomyces cerevisiae (strain ATCC 204508 / S288c)	Fungi	1178		False
Q96FF9	Q96FF9	Homo sapiens	Metazoa	252		False
Q56Y52	Q56Y52	Arabidopsis thaliana	Plants	467		False
Q9FZ96	Q9FZ96	Arabidopsis thaliana	Plants	356		True
P36629	P36629	Schizosaccharomyces pombe (strain 972 / ATCC 24843)	Fungi	517		False
Q02794	Q02794	Saccharomyces cerevisiae (strain ATCC 204508 / S288c)	Fungi	444		False
P19889	P19889	Drosophila melanogaster	Metazoa	317		False
Q96AQ6	Q96AQ6	Homo sapiens	Metazoa	731		False
O94875	O94875	Homo sapiens	Metazoa	1100		False
Q86U44	Q86U44	Homo sapiens	Metazoa	580		False
Q9Y7L4	Q9Y7L4	Schizosaccharomyces pombe (strain 972 / ATCC 24843)	Fungi	409		False
P53327	P53327	Saccharomyces cerevisiae (strain ATCC 204508 / S288c)	Fungi	1967		False
P38265	P38265	Saccharomyces cerevisiae (strain ATCC 204508 / S288c)	Fungi	245		False
Q8K2C6	Q8K2C6	Mus musculus	Metazoa	310		False
Q8IWV1	Q8IWV1	Homo sapiens	Metazoa	398		True
Q9VR19	Q9VR19	Drosophila melanogaster	Metazoa	379		False
Q20024	Q20024	Caenorhabditis elegans	Metazoa	306		False
Q6KCD5	Q6KCD5	Mus musculus	Metazoa	2798		False
Q9Z0P4	Q9Z0P4	Mus musculus	Metazoa	383		False
Q925F4	Q925F4	Mus musculus	Metazoa	539		False
A0A8I6ASZ5	A0A8I6ASZ5	Rattus norvegicus	Metazoa	666		False
F4ISV6	F4ISV6	Arabidopsis thaliana	Plants	537		False
Q9ERS2	Q9ERS2	Mus musculus	Metazoa	144		True
Q13889	Q13889	Homo sapiens	Metazoa	308		False
H0YL14	H0YL14	Homo sapiens	Metazoa	139		True
Q96BQ5	Q96BQ5	Homo sapiens	Metazoa	260		False
Q94JV5	Q94JV5	Arabidopsis thaliana	Plants	307		False
A0A445AGS0	A0A445AGS0	Arachis hypogaea	Plants	203		False
Q9VAH9	Q9VAH9	Drosophila melanogaster	Metazoa	597		False
P70278	P70278	Mus musculus	Metazoa	393		False
P13280	P13280	Oryctolagus cuniculus	Metazoa	333		False
F1NPG5	F1NPG5	Gallus gallus	Metazoa	639		False
P98192	P98192	Mus musculus	Metazoa	678		False
Q8W487	Q8W487	Arabidopsis thaliana	Plants	250		False
C9JLW8	C9JLW8	Homo sapiens	Metazoa	97		False
F4IDJ0	F4IDJ0	Arabidopsis thaliana	Plants	830		False
Q15120	Q15120	Homo sapiens	Metazoa	406		False
P22091	P22091	Mus musculus	Metazoa	329		False
P57081	P57081	Homo sapiens	Metazoa	412		False
P13498	P13498	Homo sapiens	Metazoa	195		True
P22148	P22148	Saccharomyces cerevisiae (strain ATCC 204508 / S288c)	Fungi	382		False
Q9SGH4	Q9SGH4	Arabidopsis thaliana	Plants	220		False
P36038	P36038	Saccharomyces cerevisiae (strain ATCC 204508 / S288c)	Fungi	271		False
Q8GZ87	Q8GZ87	Arabidopsis thaliana	Plants	664		False
Q9D495	Q9D495	Mus musculus	Metazoa	329		False
Q91YE5	Q91YE5	Mus musculus	Metazoa	1889		False
P80002	P80002	Sepia officinalis	Metazoa	77		False
Q9SSE9	Q9SSE9	Arabidopsis thaliana	Plants	1027		False
Q06639	Q06639	Saccharomyces cerevisiae (strain ATCC 204508 / S288c)	Fungi	885		False
Q96IZ0	Q96IZ0	Homo sapiens	Metazoa	340		False
Q6GYP7	Q6GYP7	Mus musculus	Metazoa	2035		False
Q9R269	Q9R269	Mus musculus	Metazoa	1755		False
Q12161	Q12161	Saccharomyces cerevisiae (strain ATCC 204508 / S288c)	Fungi	406		False
P47127	P47127	Saccharomyces cerevisiae (strain ATCC 204508 / S288c)	Fungi	394		False
Q0WPF2	Q0WPF2	Arabidopsis thaliana	Plants	808		False
Q9QXK9	Q9QXK9	Mus musculus	Metazoa	374		False
Q9GZR1	Q9GZR1	Homo sapiens	Metazoa	1112		False
Q99177	Q99177	Saccharomyces cerevisiae (strain ATCC 204508 / S288c)	Fungi	341		False
Q67Y99	Q67Y99	Arabidopsis thaliana	Plants	330		False
Q9I9N6	Q9I9N6	Danio rerio	Metazoa	203		False
P40380	P40380	Schizosaccharomyces pombe (strain 972 / ATCC 24843)	Fungi	230		False
Q562E2	Q562E2	Mus musculus	Metazoa	927		False
Q9H4B6	Q9H4B6	Homo sapiens	Metazoa	383		False
P16050	P16050	Homo sapiens	Metazoa	662		False
Q07335	Q07335	Neurospora crassa (strain ATCC 24698 / 74-OR23-1A / CBS 708.71 / DSM 1257 / FGSC 987)	Fungi	154		True
P25348	P25348	Saccharomyces cerevisiae (strain ATCC 204508 / S288c)	Fungi	183		False
Q12406	Q12406	Saccharomyces cerevisiae (strain ATCC 204508 / S288c)	Fungi	477		False
Q93V85	Q93V85	Arabidopsis thaliana	Plants	417		False
Q22703	Q22703	Caenorhabditis elegans	Metazoa	598		False
Q949Q5	Q949Q5	Arabidopsis thaliana	Plants	140		True
Q9SWW6	Q9SWW6	Arabidopsis thaliana	Plants	1026		False
Q5T5X7	Q5T5X7	Homo sapiens	Metazoa	828		False
Q53QV2	Q53QV2	Homo sapiens	Metazoa	105		False
Q9H1U9	Q9H1U9	Homo sapiens	Metazoa	297		True
Q9MAM4	Q9MAM4	Arabidopsis thaliana	Plants	527		False
Q68DX3	Q68DX3	Homo sapiens	Metazoa	1309		False
Q9P7P1	Q9P7P1	Schizosaccharomyces pombe (strain 972 / ATCC 24843)	Fungi	147		False
Q9S850	Q9S850	Arabidopsis thaliana	Plants	393		False
Q8N5Y2	Q8N5Y2	Homo sapiens	Metazoa	521		False
Q9BUH6	Q9BUH6	Homo sapiens	Metazoa	204		False
Q570R7	Q570R7	Arabidopsis thaliana	Plants	366		False
P40923	P40923	Schizosaccharomyces pombe (strain 972 / ATCC 24843)	Fungi	201		False
P79937	P79937	Xenopus laevis	Metazoa	390		False
O55035	O55035	Rattus norvegicus	Metazoa	752		False
P32521	P32521	Saccharomyces cerevisiae (strain ATCC 204508 / S288c)	Fungi	1480		False
A0JNW5	A0JNW5	Homo sapiens	Metazoa	1464		False
Q9NX55	Q9NX55	Homo sapiens	Metazoa	121		False
Q9UFC0	Q9UFC0	Homo sapiens	Metazoa	647		False
P68104	P68104	Homo sapiens	Metazoa	462		False
P50077	P50077	Saccharomyces cerevisiae (strain ATCC 204508 / S288c)	Fungi	2039		False
Q8N6F7	Q8N6F7	Homo sapiens	Metazoa	178		False
Q68DK7	Q68DK7	Homo sapiens	Metazoa	614		False
A0A120KVR8	A0A120KVR8	Trypanosoma brucei brucei	Other	1728		False
P39988	P39988	Saccharomyces cerevisiae (strain ATCC 204508 / S288c)	Fungi	312		False
P40316	P40316	Saccharomyces cerevisiae (strain ATCC 204508 / S288c)	Fungi	373		False
Q9VW47	Q9VW47	Drosophila melanogaster	Metazoa	2531		False
Q8TEQ6	Q8TEQ6	Homo sapiens	Metazoa	1508		False
F4JP43	F4JP43	Arabidopsis thaliana	Plants	2037		False
P53171	P53171	Saccharomyces cerevisiae (strain ATCC 204508 / S288c)	Fungi	287		False
P62241	P62241	Homo sapiens	Metazoa	208		False
O13702	O13702	Schizosaccharomyces pombe (strain 972 / ATCC 24843)	Fungi	450		False
Q9VZL5	Q9VZL5	Drosophila melanogaster	Metazoa	485		False
Q8WWM9	Q8WWM9	Homo sapiens	Metazoa	190		False
Q9VMA3	Q9VMA3	Drosophila melanogaster	Metazoa	1117		False
Q96HW7	Q96HW7	Homo sapiens	Metazoa	963		False
P56780	P56780	Arabidopsis thaliana	Plants	73		True
P38207	P38207	Saccharomyces cerevisiae (strain ATCC 204508 / S288c)	Fungi	520		False
Q96B26	Q96B26	Homo sapiens	Metazoa	276		False
Q5BPF3	Q5BPF3	Arabidopsis thaliana	Plants	262		False
Q9QZU4	Q9QZU4	Mus musculus	Metazoa	167		False
Q96BI1	Q96BI1	Homo sapiens	Metazoa	424		True
Q9Y315	Q9Y315	Homo sapiens	Metazoa	318		False
Q02038	Q02038	Sus scrofa	Metazoa	704		False
Q9Y388	Q9Y388	Homo sapiens	Metazoa	322		False
Q9UGC7	Q9UGC7	Homo sapiens	Metazoa	380		False
P07273	P07273	Saccharomyces cerevisiae (strain ATCC 204508 / S288c)	Fungi	309		False
Q61471	Q61471	Mus musculus	Metazoa	362		False
Q9H467	Q9H467	Homo sapiens	Metazoa	287		False
P0DOY1	P0DOY1	Mus musculus	Metazoa	740		False
Q9MBA1	Q9MBA1	Arabidopsis thaliana	Plants	536		False
Q9M0S5	Q9M0S5	Arabidopsis thaliana	Plants	764		False
O70302	O70302	Mus musculus	Metazoa	217		False
Q96PM9	Q96PM9	Homo sapiens	Metazoa	386		False
P34784	P34784	Aglaothamnion neglectum	Other	317		False
P42284	P42284	Drosophila melanogaster	Metazoa	549		False
Q14157	Q14157	Homo sapiens	Metazoa	1087		False
Q84JW1	Q84JW1	Arabidopsis thaliana	Plants	231		False
B1AWL2	B1AWL2	Mus musculus	Metazoa	2495		False
Q84W56	Q84W56	Arabidopsis thaliana	Plants	911		False
Q94BT9	Q94BT9	Arabidopsis thaliana	Plants	76		False
Q80T22	Q80T22	Rattus norvegicus	Metazoa	484		True
Q9SIG8	Q9SIG8	Arabidopsis thaliana	Plants	519		False
P32591	P32591	Saccharomyces cerevisiae (strain ATCC 204508 / S288c)	Fungi	825		False
Q04613	Q04613	Arabidopsis thaliana	Plants	192		True
Q02932	Q02932	Saccharomyces cerevisiae (strain ATCC 204508 / S288c)	Fungi	1032		False
Q9AT00	Q9AT00	Arabidopsis thaliana	Plants	345		False
O43687	O43687	Homo sapiens	Metazoa	104		False
Q0J995	Q0J995	Oryza sativa subsp. japonica	Plants	424		False
O95751	O95751	Homo sapiens	Metazoa	146		False
Q9H9L7	Q9H9L7	Homo sapiens	Metazoa	192		False
P52656	P52656	Drosophila melanogaster	Metazoa	106		False
P15315	P15315	Saccharomyces cerevisiae (strain ATCC 204508 / S288c)	Fungi	225		False
Q3E7A4	Q3E7A4	Saccharomyces cerevisiae (strain ATCC 204508 / S288c)	Fungi	109		False
Q03465	Q03465	Saccharomyces cerevisiae (strain ATCC 204508 / S288c)	Fungi	531		False
Q15014	Q15014	Homo sapiens	Metazoa	288		False
Q9JKL5	Q9JKL5	Mus musculus	Metazoa	214		False
F4HQA1	F4HQA1	Arabidopsis thaliana	Plants	589		False
Q14973	Q14973	Homo sapiens	Metazoa	349		True
M9MRD1	M9MRD1	Drosophila melanogaster	Metazoa	12345		False
Q96WW2	Q96WW2	Schizosaccharomyces pombe (strain 972 / ATCC 24843)	Fungi	383		False
O13612	O13612	Schizosaccharomyces pombe (strain 972 / ATCC 24843)	Fungi	415		False
Q9JIR4	Q9JIR4	Rattus norvegicus	Metazoa	1615		False
P52566	P52566	Homo sapiens	Metazoa	201		False
Q9C115	Q9C115	Schizosaccharomyces pombe (strain 972 / ATCC 24843)	Fungi	150		False
Q12098	Q12098	Saccharomyces cerevisiae (strain ATCC 204508 / S288c)	Fungi	748		False
O65370	O65370	Arabidopsis thaliana	Plants	138		False
P36088	P36088	Saccharomyces cerevisiae (strain ATCC 204508 / S288c)	Fungi	180		False
Q06011	Q06011	Saccharomyces cerevisiae (strain ATCC 204508 / S288c)	Fungi	112		True
P38302	P38302	Saccharomyces cerevisiae (strain ATCC 204508 / S288c)	Fungi	140		False
Q99417	Q99417	Homo sapiens	Metazoa	103		False
Q7RYW8	Q7RYW8	Neurospora crassa (strain ATCC 24698 / 74-OR23-1A / CBS 708.71 / DSM 1257 / FGSC 987)	Fungi	258		False
Q9VLD6	Q9VLD6	Drosophila melanogaster	Metazoa	315		False
Q91YI1	Q91YI1	Mus musculus	Metazoa	516		False
Q38885	Q38885	Arabidopsis thaliana	Plants	551		False
Q64471	Q64471	Mus musculus	Metazoa	240		False
Q9VHI4	Q9VHI4	Drosophila melanogaster	Metazoa	85		False
P15173	P15173	Homo sapiens	Metazoa	224		False
Q7L0Y3	Q7L0Y3	Homo sapiens	Metazoa	403		False
Q27368	Q27368	Drosophila melanogaster	Metazoa	805		False
Q6NVU6	Q6NVU6	Homo sapiens	Metazoa	218		False
Q8TD19	Q8TD19	Homo sapiens	Metazoa	979		False
Q7TP54	Q7TP54	Rattus norvegicus	Metazoa	1310		False
P43569	P43569	Saccharomyces cerevisiae (strain ATCC 204508 / S288c)	Fungi	289		False
D5LXJ0	D5LXJ0	Lotus japonicus	Plants	691		False
Q45VK7	Q45VK7	Mus musculus	Metazoa	4306		False
O88492	O88492	Mus musculus	Metazoa	1403		False
Q06682	Q06682	Saccharomyces cerevisiae (strain ATCC 204508 / S288c)	Fungi	500		False
P21375	P21375	Saccharomyces cerevisiae (strain ATCC 204508 / S288c)	Fungi	501		False
Q5YDB5	Q5YDB5	Arabidopsis thaliana	Plants	770		False
P43618	P43618	Saccharomyces cerevisiae (strain ATCC 204508 / S288c)	Fungi	361		False
P14907	P14907	Saccharomyces cerevisiae (strain ATCC 204508 / S288c)	Fungi	823		False
Q9SAC6	Q9SAC6	Arabidopsis thaliana	Plants	1399		False
Q9D8F1	Q9D8F1	Mus musculus	Metazoa	300		False
B4DJY2	B4DJY2	Homo sapiens	Metazoa	109		True
P52739	P52739	Homo sapiens	Metazoa	623		False
Q06091	Q06091	Saccharomyces cerevisiae (strain ATCC 204508 / S288c)	Fungi	175		False
O75920	O75920	Homo sapiens	Metazoa	110		False
O13577	O13577	Saccharomyces cerevisiae (strain ATCC 204508 / S288c)	Fungi	133		False
Q7KTX8	Q7KTX8	Drosophila melanogaster	Metazoa	2618		False
P07768	P07768	Oryctolagus cuniculus	Metazoa	1827		True
P04080	P04080	Homo sapiens	Metazoa	98		False
F4IMQ0	F4IMQ0	Arabidopsis thaliana	Plants	288		False
Q8TEK3	Q8TEK3	Homo sapiens	Metazoa	1537		False
Q8H1E5	Q8H1E5	Arabidopsis thaliana	Plants	783		False
Q02793	Q02793	Saccharomyces cerevisiae (strain ATCC 204508 / S288c)	Fungi	397		False
Q05892	Q05892	Saccharomyces cerevisiae (strain ATCC 204508 / S288c)	Fungi	277		False
P50536	P50536	Drosophila melanogaster	Metazoa	512		False
Q8W234	Q8W234	Arabidopsis thaliana	Plants	877		False
Q9FPW4	Q9FPW4	Arabidopsis thaliana	Plants	614		False
Q5BAH2	Q5BAH2	Emericella nidulans (strain FGSC A4 / ATCC 38163 / CBS 112.46 / NRRL 194 / M139)	Fungi	1041		False
Q9P805	Q9P805	Schizosaccharomyces pombe (strain 972 / ATCC 24843)	Fungi	127		False
Q5JPI9	Q5JPI9	Homo sapiens	Metazoa	236		False
Q9UTP3	Q9UTP3	Schizosaccharomyces pombe (strain 972 / ATCC 24843)	Fungi	59		False
P50106	P50106	Saccharomyces cerevisiae (strain ATCC 204508 / S288c)	Fungi	137		False
Q8C6L5	Q8C6L5	Mus musculus	Metazoa	507		False
Q8NF50	Q8NF50	Homo sapiens	Metazoa	2099		False
Q08887	Q08887	Saccharomyces cerevisiae (strain ATCC 204508 / S288c)	Fungi	554		False
Q8RY95	Q8RY95	Arabidopsis thaliana	Plants	1035		False
E9EWQ4	E9EWQ4	Metarhizium robertsii (strain ARSEF 23 / ATCC MYA-3075)	Fungi	1004		False
Q86TL0	Q86TL0	Homo sapiens	Metazoa	474		False
Q9SIU2	Q9SIU2	Arabidopsis thaliana	Plants	848		False
A1A6H3	A1A6H3	Arabidopsis thaliana	Plants	379		False
Q9NYX4	Q9NYX4	Homo sapiens	Metazoa	217		True
Q12285	Q12285	Saccharomyces cerevisiae (strain ATCC 204508 / S288c)	Fungi	212		False
Q1MTN3	Q1MTN3	Schizosaccharomyces pombe (strain 972 / ATCC 24843)	Fungi	1018		False
J9VE33	J9VE33	Cryptococcus neoformans (strain H99 / ATCC 208821 / CBS 10515 / FGSC 9487)	Fungi	1094		False
Q9UK99	Q9UK99	Homo sapiens	Metazoa	471		False
Q8IZL2	Q8IZL2	Homo sapiens	Metazoa	1156		False
P20676	P20676	Saccharomyces cerevisiae (strain ATCC 204508 / S288c)	Fungi	1076		False
Q9VL76	Q9VL76	Drosophila melanogaster	Metazoa	613		False
Q10148	Q10148	Schizosaccharomyces pombe (strain 972 / ATCC 24843)	Fungi	254		False
Q96KK5	Q96KK5	Homo sapiens	Metazoa	128		False
P46677	P46677	Saccharomyces cerevisiae (strain ATCC 204508 / S288c)	Fungi	1066		False
Q9SWI1	Q9SWI1	Arabidopsis thaliana	Plants	439		False
Q12418	Q12418	Saccharomyces cerevisiae (strain ATCC 204508 / S288c)	Fungi	502		False
Q16617	Q16617	Homo sapiens	Metazoa	165		True
A1L4Y1	A1L4Y1	Arabidopsis thaliana	Plants	411		False
P35169	P35169	Saccharomyces cerevisiae (strain ATCC 204508 / S288c)	Fungi	2470		False
P25188	P25188	Cavia porcellus	Metazoa	167		False
Q8N5M1	Q8N5M1	Homo sapiens	Metazoa	289		False
A6QPQ5	A6QPQ5	Bos taurus	Metazoa	325		False
Q9H5Z6	Q9H5Z6	Homo sapiens	Metazoa	455		False
P53913	P53913	Saccharomyces cerevisiae (strain ATCC 204508 / S288c)	Fungi	173		False
P53239	P53239	Saccharomyces cerevisiae (strain ATCC 204508 / S288c)	Fungi	316		False
P53743	P53743	Saccharomyces cerevisiae (strain ATCC 204508 / S288c)	Fungi	316		False
Q5Q0E6	Q5Q0E6	Arabidopsis thaliana	Plants	473		False
Q96MT3	Q96MT3	Homo sapiens	Metazoa	831		False
P53140	P53140	Saccharomyces cerevisiae (strain ATCC 204508 / S288c)	Fungi	646		False
O75971	O75971	Homo sapiens	Metazoa	98		False
Q8N7J2	Q8N7J2	Homo sapiens	Metazoa	671		False
A0A0D1DMJ6	A0A0D1DMJ6	Mycosarcoma maydis	Fungi	757		False
Q2M2T7	Q2M2T7	Bos taurus	Metazoa	167		False
A4F267	A4F267	Rattus norvegicus	Metazoa	308		False
Q5XF07	Q5XF07	Arabidopsis thaliana	Plants	364		False
Q9W0I5	Q9W0I5	Drosophila melanogaster	Metazoa	251		False
P36036	P36036	Saccharomyces cerevisiae (strain ATCC 204508 / S288c)	Fungi	203		False
Q9NWW0	Q9NWW0	Homo sapiens	Metazoa	138		False
P53846	P53846	Saccharomyces cerevisiae (strain ATCC 204508 / S288c)	Fungi	162		False
P32347	P32347	Saccharomyces cerevisiae (strain ATCC 204508 / S288c)	Fungi	362		False
Q23229	Q23229	Caenorhabditis elegans	Metazoa	417		False
Q7S7U5	Q7S7U5	Neurospora crassa (strain ATCC 24698 / 74-OR23-1A / CBS 708.71 / DSM 1257 / FGSC 987)	Fungi	71		True
Q9HAF1	Q9HAF1	Homo sapiens	Metazoa	191		False
Q9SZH4	Q9SZH4	Arabidopsis thaliana	Plants	495		False
Q7Z410	Q7Z410	Homo sapiens	Metazoa	1059		True
Q41811	Q41811	Zea mays	Plants	103		False
P48376	P48376	Caenorhabditis elegans	Metazoa	187		False
P63040	P63040	Mus musculus	Metazoa	134		False
Q9UGY1	Q9UGY1	Homo sapiens	Metazoa	213		False
Q8LDU4	Q8LDU4	Arabidopsis thaliana	Plants	319		False
G5EGU9	G5EGU9	Caenorhabditis elegans	Metazoa	558		False
Q86TS9	Q86TS9	Homo sapiens	Metazoa	123		False
Q8BGL3	Q8BGL3	Mus musculus	Metazoa	282		False
Q8WV93	Q8WV93	Homo sapiens	Metazoa	481		False
O64973	O64973	Arabidopsis thaliana	Plants	889		False
Q8WT44	Q8WT44	Caenorhabditis elegans	Metazoa	1178		False
Q96IL0	Q96IL0	Homo sapiens	Metazoa	206		False
Q9UT48	Q9UT48	Schizosaccharomyces pombe (strain 972 / ATCC 24843)	Fungi	357		False
Q7Z602	Q7Z602	Homo sapiens	Metazoa	305		True
Q99LW6	Q99LW6	Mus musculus	Metazoa	179		False
Q8GSI0	Q8GSI0	Oryza sativa subsp. japonica	Plants	179		False
Q8NE35	Q8NE35	Homo sapiens	Metazoa	698		False
O97297	O97297	Plasmodium falciparum (isolate 3D7)	Other	404		False
Q4V7H8	Q4V7H8	Xenopus laevis	Metazoa	296		False
O88735	O88735	Mus musculus	Metazoa	730		False
Q9HAW0	Q9HAW0	Homo sapiens	Metazoa	419		False
P40460	P40460	Saccharomyces cerevisiae (strain ATCC 204508 / S288c)	Fungi	691		False
Q99929	Q99929	Homo sapiens	Metazoa	193		False
B8BNY7	B8BNY7	Oryza sativa subsp. indica	Plants	596		False
Q9UI26	Q9UI26	Homo sapiens	Metazoa	975		False
Q7XA83	Q7XA83	Arabidopsis thaliana	Plants	423		False
O23813	O23813	Zea mays	Plants	635		False
P37263	P37263	Saccharomyces cerevisiae (strain ATCC 204508 / S288c)	Fungi	153		False
P81128	P81128	Rattus norvegicus	Metazoa	1499		False
Q9FFY9	Q9FFY9	Arabidopsis thaliana	Plants	640		False
Q12749	Q12749	Saccharomyces cerevisiae (strain ATCC 204508 / S288c)	Fungi	1114		False
P70399	P70399	Mus musculus	Metazoa	1969		False
Q9CPQ8	Q9CPQ8	Mus musculus	Metazoa	103		False
Q91YJ3	Q91YJ3	Mus musculus	Metazoa	226		False
Q9BUK6	Q9BUK6	Homo sapiens	Metazoa	570		False
Q9NQX7	Q9NQX7	Homo sapiens	Metazoa	267		True
Q8SYK5	Q8SYK5	Drosophila melanogaster	Metazoa	376		False
P39547	P39547	Saccharomyces cerevisiae (strain ATCC 204508 / S288c)	Fungi	235		True
P57680	P57680	Mus musculus	Metazoa	1005		True
Q8NDZ2	Q8NDZ2	Homo sapiens	Metazoa	872		False
O60516	O60516	Homo sapiens	Metazoa	100		False
Q10099	Q10099	Schizosaccharomyces pombe (strain 972 / ATCC 24843)	Fungi	339		False
Q9UUJ4	Q9UUJ4	Schizosaccharomyces pombe (strain 972 / ATCC 24843)	Fungi	333		False
A0A0P0WQ90	A0A0P0WQ90	Oryza sativa subsp. japonica	Plants	416		False
Q3UP24	Q3UP24	Mus musculus	Metazoa	1024		False
Q9H9P8	Q9H9P8	Homo sapiens	Metazoa	463		False
O14503	O14503	Homo sapiens	Metazoa	412		False
Q00873	Q00873	Saccharomyces cerevisiae (strain ATCC 204508 / S288c)	Fungi	224		False
P15384	P15384	Rattus norvegicus	Metazoa	525		False
P00927	P00927	Saccharomyces cerevisiae (strain ATCC 204508 / S288c)	Fungi	576		False
Q96WW3	Q96WW3	Schizosaccharomyces pombe (strain 972 / ATCC 24843)	Fungi	117		False
Q9H1D9	Q9H1D9	Homo sapiens	Metazoa	316		False
O95838	O95838	Homo sapiens	Metazoa	553		False
Q9LKW9	Q9LKW9	Arabidopsis thaliana	Plants	1146		True
Q04089	Q04089	Saccharomyces cerevisiae (strain ATCC 204508 / S288c)	Fungi	582		False
Q9ES00	Q9ES00	Mus musculus	Metazoa	1173		False
Q96SB3	Q96SB3	Homo sapiens	Metazoa	817		False
Q9VIF5	Q9VIF5	Drosophila melanogaster	Metazoa	981		False
P46983	P46983	Saccharomyces cerevisiae (strain ATCC 204508 / S288c)	Fungi	293		False
P53125	P53125	Saccharomyces cerevisiae (strain ATCC 204508 / S288c)	Fungi	1264		False
Q505B8	Q505B8	Mus musculus	Metazoa	171		False
P46736	P46736	Homo sapiens	Metazoa	316		False
G4N7S6	G4N7S6	Pyricularia oryzae (strain 70-15 / ATCC MYA-4617 / FGSC 8958)	Fungi	468		False
Q9H6K1	Q9H6K1	Homo sapiens	Metazoa	298		False
P25576	P25576	Saccharomyces cerevisiae (strain ATCC 204508 / S288c)	Fungi	258		False
Q14498	Q14498	Homo sapiens	Metazoa	530		False
F4KBW6	F4KBW6	Arabidopsis thaliana	Plants	1838		False
Q9C4Z7	Q9C4Z7	Arabidopsis thaliana	Plants	229		False
Q9UID6	Q9UID6	Homo sapiens	Metazoa	485		False
O60141	O60141	Schizosaccharomyces pombe (strain 972 / ATCC 24843)	Fungi	299		False
Q93YU8	Q93YU8	Arabidopsis thaliana	Plants	796		False
Q9LY66	Q9LY66	Arabidopsis thaliana	Plants	346		False
Q8WWC4	Q8WWC4	Homo sapiens	Metazoa	291		False
P53246	P53246	Saccharomyces cerevisiae (strain ATCC 204508 / S288c)	Fungi	860		False
Q6ZN28	Q6ZN28	Homo sapiens	Metazoa	852		False
P79005	P79005	Schizosaccharomyces pombe (strain 972 / ATCC 24843)	Fungi	663		False
A9YTQ3	A9YTQ3	Homo sapiens	Metazoa	697		False
Q17RH7	Q17RH7	Homo sapiens	Metazoa	139		False
Q7TNS8	Q7TNS8	Mus musculus	Metazoa	369		False
P38291	P38291	Saccharomyces cerevisiae (strain ATCC 204508 / S288c)	Fungi	140		False
Q9VE04	Q9VE04	Drosophila melanogaster	Metazoa	107		False
Q9M7I7	Q9M7I7	Arabidopsis thaliana	Plants	318		False
Q96MB7	Q96MB7	Homo sapiens	Metazoa	349		False
Q9GZZ1	Q9GZZ1	Homo sapiens	Metazoa	169		False
Q10290	Q10290	Schizosaccharomyces pombe (strain 972 / ATCC 24843)	Fungi	303		False
P49454	P49454	Homo sapiens	Metazoa	3114		False
Q13309	Q13309	Homo sapiens	Metazoa	424		False
P38687	P38687	Saccharomyces cerevisiae (strain ATCC 204508 / S288c)	Fungi	599		False
Q24JJ9	Q24JJ9	Arabidopsis thaliana	Plants	361		False
Q9VEC1	Q9VEC1	Drosophila melanogaster	Metazoa	642		False
P19735	P19735	Saccharomyces cerevisiae (strain ATCC 204508 / S288c)	Fungi	899		False
P06292	P06292	Marchantia polymorpha	Plants	475		False
P29677	P29677	Solanum tuberosum	Plants	504		False
Q9USM1	Q9USM1	Schizosaccharomyces pombe (strain 972 / ATCC 24843)	Fungi	388		False
Q05024	Q05024	Saccharomyces cerevisiae (strain ATCC 204508 / S288c)	Fungi	226		False
Q53R41	Q53R41	Homo sapiens	Metazoa	847		False
Q13761	Q13761	Homo sapiens	Metazoa	415		False
P52503	P52503	Mus musculus	Metazoa	116		False
P40002	P40002	Saccharomyces cerevisiae (strain ATCC 204508 / S288c)	Fungi	666		False
Q96BM1	Q96BM1	Homo sapiens	Metazoa	317		False
P38398	P38398	Homo sapiens	Metazoa	1863		False
O88286	O88286	Mus musculus	Metazoa	1684		False
Q9DB96	Q9DB96	Mus musculus	Metazoa	315		False
Q9Y3C1	Q9Y3C1	Homo sapiens	Metazoa	178		False
A2A288	A2A288	Homo sapiens	Metazoa	527		False
P54783	P54783	Saccharomyces cerevisiae (strain ATCC 204508 / S288c)	Fungi	526		False
Q9H0W9	Q9H0W9	Homo sapiens	Metazoa	315		False
F4JTS8	F4JTS8	Arabidopsis thaliana	Plants	2729		False
P47977	P47977	Saccharomyces cerevisiae (strain ATCC 204508 / S288c)	Fungi	285		False
P11978	P11978	Saccharomyces cerevisiae (strain ATCC 204508 / S288c)	Fungi	1358		False
P0C7P0	P0C7P0	Homo sapiens	Metazoa	127		False
Q14678	Q14678	Homo sapiens	Metazoa	1352		False
P54074	P54074	Saccharomyces cerevisiae (strain ATCC 204508 / S288c)	Fungi	624		True
O13688	O13688	Schizosaccharomyces pombe (strain 972 / ATCC 24843)	Fungi	522		False
O65272	O65272	Arabidopsis thaliana	Plants	1174		False
Q01852	Q01852	Saccharomyces cerevisiae (strain ATCC 204508 / S288c)	Fungi	431		False
Q9BVJ6	Q9BVJ6	Homo sapiens	Metazoa	771		False
Q058N4	Q058N4	Arabidopsis thaliana	Plants	459		False
P03871	P03871	Saccharomyces cerevisiae (strain ATCC 204508 / S288c)	Fungi	373		False
P19173	P19173	Ipomoea batatas	Plants	64		True
P09081	P09081	Drosophila melanogaster	Metazoa	494		False
P40055	P40055	Saccharomyces cerevisiae (strain ATCC 204508 / S288c)	Fungi	554		False
Q8IYJ3	Q8IYJ3	Homo sapiens	Metazoa	562		False
O60174	O60174	Schizosaccharomyces pombe (strain 972 / ATCC 24843)	Fungi	582		False
P21675	P21675	Homo sapiens	Metazoa	1893		False
E9F591	E9F591	Metarhizium robertsii (strain ARSEF 23 / ATCC MYA-3075)	Fungi	445		False
Q9H5V7	Q9H5V7	Homo sapiens	Metazoa	419		False
Q9FG61	Q9FG61	Arabidopsis thaliana	Plants	448		False
G5EEM0	G5EEM0	Caenorhabditis elegans	Metazoa	418		False
Q92466	Q92466	Homo sapiens	Metazoa	427		False
Q9BPX3	Q9BPX3	Homo sapiens	Metazoa	1015		False
P48240	P48240	Saccharomyces cerevisiae (strain ATCC 204508 / S288c)	Fungi	250		False
Q9NWH2	Q9NWH2	Homo sapiens	Metazoa	141		True
Q584U2	Q584U2	Trypanosoma brucei brucei (strain 927/4 GUTat10.1)	Other	267		False
Q6P5E8	Q6P5E8	Mus musculus	Metazoa	934		False
Q5W9E7	Q5W9E7	Arabidopsis thaliana	Plants	659		False
Q865Y9	Q865Y9	Sus scrofa	Metazoa	222		False
C8V329	C8V329	Emericella nidulans (strain FGSC A4 / ATCC 38163 / CBS 112.46 / NRRL 194 / M139)	Fungi	508		True
Q8L5W8	Q8L5W8	Arabidopsis thaliana	Plants	416		False
Q9FLU1	Q9FLU1	Arabidopsis thaliana	Plants	454		False
Q93WX6	Q93WX6	Arabidopsis thaliana	Plants	463		False
Q0D9C4	Q0D9C4	Oryza sativa subsp. japonica	Plants	492		False
O23077	O23077	Arabidopsis thaliana	Plants	319		False
Q9P7G6	Q9P7G6	Schizosaccharomyces pombe (strain 972 / ATCC 24843)	Fungi	566		False
X5HYT8	X5HYT8	Oryza sativa subsp. japonica	Plants	425		False
Q9SKT1	Q9SKT1	Arabidopsis thaliana	Plants	336		False
Q9BW27	Q9BW27	Homo sapiens	Metazoa	656		False
Q9LPV5	Q9LPV5	Arabidopsis thaliana	Plants	502		True
Q8BL80	Q8BL80	Mus musculus	Metazoa	702		False
Q6IQ55	Q6IQ55	Homo sapiens	Metazoa	1244		False
Q15078	Q15078	Homo sapiens	Metazoa	307		False
Q17390	Q17390	Caenorhabditis elegans	Metazoa	791		False
Q20591	Q20591	Caenorhabditis elegans	Metazoa	86		True
Q9LJ87	Q9LJ87	Arabidopsis thaliana	Plants	415		False
O74946	O74946	Schizosaccharomyces pombe (strain 972 / ATCC 24843)	Fungi	574		False
P10105	P10105	Drosophila melanogaster	Metazoa	629		False
O46101	O46101	Drosophila melanogaster	Metazoa	244		True
Q5SWY8	Q5SWY8	Mus musculus	Metazoa	596		True
Q9SL94	Q9SL94	Arabidopsis thaliana	Plants	324		False
Q03661	Q03661	Saccharomyces cerevisiae (strain ATCC 204508 / S288c)	Fungi	1658		False
P53150	P53150	Saccharomyces cerevisiae (strain ATCC 204508 / S288c)	Fungi	421		False
P10355	P10355	Saccharomyces cerevisiae (strain ATCC 204508 / S288c)	Fungi	254		False
Q9VRN3	Q9VRN3	Drosophila melanogaster	Metazoa	225		False
Q9R061	Q9R061	Mus musculus	Metazoa	275		False
Q9N2W5	Q9N2W5	Caenorhabditis elegans	Metazoa	301		False
P53919	P53919	Saccharomyces cerevisiae (strain ATCC 204508 / S288c)	Fungi	492		False
Q5C9Z4	Q5C9Z4	Homo sapiens	Metazoa	860		False
Q9LVG4	Q9LVG4	Arabidopsis thaliana	Plants	495		False
Q8K0U3	Q8K0U3	Mus musculus	Metazoa	198		True
P34893	P34893	Arabidopsis thaliana	Plants	98		False
Q8BK30	Q8BK30	Mus musculus	Metazoa	104		False
Q05921	Q05921	Mus musculus	Metazoa	735		False
Q8L999	Q8L999	Arabidopsis thaliana	Plants	342		False
Q8NEY8	Q8NEY8	Homo sapiens	Metazoa	458		False
P19426	P19426	Mus musculus	Metazoa	375		False
P38883	P38883	Saccharomyces cerevisiae (strain ATCC 204508 / S288c)	Fungi	763		False
Q12734	Q12734	Saccharomyces cerevisiae (strain ATCC 204508 / S288c)	Fungi	1121		False
Q8WXD0	Q8WXD0	Homo sapiens	Metazoa	754		False
Q9U280	Q9U280	Caenorhabditis elegans	Metazoa	1139		True
Q9USY3	Q9USY3	Schizosaccharomyces pombe (strain 972 / ATCC 24843)	Fungi	708		False
Q8NDZ0	Q8NDZ0	Homo sapiens	Metazoa	799		False
Q53GL7	Q53GL7	Homo sapiens	Metazoa	1025		False
P16371	P16371	Drosophila melanogaster	Metazoa	730		False
Q9UI30	Q9UI30	Homo sapiens	Metazoa	125		False
Q9HAW4	Q9HAW4	Homo sapiens	Metazoa	1339		False
P34440	P34440	Caenorhabditis elegans	Metazoa	261		False
P49379	P49379	Kluyveromyces lactis (strain ATCC 8585 / CBS 2359 / DSM 70799 / NBRC 1267 / NRRL Y-1140 / WM37)	Fungi	359		False
P97303	P97303	Mus musculus	Metazoa	839		False
Q19872	Q19872	Caenorhabditis elegans	Metazoa	268		False
Q9D3F7	Q9D3F7	Mus musculus	Metazoa	229		False
Q9C0C2	Q9C0C2	Homo sapiens	Metazoa	1729		False
Q6NXG1	Q6NXG1	Homo sapiens	Metazoa	681		False
Q07362	Q07362	Saccharomyces cerevisiae (strain ATCC 204508 / S288c)	Fungi	185		False
Q3V2A7	Q3V2A7	Mus musculus	Metazoa	592		False
Q9BXS1	Q9BXS1	Homo sapiens	Metazoa	227		False
Q9D4W2	Q9D4W2	Mus musculus	Metazoa	315		False
Q9NSP4	Q9NSP4	Homo sapiens	Metazoa	180		False
Q07540	Q07540	Saccharomyces cerevisiae (strain ATCC 204508 / S288c)	Fungi	174		False
Q15811	Q15811	Homo sapiens	Metazoa	1721		False
Q01750	Q01750	Rattus norvegicus	Metazoa	249		False
O75940	O75940	Homo sapiens	Metazoa	238		False
O04121	O04121	Spinacia oleracea	Plants	439		False
P48985	P48985	Mus musculus	Metazoa	351		False
Q7Z418	Q7Z418	Homo sapiens	Metazoa	384		True
Q8W4B2	Q8W4B2	Arabidopsis thaliana	Plants	333		False
Q0WUA3	Q0WUA3	Arabidopsis thaliana	Plants	382		False
O74417	O74417	Schizosaccharomyces pombe (strain 972 / ATCC 24843)	Fungi	497		False
B2C6R6	B2C6R6	Arabidopsis thaliana	Plants	681		False
O17386	O17386	Caenorhabditis elegans	Metazoa	458		True
Q9BSJ5	Q9BSJ5	Homo sapiens	Metazoa	609		False
Q673G8	Q673G8	Danio rerio	Metazoa	837		False
Q7SA90	Q7SA90	Neurospora crassa (strain ATCC 24698 / 74-OR23-1A / CBS 708.71 / DSM 1257 / FGSC 987)	Fungi	453		False
Q9TVM2	Q9TVM2	Drosophila melanogaster	Metazoa	1063		False
Q06449	Q06449	Saccharomyces cerevisiae (strain ATCC 204508 / S288c)	Fungi	215		False
Q9D1M4	Q9D1M4	Mus musculus	Metazoa	174		False
Q9NJH0	Q9NJH0	Drosophila melanogaster	Metazoa	431		False
P33448	P33448	Saccharomyces cerevisiae (strain ATCC 204508 / S288c)	Fungi	61		True
P34283	P34283	Caenorhabditis elegans	Metazoa	442		False
O13788	O13788	Schizosaccharomyces pombe (strain 972 / ATCC 24843)	Fungi	527		False
P63098	P63098	Homo sapiens	Metazoa	170		False
P53218	P53218	Saccharomyces cerevisiae (strain ATCC 204508 / S288c)	Fungi	158		False
Q9C829	Q9C829	Arabidopsis thaliana	Plants	440		False
P53212	P53212	Saccharomyces cerevisiae (strain ATCC 204508 / S288c)	Fungi	290		False
P48015	P48015	Saccharomyces cerevisiae (strain ATCC 204508 / S288c)	Fungi	400		False
Q9P7M3	Q9P7M3	Schizosaccharomyces pombe (strain 972 / ATCC 24843)	Fungi	271		False
Q9I869	Q9I869	Xenopus laevis	Metazoa	651		False
Q9ULP0	Q9ULP0	Homo sapiens	Metazoa	352		False
Q08952	Q08952	Saccharomyces cerevisiae (strain ATCC 204508 / S288c)	Fungi	273		False
Q6NLW5	Q6NLW5	Arabidopsis thaliana	Plants	300		False
P32480	P32480	Saccharomyces cerevisiae (strain ATCC 204508 / S288c)	Fungi	875		False
Q8L3P4	Q8L3P4	Arabidopsis thaliana	Plants	654		False
P40023	P40023	Saccharomyces cerevisiae (strain ATCC 204508 / S288c)	Fungi	145		False
Q9Y6G5	Q9Y6G5	Homo sapiens	Metazoa	202		False
Q9LMK5	Q9LMK5	Arabidopsis thaliana	Plants	160		False
Q9H875	Q9H875	Homo sapiens	Metazoa	184		False
Q924H7	Q924H7	Mus musculus	Metazoa	646		False
Q9UDX5	Q9UDX5	Homo sapiens	Metazoa	166		True
Q9Z2Q2	Q9Z2Q2	Mus musculus	Metazoa	478		False
Q12321	Q12321	Saccharomyces cerevisiae (strain ATCC 204508 / S288c)	Fungi	566		False
Q8IPA1	Q8IPA1	Drosophila melanogaster	Metazoa	308		False
Q96255	Q96255	Arabidopsis thaliana	Plants	430		False
P45974	P45974	Homo sapiens	Metazoa	858		False
Q08357	Q08357	Homo sapiens	Metazoa	652		True
Q6ZVD7	Q6ZVD7	Homo sapiens	Metazoa	989		False
Q8N6I1	Q8N6I1	Homo sapiens	Metazoa	236		False
Q9H7Z3	Q9H7Z3	Homo sapiens	Metazoa	1164		False
Q8LGI2	Q8LGI2	Arabidopsis thaliana	Plants	454		False
Q12018	Q12018	Saccharomyces cerevisiae (strain ATCC 204508 / S288c)	Fungi	815		False
P27516	P27516	Dunaliella salina	Plants	172		False
Q9Y508	Q9Y508	Homo sapiens	Metazoa	228		False
P32585	P32585	Saccharomyces cerevisiae (strain ATCC 204508 / S288c)	Fungi	307		False
Q9BVL4	Q9BVL4	Homo sapiens	Metazoa	669		False
Q967U1	Q967U1	Dictyostelium discoideum	Other	225		False
Q9UJA2	Q9UJA2	Homo sapiens	Metazoa	301		False
Q10414	Q10414	Schizosaccharomyces pombe (strain 972 / ATCC 24843)	Fungi	561		False
Q9BWX1	Q9BWX1	Homo sapiens	Metazoa	381		False
Q86V97	Q86V97	Homo sapiens	Metazoa	674		False
P82244	P82244	Spinacia oleracea	Plants	152		False
Q9FZ47	Q9FZ47	Arabidopsis thaliana	Plants	290		False
P18491	P18491	Drosophila melanogaster	Metazoa	199		False
E9AGH7	E9AGH7	Leishmania infantum	Other	365		False
P93740	P93740	Arabidopsis thaliana	Plants	280		False
F8VQK3	F8VQK3	Mus musculus	Metazoa	730		False
Q59RL7	Q59RL7	Candida albicans (strain SC5314 / ATCC MYA-2876)	Fungi	853		False
Q61550	Q61550	Mus musculus	Metazoa	635		False
O64517	O64517	Arabidopsis thaliana	Plants	418		False
Q06409	Q06409	Saccharomyces cerevisiae (strain ATCC 204508 / S288c)	Fungi	1932		False
Q5RI15	Q5RI15	Homo sapiens	Metazoa	118		True
P0DH90	P0DH90	Arabidopsis thaliana	Plants	609		False
Q8C8N2	Q8C8N2	Mus musculus	Metazoa	606		False
Q8WV28	Q8WV28	Homo sapiens	Metazoa	456		False
Q0ZCJ7	Q0ZCJ7	Mus musculus	Metazoa	421		False
Q52KF3	Q52KF3	Mus musculus	Metazoa	598		False
P80404	P80404	Homo sapiens	Metazoa	500		False
P0DO23	P0DO23	Arabidopsis thaliana	Plants	394		False
O43058	O43058	Schizosaccharomyces pombe (strain 972 / ATCC 24843)	Fungi	663		False
Q24434	Q24434	Drosophila melanogaster	Metazoa	479		False
P38064	P38064	Saccharomyces cerevisiae (strain ATCC 204508 / S288c)	Fungi	232		False
Q38E51	Q38E51	Trypanosoma brucei brucei (strain 927/4 GUTat10.1)	Other	262		True
Q06678	Q06678	Saccharomyces cerevisiae (strain ATCC 204508 / S288c)	Fungi	367		False
Q03654	Q03654	Saccharomyces cerevisiae (strain ATCC 204508 / S288c)	Fungi	590		False
Q8N3J2	Q8N3J2	Homo sapiens	Metazoa	472		False
Q9U213	Q9U213	Caenorhabditis elegans	Metazoa	425		False
Q92361	Q92361	Schizosaccharomyces pombe (strain 972 / ATCC 24843)	Fungi	264		False
Q9R085	Q9R085	Rattus norvegicus	Metazoa	952		False
Q9VDW6	Q9VDW6	Drosophila melanogaster	Metazoa	3598		False
Q9CZX7	Q9CZX7	Mus musculus	Metazoa	257		False
Q86U28	Q86U28	Homo sapiens	Metazoa	154		False
Q60EN8	Q60EN8	Oryza sativa subsp. japonica	Plants	151		True
Q9SYD8	Q9SYD8	Arabidopsis thaliana	Plants	210		False
Q70EL2	Q70EL2	Homo sapiens	Metazoa	814		False
P21281	P21281	Homo sapiens	Metazoa	511		False
Q84LM4	Q84LM4	Arabidopsis thaliana	Plants	764		False
Q99547	Q99547	Homo sapiens	Metazoa	160		False
P06841	P06841	Scyliorhinus canicula	Metazoa	45		False
Q9NPG3	Q9NPG3	Homo sapiens	Metazoa	1134		False
Q9FKQ7	Q9FKQ7	Arabidopsis thaliana	Plants	150		False
P22572	P22572	Neurospora crassa (strain ATCC 24698 / 74-OR23-1A / CBS 708.71 / DSM 1257 / FGSC 987)	Fungi	453		False
Q9EQ80	Q9EQ80	Mus musculus	Metazoa	376		False
Q9Z0X1	Q9Z0X1	Mus musculus	Metazoa	612		False
P10080	P10080	Saccharomyces cerevisiae (strain ATCC 204508 / S288c)	Fungi	294		False
P49005	P49005	Homo sapiens	Metazoa	469		False
Q9TYY7	Q9TYY7	Caenorhabditis elegans	Metazoa	478		True
Q6EPN6	Q6EPN6	Oryza sativa subsp. japonica	Plants	222		False
Q9SZ63	Q9SZ63	Arabidopsis thaliana	Plants	309		False
Q9Y5L0	Q9Y5L0	Homo sapiens	Metazoa	923		False
Q9LK29	Q9LK29	Arabidopsis thaliana	Plants	307		False
P06267	P06267	Marchantia polymorpha	Plants	289		False
H2KYU6	H2KYU6	Caenorhabditis elegans	Metazoa	529		False
P08525	P08525	Saccharomyces cerevisiae (strain ATCC 204508 / S288c)	Fungi	94		True
Q9P7T4	Q9P7T4	Schizosaccharomyces pombe (strain 972 / ATCC 24843)	Fungi	1019		False
Q9Y4R8	Q9Y4R8	Homo sapiens	Metazoa	837		False
Q96BU1	Q96BU1	Homo sapiens	Metazoa	408		False
Q80TN7	Q80TN7	Mus musculus	Metazoa	2359		False
O95359	O95359	Homo sapiens	Metazoa	2948		False
Q96BY6	Q96BY6	Homo sapiens	Metazoa	2186		False
Q06338	Q06338	Saccharomyces cerevisiae (strain ATCC 204508 / S288c)	Fungi	283		False
Q9UUI3	Q9UUI3	Schizosaccharomyces pombe (strain 972 / ATCC 24843)	Fungi	585		False
Q9VNB5	Q9VNB5	Drosophila melanogaster	Metazoa	486		True
O82239	O82239	Arabidopsis thaliana	Plants	358		False
P38801	P38801	Saccharomyces cerevisiae (strain ATCC 204508 / S288c)	Fungi	184		False
Q9LVA9	Q9LVA9	Arabidopsis thaliana	Plants	420		False
Q9Z2D7	Q9Z2D7	Mus musculus	Metazoa	554		False
A0A0D1CRC9	A0A0D1CRC9	Mycosarcoma maydis	Fungi	534		False
Q04175	Q04175	Saccharomyces cerevisiae (strain ATCC 204508 / S288c)	Fungi	944		False
P30047	P30047	Homo sapiens	Metazoa	84		False
P24345	P24345	Zea mays	Plants	359		False
Q9WVR8	Q9WVR8	Rattus norvegicus	Metazoa	610		False
P53060	P53060	Saccharomyces cerevisiae (strain ATCC 204508 / S288c)	Fungi	241		False
E9Q4F7	E9Q4F7	Mus musculus	Metazoa	2643		False
Q56P42	Q56P42	Homo sapiens	Metazoa	97		False
P38325	P38325	Saccharomyces cerevisiae (strain ATCC 204508 / S288c)	Fungi	134		True
Q9UKV8	Q9UKV8	Homo sapiens	Metazoa	859		False
Q8BGY9	Q8BGY9	Mus musculus	Metazoa	580		True
Q9Z351	Q9Z351	Mus musculus	Metazoa	759		False
J9VP29	J9VP29	Cryptococcus neoformans (strain H99 / ATCC 208821 / CBS 10515 / FGSC 9487)	Fungi	331		False
P09007	P09007	Saccharomyces cerevisiae (strain ATCC 204508 / S288c)	Fungi	221		False
Q9FYB5	Q9FYB5	Arabidopsis thaliana	Plants	161		False
Q12416	Q12416	Saccharomyces cerevisiae (strain ATCC 204508 / S288c)	Fungi	295		False
Q9SKZ1	Q9SKZ1	Arabidopsis thaliana	Plants	296		False
Q6BDR8	Q6BDR8	Schizosaccharomyces pombe (strain 972 / ATCC 24843)	Fungi	300		False
Q9UTJ8	Q9UTJ8	Schizosaccharomyces pombe (strain 972 / ATCC 24843)	Fungi	1285		False
Q9FI46	Q9FI46	Arabidopsis thaliana	Plants	269		True
Q504T8	Q504T8	Homo sapiens	Metazoa	468		False
B9DHT4	B9DHT4	Arabidopsis thaliana	Plants	710		False
P38872	P38872	Saccharomyces cerevisiae (strain ATCC 204508 / S288c)	Fungi	237		False
O14734	O14734	Homo sapiens	Metazoa	319		False
Q9P7N4	Q9P7N4	Schizosaccharomyces pombe (strain 972 / ATCC 24843)	Fungi	315		False
Q05123	Q05123	Saccharomyces cerevisiae (strain ATCC 204508 / S288c)	Fungi	467		False
P52655	P52655	Homo sapiens	Metazoa	376		False
Q04049	Q04049	Saccharomyces cerevisiae (strain ATCC 204508 / S288c)	Fungi	632		False
Q10429	Q10429	Schizosaccharomyces pombe (strain 972 / ATCC 24843)	Fungi	875		False
Q8WYH8	Q8WYH8	Homo sapiens	Metazoa	240		False
Q19360	Q19360	Caenorhabditis elegans	Metazoa	430		False
Q8TEA8	Q8TEA8	Homo sapiens	Metazoa	209		False
P36093	P36093	Saccharomyces cerevisiae (strain ATCC 204508 / S288c)	Fungi	366		False
B7WN96	B7WN96	Caenorhabditis elegans	Metazoa	317		False
O48847	O48847	Arabidopsis thaliana	Plants	787		False
O43813	O43813	Homo sapiens	Metazoa	399		False
Q8BM75	Q8BM75	Mus musculus	Metazoa	1188		False
Q8TB36	Q8TB36	Homo sapiens	Metazoa	358		False
O75506	O75506	Homo sapiens	Metazoa	76		False
Q7Z7K0	Q7Z7K0	Homo sapiens	Metazoa	106		False
D3ZUE1	D3ZUE1	Rattus norvegicus	Metazoa	857		False
Q9HEV5	Q9HEV5	Neurospora crassa (strain ATCC 24698 / 74-OR23-1A / CBS 708.71 / DSM 1257 / FGSC 987)	Fungi	426		False
P40156	P40156	Saccharomyces cerevisiae (strain ATCC 204508 / S288c)	Fungi	214		False
Q6SKR2	Q6SKR2	Mus musculus	Metazoa	214		False
P26770	P26770	Rattus norvegicus	Metazoa	1064		True
Q8NCE0	Q8NCE0	Homo sapiens	Metazoa	465		False
O00841	O00841	Dictyostelium discoideum	Other	802		False
Q96QA5	Q96QA5	Homo sapiens	Metazoa	445		True
Q6RI63	Q6RI63	Mus musculus	Metazoa	786		False
Q5D869	Q5D869	Arabidopsis thaliana	Plants	1976		False
Q86VP6	Q86VP6	Homo sapiens	Metazoa	1230		False
O94606	O94606	Schizosaccharomyces pombe (strain 972 / ATCC 24843)	Fungi	473		False
Q9Y239	Q9Y239	Homo sapiens	Metazoa	953		False
Q9UBF9	Q9UBF9	Homo sapiens	Metazoa	498		False
Q9STL9	Q9STL9	Arabidopsis thaliana	Plants	633		False
Q86U90	Q86U90	Homo sapiens	Metazoa	279		False
P53886	P53886	Saccharomyces cerevisiae (strain ATCC 204508 / S288c)	Fungi	1748		False
Q9P6N2	Q9P6N2	Schizosaccharomyces pombe (strain 972 / ATCC 24843)	Fungi	229		False
Q10R09	Q10R09	Oryza sativa subsp. japonica	Plants	310		False
G5EG51	G5EG51	Caenorhabditis elegans	Metazoa	1270		False
Q8K1Z0	Q8K1Z0	Mus musculus	Metazoa	313		False
Q7S4E7	Q7S4E7	Neurospora crassa (strain ATCC 24698 / 74-OR23-1A / CBS 708.71 / DSM 1257 / FGSC 987)	Fungi	124		False
Q04170	Q04170	Saccharomyces cerevisiae (strain ATCC 204508 / S288c)	Fungi	232		False
D3YN49	D3YN49	Xenopus laevis	Metazoa	316		False
U4PAZ9	U4PAZ9	Caenorhabditis elegans	Metazoa	1112		False
O13936	O13936	Schizosaccharomyces pombe (strain 972 / ATCC 24843)	Fungi	990		False
O15427	O15427	Homo sapiens	Metazoa	465		True
Q9Y6N9	Q9Y6N9	Homo sapiens	Metazoa	552		False
Q9H227	Q9H227	Homo sapiens	Metazoa	469		False
Q9UIA0	Q9UIA0	Homo sapiens	Metazoa	394		False
Q10135	Q10135	Schizosaccharomyces pombe (strain 972 / ATCC 24843)	Fungi	1235		False
Q6P4F7	Q6P4F7	Homo sapiens	Metazoa	1023		False
P0DOW4	P0DOW4	Ramazzottius varieornatus	Metazoa	445		False
Q08921	Q08921	Saccharomyces cerevisiae (strain ATCC 204508 / S288c)	Fungi	799		False
O14015	O14015	Schizosaccharomyces pombe (strain 972 / ATCC 24843)	Fungi	150		False
Q06810	Q06810	Saccharomyces cerevisiae (strain ATCC 204508 / S288c)	Fungi	360		False
P36626	P36626	Schizosaccharomyces pombe (strain 972 / ATCC 24843)	Fungi	561		False
P34260	P34260	Caenorhabditis elegans	Metazoa	603		False
Q9D4H9	Q9D4H9	Mus musculus	Metazoa	941		False
Q61510	Q61510	Mus musculus	Metazoa	634		False
Q8IRB5	Q8IRB5	Drosophila melanogaster	Metazoa	1465		False
Q9UUA8	Q9UUA8	Schizosaccharomyces pombe (strain 972 / ATCC 24843)	Fungi	120		False
Q580X6	Q580X6	Trypanosoma brucei brucei (strain 927/4 GUTat10.1)	Other	928		False
Q6PG16	Q6PG16	Mus musculus	Metazoa	667		False
Q9H633	Q9H633	Homo sapiens	Metazoa	154		False
Q9USU3	Q9USU3	Schizosaccharomyces pombe (strain 972 / ATCC 24843)	Fungi	878		False
Q39033	Q39033	Arabidopsis thaliana	Plants	581		False
O01811	O01811	Caenorhabditis elegans	Metazoa	377		True
Q9Y3E1	Q9Y3E1	Homo sapiens	Metazoa	203		False
Q9HE02	Q9HE02	Schizosaccharomyces pombe (strain 972 / ATCC 24843)	Fungi	1185		False
Q8K459	Q8K459	Mus musculus	Metazoa	51		False
O14843	O14843	Homo sapiens	Metazoa	346		True
P40574	P40574	Saccharomyces cerevisiae (strain ATCC 204508 / S288c)	Fungi	245		False
P0C7R1	P0C7R1	Arabidopsis thaliana	Plants	239		False
Q9QX98	Q9QX98	Mus musculus	Metazoa	324		False
Q9VC56	Q9VC56	Drosophila melanogaster	Metazoa	3912		False
Q18171	Q18171	Caenorhabditis elegans	Metazoa	424		False
Q12361	Q12361	Saccharomyces cerevisiae (strain ATCC 204508 / S288c)	Fungi	961		True
Q9LXR8	Q9LXR8	Arabidopsis thaliana	Plants	318		False
P32807	P32807	Saccharomyces cerevisiae (strain ATCC 204508 / S288c)	Fungi	602		False
Q06455	Q06455	Homo sapiens	Metazoa	604		False
Q02606	Q02606	Saccharomyces cerevisiae (strain ATCC 204508 / S288c)	Fungi	381		False
Q9SW18	Q9SW18	Arabidopsis thaliana	Plants	312		False
Q9LZP8	Q9LZP8	Arabidopsis thaliana	Plants	146		False
Q8N4H5	Q8N4H5	Homo sapiens	Metazoa	51		True
P03898	P03898	Bos taurus	Metazoa	115		True
Q8K3Q3	Q8K3Q3	Mus musculus	Metazoa	521		False
Q9C5S1	Q9C5S1	Arabidopsis thaliana	Plants	784		False
P14905	P14905	Saccharomyces cerevisiae (strain ATCC 204508 / S288c)	Fungi	389		False
Q9US06	Q9US06	Schizosaccharomyces pombe (strain 972 / ATCC 24843)	Fungi	456		False
P98170	P98170	Homo sapiens	Metazoa	497		False
Q7XA07	Q7XA07	Chlamydomonas reinhardtii	Plants	427		False
Q681Z2	Q681Z2	Arabidopsis thaliana	Plants	203		False
P12853	P12853	Chlamydomonas reinhardtii	Plants	291		False
O75478	O75478	Homo sapiens	Metazoa	443		False
O88843	O88843	Mus musculus	Metazoa	199		False
Q09814	Q09814	Schizosaccharomyces pombe (strain 972 / ATCC 24843)	Fungi	239		False
Q6F6B5	Q6F6B5	Arabidopsis thaliana	Plants	741		False
Q49AM1	Q49AM1	Homo sapiens	Metazoa	385		False
P40012	P40012	Saccharomyces cerevisiae (strain ATCC 204508 / S288c)	Fungi	539		False
Q497V6	Q497V6	Mus musculus	Metazoa	772		False
P54274	P54274	Homo sapiens	Metazoa	439		False
P11498	P11498	Homo sapiens	Metazoa	1178		False
Q9AYU1	Q9AYU1	Triphysaria versicolor	Plants	329		False
P47093	P47093	Saccharomyces cerevisiae (strain ATCC 204508 / S288c)	Fungi	109		False
Q8WW38	Q8WW38	Homo sapiens	Metazoa	1151		False
O42636	O42636	Neurospora crassa (strain ATCC 24698 / 74-OR23-1A / CBS 708.71 / DSM 1257 / FGSC 987)	Fungi	278		False
O78750	O78750	Ovis aries	Metazoa	227		True
O13978	O13978	Schizosaccharomyces pombe (strain 972 / ATCC 24843)	Fungi	184		False
P28347	P28347	Homo sapiens	Metazoa	426		False
P18409	P18409	Saccharomyces cerevisiae (strain ATCC 204508 / S288c)	Fungi	493		False
Q02223	Q02223	Homo sapiens	Metazoa	184		True
Q5T8A7	Q5T8A7	Homo sapiens	Metazoa	1209		False
P28803	P28803	Spinacia oleracea	Plants	128		False
Q8II12	Q8II12	Plasmodium falciparum (isolate 3D7)	Other	409		True
Q12830	Q12830	Homo sapiens	Metazoa	3046		False
P22342	P22342	Euglena viridis	Other	102		False
G5EGF8	G5EGF8	Caenorhabditis elegans	Metazoa	354		False
Q43715	Q43715	Pisum sativum	Plants	809		False
Q03018	Q03018	Saccharomyces cerevisiae (strain ATCC 204508 / S288c)	Fungi	1630		False
P53259	P53259	Saccharomyces cerevisiae (strain ATCC 204508 / S288c)	Fungi	346		False
Q9ZUT3	Q9ZUT3	Arabidopsis thaliana	Plants	273		True
O88484	O88484	Rattus norvegicus	Metazoa	530		False
Q04603	Q04603	Saccharomyces cerevisiae (strain ATCC 204508 / S288c)	Fungi	196		False
A0A143ZZK9	A0A143ZZK9	Plasmodium falciparum (isolate 3D7)	Other	1264		False
K4PW38	K4PW38	Oryza sativa subsp. japonica	Plants	458		False
O74942	O74942	Schizosaccharomyces pombe (strain 972 / ATCC 24843)	Fungi	610		False
Q6P587	Q6P587	Homo sapiens	Metazoa	221		False
Q9UBU9	Q9UBU9	Homo sapiens	Metazoa	619		False
Q969X0	Q969X0	Homo sapiens	Metazoa	211		False
Q06672	Q06672	Saccharomyces cerevisiae (strain ATCC 204508 / S288c)	Fungi	205		False
Q9SU25	Q9SU25	Arabidopsis thaliana	Plants	649		False
F4I902	F4I902	Arabidopsis thaliana	Plants	420		False
Q9H063	Q9H063	Homo sapiens	Metazoa	256		False
Q86TU7	Q86TU7	Homo sapiens	Metazoa	594		False
Q55D99	Q55D99	Dictyostelium discoideum	Other	1197		False
P40554	P40554	Saccharomyces cerevisiae (strain ATCC 204508 / S288c)	Fungi	99		False
Q9W4N2	Q9W4N2	Drosophila melanogaster	Metazoa	788		False
O97101	O97101	Dictyostelium discoideum	Other	1000		False
Q16581	Q16581	Homo sapiens	Metazoa	482		True
O94864	O94864	Homo sapiens	Metazoa	414		False
O78310	O78310	Arabidopsis thaliana	Plants	216		False
Q9JJP2	Q9JJP2	Mus musculus	Metazoa	631		False
Q64318	Q64318	Mus musculus	Metazoa	1117		False
P27216	P27216	Homo sapiens	Metazoa	316		False
Q9C8L2	Q9C8L2	Arabidopsis thaliana	Plants	287		False
A2RTF1	A2RTF1	Mus musculus	Metazoa	1109		False
Q21446	Q21446	Caenorhabditis elegans	Metazoa	539		False
Q7K003	Q7K003	Drosophila melanogaster	Metazoa	201		False
P00522	P00522	Drosophila melanogaster	Metazoa	1620		False
O13395	O13395	Mycosarcoma maydis	Fungi	1180		False
O81836	O81836	Arabidopsis thaliana	Plants	314		False
Q924C5	Q924C5	Mus musculus	Metazoa	1680		False
H3BKT1	H3BKT1	Mus musculus	Metazoa	185		False
P41695	P41695	Saccharomyces cerevisiae (strain ATCC 204508 / S288c)	Fungi	1021		False
P34224	P34224	Saccharomyces cerevisiae (strain ATCC 204508 / S288c)	Fungi	193		False
Q7Z7C8	Q7Z7C8	Homo sapiens	Metazoa	310		False
Q9USX8	Q9USX8	Schizosaccharomyces pombe (strain 972 / ATCC 24843)	Fungi	237		False
Q8N8R5	Q8N8R5	Homo sapiens	Metazoa	385		False
Q96GX8	Q96GX8	Homo sapiens	Metazoa	76		False
P32851	P32851	Rattus norvegicus	Metazoa	288		False
H2KYS8	H2KYS8	Caenorhabditis elegans	Metazoa	1107		True
O82286	O82286	Arabidopsis thaliana	Plants	226		False
O74374	O74374	Schizosaccharomyces pombe (strain 972 / ATCC 24843)	Fungi	554		False
Q9LR64	Q9LR64	Arabidopsis thaliana	Plants	174		False
Q9LZX6	Q9LZX6	Arabidopsis thaliana	Plants	365		False
Q9VN45	Q9VN45	Drosophila melanogaster	Metazoa	553		False
O75056	O75056	Homo sapiens	Metazoa	442		False
A0A1D8PJ01	A0A1D8PJ01	Candida albicans (strain SC5314 / ATCC MYA-2876)	Fungi	895		False
Q06675	Q06675	Saccharomyces cerevisiae (strain ATCC 204508 / S288c)	Fungi	368		False
P14693	P14693	Saccharomyces cerevisiae (strain ATCC 204508 / S288c)	Fungi	329		False
Q94AR8	Q94AR8	Arabidopsis thaliana	Plants	509		False
Q811D2	Q811D2	Mus musculus	Metazoa	1581		False
Q6Z6S1	Q6Z6S1	Oryza sativa subsp. japonica	Plants	537		False
Q8L8Z1	Q8L8Z1	Arabidopsis thaliana	Plants	190		True
O13927	O13927	Schizosaccharomyces pombe (strain 972 / ATCC 24843)	Fungi	201		False
P0DKJ7	P0DKJ7	Arabidopsis thaliana	Plants	813		False
A2T1U1	A2T1U1	Brassica oleracea var. botrytis	Plants	305		False
O60016	O60016	Schizosaccharomyces pombe (strain 972 / ATCC 24843)	Fungi	490		False
Q9Y6H6	Q9Y6H6	Homo sapiens	Metazoa	103		True
A1Z8P9	A1Z8P9	Drosophila melanogaster	Metazoa	2346		False
Q15287	Q15287	Homo sapiens	Metazoa	305		False
Q9D8B6	Q9D8B6	Mus musculus	Metazoa	190		False
O43765	O43765	Homo sapiens	Metazoa	313		False
Q90578	Q90578	Gallus gallus	Metazoa	464		False
Q8L7E9	Q8L7E9	Arabidopsis thaliana	Plants	421		False
Q8VZS9	Q8VZS9	Arabidopsis thaliana	Plants	475		False
Q9H7D0	Q9H7D0	Homo sapiens	Metazoa	1870		False
F4JZC2	F4JZC2	Arabidopsis thaliana	Plants	680		False
Q8IWL3	Q8IWL3	Homo sapiens	Metazoa	235		False
P62952	P62952	Homo sapiens	Metazoa	87		True
P08907	P08907	Equus caballus	Metazoa	401		False
Q4ADV7	Q4ADV7	Homo sapiens	Metazoa	1423		False
Q9HCJ1	Q9HCJ1	Homo sapiens	Metazoa	492		True
Q5PRF9	Q5PRF9	Homo sapiens	Metazoa	694		False
Q9P7B8	Q9P7B8	Schizosaccharomyces pombe (strain 972 / ATCC 24843)	Fungi	399		False
Q9LS48	Q9LS48	Arabidopsis thaliana	Plants	316		False
Q0JJ05	Q0JJ05	Oryza sativa subsp. japonica	Plants	987		False
O13851	O13851	Schizosaccharomyces pombe (strain 972 / ATCC 24843)	Fungi	294		False
Q9W157	Q9W157	Drosophila melanogaster	Metazoa	971		False
O14210	O14210	Schizosaccharomyces pombe (strain 972 / ATCC 24843)	Fungi	295		False
Q9P7X2	Q9P7X2	Schizosaccharomyces pombe (strain 972 / ATCC 24843)	Fungi	533		False
O13900	O13900	Schizosaccharomyces pombe (strain 972 / ATCC 24843)	Fungi	481		False
P41223	P41223	Homo sapiens	Metazoa	144		False
P46309	P46309	Arabidopsis thaliana	Plants	522		False
Q5T7W0	Q5T7W0	Homo sapiens	Metazoa	954		False
P40208	P40208	Saccharomyces cerevisiae (strain ATCC 204508 / S288c)	Fungi	455		False
Q3UYV9	Q3UYV9	Mus musculus	Metazoa	790		False
P24226	P24226	Brassica oleracea var. capitata	Plants	469		False
P42900	P42900	Saccharomyces cerevisiae (strain ATCC 204508 / S288c)	Fungi	643		False
O60293	O60293	Homo sapiens	Metazoa	1989		False
Q0WPT7	Q0WPT7	Arabidopsis thaliana	Plants	352		False
Q9UST6	Q9UST6	Schizosaccharomyces pombe (strain 972 / ATCC 24843)	Fungi	198		False
Q9H2X8	Q9H2X8	Homo sapiens	Metazoa	130		True
Q93VB2	Q93VB2	Arabidopsis thaliana	Plants	425		False
Q17602	Q17602	Caenorhabditis elegans	Metazoa	1390		False
Q8BH70	Q8BH70	Mus musculus	Metazoa	621		False
O43030	O43030	Schizosaccharomyces pombe (strain 972 / ATCC 24843)	Fungi	287		False
P39515	P39515	Saccharomyces cerevisiae (strain ATCC 204508 / S288c)	Fungi	158		True
P31115	P31115	Saccharomyces cerevisiae (strain ATCC 204508 / S288c)	Fungi	442		False
Q04231	Q04231	Saccharomyces cerevisiae (strain ATCC 204508 / S288c)	Fungi	177		False
Q3TN34	Q3TN34	Mus musculus	Metazoa	1009		False
Q9UQ35	Q9UQ35	Homo sapiens	Metazoa	2752		False
O73622	O73622	Xenopus laevis	Metazoa	293		False
O74544	O74544	Schizosaccharomyces pombe (strain 972 / ATCC 24843)	Fungi	314		False
O42958	O42958	Schizosaccharomyces pombe (strain 972 / ATCC 24843)	Fungi	754		False
Q92546	Q92546	Homo sapiens	Metazoa	391		False
P35639	P35639	Mus musculus	Metazoa	168		False
Q8BQP9	Q8BQP9	Mus musculus	Metazoa	257		False
Q6NZN1	Q6NZN1	Mus musculus	Metazoa	1644		False
Q10953	Q10953	Caenorhabditis elegans	Metazoa	796		False
Q08553	Q08553	Saccharomyces cerevisiae (strain ATCC 204508 / S288c)	Fungi	188		False
P46678	P46678	Saccharomyces cerevisiae (strain ATCC 204508 / S288c)	Fungi	594		False
P02381	P02381	Saccharomyces cerevisiae (strain ATCC 204508 / S288c)	Fungi	398		False
Q8L493	Q8L493	Arabidopsis thaliana	Plants	373		False
P39995	P39995	Saccharomyces cerevisiae (strain ATCC 204508 / S288c)	Fungi	279		False
Q18425	Q18425	Caenorhabditis elegans	Metazoa	473		False
Q4PLS0	Q4PLS0	Mus musculus	Metazoa	1046		False
Q8K339	Q8K339	Mus musculus	Metazoa	391		False
Q7RYM5	Q7RYM5	Neurospora crassa (strain ATCC 24698 / 74-OR23-1A / CBS 708.71 / DSM 1257 / FGSC 987)	Fungi	292		False
A0SVK0	A0SVK0	Arabidopsis thaliana	Plants	291		False
P25367	P25367	Saccharomyces cerevisiae (strain ATCC 204508 / S288c)	Fungi	405		False
O43006	O43006	Schizosaccharomyces pombe (strain 972 / ATCC 24843)	Fungi	225		False
Q9FL12	Q9FL12	Arabidopsis thaliana	Plants	592		False
P23786	P23786	Homo sapiens	Metazoa	658		False
P83565	P83565	Rattus norvegicus	Metazoa	206		False
Q9C552	Q9C552	Arabidopsis thaliana	Plants	753		False
Q86YA3	Q86YA3	Homo sapiens	Metazoa	2104		False
Q96FI4	Q96FI4	Homo sapiens	Metazoa	390		False
Q9UM07	Q9UM07	Homo sapiens	Metazoa	663		False
Q91WA1	Q91WA1	Mus musculus	Metazoa	278		False
Q06152	Q06152	Saccharomyces cerevisiae (strain ATCC 204508 / S288c)	Fungi	274		False
P30987	P30987	Mus musculus	Metazoa	341		True
Q09184	Q09184	Schizosaccharomyces pombe (strain 972 / ATCC 24843)	Fungi	381		False
Q93227	Q93227	Caenorhabditis elegans	Metazoa	431		False
Q9Y221	Q9Y221	Homo sapiens	Metazoa	180		False
Q9VBW6	Q9VBW6	Drosophila melanogaster	Metazoa	678		False
Q1HG43	Q1HG43	Homo sapiens	Metazoa	343		True
P51556	P51556	Rattus norvegicus	Metazoa	727		False
O14497	O14497	Homo sapiens	Metazoa	2285		False
Q0DIQ5	Q0DIQ5	Oryza sativa subsp. japonica	Plants	1510		False
Q8IWZ4	Q8IWZ4	Homo sapiens	Metazoa	224		False
Q8IWA0	Q8IWA0	Homo sapiens	Metazoa	830		False
P54987	P54987	Mus musculus	Metazoa	488		False
Q8R4U1	Q8R4U1	Mus musculus	Metazoa	393		False
P42677	P42677	Homo sapiens	Metazoa	84		False
G5EEU2	G5EEU2	Caenorhabditis elegans	Metazoa	714		False
E1JH25	E1JH25	Drosophila melanogaster	Metazoa	1876		False
O65220	O65220	Arabidopsis thaliana	Plants	281		False
Q9NTI7	Q9NTI7	Homo sapiens	Metazoa	297		False
O95415	O95415	Homo sapiens	Metazoa	125		True
O13988	O13988	Schizosaccharomyces pombe (strain 972 / ATCC 24843)	Fungi	555		False
Q96IY1	Q96IY1	Homo sapiens	Metazoa	281		False
Q9HFR0	Q9HFR0	Schizosaccharomyces pombe (strain 972 / ATCC 24843)	Fungi	437		False
P52890	P52890	Schizosaccharomyces pombe (strain 972 / ATCC 24843)	Fungi	566		False
Q9LX93	Q9LX93	Arabidopsis thaliana	Plants	301		True
Q9NPJ1	Q9NPJ1	Homo sapiens	Metazoa	570		False
P34219	P34219	Saccharomyces cerevisiae (strain ATCC 204508 / S288c)	Fungi	525		False
Q24167	Q24167	Drosophila melanogaster	Metazoa	1507		False
P53208	P53208	Saccharomyces cerevisiae (strain ATCC 204508 / S288c)	Fungi	328		False
Q07930	Q07930	Saccharomyces cerevisiae (strain ATCC 204508 / S288c)	Fungi	204		False
Q3U8K7	Q3U8K7	Mus musculus	Metazoa	883		False
Q03280	Q03280	Saccharomyces cerevisiae (strain ATCC 204508 / S288c)	Fungi	3268		False
Q8IRH5	Q8IRH5	Drosophila melanogaster	Metazoa	733		False
P30943	P30943	Rhodomonas sp. (strain CS 24)	Other	104		False
Q9JM80	Q9JM80	Rattus norvegicus	Metazoa	424		True
Q6IDB0	Q6IDB0	Arabidopsis thaliana	Plants	193		False
Q9UTI4	Q9UTI4	Schizosaccharomyces pombe (strain 972 / ATCC 24843)	Fungi	172		False
O13859	O13859	Schizosaccharomyces pombe (strain 972 / ATCC 24843)	Fungi	285		False
Q9Y3F4	Q9Y3F4	Homo sapiens	Metazoa	350		False
Q23794	Q23794	Chironomus tentans	Metazoa	99		False
Q9SRT0	Q9SRT0	Arabidopsis thaliana	Plants	460		False
Q9S752	Q9S752	Arabidopsis thaliana	Plants	388		False
Q99ML9	Q99ML9	Mus musculus	Metazoa	989		False
Q12457	Q12457	Saccharomyces cerevisiae (strain ATCC 204508 / S288c)	Fungi	570		False
O74854	O74854	Schizosaccharomyces pombe (strain 972 / ATCC 24843)	Fungi	872		False
Q06568	Q06568	Saccharomyces cerevisiae (strain ATCC 204508 / S288c)	Fungi	189		False
G5ECC7	G5ECC7	Caenorhabditis elegans	Metazoa	1264		False
P35680	P35680	Homo sapiens	Metazoa	557		False
Q945K7	Q945K7	Arabidopsis thaliana	Plants	374		False
Q9Y3B2	Q9Y3B2	Homo sapiens	Metazoa	195		False
P25638	P25638	Saccharomyces cerevisiae (strain ATCC 204508 / S288c)	Fungi	111		False
P19474	P19474	Homo sapiens	Metazoa	475		False
Q9P0R6	Q9P0R6	Homo sapiens	Metazoa	139		False
Q8VY52	Q8VY52	Arabidopsis thaliana	Plants	232		False
P47979	P47979	Schizosaccharomyces pombe (strain 972 / ATCC 24843)	Fungi	404		False
O74309	O74309	Schizosaccharomyces pombe (strain 972 / ATCC 24843)	Fungi	807		False
P38557	P38557	Arabidopsis thaliana	Plants	474		False
Q04430	Q04430	Saccharomyces cerevisiae (strain ATCC 204508 / S288c)	Fungi	367		False
P36161	P36161	Saccharomyces cerevisiae (strain ATCC 204508 / S288c)	Fungi	1157		False
Q9NXV6	Q9NXV6	Homo sapiens	Metazoa	580		False
Q12488	Q12488	Saccharomyces cerevisiae (strain ATCC 204508 / S288c)	Fungi	208		False
Q9Y118	Q9Y118	Drosophila melanogaster	Metazoa	431		False
Q38HM4	Q38HM4	Mus musculus	Metazoa	350		False
Q16186	Q16186	Homo sapiens	Metazoa	407		False
Q8TEW0	Q8TEW0	Homo sapiens	Metazoa	1356		False
O17514	O17514	Caenorhabditis elegans	Metazoa	773		False
Q3UMU9	Q3UMU9	Mus musculus	Metazoa	669		False
Q9ESM6	Q9ESM6	Mus musculus	Metazoa	539		True
Q9ZT96	Q9ZT96	Arabidopsis thaliana	Plants	541		False
P33308	P33308	Saccharomyces cerevisiae (strain ATCC 204508 / S288c)	Fungi	149		False
Q15678	Q15678	Homo sapiens	Metazoa	1187		False
Q9WTK8	Q9WTK8	Mus musculus	Metazoa	396		False
Q9ULV3	Q9ULV3	Homo sapiens	Metazoa	898		False
Q15543	Q15543	Homo sapiens	Metazoa	124		False
P42696	P42696	Homo sapiens	Metazoa	430		False
Q9ZNX9	Q9ZNX9	Arabidopsis thaliana	Plants	517		False
Q9FVW4	Q9FVW4	Arabidopsis thaliana	Plants	482		False
Q86X51	Q86X51	Homo sapiens	Metazoa	503		False
Q9CA42	Q9CA42	Arabidopsis thaliana	Plants	1085		False
Q9SQI2	Q9SQI2	Arabidopsis thaliana	Plants	1173		False
Q12338	Q12338	Saccharomyces cerevisiae (strain ATCC 204508 / S288c)	Fungi	110		False
Q6GPH4	Q6GPH4	Homo sapiens	Metazoa	301		False
Q2T9J0	Q2T9J0	Homo sapiens	Metazoa	566		False
P70582	P70582	Rattus norvegicus	Metazoa	510		False
Q9W252	Q9W252	Drosophila melanogaster	Metazoa	1318		False
P46946	P46946	Saccharomyces cerevisiae (strain ATCC 204508 / S288c)	Fungi	345		False
Q03193	Q03193	Saccharomyces cerevisiae (strain ATCC 204508 / S288c)	Fungi	310		True
O95180	O95180	Homo sapiens	Metazoa	2353		False
Q9NRY6	Q9NRY6	Homo sapiens	Metazoa	295		False
Q12906	Q12906	Homo sapiens	Metazoa	894		False
O43822	O43822	Homo sapiens	Metazoa	256		False
P25583	P25583	Saccharomyces cerevisiae (strain ATCC 204508 / S288c)	Fungi	335		False
P53063	P53063	Saccharomyces cerevisiae (strain ATCC 204508 / S288c)	Fungi	387		False
P15924	P15924	Homo sapiens	Metazoa	2871		False
P38127	P38127	Saccharomyces cerevisiae (strain ATCC 204508 / S288c)	Fungi	377		True
Q5FWP4	Q5FWP4	Xenopus laevis	Metazoa	625		False
P0C6T3	P0C6T3	Rattus norvegicus	Metazoa	269		True
Q8N684	Q8N684	Homo sapiens	Metazoa	471		False
Q9CQT2	Q9CQT2	Mus musculus	Metazoa	265		False
Q9NSN8	Q9NSN8	Homo sapiens	Metazoa	517		False
P82162	P82162	Spinacia oleracea	Plants	195		False
Q6P2H3	Q6P2H3	Homo sapiens	Metazoa	762		False
P06509	P06509	Spinacia oleracea	Plants	272		False
Q09685	Q09685	Schizosaccharomyces pombe (strain 972 / ATCC 24843)	Fungi	411		False
Q06211	Q06211	Saccharomyces cerevisiae (strain ATCC 204508 / S288c)	Fungi	1407		False
Q965W2	Q965W2	Caenorhabditis elegans	Metazoa	407		False
Q10740	Q10740	Saccharomyces cerevisiae (strain ATCC 204508 / S288c)	Fungi	671		False
Q9LYD9	Q9LYD9	Arabidopsis thaliana	Plants	1096		False
O08608	O08608	Mus musculus	Metazoa	189		False
O60184	O60184	Schizosaccharomyces pombe (strain 972 / ATCC 24843)	Fungi	1102		False
Q92900	Q92900	Homo sapiens	Metazoa	1129		False
Q8NI35	Q8NI35	Homo sapiens	Metazoa	1801		False
Q9H4Z3	Q9H4Z3	Homo sapiens	Metazoa	704		False
Q12259	Q12259	Saccharomyces cerevisiae (strain ATCC 204508 / S288c)	Fungi	485		False
Q8MUF9	Q8MUF9	Dictyostelium discoideum	Other	649		False
O75324	O75324	Homo sapiens	Metazoa	88		True
Q96AH0	Q96AH0	Homo sapiens	Metazoa	204		False
Q9S7I0	Q9S7I0	Arabidopsis thaliana	Plants	1307		False
P86924	P86924	Trypanosoma brucei brucei	Other	416		False
Q09856	Q09856	Schizosaccharomyces pombe (strain 972 / ATCC 24843)	Fungi	542		False
E9PYL2	E9PYL2	Mus musculus	Metazoa	2035		False
Q1ENB6	Q1ENB6	Arabidopsis thaliana	Plants	484		False
P25368	P25368	Saccharomyces cerevisiae (strain ATCC 204508 / S288c)	Fungi	297		False
Q9WV02	Q9WV02	Mus musculus	Metazoa	391		False
P05549	P05549	Homo sapiens	Metazoa	437		False
Q9UU84	Q9UU84	Schizosaccharomyces pombe (strain 972 / ATCC 24843)	Fungi	426		False
O94740	O94740	Schizosaccharomyces pombe (strain 972 / ATCC 24843)	Fungi	466		False
Q9Y7Q6	Q9Y7Q6	Schizosaccharomyces pombe (strain 972 / ATCC 24843)	Fungi	147		False
O94355	O94355	Schizosaccharomyces pombe (strain 972 / ATCC 24843)	Fungi	240		False
Q9N5S3	Q9N5S3	Caenorhabditis elegans	Metazoa	365		False
P46972	P46972	Saccharomyces cerevisiae (strain ATCC 204508 / S288c)	Fungi	177		False
A2A5K6	A2A5K6	Mus musculus	Metazoa	1337		False
P38172	P38172	Saccharomyces cerevisiae (strain ATCC 204508 / S288c)	Fungi	270		False
Q9NS91	Q9NS91	Homo sapiens	Metazoa	495		False
P53968	P53968	Saccharomyces cerevisiae (strain ATCC 204508 / S288c)	Fungi	678		False
Q9P287	Q9P287	Homo sapiens	Metazoa	314		False
O94585	O94585	Schizosaccharomyces pombe (strain 972 / ATCC 24843)	Fungi	187		False
Q6UXY1	Q6UXY1	Homo sapiens	Metazoa	529		False
P83183	P83183	Eledone cirrhosa	Metazoa	84		False
P23179	P23179	Saccharomyces cerevisiae (strain ATCC 204508 / S288c)	Fungi	398		False
Q15057	Q15057	Homo sapiens	Metazoa	778		False
O74844	O74844	Schizosaccharomyces pombe (strain 972 / ATCC 24843)	Fungi	244		False
Q8I615	Q8I615	Plasmodium falciparum (isolate 3D7)	Other	1189		False
P12852	P12852	Chlamydomonas reinhardtii	Plants	199		False
P41896	P41896	Saccharomyces cerevisiae (strain ATCC 204508 / S288c)	Fungi	400		False
Q99LG4	Q99LG4	Mus musculus	Metazoa	440		False
Q9VXG1	Q9VXG1	Drosophila melanogaster	Metazoa	1959		False
Q02950	Q02950	Saccharomyces cerevisiae (strain ATCC 204508 / S288c)	Fungi	344		False
O94589	O94589	Schizosaccharomyces pombe (strain 972 / ATCC 24843)	Fungi	551		False
Q6ZMT4	Q6ZMT4	Homo sapiens	Metazoa	941		False
P39956	P39956	Saccharomyces cerevisiae (strain ATCC 204508 / S288c)	Fungi	796		False
Q8GYU3	Q8GYU3	Arabidopsis thaliana	Plants	1465		False
B2D6M2	B2D6M2	Caenorhabditis elegans	Metazoa	612		False
O23210	O23210	Arabidopsis thaliana	Plants	486		False
Q39055	Q39055	Arabidopsis thaliana	Plants	390		False
Q40460	Q40460	Nicotiana tabacum	Plants	442		False
Q8GSM2	Q8GSM2	Hordeum vulgare	Plants	896		False
Q2KIR7	Q2KIR7	Bos taurus	Metazoa	295		False
P25627	P25627	Saccharomyces cerevisiae (strain ATCC 204508 / S288c)	Fungi	275		False
P40360	P40360	Saccharomyces cerevisiae (strain ATCC 204508 / S288c)	Fungi	574		False
O17679	O17679	Caenorhabditis elegans	Metazoa	708		False
O24463	O24463	Zea mays	Plants	328		False
Q8WVI0	Q8WVI0	Homo sapiens	Metazoa	70		True
O82170	O82170	Arabidopsis thaliana	Plants	402		False
P20050	P20050	Saccharomyces cerevisiae (strain ATCC 204508 / S288c)	Fungi	605		False
O43031	O43031	Schizosaccharomyces pombe (strain 972 / ATCC 24843)	Fungi	381		False
Q8BGW1	Q8BGW1	Mus musculus	Metazoa	502		False
Q9Z2D6	Q9Z2D6	Mus musculus	Metazoa	484		False
P41930	P41930	Saccharomyces cerevisiae (strain ATCC 204508 / S288c)	Fungi	458		True
P25299	P25299	Saccharomyces cerevisiae (strain ATCC 204508 / S288c)	Fungi	296		False
P43606	P43606	Saccharomyces cerevisiae (strain ATCC 204508 / S288c)	Fungi	678		False
Q6S4P4	Q6S4P4	Oryza sativa subsp. japonica	Plants	329		False
Q9ER97	Q9ER97	Mus musculus	Metazoa	151		False
P07255	P07255	Saccharomyces cerevisiae (strain ATCC 204508 / S288c)	Fungi	59		True
Q9Y5B0	Q9Y5B0	Homo sapiens	Metazoa	961		False
Q96EY7	Q96EY7	Homo sapiens	Metazoa	689		False
Q9Y7M6	Q9Y7M6	Schizosaccharomyces pombe (strain 972 / ATCC 24843)	Fungi	217		False
Q8NBI5	Q8NBI5	Homo sapiens	Metazoa	491		True
P40498	P40498	Saccharomyces cerevisiae (strain ATCC 204508 / S288c)	Fungi	721		False
Q90941	Q90941	Gallus gallus	Metazoa	1633		False
Q06149	Q06149	Saccharomyces cerevisiae (strain ATCC 204508 / S288c)	Fungi	701		False
Q6PIZ9	Q6PIZ9	Homo sapiens	Metazoa	186		True
Q09739	Q09739	Schizosaccharomyces pombe (strain 972 / ATCC 24843)	Fungi	210		False
Q9SL05	Q9SL05	Arabidopsis thaliana	Plants	133		False
Q53JF7	Q53JF7	Oryza sativa subsp. japonica	Plants	138		False
Q03782	Q03782	Saccharomyces cerevisiae (strain ATCC 204508 / S288c)	Fungi	492		False
F4HVZ5	F4HVZ5	Arabidopsis thaliana	Plants	279		False
P56385	P56385	Homo sapiens	Metazoa	69		False
Q08622	Q08622	Saccharomyces cerevisiae (strain ATCC 204508 / S288c)	Fungi	556		False
Q3U284	Q3U284	Mus musculus	Metazoa	315		True
P98078	P98078	Mus musculus	Metazoa	766		False
P32357	P32357	Saccharomyces cerevisiae (strain ATCC 204508 / S288c)	Fungi	355		False
P21359	P21359	Homo sapiens	Metazoa	2839		False
P56645	P56645	Homo sapiens	Metazoa	1201		False
Q7K4V4	Q7K4V4	Drosophila melanogaster	Metazoa	244		False
Q07555	Q07555	Saccharomyces cerevisiae (strain ATCC 204508 / S288c)	Fungi	291		False
Q12487	Q12487	Saccharomyces cerevisiae (strain ATCC 204508 / S288c)	Fungi	163		False
Q9VFG8	Q9VFG8	Drosophila melanogaster	Metazoa	1288		False
P25846	P25846	Saccharomyces cerevisiae (strain ATCC 204508 / S288c)	Fungi	959		False
Q96B23	Q96B23	Homo sapiens	Metazoa	404		False
P38228	P38228	Saccharomyces cerevisiae (strain ATCC 204508 / S288c)	Fungi	572		False
Q9Y421	Q9Y421	Homo sapiens	Metazoa	112		False
Q9USY4	Q9USY4	Schizosaccharomyces pombe (strain 972 / ATCC 24843)	Fungi	527		False
Q6AT41	Q6AT41	Oryza sativa subsp. japonica	Plants	451		False
Q969Y2	Q969Y2	Homo sapiens	Metazoa	492		False
F4IHY7	F4IHY7	Arabidopsis thaliana	Plants	527		False
Q09130	Q09130	Schizosaccharomyces pombe (strain 972 / ATCC 24843)	Fungi	446		False
Q62908	Q62908	Rattus norvegicus	Metazoa	193		False
Q3U2U7	Q3U2U7	Mus musculus	Metazoa	461		False
Q9FKP4	Q9FKP4	Arabidopsis thaliana	Plants	1264		False
Q9Y2D1	Q9Y2D1	Homo sapiens	Metazoa	282		False
Q08047	Q08047	Zea mays	Plants	799		False
P39880	P39880	Homo sapiens	Metazoa	1505		False
P24522	P24522	Homo sapiens	Metazoa	165		False
Q9JKD9	Q9JKD9	Mus musculus	Metazoa	465		False
P53233	P53233	Saccharomyces cerevisiae (strain ATCC 204508 / S288c)	Fungi	369		False
Q12476	Q12476	Saccharomyces cerevisiae (strain ATCC 204508 / S288c)	Fungi	344		False
Q9UKN8	Q9UKN8	Homo sapiens	Metazoa	822		False
P23611	P23611	Mus musculus	Metazoa	424		False
Q9LPL4	Q9LPL4	Arabidopsis thaliana	Plants	360		False
Q10252	Q10252	Schizosaccharomyces pombe (strain 972 / ATCC 24843)	Fungi	358		True
P69447	P69447	Spinacia oleracea	Plants	81		True
U3H042	U3H042	Schizosaccharomyces pombe (strain 972 / ATCC 24843)	Fungi	264		False
Q9DB60	Q9DB60	Mus musculus	Metazoa	201		False
Q9DBA9	Q9DBA9	Mus musculus	Metazoa	547		False
P14712	P14712	Arabidopsis thaliana	Plants	1122		False
O75665	O75665	Homo sapiens	Metazoa	1012		False
Q39255	Q39255	Arabidopsis thaliana	Plants	160		False
P33399	P33399	Saccharomyces cerevisiae (strain ATCC 204508 / S288c)	Fungi	275		False
P07548	P07548	Drosophila melanogaster	Metazoa	586		False
Q9BS16	Q9BS16	Homo sapiens	Metazoa	269		False
P32792	P32792	Saccharomyces cerevisiae (strain ATCC 204508 / S288c)	Fungi	385		False
Q15785	Q15785	Homo sapiens	Metazoa	309		False
P54113	P54113	Saccharomyces cerevisiae (strain ATCC 204508 / S288c)	Fungi	591		False
P32494	P32494	Saccharomyces cerevisiae (strain ATCC 204508 / S288c)	Fungi	702		False
Q9UNE7	Q9UNE7	Homo sapiens	Metazoa	303		False
Q9FN69	Q9FN69	Arabidopsis thaliana	Plants	637		False
Q9UPV0	Q9UPV0	Homo sapiens	Metazoa	1460		False
S8EZA7	S8EZA7	Toxoplasma gondii (strain ATCC 50611 / Me49)	Other	534		True
Q8IVF7	Q8IVF7	Homo sapiens	Metazoa	1028		False
Q6NZY4	Q6NZY4	Homo sapiens	Metazoa	707		False
Q5AP95	Q5AP95	Candida albicans (strain SC5314 / ATCC MYA-2876)	Fungi	517		False
I6LAD1	I6LAD1	Komagataella pastoris	Fungi	384		False
Q42496	Q42496	Chlamydomonas reinhardtii	Plants	99		True
Q9CQ29	Q9CQ29	Mus musculus	Metazoa	239		False
Q9VQI9	Q9VQI9	Drosophila melanogaster	Metazoa	1673		False
Q8VDU0	Q8VDU0	Mus musculus	Metazoa	679		False
Q9NRG9	Q9NRG9	Homo sapiens	Metazoa	546		False
Q924W6	Q924W6	Mus musculus	Metazoa	1344		False
P41002	P41002	Homo sapiens	Metazoa	786		False
Q96NE9	Q96NE9	Homo sapiens	Metazoa	622		False
P41073	P41073	Drosophila melanogaster	Metazoa	716		False
Q96L08	Q96L08	Homo sapiens	Metazoa	255		False
O97965	O97965	Ovis aries	Metazoa	110		False
Q0PNE2	Q0PNE2	Homo sapiens	Metazoa	266		False
O43918	O43918	Homo sapiens	Metazoa	545		False
Q6PDS3	Q6PDS3	Mus musculus	Metazoa	724		False
Q9PVF7	Q9PVF7	Danio rerio	Metazoa	729		False
Q96RL1	Q96RL1	Homo sapiens	Metazoa	719		False
P53335	P53335	Saccharomyces cerevisiae (strain ATCC 204508 / S288c)	Fungi	271		False
P22058	P22058	Drosophila melanogaster	Metazoa	355		False
O94822	O94822	Homo sapiens	Metazoa	1766		False
Q24573	Q24573	Drosophila melanogaster	Metazoa	911		False
Q8GT74	Q8GT74	Arabidopsis thaliana	Plants	241		True
Q9UH92	Q9UH92	Homo sapiens	Metazoa	298		False
G5EC86	G5EC86	Caenorhabditis elegans	Metazoa	407		False
Q15916	Q15916	Homo sapiens	Metazoa	424		False
Q8LD98	Q8LD98	Arabidopsis thaliana	Plants	252		True
Q9R1X4	Q9R1X4	Mus musculus	Metazoa	1197		False
O59858	O59858	Schizosaccharomyces pombe (strain 972 / ATCC 24843)	Fungi	158		False
Q652K4	Q652K4	Oryza sativa subsp. japonica	Plants	315		False
P53226	P53226	Saccharomyces cerevisiae (strain ATCC 204508 / S288c)	Fungi	547		False
P38803	P38803	Saccharomyces cerevisiae (strain ATCC 204508 / S288c)	Fungi	334		False
Q9FNZ5	Q9FNZ5	Arabidopsis thaliana	Plants	142		False
D0EL35	D0EL35	Arabidopsis thaliana	Plants	1272		False
Q9XI46	Q9XI46	Arabidopsis thaliana	Plants	159		True
Q9NZI6	Q9NZI6	Homo sapiens	Metazoa	479		False
P53875	P53875	Saccharomyces cerevisiae (strain ATCC 204508 / S288c)	Fungi	158		False
Q9Y605	Q9Y605	Homo sapiens	Metazoa	127		False
Q9VJL6	Q9VJL6	Drosophila melanogaster	Metazoa	138		False
O14981	O14981	Homo sapiens	Metazoa	1849		False
Q6A037	Q6A037	Mus musculus	Metazoa	893		False
P78337	P78337	Homo sapiens	Metazoa	314		False
P53287	P53287	Saccharomyces cerevisiae (strain ATCC 204508 / S288c)	Fungi	111		False
Q86UA6	Q86UA6	Homo sapiens	Metazoa	219		False
Q9C8J7	Q9C8J7	Arabidopsis thaliana	Plants	509		False
O08586	O08586	Mus musculus	Metazoa	403		False
Q8R4I4	Q8R4I4	Mus musculus	Metazoa	468		False
Q00757	Q00757	Emericella nidulans (strain FGSC A4 / ATCC 38163 / CBS 112.46 / NRRL 194 / M139)	Fungi	916		False
Q6L5B5	Q6L5B5	Oryza sativa subsp. japonica	Plants	248		False
P38789	P38789	Saccharomyces cerevisiae (strain ATCC 204508 / S288c)	Fungi	453		False
Q9CPP6	Q9CPP6	Mus musculus	Metazoa	116		False
Q9LU39	Q9LU39	Arabidopsis thaliana	Plants	317		False
P35195	P35195	Saccharomyces cerevisiae (strain ATCC 204508 / S288c)	Fungi	104		False
Q7RWZ7	Q7RWZ7	Neurospora crassa (strain ATCC 24698 / 74-OR23-1A / CBS 708.71 / DSM 1257 / FGSC 987)	Fungi	201		False
Q8IYR2	Q8IYR2	Homo sapiens	Metazoa	804		False
A2AG58	A2AG58	Mus musculus	Metazoa	752		False
Q9NYV6	Q9NYV6	Homo sapiens	Metazoa	651		False
P34708	P34708	Caenorhabditis elegans	Metazoa	1110		False
P40344	P40344	Saccharomyces cerevisiae (strain ATCC 204508 / S288c)	Fungi	310		False
Q700C7	Q700C7	Arabidopsis thaliana	Plants	364		False
O95817	O95817	Homo sapiens	Metazoa	575		False
Q9VYD1	Q9VYD1	Drosophila melanogaster	Metazoa	2313		False
O94329	O94329	Schizosaccharomyces pombe (strain 972 / ATCC 24843)	Fungi	183		False
P53067	P53067	Saccharomyces cerevisiae (strain ATCC 204508 / S288c)	Fungi	1004		False
O15360	O15360	Homo sapiens	Metazoa	1455		False
Q12788	Q12788	Homo sapiens	Metazoa	808		False
Q9NZG7	Q9NZG7	Homo sapiens	Metazoa	142		True
Q7Z419	Q7Z419	Homo sapiens	Metazoa	303		False
O09174	O09174	Mus musculus	Metazoa	381		False
P53920	P53920	Saccharomyces cerevisiae (strain ATCC 204508 / S288c)	Fungi	997		False
O93956	O93956	Emericella nidulans (strain FGSC A4 / ATCC 38163 / CBS 112.46 / NRRL 194 / M139)	Fungi	549		True
Q05958	Q05958	Saccharomyces cerevisiae (strain ATCC 204508 / S288c)	Fungi	814		False
Q93Y32	Q93Y32	Arabidopsis thaliana	Plants	384		False
Q8NHY2	Q8NHY2	Homo sapiens	Metazoa	731		False
Q6VNB8	Q6VNB8	Mus musculus	Metazoa	3508		False
P14731	P14731	Gallus gallus	Metazoa	584		False
Q10573	Q10573	Caenorhabditis elegans	Metazoa	1139		False
O42666	O42666	Schizosaccharomyces pombe (strain 972 / ATCC 24843)	Fungi	243		False
Q9SK50	Q9SK50	Arabidopsis thaliana	Plants	539		False
Q5IBH7	Q5IBH7	Mus musculus	Metazoa	310		False
Q32NR9	Q32NR9	Xenopus laevis	Metazoa	708		False
Q8TC90	Q8TC90	Homo sapiens	Metazoa	406		False
Q07534	Q07534	Saccharomyces cerevisiae (strain ATCC 204508 / S288c)	Fungi	307		True
Q96F07	Q96F07	Homo sapiens	Metazoa	1278		False
P36151	P36151	Saccharomyces cerevisiae (strain ATCC 204508 / S288c)	Fungi	352		False
Q9STF2	Q9STF2	Arabidopsis thaliana	Plants	510		False
Q15058	Q15058	Homo sapiens	Metazoa	1648		False
P52594	P52594	Homo sapiens	Metazoa	562		False
Q9UL03	Q9UL03	Homo sapiens	Metazoa	887		False
Q15398	Q15398	Homo sapiens	Metazoa	846		False
Q9BXP2	Q9BXP2	Homo sapiens	Metazoa	914		True
Q86WB7	Q86WB7	Homo sapiens	Metazoa	457		True
Q8VYZ5	Q8VYZ5	Arabidopsis thaliana	Plants	900		False
Q9LDE4	Q9LDE4	Arabidopsis thaliana	Plants	244		False
O74835	O74835	Schizosaccharomyces pombe (strain 972 / ATCC 24843)	Fungi	1690		False
P82245	P82245	Spinacia oleracea	Plants	148		False
P46781	P46781	Homo sapiens	Metazoa	194		False
P51610	P51610	Homo sapiens	Metazoa	2035		False
Q9H6Z9	Q9H6Z9	Homo sapiens	Metazoa	239		False
Q15834	Q15834	Homo sapiens	Metazoa	202		False
P32914	P32914	Saccharomyces cerevisiae (strain ATCC 204508 / S288c)	Fungi	102		False
Q9U221	Q9U221	Caenorhabditis elegans	Metazoa	282		False
Q39249	Q39249	Arabidopsis thaliana	Plants	462		False
P92792	P92792	Solanum tuberosum	Plants	204		False
P19634	P19634	Homo sapiens	Metazoa	815		False
P32944	P32944	Saccharomyces cerevisiae (strain ATCC 204508 / S288c)	Fungi	819		False
A0A1D8PRB7	A0A1D8PRB7	Candida albicans (strain SC5314 / ATCC MYA-2876)	Fungi	1105		False
Q8LLD0	Q8LLD0	Arabidopsis thaliana	Plants	1046		False
G5EFQ5	G5EFQ5	Caenorhabditis elegans	Metazoa	301		False
Q06683	Q06683	Saccharomyces cerevisiae (strain ATCC 204508 / S288c)	Fungi	689		False
Q9U226	Q9U226	Caenorhabditis elegans	Metazoa	342		False
Q8TDB4	Q8TDB4	Homo sapiens	Metazoa	240		True
Q18909	Q18909	Caenorhabditis elegans	Metazoa	319		False
Q9D818	Q9D818	Mus musculus	Metazoa	391		False
Q9W2H9	Q9W2H9	Drosophila melanogaster	Metazoa	541		False
Q9P3U7	Q9P3U7	Schizosaccharomyces pombe (strain 972 / ATCC 24843)	Fungi	547		True
Q9ZQ19	Q9ZQ19	Arabidopsis thaliana	Plants	279		False
Q63430	Q63430	Rattus norvegicus	Metazoa	154		False
Q10FT0	Q10FT0	Oryza sativa subsp. japonica	Plants	824		False
P28328	P28328	Homo sapiens	Metazoa	305		True
Q8TBE7	Q8TBE7	Homo sapiens	Metazoa	412		False
Q9LEK8	Q9LEK8	Digitalis lanata	Plants	118		False
Q9P7B7	Q9P7B7	Schizosaccharomyces pombe (strain 972 / ATCC 24843)	Fungi	295		False
Q9BZJ8	Q9BZJ8	Homo sapiens	Metazoa	451		True
Q8BP40	Q8BP40	Mus musculus	Metazoa	418		False
O74311	O74311	Schizosaccharomyces pombe (strain 972 / ATCC 24843)	Fungi	150		False
Q9VN91	Q9VN91	Drosophila melanogaster	Metazoa	198		False
P07910	P07910	Homo sapiens	Metazoa	306		False
P38769	P38769	Saccharomyces cerevisiae (strain ATCC 204508 / S288c)	Fungi	630		False
Q94FL6	Q94FL6	Arabidopsis thaliana	Plants	436		False
Q62209	Q62209	Mus musculus	Metazoa	993		False
Q01080	Q01080	Saccharomyces cerevisiae (strain ATCC 204508 / S288c)	Fungi	415		False
O60150	O60150	Schizosaccharomyces pombe (strain 972 / ATCC 24843)	Fungi	361		False
P78527	P78527	Homo sapiens	Metazoa	4128		False
P36517	P36517	Saccharomyces cerevisiae (strain ATCC 204508 / S288c)	Fungi	319		False
Q9NUJ1	Q9NUJ1	Homo sapiens	Metazoa	306		False
Q8NBZ0	Q8NBZ0	Homo sapiens	Metazoa	244		False
Q05905	Q05905	Saccharomyces cerevisiae (strain ATCC 204508 / S288c)	Fungi	244		False
Q9SQR5	Q9SQR5	Arabidopsis thaliana	Plants	554		False
A0A2I0C2C6	A0A2I0C2C6	Plasmodium falciparum (isolate NF54)	Other	3078		False
Q9HFF5	Q9HFF5	Schizosaccharomyces pombe (strain 972 / ATCC 24843)	Fungi	1205		False
O75554	O75554	Homo sapiens	Metazoa	376		False
P54730	P54730	Saccharomyces cerevisiae (strain ATCC 204508 / S288c)	Fungi	416		False
A2AIL4	A2AIL4	Mus musculus	Metazoa	333		False
O35615	O35615	Mus musculus	Metazoa	995		False
Q9JKU3	Q9JKU3	Rattus norvegicus	Metazoa	1749		False
P11836	P11836	Homo sapiens	Metazoa	297		True
O09053	O09053	Mus musculus	Metazoa	1401		False
Q8NC56	Q8NC56	Homo sapiens	Metazoa	503		False
P53330	P53330	Saccharomyces cerevisiae (strain ATCC 204508 / S288c)	Fungi	157		False
Q61234	Q61234	Mus musculus	Metazoa	503		False
Q8VC65	Q8VC65	Mus musculus	Metazoa	262		True
Q9D842	Q9D842	Mus musculus	Metazoa	499		False
Q8VWK0	Q8VWK0	Arabidopsis thaliana	Plants	442		False
O80842	O80842	Arabidopsis thaliana	Plants	366		False
Q9UI32	Q9UI32	Homo sapiens	Metazoa	602		False
Q86YN6	Q86YN6	Homo sapiens	Metazoa	1023		False
Q6C6R8	Q6C6R8	Yarrowia lipolytica (strain CLIB 122 / E 150)	Fungi	417		False
Q9M8S7	Q9M8S7	Arabidopsis thaliana	Plants	313		False
P53201	P53201	Saccharomyces cerevisiae (strain ATCC 204508 / S288c)	Fungi	476		False
Q03525	Q03525	Saccharomyces cerevisiae (strain ATCC 204508 / S288c)	Fungi	211		False
T2BMW7	T2BMW7	Cryptococcus neoformans (strain H99 / ATCC 208821 / CBS 10515 / FGSC 9487)	Fungi	548		False
Q5U623	Q5U623	Homo sapiens	Metazoa	682		False
Q6PB70	Q6PB70	Mus musculus	Metazoa	1060		False
P42232	P42232	Mus musculus	Metazoa	786		False
P49916	P49916	Homo sapiens	Metazoa	1009		False
O35914	O35914	Mus musculus	Metazoa	961		False
Q9XII1	Q9XII1	Arabidopsis thaliana	Plants	307		False
Q9P7C9	Q9P7C9	Schizosaccharomyces pombe (strain 972 / ATCC 24843)	Fungi	304		False
P0DJH7	P0DJH7	Gallus gallus	Metazoa	80		False
Q0JFZ0	Q0JFZ0	Oryza sativa subsp. japonica	Plants	247		False
Q9Y2R0	Q9Y2R0	Homo sapiens	Metazoa	106		True
Q93356	Q93356	Caenorhabditis elegans	Metazoa	278		False
Q94K75	Q94K75	Arabidopsis thaliana	Plants	401		False
P32493	P32493	Saccharomyces cerevisiae (strain ATCC 204508 / S288c)	Fungi	518		False
P08417	P08417	Saccharomyces cerevisiae (strain ATCC 204508 / S288c)	Fungi	488		False
Q99188	Q99188	Saccharomyces cerevisiae (strain ATCC 204508 / S288c)	Fungi	309		False
Q9Y4E5	Q9Y4E5	Homo sapiens	Metazoa	1061		False
Q4WF55	Q4WF55	Aspergillus fumigatus (strain ATCC MYA-4609 / CBS 101355 / FGSC A1100 / Af293)	Fungi	462		False
Q9CAH5	Q9CAH5	Arabidopsis thaliana	Plants	320		True
Q96C01	Q96C01	Homo sapiens	Metazoa	138		False
Q96C12	Q96C12	Homo sapiens	Metazoa	935		False
Q2Z1W2	Q2Z1W2	Gallus gallus	Metazoa	345		False
P32855	P32855	Saccharomyces cerevisiae (strain ATCC 204508 / S288c)	Fungi	1065		False
O94609	O94609	Schizosaccharomyces pombe (strain 972 / ATCC 24843)	Fungi	1012		False
A0A6P3HVI0	A0A6P3HVI0	Bison bison bison	Metazoa	535		True
Q674X7	Q674X7	Homo sapiens	Metazoa	775		False
C4R4G9	C4R4G9	Komagataella phaffii (strain GS115 / ATCC 20864)	Fungi	344		False
Q9H008	Q9H008	Homo sapiens	Metazoa	270		False
Q9USQ4	Q9USQ4	Schizosaccharomyces pombe (strain 972 / ATCC 24843)	Fungi	396		False
Q6Z955	Q6Z955	Oryza sativa subsp. japonica	Plants	518		False
Q9NX04	Q9NX04	Homo sapiens	Metazoa	203		False
Q9JK95	Q9JK95	Mus musculus	Metazoa	193		True
Q9LS02	Q9LS02	Arabidopsis thaliana	Plants	253		False
Q9UQY9	Q9UQY9	Schizosaccharomyces pombe (strain 972 / ATCC 24843)	Fungi	429		False
Q02796	Q02796	Saccharomyces cerevisiae (strain ATCC 204508 / S288c)	Fungi	332		False
Q9NVR2	Q9NVR2	Homo sapiens	Metazoa	710		False
Q9VC45	Q9VC45	Drosophila melanogaster	Metazoa	1954		False
Q9BSI4	Q9BSI4	Homo sapiens	Metazoa	451		False
P22813	P22813	Drosophila melanogaster	Metazoa	691		False
Q96H22	Q96H22	Homo sapiens	Metazoa	339		False
Q9Y4K3	Q9Y4K3	Homo sapiens	Metazoa	522		False
P62847	P62847	Homo sapiens	Metazoa	133		False
Q6P6J4	Q6P6J4	Mus musculus	Metazoa	239		False
P50539	P50539	Homo sapiens	Metazoa	228		False
O75603	O75603	Homo sapiens	Metazoa	506		False
Q587E3	Q587E3	Trypanosoma brucei brucei (strain 927/4 GUTat10.1)	Other	735		False
Q63342	Q63342	Rattus norvegicus	Metazoa	857		False
Q84JG2	Q84JG2	Arabidopsis thaliana	Plants	469		False
E2RU10	E2RU10	Giardia intestinalis (strain ATCC 50803 / WB clone C6)	Other	238		False
Q03760	Q03760	Saccharomyces cerevisiae (strain ATCC 204508 / S288c)	Fungi	334		False
P25046	P25046	Saccharomyces cerevisiae (strain ATCC 204508 / S288c)	Fungi	220		False
Q8NF64	Q8NF64	Homo sapiens	Metazoa	920		False
O74553	O74553	Schizosaccharomyces pombe (strain 972 / ATCC 24843)	Fungi	326		False
P50531	P50531	Schizosaccharomyces pombe (strain 972 / ATCC 24843)	Fungi	606		False
Q9UF56	Q9UF56	Homo sapiens	Metazoa	701		False
Q9P7E0	Q9P7E0	Schizosaccharomyces pombe (strain 972 / ATCC 24843)	Fungi	79		True
Q9H8W5	Q9H8W5	Homo sapiens	Metazoa	580		False
Q9NVH0	Q9NVH0	Homo sapiens	Metazoa	621		True
Q9HGN4	Q9HGN4	Schizosaccharomyces pombe (strain 972 / ATCC 24843)	Fungi	151		False
O70531	O70531	Rattus norvegicus	Metazoa	739		False
P55199	P55199	Homo sapiens	Metazoa	621		False
Q15047	Q15047	Homo sapiens	Metazoa	1291		False
Q86WP2	Q86WP2	Homo sapiens	Metazoa	473		False
Q02060	Q02060	Spinacia oleracea	Plants	274		False
A0A120KVR5	A0A120KVR5	Trypanosoma brucei brucei	Other	1642		False
Q708Y0	Q708Y0	Arabidopsis thaliana	Plants	623		False
P22224	P22224	Saccharomyces cerevisiae (strain ATCC 204508 / S288c)	Fungi	910		False
Q92688	Q92688	Homo sapiens	Metazoa	251		False
Q8BHK1	Q8BHK1	Mus musculus	Metazoa	323		True
Q09808	Q09808	Schizosaccharomyces pombe (strain 972 / ATCC 24843)	Fungi	152		False
Q04847	Q04847	Saccharomyces cerevisiae (strain ATCC 204508 / S288c)	Fungi	553		False
P82970	P82970	Homo sapiens	Metazoa	282		False
Q8VWG3	Q8VWG3	Arabidopsis thaliana	Plants	303		False
O02351	O02351	Antheraea polyphemus	Metazoa	525		True
Q1MT80	Q1MT80	Danio rerio	Metazoa	618		False
P47074	P47074	Saccharomyces cerevisiae (strain ATCC 204508 / S288c)	Fungi	515		False
Q96BN2	Q96BN2	Homo sapiens	Metazoa	335		False
Q6UB28	Q6UB28	Homo sapiens	Metazoa	335		False
Q10103	Q10103	Schizosaccharomyces pombe (strain 972 / ATCC 24843)	Fungi	960		False
Q9UU79	Q9UU79	Schizosaccharomyces pombe (strain 972 / ATCC 24843)	Fungi	260		False
A8CEI3	A8CEI3	Leucaena leucocephala	Plants	443		False
O49687	O49687	Arabidopsis thaliana	Plants	589		False
Q9SJQ6	Q9SJQ6	Arabidopsis thaliana	Plants	1393		False
P40995	P40995	Schizosaccharomyces pombe (strain 972 / ATCC 24843)	Fungi	872		False
Q12066	Q12066	Saccharomyces cerevisiae (strain ATCC 204508 / S288c)	Fungi	484		False
Q12179	Q12179	Saccharomyces cerevisiae (strain ATCC 204508 / S288c)	Fungi	454		False
O54697	O54697	Rattus norvegicus	Metazoa	745		True
Q9Y512	Q9Y512	Homo sapiens	Metazoa	469		False
Q61884	Q61884	Mus musculus	Metazoa	491		False
Q3ZBF6	Q3ZBF6	Bos taurus	Metazoa	412		False
Q9VWE6	Q9VWE6	Drosophila melanogaster	Metazoa	2111		False
Q2NL27	Q2NL27	Bos taurus	Metazoa	190		False
P43079	P43079	Candida albicans (strain SC5314 / ATCC MYA-2876)	Fungi	656		False
Q9UKV3	Q9UKV3	Homo sapiens	Metazoa	1341		False
Q557E7	Q557E7	Dictyostelium discoideum	Other	665		False
Q9LSC4	Q9LSC4	Arabidopsis thaliana	Plants	344		False
P40543	P40543	Saccharomyces cerevisiae (strain ATCC 204508 / S288c)	Fungi	189		False
Q12433	Q12433	Saccharomyces cerevisiae (strain ATCC 204508 / S288c)	Fungi	566		False
A0A0K2GUJ4	A0A0K2GUJ4	Dermatophagoides pteronyssinus	Metazoa	118		False
Q810H6	Q810H6	Rattus norvegicus	Metazoa	846		False
P50947	P50947	Saccharomyces cerevisiae (strain ATCC 204508 / S288c)	Fungi	330		False
Q01560	Q01560	Saccharomyces cerevisiae (strain ATCC 204508 / S288c)	Fungi	414		False
O94418	O94418	Schizosaccharomyces pombe (strain 972 / ATCC 24843)	Fungi	851		False
Q08683	Q08683	Saccharomyces cerevisiae (strain ATCC 204508 / S288c)	Fungi	685		False
Q15172	Q15172	Homo sapiens	Metazoa	486		False
Q96BY2	Q96BY2	Homo sapiens	Metazoa	351		False
O14328	O14328	Schizosaccharomyces pombe (strain 972 / ATCC 24843)	Fungi	474		False
P35710	P35710	Mus musculus	Metazoa	763		False
O94668	O94668	Schizosaccharomyces pombe (strain 972 / ATCC 24843)	Fungi	388		False
P08044	P08044	Drosophila melanogaster	Metazoa	390		False
Q9FN48	Q9FN48	Arabidopsis thaliana	Plants	387		False
Q9VM71	Q9VM71	Drosophila melanogaster	Metazoa	908		False
Q08457	Q08457	Saccharomyces cerevisiae (strain ATCC 204508 / S288c)	Fungi	257		False
P0DYC3	P0DYC3	Talaromyces sp	Fungi	665		False
P18847	P18847	Homo sapiens	Metazoa	181		False
Q9BXJ9	Q9BXJ9	Homo sapiens	Metazoa	866		False
Q6Y5D8	Q6Y5D8	Mus musculus	Metazoa	786		False
P40060	P40060	Saccharomyces cerevisiae (strain ATCC 204508 / S288c)	Fungi	125		False
P26569	P26569	Arabidopsis thaliana	Plants	273		False
Q8WVX9	Q8WVX9	Homo sapiens	Metazoa	515		False
O22161	O22161	Arabidopsis thaliana	Plants	930		False
Q54QR9	Q54QR9	Dictyostelium discoideum	Other	584		False
Q9UJX4	Q9UJX4	Homo sapiens	Metazoa	755		False
Q9Y5Y0	Q9Y5Y0	Homo sapiens	Metazoa	555		False
P07248	P07248	Saccharomyces cerevisiae (strain ATCC 204508 / S288c)	Fungi	1323		False
Q8BTW8	Q8BTW8	Mus musculus	Metazoa	588		False
P21357	P21357	Solanum tuberosum	Plants	538		False
G5EGA3	G5EGA3	Caenorhabditis elegans	Metazoa	704		False
O13800	O13800	Schizosaccharomyces pombe (strain 972 / ATCC 24843)	Fungi	230		False
Q4ZGE1	Q4ZGE1	Schizosaccharomyces pombe (strain 972 / ATCC 24843)	Fungi	61		True
Q54XQ2	Q54XQ2	Dictyostelium discoideum	Other	1125		False
P34707	P34707	Caenorhabditis elegans	Metazoa	623		False
Q12106	Q12106	Saccharomyces cerevisiae (strain ATCC 204508 / S288c)	Fungi	302		True
P24309	P24309	Saccharomyces cerevisiae (strain ATCC 204508 / S288c)	Fungi	405		False
P0DYC2	P0DYC2	Talaromyces sp	Fungi	412		True
Q9FNE9	Q9FNE9	Arabidopsis thaliana	Plants	349		False
Q5TKA1	Q5TKA1	Homo sapiens	Metazoa	542		False
Q9Y7J1	Q9Y7J1	Schizosaccharomyces pombe (strain 972 / ATCC 24843)	Fungi	474		False
Q9ULX3	Q9ULX3	Homo sapiens	Metazoa	412		False
O76906	O76906	Drosophila melanogaster	Metazoa	982		False
Q8R4N0	Q8R4N0	Mus musculus	Metazoa	338		False
Q9NZ81	Q9NZ81	Homo sapiens	Metazoa	148		False
Q969P5	Q969P5	Homo sapiens	Metazoa	355		False
Q9GYU8	Q9GYU8	Drosophila melanogaster	Metazoa	702		False
Q6ZIV7	Q6ZIV7	Oryza sativa subsp. japonica	Plants	284		False
Q9DAT5	Q9DAT5	Mus musculus	Metazoa	417		False
P40457	P40457	Saccharomyces cerevisiae (strain ATCC 204508 / S288c)	Fungi	1679		False
Q9NRP2	Q9NRP2	Homo sapiens	Metazoa	79		False
Q9BUU2	Q9BUU2	Homo sapiens	Metazoa	404		False
Q32NC0	Q32NC0	Homo sapiens	Metazoa	220		False
P52168	P52168	Drosophila melanogaster	Metazoa	540		False
Q96TA1	Q96TA1	Homo sapiens	Metazoa	746		False
P0DO24	P0DO24	Arabidopsis thaliana	Plants	649		False
Q14916	Q14916	Homo sapiens	Metazoa	467		True
Q69TW5	Q69TW5	Oryza sativa subsp. japonica	Plants	324		False
Q62417	Q62417	Mus musculus	Metazoa	1290		False
Q9VGH1	Q9VGH1	Drosophila melanogaster	Metazoa	520		False
Q1H5E9	Q1H5E9	Arabidopsis thaliana	Plants	397		False
Q9UBP6	Q9UBP6	Homo sapiens	Metazoa	276		False
P40992	P40992	Saccharomyces cerevisiae (strain ATCC 204508 / S288c)	Fungi	514		False
Q9HB58	Q9HB58	Homo sapiens	Metazoa	689		False
O54931	O54931	Mus musculus	Metazoa	1089		False
Q9LEV3	Q9LEV3	Arabidopsis thaliana	Plants	206		False
Q9W420	Q9W420	Drosophila melanogaster	Metazoa	1831		False
O42647	O42647	Schizosaccharomyces pombe (strain 972 / ATCC 24843)	Fungi	188		False
Q9P7L2	Q9P7L2	Schizosaccharomyces pombe (strain 972 / ATCC 24843)	Fungi	425		False
P40568	P40568	Saccharomyces cerevisiae (strain ATCC 204508 / S288c)	Fungi	576		False
Q9STY0	Q9STY0	Arabidopsis thaliana	Plants	227		True
Q9SU05	Q9SU05	Arabidopsis thaliana	Plants	382		False
P53168	P53168	Saccharomyces cerevisiae (strain ATCC 204508 / S288c)	Fungi	247		False
Q9CQ91	Q9CQ91	Mus musculus	Metazoa	84		True
Q9USU8	Q9USU8	Schizosaccharomyces pombe (strain 972 / ATCC 24843)	Fungi	551		False
O94311	O94311	Schizosaccharomyces pombe (strain 972 / ATCC 24843)	Fungi	180		False
P38818	P38818	Saccharomyces cerevisiae (strain ATCC 204508 / S288c)	Fungi	585		False
Q9NZZ3	Q9NZZ3	Homo sapiens	Metazoa	219		False
Q06340	Q06340	Saccharomyces cerevisiae (strain ATCC 204508 / S288c)	Fungi	456		False
Q32KD2	Q32KD2	Drosophila melanogaster	Metazoa	1262		False
Q6B9X6	Q6B9X6	Dictyostelium discoideum	Other	625		False
Q791V5	Q791V5	Mus musculus	Metazoa	303		True
P01129	P01129	Schizosaccharomyces pombe (strain 972 / ATCC 24843)	Fungi	767		False
Q00497	Q00497	Solanum lycopersicum	Plants	300		False
O60104	O60104	Schizosaccharomyces pombe (strain 972 / ATCC 24843)	Fungi	376		False
Q9UJW9	Q9UJW9	Homo sapiens	Metazoa	196		False
O80536	O80536	Arabidopsis thaliana	Plants	524		False
H9JBU5	H9JBU5	Bombyx mori	Metazoa	157		True
Q00723	Q00723	Saccharomyces cerevisiae (strain ATCC 204508 / S288c)	Fungi	242		False
P40167	P40167	Saccharomyces cerevisiae (strain ATCC 204508 / S288c)	Fungi	298		False
Q9VDV3	Q9VDV3	Drosophila melanogaster	Metazoa	546		False
Q9LUA3	Q9LUA3	Arabidopsis thaliana	Plants	122		False
F4J284	F4J284	Arabidopsis thaliana	Plants	860		False
O15014	O15014	Homo sapiens	Metazoa	1411		False
Q9FK23	Q9FK23	Arabidopsis thaliana	Plants	500		False
P40897	P40897	Saccharomyces cerevisiae (strain ATCC 204508 / S288c)	Fungi	799		False
Q9H078	Q9H078	Homo sapiens	Metazoa	707		False
O43299	O43299	Homo sapiens	Metazoa	807		False
Q9SYM2	Q9SYM2	Arabidopsis thaliana	Plants	299		False
Q3UUI3	Q3UUI3	Mus musculus	Metazoa	230		False
O14730	O14730	Homo sapiens	Metazoa	519		False
O13803	O13803	Schizosaccharomyces pombe (strain 972 / ATCC 24843)	Fungi	601		False
P53159	P53159	Saccharomyces cerevisiae (strain ATCC 204508 / S288c)	Fungi	387		False
Q9H8K7	Q9H8K7	Homo sapiens	Metazoa	445		False
P43309	P43309	Malus domestica	Plants	593		False
Q6AX31	Q6AX31	Xenopus laevis	Metazoa	660		True
Q969V5	Q969V5	Homo sapiens	Metazoa	352		True
P07390	P07390	Saccharomyces cerevisiae (strain ATCC 204508 / S288c)	Fungi	489		False
P20618	P20618	Homo sapiens	Metazoa	241		False
Q9LSA9	Q9LSA9	Arabidopsis thaliana	Plants	339		False
Q9BW71	Q9BW71	Homo sapiens	Metazoa	556		False
Q9H0A8	Q9H0A8	Homo sapiens	Metazoa	199		False
O43044	O43044	Schizosaccharomyces pombe (strain 972 / ATCC 24843)	Fungi	1136		False
Q5T197	Q5T197	Homo sapiens	Metazoa	706		True
Q5VZV1	Q5VZV1	Homo sapiens	Metazoa	264		False
O14215	O14215	Schizosaccharomyces pombe (strain 972 / ATCC 24843)	Fungi	454		False
P38969	P38969	Saccharomyces cerevisiae (strain ATCC 204508 / S288c)	Fungi	423		False
Q9VE86	Q9VE86	Drosophila melanogaster	Metazoa	353		False
Q9XVS4	Q9XVS4	Caenorhabditis elegans	Metazoa	971		False
A0A2K3DZC4	A0A2K3DZC4	Chlamydomonas reinhardtii	Plants	156		False
P04789	P04789	Trypanosoma brucei brucei	Other	250		False
Q96C03	Q96C03	Homo sapiens	Metazoa	454		True
Q7YTB0	Q7YTB0	Bombyx mori	Metazoa	661		False
A1L167	A1L167	Homo sapiens	Metazoa	161		False
Q5HZG9	Q5HZG9	Mus musculus	Metazoa	337		False
P17152	P17152	Homo sapiens	Metazoa	192		True
Q9LK88	Q9LK88	Arabidopsis thaliana	Plants	196		False
Q585P3	Q585P3	Trypanosoma brucei brucei (strain 927/4 GUTat10.1)	Other	524		False
Q3YEC7	Q3YEC7	Homo sapiens	Metazoa	729		False
Q80UF7	Q80UF7	Mus musculus	Metazoa	732		False
P40566	P40566	Saccharomyces cerevisiae (strain ATCC 204508 / S288c)	Fungi	764		False
Q10SY9	Q10SY9	Oryza sativa subsp. japonica	Plants	472		True
Q9NVI7	Q9NVI7	Homo sapiens	Metazoa	586		False
Q9S7E4	Q9S7E4	Arabidopsis thaliana	Plants	384		False
O35250	O35250	Mus musculus	Metazoa	697		False
O13684	O13684	Schizosaccharomyces pombe (strain 972 / ATCC 24843)	Fungi	261		False
P10069	P10069	Emericella nidulans (strain FGSC A4 / ATCC 38163 / CBS 112.46 / NRRL 194 / M139)	Fungi	432		False
P40326	P40326	Saccharomyces cerevisiae (strain ATCC 204508 / S288c)	Fungi	108		False
Q9Y584	Q9Y584	Homo sapiens	Metazoa	194		True
Q62504	Q62504	Mus musculus	Metazoa	3644		False
Q06102	Q06102	Saccharomyces cerevisiae (strain ATCC 204508 / S288c)	Fungi	208		False
O44997	O44997	Caenorhabditis elegans	Metazoa	1425		False
O42648	O42648	Schizosaccharomyces pombe (strain 972 / ATCC 24843)	Fungi	341		False
P16522	P16522	Saccharomyces cerevisiae (strain ATCC 204508 / S288c)	Fungi	626		False
O74904	O74904	Schizosaccharomyces pombe (strain 972 / ATCC 24843)	Fungi	122		False
Q7S1Z3	Q7S1Z3	Neurospora crassa (strain ATCC 24698 / 74-OR23-1A / CBS 708.71 / DSM 1257 / FGSC 987)	Fungi	368		False
Q9VCH5	Q9VCH5	Drosophila melanogaster	Metazoa	1960		False
Q3UNH4	Q3UNH4	Mus musculus	Metazoa	932		False
P40069	P40069	Saccharomyces cerevisiae (strain ATCC 204508 / S288c)	Fungi	1113		False
Q57UZ7	Q57UZ7	Trypanosoma brucei brucei (strain 927/4 GUTat10.1)	Other	550		False
F4JYC8	F4JYC8	Arabidopsis thaliana	Plants	1706		False
Q99990	Q99990	Homo sapiens	Metazoa	258		False
Q9P6R0	Q9P6R0	Schizosaccharomyces pombe (strain 972 / ATCC 24843)	Fungi	492		False
Q99PU7	Q99PU7	Mus musculus	Metazoa	728		False
A0A087X1C5	A0A087X1C5	Homo sapiens	Metazoa	515		True
A0A2Z4LIS9	A0A2Z4LIS9	Homo sapiens	Metazoa	290		False
Q8W5B1	Q8W5B1	Arabidopsis thaliana	Plants	440		False
Q9NV70	Q9NV70	Homo sapiens	Metazoa	894		False
Q08818	Q08818	Saccharomyces cerevisiae (strain ATCC 204508 / S288c)	Fungi	692		False
Q12349	Q12349	Saccharomyces cerevisiae (strain ATCC 204508 / S288c)	Fungi	124		False
Q9USX4	Q9USX4	Schizosaccharomyces pombe (strain 972 / ATCC 24843)	Fungi	108		False
Q04002	Q04002	Saccharomyces cerevisiae (strain ATCC 204508 / S288c)	Fungi	1493		False
Q03079	Q03079	Saccharomyces cerevisiae (strain ATCC 204508 / S288c)	Fungi	207		False
Q92934	Q92934	Homo sapiens	Metazoa	168		False
O95347	O95347	Homo sapiens	Metazoa	1197		False
P29266	P29266	Rattus norvegicus	Metazoa	335		False
Q91XU0	Q91XU0	Mus musculus	Metazoa	660		False
C0HMD7	C0HMD7	Homo sapiens	Metazoa	151		False
B6TTV8	B6TTV8	Zea mays	Plants	498		False
P40546	P40546	Saccharomyces cerevisiae (strain ATCC 204508 / S288c)	Fungi	346		False
Q6ZMU5	Q6ZMU5	Homo sapiens	Metazoa	477		False
Q9P7M1	Q9P7M1	Schizosaccharomyces pombe (strain 972 / ATCC 24843)	Fungi	491		False
Q0P5I5	Q0P5I5	Bos taurus	Metazoa	327		False
Q9ZWS6	Q9ZWS6	Arabidopsis thaliana	Plants	186		False
Q9ZPX5	Q9ZPX5	Arabidopsis thaliana	Plants	632		False
P10242	P10242	Homo sapiens	Metazoa	640		False
P62277	P62277	Homo sapiens	Metazoa	151		False
P14284	P14284	Saccharomyces cerevisiae (strain ATCC 204508 / S288c)	Fungi	1504		False
Q9H9Q4	Q9H9Q4	Homo sapiens	Metazoa	299		False
F4KFB3	F4KFB3	Arabidopsis thaliana	Plants	598		False
O36030	O36030	Schizosaccharomyces pombe (strain 972 / ATCC 24843)	Fungi	391		False
Q9FEN9	Q9FEN9	Arabidopsis thaliana	Plants	228		False
Q9SLJ2	Q9SLJ2	Arabidopsis thaliana	Plants	98		False
Q8IYW5	Q8IYW5	Homo sapiens	Metazoa	571		False
Q15003	Q15003	Homo sapiens	Metazoa	741		False
Q0WP44	Q0WP44	Arabidopsis thaliana	Plants	1202		False
Q7XBS0	Q7XBS0	Oryza sativa subsp. japonica	Plants	721		True
Q8BX46	Q8BX46	Mus musculus	Metazoa	964		False
P38781	P38781	Saccharomyces cerevisiae (strain ATCC 204508 / S288c)	Fungi	883		False
Q9UUB5	Q9UUB5	Schizosaccharomyces pombe (strain 972 / ATCC 24843)	Fungi	329		False
A0A0D2Y5A7	A0A0D2Y5A7	Fusarium oxysporum f. sp. lycopersici (strain 4287 / CBS 123668 / FGSC 9935 / NRRL 34936)	Fungi	457		False
Q7ZYP6	Q7ZYP6	Xenopus laevis	Metazoa	626		False
Q6PCD5	Q6PCD5	Homo sapiens	Metazoa	774		False
F4I9G2	F4I9G2	Arabidopsis thaliana	Plants	426		False
Q6E434	Q6E434	Schizosaccharomyces pombe (strain 972 / ATCC 24843)	Fungi	485		False
Q7Z695	Q7Z695	Homo sapiens	Metazoa	626		False
Q9JJK1	Q9JJK1	Rattus norvegicus	Metazoa	265		True
D3ZXW3	D3ZXW3	Rattus norvegicus	Metazoa	298		False
Q5I2A0	Q5I2A0	Mus musculus	Metazoa	440		False
Q8MLV1	Q8MLV1	Drosophila melanogaster	Metazoa	741		False
P54939	P54939	Gallus gallus	Metazoa	2541		False
Q9N5A8	Q9N5A8	Caenorhabditis elegans	Metazoa	228		False
Q9ESK9	Q9ESK9	Mus musculus	Metazoa	1588		False
Q9FG00	Q9FG00	Arabidopsis thaliana	Plants	491		True
Q9W6G7	Q9W6G7	Xenopus laevis	Metazoa	463		False
Q21986	Q21986	Caenorhabditis elegans	Metazoa	958		False
Q6DFQ7	Q6DFQ7	Xenopus tropicalis	Metazoa	342		True
P15330	P15330	Drosophila melanogaster	Metazoa	999		False
D3ZKB9	D3ZKB9	Rattus norvegicus	Metazoa	1072		False
Q6C354	Q6C354	Yarrowia lipolytica (strain CLIB 122 / E 150)	Fungi	520		False
P78345	P78345	Homo sapiens	Metazoa	283		False
Q9SKZ5	Q9SKZ5	Arabidopsis thaliana	Plants	560		False
P49640	P49640	Homo sapiens	Metazoa	407		False
O95568	O95568	Homo sapiens	Metazoa	372		False
Q02764	Q02764	Nicotiana tabacum	Plants	187		False
O94621	O94621	Schizosaccharomyces pombe (strain 972 / ATCC 24843)	Fungi	365		False
Q05942	Q05942	Saccharomyces cerevisiae (strain ATCC 204508 / S288c)	Fungi	220		False
Q03372	Q03372	Drosophila melanogaster	Metazoa	515		False
P14618	P14618	Homo sapiens	Metazoa	531		False
Q283Q6	Q283Q6	Xenopus laevis	Metazoa	784		False
Q8VIM5	Q8VIM5	Mus musculus	Metazoa	935		False
Q8R4T1	Q8R4T1	Mus musculus	Metazoa	145		False
O18475	O18475	Drosophila melanogaster	Metazoa	2059		False
F4ICK8	F4ICK8	Arabidopsis thaliana	Plants	502		False
O60164	O60164	Schizosaccharomyces pombe (strain 972 / ATCC 24843)	Fungi	607		False
O22287	O22287	Arabidopsis thaliana	Plants	361		False
P14736	P14736	Saccharomyces cerevisiae (strain ATCC 204508 / S288c)	Fungi	754		False
P09547	P09547	Saccharomyces cerevisiae (strain ATCC 204508 / S288c)	Fungi	1314		False
P38065	P38065	Saccharomyces cerevisiae (strain ATCC 204508 / S288c)	Fungi	1025		False
Q9Z110	Q9Z110	Mus musculus	Metazoa	795		False
P63161	P63161	Rattus norvegicus	Metazoa	123		True
Q6P161	Q6P161	Homo sapiens	Metazoa	138		False
Q8K1R3	Q8K1R3	Mus musculus	Metazoa	783		False
A1Z830	A1Z830	Drosophila melanogaster	Metazoa	485		False
Q96EV2	Q96EV2	Homo sapiens	Metazoa	1170		False
B6HQ74	B6HQ74	Penicillium rubens (strain ATCC 28089 / DSM 1075 / NRRL 1951 / Wisconsin 54-1255)	Fungi	390		False
Q3UB74	Q3UB74	Mus musculus	Metazoa	406		False
Q8R0W0	Q8R0W0	Mus musculus	Metazoa	6548		False
Q91ZE0	Q91ZE0	Mus musculus	Metazoa	421		False
Q64727	Q64727	Mus musculus	Metazoa	1066		False
O55102	O55102	Mus musculus	Metazoa	125		False
O75179	O75179	Homo sapiens	Metazoa	2603		False
O75955	O75955	Homo sapiens	Metazoa	427		False
P41218	P41218	Homo sapiens	Metazoa	407		False
Q08282	Q08282	Saccharomyces cerevisiae (strain ATCC 204508 / S288c)	Fungi	695		False
Q1K730	Q1K730	Neurospora crassa (strain ATCC 24698 / 74-OR23-1A / CBS 708.71 / DSM 1257 / FGSC 987)	Fungi	447		False
Q8R3H9	Q8R3H9	Mus musculus	Metazoa	386		False
O60733	O60733	Homo sapiens	Metazoa	806		False
Q9VIV2	Q9VIV2	Drosophila melanogaster	Metazoa	1062		False
H9G301	H9G301	Caenorhabditis elegans	Metazoa	202		False
Q9S7E9	Q9S7E9	Arabidopsis thaliana	Plants	481		False
Q04477	Q04477	Saccharomyces cerevisiae (strain ATCC 204508 / S288c)	Fungi	213		False
Q9Y448	Q9Y448	Homo sapiens	Metazoa	316		False
Q9BVI4	Q9BVI4	Homo sapiens	Metazoa	516		False
Q53FT3	Q53FT3	Homo sapiens	Metazoa	197		False
P32103	P32103	Euplotes eurystomus	Other	135		False
G5EEG1	G5EEG1	Caenorhabditis elegans	Metazoa	482		False
P53102	P53102	Saccharomyces cerevisiae (strain ATCC 204508 / S288c)	Fungi	219		False
Q9BRJ2	Q9BRJ2	Homo sapiens	Metazoa	306		False
Q6EPW7	Q6EPW7	Oryza sativa subsp. japonica	Plants	233		False
Q9NVI1	Q9NVI1	Homo sapiens	Metazoa	1328		False
P60602	P60602	Homo sapiens	Metazoa	79		True
Q9C685	Q9C685	Arabidopsis thaliana	Plants	211		False
P60002	P60002	Homo sapiens	Metazoa	83		False
O54982	O54982	Mus musculus	Metazoa	1121		True
Q86Y91	Q86Y91	Homo sapiens	Metazoa	852		False
F4I718	F4I718	Arabidopsis thaliana	Plants	2136		False
P53264	P53264	Saccharomyces cerevisiae (strain ATCC 204508 / S288c)	Fungi	445		False
Q9FGQ9	Q9FGQ9	Arabidopsis thaliana	Plants	177		False
Q8VIM4	Q8VIM4	Mus musculus	Metazoa	307		True
P34619	P34619	Caenorhabditis elegans	Metazoa	813		False
Q99NB1	Q99NB1	Mus musculus	Metazoa	682		False
S0DHV6	S0DHV6	Gibberella fujikuroi (strain CBS 195.34 / IMI 58289 / NRRL A-6831)	Fungi	530		False
Q08687	Q08687	Saccharomyces cerevisiae (strain ATCC 204508 / S288c)	Fungi	178		False
Q93ZG9	Q93ZG9	Arabidopsis thaliana	Plants	477		False
Q96E09	Q96E09	Homo sapiens	Metazoa	287		False
Q09142	Q09142	Schizosaccharomyces pombe (strain 972 / ATCC 24843)	Fungi	499		False
Q8GZR2	Q8GZR2	Euglena gracilis	Other	496		False
Q9ERG0	Q9ERG0	Mus musculus	Metazoa	753		False
P14832	P14832	Saccharomyces cerevisiae (strain ATCC 204508 / S288c)	Fungi	162		False
Q6PD74	Q6PD74	Homo sapiens	Metazoa	315		False
P60896	P60896	Homo sapiens	Metazoa	70		False
Q91WK7	Q91WK7	Mus musculus	Metazoa	299		False
P13618	P13618	Sus scrofa	Metazoa	76		False
Q9FIX1	Q9FIX1	Arabidopsis thaliana	Plants	172		False
Q923W1	Q923W1	Mus musculus	Metazoa	853		False
P07195	P07195	Homo sapiens	Metazoa	334		False
P24813	P24813	Saccharomyces cerevisiae (strain ATCC 204508 / S288c)	Fungi	409		False
P53808	P53808	Mus musculus	Metazoa	214		False
P32432	P32432	Saccharomyces cerevisiae (strain ATCC 204508 / S288c)	Fungi	683		False
A0A8I5ZT12	A0A8I5ZT12	Rattus norvegicus	Metazoa	1484		False
P17106	P17106	Saccharomyces cerevisiae (strain ATCC 204508 / S288c)	Fungi	351		False
Q9VFX3	Q9VFX3	Drosophila melanogaster	Metazoa	137		True
P59540	P59540	Homo sapiens	Metazoa	309		True
Q3UL36	Q3UL36	Mus musculus	Metazoa	271		False
Q69P94	Q69P94	Oryza sativa subsp. japonica	Plants	232		False
P41920	P41920	Saccharomyces cerevisiae (strain ATCC 204508 / S288c)	Fungi	201		False
P06786	P06786	Saccharomyces cerevisiae (strain ATCC 204508 / S288c)	Fungi	1428		False
Q10059	Q10059	Schizosaccharomyces pombe (strain 972 / ATCC 24843)	Fungi	1841		False
Q38998	Q38998	Arabidopsis thaliana	Plants	857		True
P51587	P51587	Homo sapiens	Metazoa	3418		False
P34162	P34162	Saccharomyces cerevisiae (strain ATCC 204508 / S288c)	Fungi	210		False
Q96EY5	Q96EY5	Homo sapiens	Metazoa	273		False
Q43157	Q43157	Spinacia oleracea	Plants	285		False
P53289	P53289	Saccharomyces cerevisiae (strain ATCC 204508 / S288c)	Fungi	263		False
Q9Z206	Q9Z206	Mus musculus	Metazoa	595		False
P42737	P42737	Arabidopsis thaliana	Plants	331		False
Q8L960	Q8L960	Arabidopsis thaliana	Plants	410		False
O01367	O01367	Drosophila melanogaster	Metazoa	405		False
P00415	P00415	Bos taurus	Metazoa	261		True
P23492	P23492	Mus musculus	Metazoa	289		False
O13600	O13600	Schizosaccharomyces pombe (strain 972 / ATCC 24843)	Fungi	209		False
Q9FXI5	Q9FXI5	Arabidopsis thaliana	Plants	794		False
Q08985	Q08985	Saccharomyces cerevisiae (strain ATCC 204508 / S288c)	Fungi	325		False
O43070	O43070	Schizosaccharomyces pombe (strain 972 / ATCC 24843)	Fungi	613		False
O13826	O13826	Schizosaccharomyces pombe (strain 972 / ATCC 24843)	Fungi	254		False
O22059	O22059	Arabidopsis thaliana	Plants	94		False
Q9STY4	Q9STY4	Arabidopsis thaliana	Plants	599		False
Q84VX3	Q84VX3	Arabidopsis thaliana	Plants	626		False
Q05021	Q05021	Saccharomyces cerevisiae (strain ATCC 204508 / S288c)	Fungi	590		False
Q500V5	Q500V5	Arabidopsis thaliana	Plants	517		False
Q9DAD6	Q9DAD6	Mus musculus	Metazoa	137		False
Q12511	Q12511	Saccharomyces cerevisiae (strain ATCC 204508 / S288c)	Fungi	572		False
O81775	O81775	Arabidopsis thaliana	Plants	158		True
Q9NZC9	Q9NZC9	Homo sapiens	Metazoa	954		False
P00314	P00314	Galdieria sulphuraria	Other	161		False
Q8R107	Q8R107	Mus musculus	Metazoa	217		False
O95630	O95630	Homo sapiens	Metazoa	424		False
Q9H910	Q9H910	Homo sapiens	Metazoa	190		False
Q8WWM7	Q8WWM7	Homo sapiens	Metazoa	1075		False
Q94AX2	Q94AX2	Arabidopsis thaliana	Plants	277		False
P43619	P43619	Saccharomyces cerevisiae (strain ATCC 204508 / S288c)	Fungi	295		False
P38852	P38852	Saccharomyces cerevisiae (strain ATCC 204508 / S288c)	Fungi	340		False
P32524	P32524	Saccharomyces cerevisiae (strain ATCC 204508 / S288c)	Fungi	280		False
Q93442	Q93442	Caenorhabditis elegans	Metazoa	2862		False
A0A436ZRX2	A0A436ZRX2	Arthrobotrys flagrans	Fungi	353		False
Q8N3V7	Q8N3V7	Homo sapiens	Metazoa	929		False
D3Z649	D3Z649	Mus musculus	Metazoa	1135		True
P49789	P49789	Homo sapiens	Metazoa	147		False
Q96CU9	Q96CU9	Homo sapiens	Metazoa	486		True
Q0JEB7	Q0JEB7	Oryza sativa subsp. japonica	Plants	310		False
Q9HAB3	Q9HAB3	Homo sapiens	Metazoa	445		True
Q9BRT2	Q9BRT2	Homo sapiens	Metazoa	126		False
Q6IEG0	Q6IEG0	Homo sapiens	Metazoa	339		False
P30706	P30706	Pisum sativum	Plants	457		False
Q96IR7	Q96IR7	Homo sapiens	Metazoa	371		False
A0A1D6IEG9	A0A1D6IEG9	Zea mays	Plants	668		False
P35551	P35551	Schizosaccharomyces pombe (strain 972 / ATCC 24843)	Fungi	305		False
Q12297	Q12297	Saccharomyces cerevisiae (strain ATCC 204508 / S288c)	Fungi	353		False
A2AIV2	A2AIV2	Mus musculus	Metazoa	1811		False
Q9GZH2	Q9GZH2	Caenorhabditis elegans	Metazoa	448		False
Q8WUG5	Q8WUG5	Homo sapiens	Metazoa	649		False
Q7RZ62	Q7RZ62	Neurospora crassa (strain ATCC 24698 / 74-OR23-1A / CBS 708.71 / DSM 1257 / FGSC 987)	Fungi	347		False
Q02873	Q02873	Saccharomyces cerevisiae (strain ATCC 204508 / S288c)	Fungi	248		False
Q80YF9	Q80YF9	Mus musculus	Metazoa	1305		False
Q9FGQ6	Q9FGQ6	Arabidopsis thaliana	Plants	329		False
Q3UZ39	Q3UZ39	Mus musculus	Metazoa	729		False
Q86UB2	Q86UB2	Homo sapiens	Metazoa	503		False
Q8RWS0	Q8RWS0	Arabidopsis thaliana	Plants	124		False
P32841	P32841	Saccharomyces cerevisiae (strain ATCC 204508 / S288c)	Fungi	428		False
P06746	P06746	Homo sapiens	Metazoa	335		False
Q9R0A0	Q9R0A0	Mus musculus	Metazoa	376		False
Q92794	Q92794	Homo sapiens	Metazoa	2004		False
Q9P7J2	Q9P7J2	Schizosaccharomyces pombe (strain 972 / ATCC 24843)	Fungi	203		False
P51998	P51998	Saccharomyces cerevisiae (strain ATCC 204508 / S288c)	Fungi	286		False
Q84JU6	Q84JU6	Arabidopsis thaliana	Plants	927		False
P22033	P22033	Homo sapiens	Metazoa	750		False
Q9URQ3	Q9URQ3	Saccharomyces cerevisiae (strain ATCC 204508 / S288c)	Fungi	322		False
Q8CDP0	Q8CDP0	Mus musculus	Metazoa	1006		False
P0C1Z6	P0C1Z6	Homo sapiens	Metazoa	253		False
P50416	P50416	Homo sapiens	Metazoa	773		True
P17883	P17883	Saccharomyces cerevisiae (strain ATCC 204508 / S288c)	Fungi	1432		False
H2KZZ2	H2KZZ2	Caenorhabditis elegans	Metazoa	524		False
P42073	P42073	Saccharomyces cerevisiae (strain ATCC 204508 / S288c)	Fungi	533		False
Q9LRZ3	Q9LRZ3	Arabidopsis thaliana	Plants	641		False
P55264	P55264	Mus musculus	Metazoa	361		False
O94519	O94519	Schizosaccharomyces pombe (strain 972 / ATCC 24843)	Fungi	311		False
Q12345	Q12345	Saccharomyces cerevisiae (strain ATCC 204508 / S288c)	Fungi	250		False
O23722	O23722	Arabidopsis thaliana	Plants	412		False
Q22829	Q22829	Caenorhabditis elegans	Metazoa	470		False
Q6NUA1	Q6NUA1	Xenopus laevis	Metazoa	633		False
Q9UTK5	Q9UTK5	Schizosaccharomyces pombe (strain 972 / ATCC 24843)	Fungi	1727		False
Q6PEY1	Q6PEY1	Homo sapiens	Metazoa	159		True
Q8BGS1	Q8BGS1	Mus musculus	Metazoa	731		False
Q9UJX5	Q9UJX5	Homo sapiens	Metazoa	808		False
Q65XX7	Q65XX7	Caenorhabditis elegans	Metazoa	262		False
Q07532	Q07532	Saccharomyces cerevisiae (strain ATCC 204508 / S288c)	Fungi	353		False
P47149	P47149	Saccharomyces cerevisiae (strain ATCC 204508 / S288c)	Fungi	201		False
Q9H165	Q9H165	Homo sapiens	Metazoa	835		False
Q8VY15	Q8VY15	Arabidopsis thaliana	Plants	899		False
O74458	O74458	Schizosaccharomyces pombe (strain 972 / ATCC 24843)	Fungi	1006		False
P53507	P53507	Saccharomyces cerevisiae (strain ATCC 204508 / S288c)	Fungi	60		True
P40161	P40161	Saccharomyces cerevisiae (strain ATCC 204508 / S288c)	Fungi	455		False
P19880	P19880	Saccharomyces cerevisiae (strain ATCC 204508 / S288c)	Fungi	650		False
Q9BSF0	Q9BSF0	Homo sapiens	Metazoa	95		False
P39525	P39525	Saccharomyces cerevisiae (strain ATCC 204508 / S288c)	Fungi	442		False
Q9S713	Q9S713	Arabidopsis thaliana	Plants	562		False
P02240	P02240	Lupinus luteus	Plants	154		False
P53167	P53167	Saccharomyces cerevisiae (strain ATCC 204508 / S288c)	Fungi	370		False
Q9UGR2	Q9UGR2	Homo sapiens	Metazoa	977		False
Q8RWI0	Q8RWI0	Arabidopsis thaliana	Plants	391		True
Q4KL25	Q4KL25	Mus musculus	Metazoa	219		True
Q7Z5Q5	Q7Z5Q5	Homo sapiens	Metazoa	900		False
O74935	O74935	Yarrowia lipolytica (strain CLIB 122 / E 150)	Fungi	700		False
Q10F03	Q10F03	Oryza sativa subsp. japonica	Plants	529		False
Q9ZVZ9	Q9ZVZ9	Arabidopsis thaliana	Plants	199		False
P47054	P47054	Saccharomyces cerevisiae (strain ATCC 204508 / S288c)	Fungi	1683		False
P34567	P34567	Caenorhabditis elegans	Metazoa	376		False
P40459	P40459	Saccharomyces cerevisiae (strain ATCC 204508 / S288c)	Fungi	309		False
Q9UT91	Q9UT91	Schizosaccharomyces pombe (strain 972 / ATCC 24843)	Fungi	211		True
P33748	P33748	Saccharomyces cerevisiae (strain ATCC 204508 / S288c)	Fungi	704		False
Q8S8K8	Q8S8K8	Arabidopsis thaliana	Plants	152		True
Q8WWL7	Q8WWL7	Homo sapiens	Metazoa	1395		False
P40096	P40096	Saccharomyces cerevisiae (strain ATCC 204508 / S288c)	Fungi	142		False
Q8VYS2	Q8VYS2	Arabidopsis thaliana	Plants	890		False
P0DJ07	P0DJ07	Homo sapiens	Metazoa	73		True
W0RYD3	W0RYD3	Oryza sativa subsp. japonica	Plants	2135		False
Q80ZI2	Q80ZI2	Mus musculus	Metazoa	223		False
Q3TYA6	Q3TYA6	Mus musculus	Metazoa	858		False
P07471	P07471	Bos taurus	Metazoa	97		True
Q9ULE6	Q9ULE6	Homo sapiens	Metazoa	856		False
Q9C000	Q9C000	Homo sapiens	Metazoa	1473		False
A0A0K3AR81	A0A0K3AR81	Caenorhabditis elegans	Metazoa	696		False
Q9VX09	Q9VX09	Drosophila melanogaster	Metazoa	607		False
Q9BWU0	Q9BWU0	Homo sapiens	Metazoa	742		False
Q9VYY4	Q9VYY4	Drosophila melanogaster	Metazoa	574		True
P40164	P40164	Saccharomyces cerevisiae (strain ATCC 204508 / S288c)	Fungi	858		False
Q3UHH1	Q3UHH1	Mus musculus	Metazoa	1832		False
Q6TA49	Q6TA49	Sus scrofa	Metazoa	289		True
O00712	O00712	Homo sapiens	Metazoa	420		False
Q94AC8	Q94AC8	Arabidopsis thaliana	Plants	274		False
Q9Y3V2	Q9Y3V2	Homo sapiens	Metazoa	267		False
Q96P67	Q96P67	Homo sapiens	Metazoa	336		True
P38279	P38279	Saccharomyces cerevisiae (strain ATCC 204508 / S288c)	Fungi	296		True
Q95QK3	Q95QK3	Caenorhabditis elegans	Metazoa	1061		False
Q7SB95	Q7SB95	Neurospora crassa (strain ATCC 24698 / 74-OR23-1A / CBS 708.71 / DSM 1257 / FGSC 987)	Fungi	117		False
Q6FN94	Q6FN94	Candida glabrata (strain ATCC 2001 / BCRC 20586 / JCM 3761 / NBRC 0622 / NRRL Y-65 / CBS 138)	Fungi	499		False
Q9C5H9	Q9C5H9	Arabidopsis thaliana	Plants	678		False
Q9SY88	Q9SY88	Arabidopsis thaliana	Plants	310		False
Q8L7S5	Q8L7S5	Arabidopsis thaliana	Plants	642		False
Q92262	Q92262	Komagataella pastoris	Fungi	455		False
O88382	O88382	Rattus norvegicus	Metazoa	1277		False
Q6P756	Q6P756	Rattus norvegicus	Metazoa	263		False
Q08050	Q08050	Homo sapiens	Metazoa	763		False
A2RVJ8	A2RVJ8	Arabidopsis thaliana	Plants	434		False
Q682U6	Q682U6	Arabidopsis thaliana	Plants	316		False
Q86WB0	Q86WB0	Homo sapiens	Metazoa	502		False
P32037	P32037	Mus musculus	Metazoa	493		True
O14196	O14196	Schizosaccharomyces pombe (strain 972 / ATCC 24843)	Fungi	300		False
Q9FGW9	Q9FGW9	Arabidopsis thaliana	Plants	1061		False
Q39134	Q39134	Arabidopsis thaliana	Plants	476		True
P40121	P40121	Homo sapiens	Metazoa	348		False
Q9SX65	Q9SX65	Arabidopsis thaliana	Plants	156		False
Q06510	Q06510	Saccharomyces cerevisiae (strain ATCC 204508 / S288c)	Fungi	381		False
P09108	P09108	Tetronarce californica	Metazoa	412		False
P53298	P53298	Saccharomyces cerevisiae (strain ATCC 204508 / S288c)	Fungi	406		False
P56749	P56749	Homo sapiens	Metazoa	244		True
P28005	P28005	Saccharomyces cerevisiae (strain ATCC 204508 / S288c)	Fungi	173		False
P35201	P35201	Saccharomyces cerevisiae (strain ATCC 204508 / S288c)	Fungi	549		False
O65502	O65502	Arabidopsis thaliana	Plants	395		False
Q1K699	Q1K699	Neurospora crassa (strain ATCC 24698 / 74-OR23-1A / CBS 708.71 / DSM 1257 / FGSC 987)	Fungi	303		False
O74975	O74975	Schizosaccharomyces pombe (strain 972 / ATCC 24843)	Fungi	362		False
Q9UHH9	Q9UHH9	Homo sapiens	Metazoa	426		False
P93758	P93758	Arabidopsis thaliana	Plants	274		False
O43818	O43818	Homo sapiens	Metazoa	475		False
Q14140	Q14140	Homo sapiens	Metazoa	314		False
Q8VZS0	Q8VZS0	Arabidopsis thaliana	Plants	321		True
Q9SK71	Q9SK71	Arabidopsis thaliana	Plants	430		False
Q93092	Q93092	Mus musculus	Metazoa	337		False
Q4G176	Q4G176	Homo sapiens	Metazoa	576		False
P06100	P06100	Saccharomyces cerevisiae (strain ATCC 204508 / S288c)	Fungi	191		False
Q0WNP7	Q0WNP7	Arabidopsis thaliana	Plants	463		False
O74500	O74500	Schizosaccharomyces pombe (strain 972 / ATCC 24843)	Fungi	736		False
Q9ES53	Q9ES53	Rattus norvegicus	Metazoa	307		False
Q9VGA4	Q9VGA4	Drosophila melanogaster	Metazoa	1169		False
Q8GUL2	Q8GUL2	Arabidopsis thaliana	Plants	958		False
Q9UHX1	Q9UHX1	Homo sapiens	Metazoa	559		False
Q05541	Q05541	Saccharomyces cerevisiae (strain ATCC 204508 / S288c)	Fungi	303		False
Q8TF01	Q8TF01	Homo sapiens	Metazoa	805		False
O89050	O89050	Mus musculus	Metazoa	735		False
B2RW88	B2RW88	Mus musculus	Metazoa	366		False
Q06266	Q06266	Saccharomyces cerevisiae (strain ATCC 204508 / S288c)	Fungi	489		False
Q5SV06	Q5SV06	Mus musculus	Metazoa	358		False
Q04359	Q04359	Saccharomyces cerevisiae (strain ATCC 204508 / S288c)	Fungi	397		False
P38110	P38110	Saccharomyces cerevisiae (strain ATCC 204508 / S288c)	Fungi	2787		False
Q9C0Z9	Q9C0Z9	Schizosaccharomyces pombe (strain 972 / ATCC 24843)	Fungi	129		False
Q9UGM6	Q9UGM6	Homo sapiens	Metazoa	360		False
Q8RXH2	Q8RXH2	Arabidopsis thaliana	Plants	716		False
Q13523	Q13523	Homo sapiens	Metazoa	1007		False
Q8TAS1	Q8TAS1	Homo sapiens	Metazoa	419		False
Q9H583	Q9H583	Homo sapiens	Metazoa	2144		False
Q8IWL8	Q8IWL8	Homo sapiens	Metazoa	128		False
P47084	P47084	Saccharomyces cerevisiae (strain ATCC 204508 / S288c)	Fungi	519		False
Q12184	Q12184	Saccharomyces cerevisiae (strain ATCC 204508 / S288c)	Fungi	172		False
Q9HB71	Q9HB71	Homo sapiens	Metazoa	228		False
P22293	P22293	Drosophila melanogaster	Metazoa	1325		False
O13329	O13329	Saccharomyces cerevisiae (strain ATCC 204508 / S288c)	Fungi	566		False
Q01501	Q01501	Dictyostelium discoideum	Other	275		True
Q9ESJ1	Q9ESJ1	Mus musculus	Metazoa	568		False
Q15126	Q15126	Homo sapiens	Metazoa	192		False
Q8HTL5	Q8HTL5	Chlamydomonas reinhardtii	Plants	175		True
P53834	P53834	Saccharomyces cerevisiae (strain ATCC 204508 / S288c)	Fungi	153		False
Q61823	Q61823	Mus musculus	Metazoa	469		False
Q0VD86	Q0VD86	Homo sapiens	Metazoa	236		False
Q8IUR7	Q8IUR7	Homo sapiens	Metazoa	673		False
Q4WSD1	Q4WSD1	Aspergillus fumigatus (strain ATCC MYA-4609 / CBS 101355 / FGSC A1100 / Af293)	Fungi	523		False
Q21209	Q21209	Caenorhabditis elegans	Metazoa	702		False
Q13868	Q13868	Homo sapiens	Metazoa	293		False
P38278	P38278	Saccharomyces cerevisiae (strain ATCC 204508 / S288c)	Fungi	337		False
P38863	P38863	Saccharomyces cerevisiae (strain ATCC 204508 / S288c)	Fungi	823		False
Q8LDV3	Q8LDV3	Arabidopsis thaliana	Plants	185		False
P39103	P39103	Saccharomyces cerevisiae (strain ATCC 204508 / S288c)	Fungi	70		True
P40033	P40033	Saccharomyces cerevisiae (strain ATCC 204508 / S288c)	Fungi	138		False
P42166	P42166	Homo sapiens	Metazoa	694		False
O14880	O14880	Homo sapiens	Metazoa	152		True
Q8R2H7	Q8R2H7	Rattus norvegicus	Metazoa	913		False
Q92748	Q92748	Homo sapiens	Metazoa	146		False
Q9XE33	Q9XE33	Oryza sativa subsp. japonica	Plants	205		False
O54963	O54963	Rattus norvegicus	Metazoa	1069		False
P16458	P16458	Sterkiella nova	Other	385		False
Q8RXA7	Q8RXA7	Arabidopsis thaliana	Plants	1187		False
Q9CPU2	Q9CPU2	Mus musculus	Metazoa	105		False
Q7XYY2	Q7XYY2	Arabidopsis thaliana	Plants	836		False
Q06106	Q06106	Saccharomyces cerevisiae (strain ATCC 204508 / S288c)	Fungi	887		False
P13183	P13183	Bos taurus	Metazoa	80		True
O23342	O23342	Arabidopsis thaliana	Plants	177		False
P47148	P47148	Saccharomyces cerevisiae (strain ATCC 204508 / S288c)	Fungi	283		False
Q9NZC4	Q9NZC4	Homo sapiens	Metazoa	300		False
Q4W9R0	Q4W9R0	Aspergillus fumigatus (strain ATCC MYA-4609 / CBS 101355 / FGSC A1100 / Af293)	Fungi	153		False
G5EGQ6	G5EGQ6	Caenorhabditis elegans	Metazoa	2684		False
Q7TS55	Q7TS55	Mus musculus	Metazoa	173		True
Q8GWA2	Q8GWA2	Arabidopsis thaliana	Plants	273		False
Q9Z2C8	Q9Z2C8	Mus musculus	Metazoa	360		False
O13998	O13998	Schizosaccharomyces pombe (strain 972 / ATCC 24843)	Fungi	392		False
Q9FIC3	Q9FIC3	Arabidopsis thaliana	Plants	93		False
O42637	O42637	Neurospora crassa (strain ATCC 24698 / 74-OR23-1A / CBS 708.71 / DSM 1257 / FGSC 987)	Fungi	797		False
Q1K548	Q1K548	Neurospora crassa (strain ATCC 24698 / 74-OR23-1A / CBS 708.71 / DSM 1257 / FGSC 987)	Fungi	477		False
Q69T99	Q69T99	Oryza sativa subsp. japonica	Plants	500		False
O02219	O02219	Caenorhabditis elegans	Metazoa	453		False
O74191	O74191	Schizosaccharomyces pombe (strain 972 / ATCC 24843)	Fungi	361		False
Q15646	Q15646	Homo sapiens	Metazoa	514		False
Q9Y817	Q9Y817	Schizosaccharomyces pombe (strain 972 / ATCC 24843)	Fungi	1297		False
O35047	O35047	Mus musculus	Metazoa	217		False
Q3UK10	Q3UK10	Mus musculus	Metazoa	175		False
P87310	P87310	Schizosaccharomyces pombe (strain 972 / ATCC 24843)	Fungi	144		False
Q80VL0	Q80VL0	Rattus norvegicus	Metazoa	406		False
Q10666	Q10666	Caenorhabditis elegans	Metazoa	438		False
P00390	P00390	Homo sapiens	Metazoa	522		False
O43082	O43082	Schizosaccharomyces pombe (strain 972 / ATCC 24843)	Fungi	233		False
P49677	P49677	Arabidopsis thaliana	Plants	168		False
Q5EAJ7	Q5EAJ7	Strongylocentrotus purpuratus	Metazoa	857		False
Q5GH62	Q5GH62	Mus musculus	Metazoa	373		True
O94261	O94261	Schizosaccharomyces pombe (strain 972 / ATCC 24843)	Fungi	220		False
Q9BUE6	Q9BUE6	Homo sapiens	Metazoa	129		False
Q57V03	Q57V03	Trypanosoma brucei brucei (strain 927/4 GUTat10.1)	Other	1050		False
Q8NCN2	Q8NCN2	Homo sapiens	Metazoa	500		False
Q12188	Q12188	Saccharomyces cerevisiae (strain ATCC 204508 / S288c)	Fungi	680		False
Q06631	Q06631	Saccharomyces cerevisiae (strain ATCC 204508 / S288c)	Fungi	534		False
P09132	P09132	Homo sapiens	Metazoa	144		False
P0DP88	P0DP88	Danio rerio	Metazoa	75		True
P12524	P12524	Homo sapiens	Metazoa	364		False
O22210	O22210	Arabidopsis thaliana	Plants	248		False
B9DGU7	B9DGU7	Arabidopsis thaliana	Plants	267		False
Q9H773	Q9H773	Homo sapiens	Metazoa	170		False
Q7SA60	Q7SA60	Neurospora crassa (strain ATCC 24698 / 74-OR23-1A / CBS 708.71 / DSM 1257 / FGSC 987)	Fungi	228		False
Q06892	Q06892	Saccharomyces cerevisiae (strain ATCC 204508 / S288c)	Fungi	414		False
Q59H18	Q59H18	Homo sapiens	Metazoa	835		False
O15047	O15047	Homo sapiens	Metazoa	1707		False
Q9SP32	Q9SP32	Arabidopsis thaliana	Plants	1909		False
Q9ZQZ6	Q9ZQZ6	Arabidopsis thaliana	Plants	263		False
P25584	P25584	Saccharomyces cerevisiae (strain ATCC 204508 / S288c)	Fungi	144		True
Q96VH5	Q96VH5	Saccharomyces cerevisiae (strain ATCC 204508 / S288c)	Fungi	97		True
Q7JRE4	Q7JRE4	Drosophila melanogaster	Metazoa	650		False
Q61687	Q61687	Mus musculus	Metazoa	2476		False
Q9XQN8	Q9XQN8	Sinapis alba	Plants	327		False
A6NJ78	A6NJ78	Homo sapiens	Metazoa	407		False
P83212	P83212	Bolinus brandaris	Metazoa	58		False
Q8CJ00	Q8CJ00	Mus musculus	Metazoa	444		False
Q10L01	Q10L01	Oryza sativa subsp. japonica	Plants	382		True
P46959	P46959	Saccharomyces cerevisiae (strain ATCC 204508 / S288c)	Fungi	383		False
O49562	O49562	Arabidopsis thaliana	Plants	403		False
Q9M658	Q9M658	Arabidopsis thaliana	Plants	2001		False
O15226	O15226	Homo sapiens	Metazoa	690		False
O74461	O74461	Schizosaccharomyces pombe (strain 972 / ATCC 24843)	Fungi	235		False
P16521	P16521	Saccharomyces cerevisiae (strain ATCC 204508 / S288c)	Fungi	1044		False
P18494	P18494	Saccharomyces cerevisiae (strain ATCC 204508 / S288c)	Fungi	730		False
Q62674	Q62674	Rattus norvegicus	Metazoa	648		True
Q9P1Z0	Q9P1Z0	Homo sapiens	Metazoa	1013		False
Q7S300	Q7S300	Neurospora crassa (strain ATCC 24698 / 74-OR23-1A / CBS 708.71 / DSM 1257 / FGSC 987)	Fungi	138		False
Q9S7R7	Q9S7R7	Arabidopsis thaliana	Plants	460		False
P53276	P53276	Saccharomyces cerevisiae (strain ATCC 204508 / S288c)	Fungi	713		False
Q9H4M3	Q9H4M3	Homo sapiens	Metazoa	255		False
Q9M219	Q9M219	Arabidopsis thaliana	Plants	558		False
Q7SA88	Q7SA88	Neurospora crassa (strain ATCC 24698 / 74-OR23-1A / CBS 708.71 / DSM 1257 / FGSC 987)	Fungi	439		False
Q6VMQ6	Q6VMQ6	Homo sapiens	Metazoa	1270		False
Q9ZVA7	Q9ZVA7	Arabidopsis thaliana	Plants	468		False
Q09873	Q09873	Schizosaccharomyces pombe (strain 972 / ATCC 24843)	Fungi	420		False
Q80WE4	Q80WE4	Mus musculus	Metazoa	1774		False
Q04623	Q04623	Saccharomyces cerevisiae (strain ATCC 204508 / S288c)	Fungi	453		False
Q9NTK1	Q9NTK1	Homo sapiens	Metazoa	212		False
P39979	P39979	Saccharomyces cerevisiae (strain ATCC 204508 / S288c)	Fungi	161		False
P17629	P17629	Saccharomyces cerevisiae (strain ATCC 204508 / S288c)	Fungi	752		False
Q8L5Z4	Q8L5Z4	Arabidopsis thaliana	Plants	584		False
Q12931	Q12931	Homo sapiens	Metazoa	704		False
Q8L9X2	Q8L9X2	Arabidopsis thaliana	Plants	203		False
P20609	P20609	Dictyostelium discoideum	Other	53		False
P20134	P20134	Saccharomyces cerevisiae (strain ATCC 204508 / S288c)	Fungi	766		False
Q94JY0	Q94JY0	Arabidopsis thaliana	Plants	330		False
Q61115	Q61115	Mus musculus	Metazoa	1434		True
E7F568	E7F568	Danio rerio	Metazoa	1343		False
O43502	O43502	Homo sapiens	Metazoa	376		False
P38199	P38199	Saccharomyces cerevisiae (strain ATCC 204508 / S288c)	Fungi	381		False
Q8IVI9	Q8IVI9	Homo sapiens	Metazoa	506		False
B5KM66	B5KM66	Mus musculus	Metazoa	88		False
O23945	O23945	Fragaria vesca	Plants	556		False
Q84N64	Q84N64	Arabidopsis thaliana	Plants	777		False
Q5FWH3	Q5FWH3	Mus musculus	Metazoa	603		False
Q9CPZ1	Q9CPZ1	Mus musculus	Metazoa	294		False
Q9SM57	Q9SM57	Pisum sativum	Plants	177		True
P56347	P56347	Chlorella vulgaris	Plants	161		False
Q6ZSS7	Q6ZSS7	Homo sapiens	Metazoa	791		True
G5EFY4	G5EFY4	Caenorhabditis elegans	Metazoa	286		False
P04386	P04386	Saccharomyces cerevisiae (strain ATCC 204508 / S288c)	Fungi	881		False
O74560	O74560	Schizosaccharomyces pombe (strain 972 / ATCC 24843)	Fungi	636		False
Q96RN5	Q96RN5	Homo sapiens	Metazoa	788		False
Q69ZK0	Q69ZK0	Mus musculus	Metazoa	1650		False
Q8BUX5	Q8BUX5	Mus musculus	Metazoa	455		True
Q04636	Q04636	Saccharomyces cerevisiae (strain ATCC 204508 / S288c)	Fungi	552		False
Q91YI6	Q91YI6	Mus musculus	Metazoa	484		False
P38351	P38351	Saccharomyces cerevisiae (strain ATCC 204508 / S288c)	Fungi	445		False
P23326	P23326	Spinacia oleracea	Plants	159		False
Q9H813	Q9H813	Homo sapiens	Metazoa	350		True
P40467	P40467	Saccharomyces cerevisiae (strain ATCC 204508 / S288c)	Fungi	964		False
Q95TS5	Q95TS5	Drosophila melanogaster	Metazoa	654		False
Q9US52	Q9US52	Schizosaccharomyces pombe (strain 972 / ATCC 24843)	Fungi	118		False
Q9VQD4	Q9VQD4	Drosophila melanogaster	Metazoa	274		False
P14908	P14908	Saccharomyces cerevisiae (strain ATCC 204508 / S288c)	Fungi	341		False
Q9WV69	Q9WV69	Mus musculus	Metazoa	405		False
Q61827	Q61827	Mus musculus	Metazoa	156		False
P48634	P48634	Homo sapiens	Metazoa	2157		False
Q59UY7	Q59UY7	Candida albicans (strain SC5314 / ATCC MYA-2876)	Fungi	917		False
Q06505	Q06505	Saccharomyces cerevisiae (strain ATCC 204508 / S288c)	Fungi	410		False
Q04779	Q04779	Saccharomyces cerevisiae (strain ATCC 204508 / S288c)	Fungi	684		False
P53260	P53260	Saccharomyces cerevisiae (strain ATCC 204508 / S288c)	Fungi	183		False
Q07980	Q07980	Saccharomyces cerevisiae (strain ATCC 204508 / S288c)	Fungi	695		False
Q9NPJ4	Q9NPJ4	Homo sapiens	Metazoa	139		False
Q3URK3	Q3URK3	Mus musculus	Metazoa	2039		False
P34231	P34231	Saccharomyces cerevisiae (strain ATCC 204508 / S288c)	Fungi	750		False
P49588	P49588	Homo sapiens	Metazoa	968		False
Q96CM4	Q96CM4	Homo sapiens	Metazoa	212		False
Q2TB10	Q2TB10	Homo sapiens	Metazoa	664		False
Q6X7J9	Q6X7J9	Arabidopsis thaliana	Plants	251		False
P19541	P19541	Saccharomyces cerevisiae (strain ATCC 204508 / S288c)	Fungi	446		False
O94913	O94913	Homo sapiens	Metazoa	1555		False
P50091	P50091	Saccharomyces cerevisiae (strain ATCC 204508 / S288c)	Fungi	288		False
Q8VIH1	Q8VIH1	Mus musculus	Metazoa	527		False
Q99207	Q99207	Saccharomyces cerevisiae (strain ATCC 204508 / S288c)	Fungi	810		False
Q9VEX5	Q9VEX5	Drosophila melanogaster	Metazoa	689		False
O48716	O48716	Arabidopsis thaliana	Plants	465		False
Q9NVH1	Q9NVH1	Homo sapiens	Metazoa	559		False
Q18250	Q18250	Caenorhabditis elegans	Metazoa	461		False
Q7Y1W1	Q7Y1W1	Arabidopsis thaliana	Plants	527		False
Q3ZCG2	Q3ZCG2	Bos taurus	Metazoa	109		True
P39961	P39961	Saccharomyces cerevisiae (strain ATCC 204508 / S288c)	Fungi	794		False
Q96JM3	Q96JM3	Homo sapiens	Metazoa	812		False
A0A509AE54	A0A509AE54	Plasmodium berghei (strain Anka)	Other	506		True
Q230X8	Q230X8	Tetrahymena thermophila (strain SB210)	Other	423		False
P06652	P06652	Schizosaccharomyces pombe (strain 972 / ATCC 24843)	Fungi	596		False
Q9QXV1	Q9QXV1	Mus musculus	Metazoa	362		False
G5ED47	G5ED47	Caenorhabditis elegans	Metazoa	413		False
Q42529	Q42529	Arabidopsis thaliana	Plants	312		False
Q7RTV3	Q7RTV3	Homo sapiens	Metazoa	350		False
Q92540	Q92540	Homo sapiens	Metazoa	1137		False
P06541	P06541	Chlamydomonas reinhardtii	Plants	481		False
Q8K3W2	Q8K3W2	Mus musculus	Metazoa	274		False
Q71RC2	Q71RC2	Homo sapiens	Metazoa	724		False
P21771	P21771	Saccharomyces cerevisiae (strain ATCC 204508 / S288c)	Fungi	286		False
P29539	P29539	Saccharomyces cerevisiae (strain ATCC 204508 / S288c)	Fungi	1916		False
P07250	P07250	Saccharomyces cerevisiae (strain ATCC 204508 / S288c)	Fungi	355		False
Q9LUJ5	Q9LUJ5	Arabidopsis thaliana	Plants	293		False
P40099	P40099	Saccharomyces cerevisiae (strain ATCC 204508 / S288c)	Fungi	211		False
Q63707	Q63707	Rattus norvegicus	Metazoa	395		True
Q6R3K9	Q6R3K9	Arabidopsis thaliana	Plants	664		True
Q94A82	Q94A82	Arabidopsis thaliana	Plants	438		False
O70405	O70405	Mus musculus	Metazoa	1051		False
Q8BMI0	Q8BMI0	Mus musculus	Metazoa	1194		False
Q6ZRQ5	Q6ZRQ5	Homo sapiens	Metazoa	1243		False
P0CT69	P0CT69	Schizosaccharomyces pombe (strain 972 / ATCC 24843)	Fungi	176		False
O00625	O00625	Homo sapiens	Metazoa	290		False
Q8N140	Q8N140	Homo sapiens	Metazoa	333		False
Q920Q3	Q920Q3	Rattus norvegicus	Metazoa	154		False
Q9NWT1	Q9NWT1	Homo sapiens	Metazoa	392		False
Q93ZB2	Q93ZB2	Arabidopsis thaliana	Plants	509		True
Q8VI67	Q8VI67	Mus musculus	Metazoa	428		False
Q1K8E0	Q1K8E0	Neurospora crassa (strain ATCC 24698 / 74-OR23-1A / CBS 708.71 / DSM 1257 / FGSC 987)	Fungi	256		False
Q9UI40	Q9UI40	Homo sapiens	Metazoa	661		True
Q91YR5	Q91YR5	Mus musculus	Metazoa	698		False
Q12143	Q12143	Saccharomyces cerevisiae (strain ATCC 204508 / S288c)	Fungi	216		False
Q20745	Q20745	Caenorhabditis elegans	Metazoa	1111		False
P48437	P48437	Mus musculus	Metazoa	737		False
Q9VRP5	Q9VRP5	Drosophila melanogaster	Metazoa	1038		False
Q9UT32	Q9UT32	Schizosaccharomyces pombe (strain 972 / ATCC 24843)	Fungi	373		False
Q9C7C4	Q9C7C4	Arabidopsis thaliana	Plants	327		False
Q4KMQ2	Q4KMQ2	Homo sapiens	Metazoa	910		False
Q9SUE3	Q9SUE3	Arabidopsis thaliana	Plants	335		False
Q9H1K0	Q9H1K0	Homo sapiens	Metazoa	784		False
Q7Z6K1	Q7Z6K1	Homo sapiens	Metazoa	395		False
Q15022	Q15022	Homo sapiens	Metazoa	739		False
Q66HC5	Q66HC5	Rattus norvegicus	Metazoa	819		False
P30307	P30307	Homo sapiens	Metazoa	473		False
P15919	P15919	Mus musculus	Metazoa	1040		False
Q12507	Q12507	Saccharomyces cerevisiae (strain ATCC 204508 / S288c)	Fungi	346		False
O94667	O94667	Schizosaccharomyces pombe (strain 972 / ATCC 24843)	Fungi	560		False
Q9P7C8	Q9P7C8	Schizosaccharomyces pombe (strain 972 / ATCC 24843)	Fungi	214		False
Q9UHW5	Q9UHW5	Homo sapiens	Metazoa	284		False
Q12046	Q12046	Saccharomyces cerevisiae (strain ATCC 204508 / S288c)	Fungi	339		False
P0CT72	P0CT72	Schizosaccharomyces pombe (strain 972 / ATCC 24843)	Fungi	253		False
Q9H4I9	Q9H4I9	Homo sapiens	Metazoa	107		True
Q84W65	Q84W65	Arabidopsis thaliana	Plants	371		False
P40072	P40072	Saccharomyces cerevisiae (strain ATCC 204508 / S288c)	Fungi	274		False
Q9NTM9	Q9NTM9	Homo sapiens	Metazoa	273		False
P22194	P22194	Schizosaccharomyces pombe (strain 972 / ATCC 24843)	Fungi	332		False
Q9Y7Y5	Q9Y7Y5	Schizosaccharomyces pombe (strain 972 / ATCC 24843)	Fungi	369		False
Q9LZ08	Q9LZ08	Arabidopsis thaliana	Plants	214		False
B1ASB6	B1ASB6	Mus musculus	Metazoa	1015		False
P82252	P82252	Rattus norvegicus	Metazoa	487		True
Q9Y2B4	Q9Y2B4	Homo sapiens	Metazoa	290		False
Q8WWH5	Q8WWH5	Homo sapiens	Metazoa	349		False
G1X9H9	G1X9H9	Arthrobotrys oligospora (strain ATCC 24927 / CBS 115.81 / DSM 1491)	Fungi	411		False
Q9FK13	Q9FK13	Arabidopsis thaliana	Plants	272		False
Q6ZIK5	Q6ZIK5	Oryza sativa subsp. japonica	Plants	394		False
Q944N1	Q944N1	Solanum lycopersicum	Plants	399		False
P51959	P51959	Homo sapiens	Metazoa	295		False
Q61451	Q61451	Mus musculus	Metazoa	219		True
P25588	P25588	Saccharomyces cerevisiae (strain ATCC 204508 / S288c)	Fungi	1096		False
O75528	O75528	Homo sapiens	Metazoa	432		False
O00257	O00257	Homo sapiens	Metazoa	560		False
P46997	P46997	Saccharomyces cerevisiae (strain ATCC 204508 / S288c)	Fungi	583		False
P40050	P40050	Saccharomyces cerevisiae (strain ATCC 204508 / S288c)	Fungi	688		False
P32862	P32862	Saccharomyces cerevisiae (strain ATCC 204508 / S288c)	Fungi	1170		False
A0A5K1K8Y8	A0A5K1K8Y8	Plasmodium falciparum (isolate 3D7)	Other	372		False
Q9VEA5	Q9VEA5	Drosophila melanogaster	Metazoa	139		False
P91928	P91928	Drosophila melanogaster	Metazoa	739		True
V5IQE0	V5IQE0	Neurospora crassa (strain ATCC 24698 / 74-OR23-1A / CBS 708.71 / DSM 1257 / FGSC 987)	Fungi	202		False
Q6W2J9	Q6W2J9	Homo sapiens	Metazoa	1755		False
A6NND4	A6NND4	Homo sapiens	Metazoa	320		True
O75204	O75204	Homo sapiens	Metazoa	238		False
P07269	P07269	Saccharomyces cerevisiae (strain ATCC 204508 / S288c)	Fungi	559		False
Q9XUB3	Q9XUB3	Caenorhabditis elegans	Metazoa	781		False
Q9BSH3	Q9BSH3	Homo sapiens	Metazoa	213		False
Q8GWA7	Q8GWA7	Arabidopsis thaliana	Plants	349		False
Q9Y2W2	Q9Y2W2	Homo sapiens	Metazoa	641		False
Q9VVR6	Q9VVR6	Drosophila melanogaster	Metazoa	196		False
Q8LFW5	Q8LFW5	Arabidopsis thaliana	Plants	277		False
P0C2B9	P0C2B9	Rattus norvegicus	Metazoa	141		False
Q8S9M1	Q8S9M1	Arabidopsis thaliana	Plants	299		False
Q9C8Y3	Q9C8Y3	Arabidopsis thaliana	Plants	511		False
Q8R331	Q8R331	Mus musculus	Metazoa	154		False
Q336R3	Q336R3	Oryza sativa subsp. japonica	Plants	844		False
O59748	O59748	Schizosaccharomyces pombe (strain 972 / ATCC 24843)	Fungi	331		False
Q04748	Q04748	Saccharomyces cerevisiae (strain ATCC 204508 / S288c)	Fungi	898		False
P38241	P38241	Saccharomyces cerevisiae (strain ATCC 204508 / S288c)	Fungi	364		False
Q9LK57	Q9LK57	Arabidopsis thaliana	Plants	394		False
Q969F2	Q969F2	Homo sapiens	Metazoa	451		False
A0A0D1E6B3	A0A0D1E6B3	Mycosarcoma maydis	Fungi	435		True
Q8VEC4	Q8VEC4	Mus musculus	Metazoa	323		True
P61236	P61236	Homo sapiens	Metazoa	119		False
P10862	P10862	Saccharomyces cerevisiae (strain ATCC 204508 / S288c)	Fungi	487		False
Q9LU68	Q9LU68	Arabidopsis thaliana	Plants	435		False
Q9UPZ3	Q9UPZ3	Homo sapiens	Metazoa	1129		False
Q7XR83	Q7XR83	Oryza sativa subsp. japonica	Plants	333		False
O08774	O08774	Rattus norvegicus	Metazoa	1387		False
P34160	P34160	Saccharomyces cerevisiae (strain ATCC 204508 / S288c)	Fungi	861		False
Q9XI84	Q9XI84	Arabidopsis thaliana	Plants	482		False
Q06324	Q06324	Saccharomyces cerevisiae (strain ATCC 204508 / S288c)	Fungi	491		False
Q9ESC8	Q9ESC8	Mus musculus	Metazoa	1160		False
Q9SYJ8	Q9SYJ8	Arabidopsis thaliana	Plants	372		False
E9QAU8	E9QAU8	Mus musculus	Metazoa	347		False
Q5EAF2	Q5EAF2	Arabidopsis thaliana	Plants	334		False
Q5XKL5	Q5XKL5	Homo sapiens	Metazoa	1792		False
Q8BTQ0	Q8BTQ0	Mus musculus	Metazoa	241		False
Q1W6H9	Q1W6H9	Homo sapiens	Metazoa	321		False
P07261	P07261	Saccharomyces cerevisiae (strain ATCC 204508 / S288c)	Fungi	785		False
P32569	P32569	Saccharomyces cerevisiae (strain ATCC 204508 / S288c)	Fungi	687		False
Q6P4Q7	Q6P4Q7	Homo sapiens	Metazoa	775		False
P47069	P47069	Saccharomyces cerevisiae (strain ATCC 204508 / S288c)	Fungi	682		False
Q9V8P9	Q9V8P9	Drosophila melanogaster	Metazoa	1038		False
Q61818	Q61818	Mus musculus	Metazoa	1889		False
P53267	P53267	Saccharomyces cerevisiae (strain ATCC 204508 / S288c)	Fungi	343		False
Q12497	Q12497	Saccharomyces cerevisiae (strain ATCC 204508 / S288c)	Fungi	93		False
Q84MB6	Q84MB6	Arabidopsis thaliana	Plants	332		False
Q9FVR6	Q9FVR6	Arabidopsis thaliana	Plants	296		False
Q9XFT3	Q9XFT3	Arabidopsis thaliana	Plants	224		False
A0A386CAB9	A0A386CAB9	Danio rerio	Metazoa	1355		False
Q9Y253	Q9Y253	Homo sapiens	Metazoa	713		False
Q9P0K8	Q9P0K8	Homo sapiens	Metazoa	574		False
Q3TLD5	Q3TLD5	Mus musculus	Metazoa	531		False
O95104	O95104	Homo sapiens	Metazoa	1147		False
Q8BVN9	Q8BVN9	Mus musculus	Metazoa	434		False
Q86YS7	Q86YS7	Homo sapiens	Metazoa	1000		False
P92189	P92189	Drosophila melanogaster	Metazoa	321		False
Q9SPU7	Q9SPU7	Arabidopsis thaliana	Plants	1123		False
Q98TA5	Q98TA5	Xenopus laevis	Metazoa	896		False
Q9Y8G3	Q9Y8G3	Schizosaccharomyces pombe (strain 972 / ATCC 24843)	Fungi	596		False
Q584D1	Q584D1	Trypanosoma brucei brucei (strain 927/4 GUTat10.1)	Other	639		False
P55318	P55318	Homo sapiens	Metazoa	350		False
P38360	P38360	Saccharomyces cerevisiae (strain ATCC 204508 / S288c)	Fungi	1216		False
Q6U6G5	Q6U6G5	Rattus norvegicus	Metazoa	426		False
F4JXF1	F4JXF1	Arabidopsis thaliana	Plants	581		False
Q9JL04	Q9JL04	Mus musculus	Metazoa	1578		False
O70239	O70239	Rattus norvegicus	Metazoa	827		False
Q7XB51	Q7XB51	Physcomitrium patens	Plants	967		True
O14097	O14097	Schizosaccharomyces pombe (strain 972 / ATCC 24843)	Fungi	331		False
Q8IU81	Q8IU81	Homo sapiens	Metazoa	584		False
Q9FJV5	Q9FJV5	Arabidopsis thaliana	Plants	276		False
P03896	P03896	Drosophila melanogaster	Metazoa	341		True
Q5U419	Q5U419	Mus musculus	Metazoa	412		True
Q40089	Q40089	Ipomoea batatas	Plants	200		False
Q9VLP3	Q9VLP3	Drosophila melanogaster	Metazoa	122		False
P26358	P26358	Homo sapiens	Metazoa	1616		False
P14604	P14604	Rattus norvegicus	Metazoa	290		False
P36121	P36121	Saccharomyces cerevisiae (strain ATCC 204508 / S288c)	Fungi	282		False
Q84U09	Q84U09	Brassica napus	Plants	215		False
Q9BX79	Q9BX79	Homo sapiens	Metazoa	667		True
O13294	O13294	Candida tropicalis	Fungi	411		False
Q8LAP6	Q8LAP6	Arabidopsis thaliana	Plants	409		False
Q9I9B9	Q9I9B9	Torpedo marmorata	Metazoa	646		True
Q8AYS7	Q8AYS7	Gallus gallus	Metazoa	753		False
Q24459	Q24459	Drosophila melanogaster	Metazoa	1043		False
Q96QC0	Q96QC0	Homo sapiens	Metazoa	940		False
Q04226	Q04226	Saccharomyces cerevisiae (strain ATCC 204508 / S288c)	Fungi	346		False
F4HU58	F4HU58	Arabidopsis thaliana	Plants	420		False
Q6NNI3	Q6NNI3	Arabidopsis thaliana	Plants	190		False
P19447	P19447	Homo sapiens	Metazoa	782		False
Q9NUK0	Q9NUK0	Homo sapiens	Metazoa	354		False
Q9Y530	Q9Y530	Homo sapiens	Metazoa	152		False
Q94AV5	Q94AV5	Arabidopsis thaliana	Plants	459		False
Q80ZI1	Q80ZI1	Mus musculus	Metazoa	223		False
F1QN48	F1QN48	Danio rerio	Metazoa	379		False
Q8N0S6	Q8N0S6	Homo sapiens	Metazoa	344		False
Q92574	Q92574	Homo sapiens	Metazoa	1164		False
A6NHX0	A6NHX0	Homo sapiens	Metazoa	329		False
O96626	O96626	Dictyostelium discoideum	Other	138		False
P38255	P38255	Saccharomyces cerevisiae (strain ATCC 204508 / S288c)	Fungi	430		False
Q9Y2G2	Q9Y2G2	Homo sapiens	Metazoa	537		False
Q9NAD6	Q9NAD6	Caenorhabditis elegans	Metazoa	706		False
O59701	O59701	Schizosaccharomyces pombe (strain 972 / ATCC 24843)	Fungi	351		False
Q6GQQ9	Q6GQQ9	Homo sapiens	Metazoa	843		False
Q14166	Q14166	Homo sapiens	Metazoa	644		False
Q99LY9	Q99LY9	Mus musculus	Metazoa	106		False
Q61624	Q61624	Mus musculus	Metazoa	794		False
Q9NVT9	Q9NVT9	Homo sapiens	Metazoa	282		False
O74350	O74350	Schizosaccharomyces pombe (strain 972 / ATCC 24843)	Fungi	299		False
O60053	O60053	Schizosaccharomyces pombe (strain 972 / ATCC 24843)	Fungi	440		False
Q9SEE9	Q9SEE9	Arabidopsis thaliana	Plants	414		False
Q9M1E7	Q9M1E7	Arabidopsis thaliana	Plants	285		True
Q8BQR4	Q8BQR4	Mus musculus	Metazoa	486		False
Q7XI96	Q7XI96	Oryza sativa subsp. japonica	Plants	298		False
Q53HV7	Q53HV7	Homo sapiens	Metazoa	270		False
O22773	O22773	Arabidopsis thaliana	Plants	216		False
Q75QN2	Q75QN2	Homo sapiens	Metazoa	995		False
P91277	P91277	Caenorhabditis elegans	Metazoa	397		False
P54789	P54789	Schizosaccharomyces pombe (strain 972 / ATCC 24843)	Fungi	707		False
Q9C5J3	Q9C5J3	Arabidopsis thaliana	Plants	946		False
Q9Y6P5	Q9Y6P5	Homo sapiens	Metazoa	492		False
Q7JWP6	Q7JWP6	Drosophila melanogaster	Metazoa	221		False
P08638	P08638	Saccharomyces cerevisiae (strain ATCC 204508 / S288c)	Fungi	886		False
Q8IXW5	Q8IXW5	Homo sapiens	Metazoa	612		False
Q7XZF5	Q7XZF5	Arabidopsis thaliana	Plants	1841		False
Q924K8	Q924K8	Mus musculus	Metazoa	591		False
Q3KP66	Q3KP66	Homo sapiens	Metazoa	663		False
Q9NX08	Q9NX08	Homo sapiens	Metazoa	183		False
Q12102	Q12102	Saccharomyces cerevisiae (strain ATCC 204508 / S288c)	Fungi	859		False
P18412	P18412	Saccharomyces cerevisiae (strain ATCC 204508 / S288c)	Fungi	486		False
P38111	P38111	Saccharomyces cerevisiae (strain ATCC 204508 / S288c)	Fungi	2368		False
Q156A1	Q156A1	Homo sapiens	Metazoa	80		False
Q9Y6F1	Q9Y6F1	Homo sapiens	Metazoa	533		False
P59055	P59055	Mus musculus	Metazoa	597		False
Q7TPF1	Q7TPF1	Rattus norvegicus	Metazoa	97		True
Q04781	Q04781	Saccharomyces cerevisiae (strain ATCC 204508 / S288c)	Fungi	1562		False
Q9Y4E1	Q9Y4E1	Homo sapiens	Metazoa	1341		False
Q37708	Q37708	Artemia franciscana	Metazoa	219		True
Q6PII3	Q6PII3	Homo sapiens	Metazoa	467		False
Q9M9Y4	Q9M9Y4	Arabidopsis thaliana	Plants	421		False
Q9HCC0	Q9HCC0	Homo sapiens	Metazoa	563		False
P91399	P91399	Caenorhabditis elegans	Metazoa	926		False
A0A096LP01	A0A096LP01	Homo sapiens	Metazoa	95		True
Q63377	Q63377	Rattus norvegicus	Metazoa	279		True
Q03973	Q03973	Saccharomyces cerevisiae (strain ATCC 204508 / S288c)	Fungi	246		False
P26786	P26786	Saccharomyces cerevisiae (strain ATCC 204508 / S288c)	Fungi	190		False
P61326	P61326	Homo sapiens	Metazoa	146		False
Q7Z6G3	Q7Z6G3	Homo sapiens	Metazoa	386		False
Q6UFS5	Q6UFS5	Danio rerio	Metazoa	563		False
F4JLC1	F4JLC1	Arabidopsis thaliana	Plants	331		False
Q8LDL0	Q8LDL0	Arabidopsis thaliana	Plants	231		False
Q9S9K9	Q9S9K9	Arabidopsis thaliana	Plants	257		False
P70423	P70423	Mus musculus	Metazoa	618		True
P48239	P48239	Saccharomyces cerevisiae (strain ATCC 204508 / S288c)	Fungi	356		False
Q04341	Q04341	Saccharomyces cerevisiae (strain ATCC 204508 / S288c)	Fungi	121		False
Q0IIM8	Q0IIM8	Homo sapiens	Metazoa	1120		False
Q9BY10	Q9BY10	Homo sapiens	Metazoa	475		True
A0A140LI88	A0A140LI88	Mus musculus	Metazoa	1857		False
Q03305	Q03305	Saccharomyces cerevisiae (strain ATCC 204508 / S288c)	Fungi	412		False
G5EGA9	G5EGA9	Caenorhabditis elegans	Metazoa	345		False
O24164	O24164	Nicotiana tabacum	Plants	504		False
Q96PV7	Q96PV7	Homo sapiens	Metazoa	902		False
Q19087	Q19087	Caenorhabditis elegans	Metazoa	470		False
P93045	P93045	Arabidopsis thaliana	Plants	240		False
Q8WUX9	Q8WUX9	Homo sapiens	Metazoa	453		False
Q8IXP5	Q8IXP5	Homo sapiens	Metazoa	288		False
O88801	O88801	Rattus norvegicus	Metazoa	354		False
Q8GT66	Q8GT66	Pisum sativum	Plants	436		False
P14066	P14066	Saccharomyces cerevisiae (strain ATCC 204508 / S288c)	Fungi	229		False
Q8N9A8	Q8N9A8	Homo sapiens	Metazoa	125		True
Q4WN10	Q4WN10	Aspergillus fumigatus (strain ATCC MYA-4609 / CBS 101355 / FGSC A1100 / Af293)	Fungi	575		False
Q15911	Q15911	Homo sapiens	Metazoa	3703		False
P05084	P05084	Drosophila melanogaster	Metazoa	758		False
Q9D494	Q9D494	Mus musculus	Metazoa	218		False
G5EE01	G5EE01	Caenorhabditis elegans	Metazoa	962		False
Q9XZ34	Q9XZ34	Drosophila melanogaster	Metazoa	1416		False
Q9H7D7	Q9H7D7	Homo sapiens	Metazoa	661		False
Q9W413	Q9W413	Drosophila melanogaster	Metazoa	544		False
P54785	P54785	Saccharomyces cerevisiae (strain ATCC 204508 / S288c)	Fungi	490		False
Q9H079	Q9H079	Homo sapiens	Metazoa	304		False
P11115	P11115	Neurospora crassa (strain ATCC 24698 / 74-OR23-1A / CBS 708.71 / DSM 1257 / FGSC 987)	Fungi	270		False
Q9LFE0	Q9LFE0	Arabidopsis thaliana	Plants	820		False
Q06182	Q06182	Schizosaccharomyces pombe (strain 972 / ATCC 24843)	Fungi	252		False
A9C3R9	A9C3R9	Danio rerio	Metazoa	532		False
Q969F1	Q969F1	Homo sapiens	Metazoa	213		False
Q8GXL3	Q8GXL3	Arabidopsis thaliana	Plants	333		False
P20084	P20084	Saccharomyces cerevisiae (strain ATCC 204508 / S288c)	Fungi	86		False
O77264	O77264	Drosophila melanogaster	Metazoa	361		False
Q9H2S6	Q9H2S6	Homo sapiens	Metazoa	317		True
Q01892	Q01892	Homo sapiens	Metazoa	262		False
G5EDM7	G5EDM7	Caenorhabditis elegans	Metazoa	627		False
Q04675	Q04675	Saccharomyces cerevisiae (strain ATCC 204508 / S288c)	Fungi	128		False
Q93654	Q93654	Caenorhabditis elegans	Metazoa	245		False
O75367	O75367	Homo sapiens	Metazoa	369		False
P54310	P54310	Mus musculus	Metazoa	759		False
Q9LVB9	Q9LVB9	Arabidopsis thaliana	Plants	172		False
P24499	P24499	Trypanosoma brucei brucei	Other	229		True
O95503	O95503	Homo sapiens	Metazoa	412		False
P32767	P32767	Saccharomyces cerevisiae (strain ATCC 204508 / S288c)	Fungi	1081		False
Q0WUY1	Q0WUY1	Arabidopsis thaliana	Plants	534		False
Q8VYM2	Q8VYM2	Arabidopsis thaliana	Plants	524		True
P40999	P40999	Schizosaccharomyces pombe (strain 972 / ATCC 24843)	Fungi	330		False
P03877	P03877	Saccharomyces cerevisiae (strain ATCC 204508 / S288c)	Fungi	415		True
Q9CQV7	Q9CQV7	Mus musculus	Metazoa	116		True
Q8RWV8	Q8RWV8	Arabidopsis thaliana	Plants	442		False
Q3E798	Q3E798	Saccharomyces cerevisiae (strain ATCC 204508 / S288c)	Fungi	87		True
Q8TDM6	Q8TDM6	Homo sapiens	Metazoa	1919		False
P40079	P40079	Saccharomyces cerevisiae (strain ATCC 204508 / S288c)	Fungi	357		False
B7Z0X7	B7Z0X7	Drosophila melanogaster	Metazoa	61		True
Q70Z53	Q70Z53	Homo sapiens	Metazoa	315		False
Q24472	Q24472	Drosophila melanogaster	Metazoa	845		False
Q04213	Q04213	Saccharomyces cerevisiae (strain ATCC 204508 / S288c)	Fungi	475		False
Q9Y2S7	Q9Y2S7	Homo sapiens	Metazoa	368		False
P56282	P56282	Homo sapiens	Metazoa	527		False
Q9CQC7	Q9CQC7	Mus musculus	Metazoa	129		True
Q8IWD4	Q8IWD4	Homo sapiens	Metazoa	279		False
P42566	P42566	Homo sapiens	Metazoa	896		False
Q6P1K2	Q6P1K2	Homo sapiens	Metazoa	205		False
Q80TG1	Q80TG1	Mus musculus	Metazoa	1036		False
Q57ZI5	Q57ZI5	Trypanosoma brucei brucei (strain 927/4 GUTat10.1)	Other	624		False
Q03976	Q03976	Saccharomyces cerevisiae (strain ATCC 204508 / S288c)	Fungi	319		False
Q93VP3	Q93VP3	Arabidopsis thaliana	Plants	159		False
P55212	P55212	Homo sapiens	Metazoa	293		False
Q22618	Q22618	Caenorhabditis elegans	Metazoa	495		False
P21145	P21145	Homo sapiens	Metazoa	153		True
P33201	P33201	Saccharomyces cerevisiae (strain ATCC 204508 / S288c)	Fungi	236		False
P28715	P28715	Homo sapiens	Metazoa	1186		False
Q05934	Q05934	Saccharomyces cerevisiae (strain ATCC 204508 / S288c)	Fungi	901		False
P42697	P42697	Arabidopsis thaliana	Plants	610		False
O74499	O74499	Schizosaccharomyces pombe (strain 972 / ATCC 24843)	Fungi	113		False
Q9H8M2	Q9H8M2	Homo sapiens	Metazoa	597		False
Q7TSH3	Q7TSH3	Mus musculus	Metazoa	1157		False
Q99JB8	Q99JB8	Mus musculus	Metazoa	424		False
Q56X52	Q56X52	Arabidopsis thaliana	Plants	351		False
Q5VW36	Q5VW36	Homo sapiens	Metazoa	1801		False
Q06596	Q06596	Saccharomyces cerevisiae (strain ATCC 204508 / S288c)	Fungi	294		False
O14235	O14235	Schizosaccharomyces pombe (strain 972 / ATCC 24843)	Fungi	348		False
P39682	P39682	Saccharomyces cerevisiae (strain ATCC 204508 / S288c)	Fungi	629		False
Q9CQT7	Q9CQT7	Mus musculus	Metazoa	168		False
Q3ZCT1	Q3ZCT1	Homo sapiens	Metazoa	412		False
P07978	P07978	Mus musculus	Metazoa	107		False
Q01831	Q01831	Homo sapiens	Metazoa	940		False
P27705	P27705	Saccharomyces cerevisiae (strain ATCC 204508 / S288c)	Fungi	504		False
Q8LIY8	Q8LIY8	Oryza sativa subsp. japonica	Plants	569		False
P32453	P32453	Saccharomyces cerevisiae (strain ATCC 204508 / S288c)	Fungi	318		False
Q39261	Q39261	Arabidopsis thaliana	Plants	150		False
P47139	P47139	Saccharomyces cerevisiae (strain ATCC 204508 / S288c)	Fungi	656		False
Q9EQ28	Q9EQ28	Mus musculus	Metazoa	462		False
P22735	P22735	Homo sapiens	Metazoa	817		False
P93009	P93009	Arabidopsis thaliana	Plants	182		False
Q9VWS0	Q9VWS0	Drosophila melanogaster	Metazoa	686		False
Q9P0P8	Q9P0P8	Homo sapiens	Metazoa	240		False
Q4PSK3	Q4PSK3	Arabidopsis thaliana	Plants	124		False
P54790	P54790	Saccharomyces cerevisiae (strain ATCC 204508 / S288c)	Fungi	616		False
P56288	P56288	Schizosaccharomyces pombe (strain 972 / ATCC 24843)	Fungi	458		False
Q66GP9	Q66GP9	Arabidopsis thaliana	Plants	561		False
Q9BQ48	Q9BQ48	Homo sapiens	Metazoa	92		False
Q3UN04	Q3UN04	Mus musculus	Metazoa	517		True
Q9WTV7	Q9WTV7	Mus musculus	Metazoa	600		False
Q8K4R8	Q8K4R8	Rattus norvegicus	Metazoa	601		True
O14336	O14336	Schizosaccharomyces pombe (strain 972 / ATCC 24843)	Fungi	461		False
G5ED29	G5ED29	Caenorhabditis elegans	Metazoa	959		False
A8DYY6	A8DYY6	Drosophila melanogaster	Metazoa	616		False
Q6PIV2	Q6PIV2	Homo sapiens	Metazoa	292		False
Q9P7S3	Q9P7S3	Schizosaccharomyces pombe (strain 972 / ATCC 24843)	Fungi	425		False
Q8QFR4	Q8QFR4	Xenopus laevis	Metazoa	211		False
Q8IV76	Q8IV76	Homo sapiens	Metazoa	773		False
Q09014	Q09014	Mus musculus	Metazoa	390		False
P69850	P69850	Saccharomyces cerevisiae (strain ATCC 204508 / S288c)	Fungi	94		False
Q9FFD8	Q9FFD8	Arabidopsis thaliana	Plants	104		False
Q9VS24	Q9VS24	Drosophila melanogaster	Metazoa	994		False
Q5H9F3	Q5H9F3	Homo sapiens	Metazoa	1785		False
Q9LRH6	Q9LRH6	Arabidopsis thaliana	Plants	309		False
Q1MTQ0	Q1MTQ0	Schizosaccharomyces pombe (strain 972 / ATCC 24843)	Fungi	692		False
Q8N3J3	Q8N3J3	Homo sapiens	Metazoa	647		False
Q9FNZ4	Q9FNZ4	Arabidopsis thaliana	Plants	112		False
Q9UT31	Q9UT31	Schizosaccharomyces pombe (strain 972 / ATCC 24843)	Fungi	241		False
Q8WWY6	Q8WWY6	Homo sapiens	Metazoa	194		False
Q06032	Q06032	Saccharomyces cerevisiae (strain ATCC 204508 / S288c)	Fungi	482		False
Q8L6Z4	Q8L6Z4	Arabidopsis thaliana	Plants	430		False
Q6NNL9	Q6NNL9	Arabidopsis thaliana	Plants	93		False
P06733	P06733	Homo sapiens	Metazoa	434		False
Q8WV22	Q8WV22	Homo sapiens	Metazoa	266		False
Q08605	Q08605	Drosophila melanogaster	Metazoa	582		False
Q9JJ28	Q9JJ28	Mus musculus	Metazoa	1271		False
D4A3U0	D4A3U0	Rattus norvegicus	Metazoa	432		True
Q9M280	Q9M280	Arabidopsis thaliana	Plants	116		False
C6KST8	C6KST8	Plasmodium falciparum (isolate 3D7)	Other	358		True
Q6P1L8	Q6P1L8	Homo sapiens	Metazoa	145		False
H2L056	H2L056	Caenorhabditis elegans	Metazoa	613		False
Q8IZP1	Q8IZP1	Homo sapiens	Metazoa	549		False
Q9BTP7	Q9BTP7	Homo sapiens	Metazoa	215		False
Q9NQ31	Q9NQ31	Homo sapiens	Metazoa	210		False
Q9CRB9	Q9CRB9	Mus musculus	Metazoa	227		False
O60090	O60090	Schizosaccharomyces pombe (strain 972 / ATCC 24843)	Fungi	297		False
Q9BV68	Q9BV68	Homo sapiens	Metazoa	311		False
Q60866	Q60866	Mus musculus	Metazoa	349		False
O64827	O64827	Arabidopsis thaliana	Plants	1382		False
O43812	O43812	Homo sapiens	Metazoa	170		False
Q8W489	Q8W489	Arabidopsis thaliana	Plants	865		False
Q563C3	Q563C3	Xenopus laevis	Metazoa	269		False
Q9SYM0	Q9SYM0	Arabidopsis thaliana	Plants	333		False
Q9P6I9	Q9P6I9	Schizosaccharomyces pombe (strain 972 / ATCC 24843)	Fungi	618		False
P38874	P38874	Saccharomyces cerevisiae (strain ATCC 204508 / S288c)	Fungi	309		False
P32800	P32800	Saccharomyces cerevisiae (strain ATCC 204508 / S288c)	Fungi	271		True
Q9VNH1	Q9VNH1	Drosophila melanogaster	Metazoa	300		False
Q6SKR5	Q6SKR5	Xenopus laevis	Metazoa	228		False
Q86VZ6	Q86VZ6	Homo sapiens	Metazoa	243		False
P15343	P15343	Equus caballus	Metazoa	58		False
P46995	P46995	Saccharomyces cerevisiae (strain ATCC 204508 / S288c)	Fungi	733		False
Q8IZD2	Q8IZD2	Homo sapiens	Metazoa	1858		False
Q84K96	Q84K96	Crocus sativus	Plants	369		False
Q8NDD1	Q8NDD1	Homo sapiens	Metazoa	293		False
Q9FEC4	Q9FEC4	Chlamydomonas reinhardtii	Plants	1783		False
F4JCX9	F4JCX9	Arabidopsis thaliana	Plants	663		False
Q5M731	Q5M731	Arabidopsis thaliana	Plants	522		False
Q9UHD9	Q9UHD9	Homo sapiens	Metazoa	624		False
P06703	P06703	Homo sapiens	Metazoa	90		False
Q9LY74	Q9LY74	Arabidopsis thaliana	Plants	338		False
G5EEH9	G5EEH9	Caenorhabditis elegans	Metazoa	1678		False
Q9NXZ1	Q9NXZ1	Homo sapiens	Metazoa	904		False
Q9FZF1	Q9FZF1	Arabidopsis thaliana	Plants	248		False
Q9C9U5	Q9C9U5	Arabidopsis thaliana	Plants	1030		False
Q96AP0	Q96AP0	Homo sapiens	Metazoa	458		False
P22734	P22734	Rattus norvegicus	Metazoa	264		True
Q96LT9	Q96LT9	Homo sapiens	Metazoa	517		False
Q9Y4W2	Q9Y4W2	Homo sapiens	Metazoa	734		False
P22134	P22134	Saccharomyces cerevisiae (strain ATCC 204508 / S288c)	Fungi	296		False
P43582	P43582	Saccharomyces cerevisiae (strain ATCC 204508 / S288c)	Fungi	211		False
Q96RG2	Q96RG2	Homo sapiens	Metazoa	1323		False
Q07684	Q07684	Saccharomyces cerevisiae (strain ATCC 204508 / S288c)	Fungi	458		False
Q9UDR5	Q9UDR5	Homo sapiens	Metazoa	926		False
Q13061	Q13061	Homo sapiens	Metazoa	729		True
P0DPG3	P0DPG3	Trypanosoma brucei brucei	Other	75		False
Q4E657	Q4E657	Trypanosoma cruzi (strain CL Brener)	Other	485		False
P22265	P22265	Drosophila melanogaster	Metazoa	954		False
Q6ZV65	Q6ZV65	Homo sapiens	Metazoa	393		False
Q8WW12	Q8WW12	Homo sapiens	Metazoa	178		False
Q9CQP8	Q9CQP8	Mus musculus	Metazoa	194		False
Q02953	Q02953	Schizosaccharomyces pombe (strain 972 / ATCC 24843)	Fungi	609		False
Q08119	Q08119	Saccharomyces cerevisiae (strain ATCC 204508 / S288c)	Fungi	714		False
Q9JMC2	Q9JMC2	Mus musculus	Metazoa	493		False
Q9HDZ6	Q9HDZ6	Schizosaccharomyces pombe (strain 972 / ATCC 24843)	Fungi	155		False
P15619	P15619	Drosophila melanogaster	Metazoa	869		False
Q92989	Q92989	Homo sapiens	Metazoa	425		False
Q949P2	Q949P2	Arabidopsis thaliana	Plants	701		False
Q5XVG3	Q5XVG3	Arabidopsis thaliana	Plants	287		False
P26188	P26188	Saccharomyces cerevisiae (strain ATCC 204508 / S288c)	Fungi	188		False
Q02884	Q02884	Saccharomyces cerevisiae (strain ATCC 204508 / S288c)	Fungi	456		False
Q05949	Q05949	Saccharomyces cerevisiae (strain ATCC 204508 / S288c)	Fungi	395		False
Q15013	Q15013	Homo sapiens	Metazoa	274		False
Q9Z1P6	Q9Z1P6	Mus musculus	Metazoa	113		False
P46673	P46673	Saccharomyces cerevisiae (strain ATCC 204508 / S288c)	Fungi	744		False
Q8TE02	Q8TE02	Homo sapiens	Metazoa	300		False
Q95QD7	Q95QD7	Caenorhabditis elegans	Metazoa	435		False
P33411	P33411	Saccharomyces cerevisiae (strain ATCC 204508 / S288c)	Fungi	251		False
Q9URX7	Q9URX7	Schizosaccharomyces pombe (strain 972 / ATCC 24843)	Fungi	340		False
Q12462	Q12462	Saccharomyces cerevisiae (strain ATCC 204508 / S288c)	Fungi	236		False
Q9SDW0	Q9SDW0	Arabidopsis thaliana	Plants	323		False
Q8NI36	Q8NI36	Homo sapiens	Metazoa	895		False
Q80VA5	Q80VA5	Mus musculus	Metazoa	1289		False
P23508	P23508	Homo sapiens	Metazoa	829		False
Q6NTE8	Q6NTE8	Homo sapiens	Metazoa	343		False
P47043	P47043	Saccharomyces cerevisiae (strain ATCC 204508 / S288c)	Fungi	880		False
Q09779	Q09779	Schizosaccharomyces pombe (strain 972 / ATCC 24843)	Fungi	1628		False
Q00597	Q00597	Homo sapiens	Metazoa	558		False
Q02614	Q02614	Mus musculus	Metazoa	308		False
Q9FFS4	Q9FFS4	Arabidopsis thaliana	Plants	101		False
Q3SXM5	Q3SXM5	Homo sapiens	Metazoa	330		False
O95163	O95163	Homo sapiens	Metazoa	1332		False
Q9LSD0	Q9LSD0	Arabidopsis thaliana	Plants	332		False
Q9S7D1	Q9S7D1	Arabidopsis thaliana	Plants	808		False
Q42545	Q42545	Arabidopsis thaliana	Plants	433		False
Q6P589	Q6P589	Homo sapiens	Metazoa	184		False
P32570	P32570	Saccharomyces cerevisiae (strain ATCC 204508 / S288c)	Fungi	121		False
Q12486	Q12486	Saccharomyces cerevisiae (strain ATCC 204508 / S288c)	Fungi	218		False
Q4VC44	Q4VC44	Homo sapiens	Metazoa	716		False
Q8LEA8	Q8LEA8	Arabidopsis thaliana	Plants	336		False
P00856	P00856	Saccharomyces cerevisiae (strain ATCC 204508 / S288c)	Fungi	48		True
O02326	O02326	Caenorhabditis elegans	Metazoa	467		False
P38907	P38907	Saccharomyces cerevisiae (strain ATCC 204508 / S288c)	Fungi	458		False
P93303	P93303	Arabidopsis thaliana	Plants	158		True
P38313	P38313	Saccharomyces cerevisiae (strain ATCC 204508 / S288c)	Fungi	324		False
P08635	P08635	Rattus norvegicus	Metazoa	263		False
Q94ID2	Q94ID2	Arabidopsis thaliana	Plants	330		False
Q9LES4	Q9LES4	Arabidopsis thaliana	Plants	483		False
Q95R35	Q95R35	Drosophila melanogaster	Metazoa	524		False
P42858	P42858	Homo sapiens	Metazoa	3142		False
Q961D9	Q961D9	Drosophila melanogaster	Metazoa	1469		False
Q3V0B4	Q3V0B4	Mus musculus	Metazoa	1847		False
Q03071	Q03071	Saccharomyces cerevisiae (strain ATCC 204508 / S288c)	Fungi	99		False
Q9BUA3	Q9BUA3	Homo sapiens	Metazoa	381		False
O14832	O14832	Homo sapiens	Metazoa	338		False
Q92552	Q92552	Homo sapiens	Metazoa	414		False
O14867	O14867	Homo sapiens	Metazoa	736		False
F4HYF3	F4HYF3	Arabidopsis thaliana	Plants	401		False
Q6P2C8	Q6P2C8	Homo sapiens	Metazoa	311		False
Q08966	Q08966	Saccharomyces cerevisiae (strain ATCC 204508 / S288c)	Fungi	492		False
Q9USP0	Q9USP0	Schizosaccharomyces pombe (strain 972 / ATCC 24843)	Fungi	341		False
Q9H4B0	Q9H4B0	Homo sapiens	Metazoa	414		False
O42936	O42936	Schizosaccharomyces pombe (strain 972 / ATCC 24843)	Fungi	470		False
P37727	P37727	Rattus norvegicus	Metazoa	650		False
Q06405	Q06405	Saccharomyces cerevisiae (strain ATCC 204508 / S288c)	Fungi	101		False
Q9Z0Y7	Q9Z0Y7	Mus musculus	Metazoa	1216		False
Q9NQS5	Q9NQS5	Homo sapiens	Metazoa	396		True
Q6NWY9	Q6NWY9	Homo sapiens	Metazoa	871		False
P70434	P70434	Mus musculus	Metazoa	457		False
Q9H3J6	Q9H3J6	Homo sapiens	Metazoa	166		False
P94077	P94077	Arabidopsis thaliana	Plants	189		False
Q9UMN6	Q9UMN6	Homo sapiens	Metazoa	2715		False
Q86V15	Q86V15	Homo sapiens	Metazoa	1759		False
Q6PI26	Q6PI26	Homo sapiens	Metazoa	577		False
Q8BHS6	Q8BHS6	Mus musculus	Metazoa	379		True
G3UYX5	G3UYX5	Mus musculus	Metazoa	1258		False
Q9FJH5	Q9FJH5	Arabidopsis thaliana	Plants	283		False
P09595	P09595	Spinacia oleracea	Plants	218		False
E7FKV8	E7FKV8	Oryzias latipes	Metazoa	2742		False
P21135	P21135	Schizosaccharomyces pombe (strain 972 / ATCC 24843)	Fungi	296		False
Q9W3C1	Q9W3C1	Drosophila melanogaster	Metazoa	1008		False
P22812	P22812	Drosophila melanogaster	Metazoa	462		False
P53220	P53220	Saccharomyces cerevisiae (strain ATCC 204508 / S288c)	Fungi	239		True
Q42588	Q42588	Arabidopsis thaliana	Plants	314		False
Q9D742	Q9D742	Mus musculus	Metazoa	170		False
Q12495	Q12495	Saccharomyces cerevisiae (strain ATCC 204508 / S288c)	Fungi	606		False
O96624	O96624	Dictyostelium discoideum	Other	174		False
Q9BSN7	Q9BSN7	Homo sapiens	Metazoa	226		True
Q14978	Q14978	Homo sapiens	Metazoa	699		False
Q39129	Q39129	Arabidopsis thaliana	Plants	120		False
P43572	P43572	Saccharomyces cerevisiae (strain ATCC 204508 / S288c)	Fungi	832		False
L0R8F8	L0R8F8	Homo sapiens	Metazoa	70		False
Q92917	Q92917	Homo sapiens	Metazoa	476		False
Q9H4A3	Q9H4A3	Homo sapiens	Metazoa	2382		False
Q04377	Q04377	Saccharomyces cerevisiae (strain ATCC 204508 / S288c)	Fungi	747		False
P38751	P38751	Saccharomyces cerevisiae (strain ATCC 204508 / S288c)	Fungi	150		False
O60356	O60356	Homo sapiens	Metazoa	82		False
Q2EMV9	Q2EMV9	Mus musculus	Metazoa	1817		False
Q9JHI9	Q9JHI9	Mus musculus	Metazoa	570		True
Q23405	Q23405	Caenorhabditis elegans	Metazoa	842		False
Q9ERV1	Q9ERV1	Mus musculus	Metazoa	416		False
Q8IYM2	Q8IYM2	Homo sapiens	Metazoa	578		False
Q8NDX5	Q8NDX5	Homo sapiens	Metazoa	983		False
P80470	P80470	Spinacia oleracea	Plants	199		False
O04209	O04209	Arabidopsis thaliana	Plants	258		False
Q95RV2	Q95RV2	Drosophila melanogaster	Metazoa	345		False
Q6IQ49	Q6IQ49	Homo sapiens	Metazoa	451		False
Q8IVG5	Q8IVG5	Homo sapiens	Metazoa	1584		False
P42935	P42935	Saccharomyces cerevisiae (strain ATCC 204508 / S288c)	Fungi	788		False
Q9UIA9	Q9UIA9	Homo sapiens	Metazoa	1087		False
Q99288	Q99288	Saccharomyces cerevisiae (strain ATCC 204508 / S288c)	Fungi	334		False
Q3E785	Q3E785	Saccharomyces cerevisiae (strain ATCC 204508 / S288c)	Fungi	79		False
Q9W1C5	Q9W1C5	Drosophila melanogaster	Metazoa	2053		False
Q9UPW6	Q9UPW6	Homo sapiens	Metazoa	733		False
Q9S7Z2	Q9S7Z2	Arabidopsis thaliana	Plants	319		False
Q9LF24	Q9LF24	Arabidopsis thaliana	Plants	927		False
Q9H9A7	Q9H9A7	Homo sapiens	Metazoa	625		False
Q4VAE3	Q4VAE3	Mus musculus	Metazoa	234		False
P27716	P27716	Drosophila melanogaster	Metazoa	362		True
E9QDC5	E9QDC5	Danio rerio	Metazoa	294		True
Q96GE9	Q96GE9	Homo sapiens	Metazoa	116		True
Q86W26	Q86W26	Homo sapiens	Metazoa	655		False
Q9FFG0	Q9FFG0	Arabidopsis thaliana	Plants	248		False
Q923S6	Q923S6	Mus musculus	Metazoa	574		False
G5EFY7	G5EFY7	Caenorhabditis elegans	Metazoa	295		False
Q5SXI5	Q5SXI5	Mus musculus	Metazoa	585		False
O75127	O75127	Homo sapiens	Metazoa	700		False
Q8R3P9	Q8R3P9	Mus musculus	Metazoa	1054		False
Q99MU3	Q99MU3	Mus musculus	Metazoa	1178		False
Q9BV86	Q9BV86	Homo sapiens	Metazoa	223		False
Q9W1R4	Q9W1R4	Drosophila melanogaster	Metazoa	1395		False
Q9S9Z2	Q9S9Z2	Arabidopsis thaliana	Plants	365		False
A0A509AKT6	A0A509AKT6	Plasmodium berghei (strain Anka)	Other	455		True
Q5N712	Q5N712	Oryza sativa subsp. japonica	Plants	1286		False
Q9VKM1	Q9VKM1	Drosophila melanogaster	Metazoa	843		False
Q10302	Q10302	Schizosaccharomyces pombe (strain 972 / ATCC 24843)	Fungi	646		False
Q9BWM7	Q9BWM7	Homo sapiens	Metazoa	321		False
Q8W593	Q8W593	Arabidopsis thaliana	Plants	350		False
Q9LUI2	Q9LUI2	Arabidopsis thaliana	Plants	1728		False
O35683	O35683	Mus musculus	Metazoa	70		True
Q9SGS4	Q9SGS4	Arabidopsis thaliana	Plants	302		False
A0A2R6QE26	A0A2R6QE26	Actinidia chinensis var. chinensis	Plants	689		False
O44783	O44783	Drosophila melanogaster	Metazoa	589		False
Q8IVP5	Q8IVP5	Homo sapiens	Metazoa	155		True
P53958	P53958	Saccharomyces cerevisiae (strain ATCC 204508 / S288c)	Fungi	396		False
Q8N5C6	Q8N5C6	Homo sapiens	Metazoa	995		False
O60682	O60682	Homo sapiens	Metazoa	206		False
Q92629	Q92629	Homo sapiens	Metazoa	289		True
Q02890	Q02890	Saccharomyces cerevisiae (strain ATCC 204508 / S288c)	Fungi	363		False
Q6FI81	Q6FI81	Homo sapiens	Metazoa	312		False
Q8WYA6	Q8WYA6	Homo sapiens	Metazoa	563		False
Q06411	Q06411	Saccharomyces cerevisiae (strain ATCC 204508 / S288c)	Fungi	708		False
Q7L3V2	Q7L3V2	Homo sapiens	Metazoa	364		False
P40535	P40535	Saccharomyces cerevisiae (strain ATCC 204508 / S288c)	Fungi	587		False
Q9U1H0	Q9U1H0	Drosophila melanogaster	Metazoa	1832		False
Q92922	Q92922	Homo sapiens	Metazoa	1105		False
Q8BY35	Q8BY35	Mus musculus	Metazoa	655		False
P83213	P83213	Bolinus brandaris	Metazoa	54		False
A0A163UT06	A0A163UT06	Caenorhabditis elegans	Metazoa	277		False
Q7M6Y2	Q7M6Y2	Mus musculus	Metazoa	395		False
Q9BQA5	Q9BQA5	Homo sapiens	Metazoa	517		False
O13894	O13894	Schizosaccharomyces pombe (strain 972 / ATCC 24843)	Fungi	124		False
P07276	P07276	Saccharomyces cerevisiae (strain ATCC 204508 / S288c)	Fungi	1031		False
Q6ZT62	Q6ZT62	Homo sapiens	Metazoa	677		False
Q96EA4	Q96EA4	Homo sapiens	Metazoa	605		False
P78811	P78811	Schizosaccharomyces pombe (strain 972 / ATCC 24843)	Fungi	506		False
Q9VQ91	Q9VQ91	Drosophila melanogaster	Metazoa	576		False
P40041	P40041	Saccharomyces cerevisiae (strain ATCC 204508 / S288c)	Fungi	505		False
Q9BQ83	Q9BQ83	Homo sapiens	Metazoa	275		False
Q9HCC9	Q9HCC9	Homo sapiens	Metazoa	887		False
Q02100	Q02100	Saccharomyces cerevisiae (strain ATCC 204508 / S288c)	Fungi	647		False
Q62384	Q62384	Mus musculus	Metazoa	459		False
O74359	O74359	Schizosaccharomyces pombe (strain 972 / ATCC 24843)	Fungi	663		False
Q9NXF7	Q9NXF7	Homo sapiens	Metazoa	216		False
P83758	P83758	Danio rerio	Metazoa	448		False
Q9FIG9	Q9FIG9	Arabidopsis thaliana	Plants	801		False
P11471	P11471	Chlamydomonas reinhardtii	Plants	245		False
F4K687	F4K687	Arabidopsis thaliana	Plants	238		False
Q9VPM5	Q9VPM5	Drosophila melanogaster	Metazoa	539		False
O60934	O60934	Homo sapiens	Metazoa	754		False
Q9UT19	Q9UT19	Schizosaccharomyces pombe (strain 972 / ATCC 24843)	Fungi	764		False
Q7Z2D5	Q7Z2D5	Homo sapiens	Metazoa	763		True
Q9BRD0	Q9BRD0	Homo sapiens	Metazoa	619		False
P12294	P12294	Saccharomyces cerevisiae	Fungi	476		False
Q9SS48	Q9SS48	Arabidopsis thaliana	Plants	629		False
Q94920	Q94920	Drosophila melanogaster	Metazoa	282		True
Q8IY22	Q8IY22	Homo sapiens	Metazoa	773		False
O94238	O94238	Schizosaccharomyces pombe (strain 972 / ATCC 24843)	Fungi	134		False
Q03214	Q03214	Saccharomyces cerevisiae (strain ATCC 204508 / S288c)	Fungi	1411		False
P40473	P40473	Saccharomyces cerevisiae (strain ATCC 204508 / S288c)	Fungi	351		False
P0DI81	P0DI81	Homo sapiens	Metazoa	140		False
Q06142	Q06142	Saccharomyces cerevisiae (strain ATCC 204508 / S288c)	Fungi	861		False
P43116	P43116	Homo sapiens	Metazoa	358		True
A1Z8D0	A1Z8D0	Drosophila melanogaster	Metazoa	459		False
Q69YH5	Q69YH5	Homo sapiens	Metazoa	1023		False
P09940	P09940	Cyberlindnera jadinii	Fungi	63		False
Q8IEK7	Q8IEK7	Plasmodium falciparum (isolate 3D7)	Other	87		False
A1A6M1	A1A6M1	Arabidopsis thaliana	Plants	387		False
P47174	P47174	Saccharomyces cerevisiae (strain ATCC 204508 / S288c)	Fungi	117		False
P42695	P42695	Homo sapiens	Metazoa	1498		False
Q9BRT3	Q9BRT3	Homo sapiens	Metazoa	115		False
P39996	P39996	Saccharomyces cerevisiae (strain ATCC 204508 / S288c)	Fungi	337		False
A2AMM0	A2AMM0	Mus musculus	Metazoa	362		False
O76075	O76075	Homo sapiens	Metazoa	338		False
Q02931	Q02931	Saccharomyces cerevisiae (strain ATCC 204508 / S288c)	Fungi	896		False
P78563	P78563	Homo sapiens	Metazoa	741		False
Q5JTH9	Q5JTH9	Homo sapiens	Metazoa	1297		False
Q9Y226	Q9Y226	Homo sapiens	Metazoa	551		True
A0A061ACU2	A0A061ACU2	Caenorhabditis elegans	Metazoa	2442		True
P43122	P43122	Saccharomyces cerevisiae (strain ATCC 204508 / S288c)	Fungi	407		False
Q02354	Q02354	Saccharomyces cerevisiae (strain ATCC 204508 / S288c)	Fungi	440		False
Q9H8E8	Q9H8E8	Homo sapiens	Metazoa	782		False
Q41062	Q41062	Pisum sativum	Plants	1011		False
O17850	O17850	Caenorhabditis elegans	Metazoa	317		False
Q8K3D3	Q8K3D3	Mus musculus	Metazoa	89		False
P41046	P41046	Drosophila melanogaster	Metazoa	550		False
Q8SXD4	Q8SXD4	Drosophila melanogaster	Metazoa	1122		False
Q01842	Q01842	Drosophila melanogaster	Metazoa	732		False
P29418	P29418	Rattus norvegicus	Metazoa	51		False
Q9WUR2	Q9WUR2	Mus musculus	Metazoa	391		False
Q9NPL8	Q9NPL8	Homo sapiens	Metazoa	285		True
P32761	P32761	Chlamydomonas moewusii	Plants	218		False
Q16635	Q16635	Homo sapiens	Metazoa	262		False
Q9FQ08	Q9FQ08	Arabidopsis thaliana	Plants	621		False
P51509	P51509	Gallus gallus	Metazoa	549		False
Q7Z6L0	Q7Z6L0	Homo sapiens	Metazoa	340		False
Q8IZT9	Q8IZT9	Homo sapiens	Metazoa	166		False
O94603	O94603	Schizosaccharomyces pombe (strain 972 / ATCC 24843)	Fungi	948		False
Q9Y5N6	Q9Y5N6	Homo sapiens	Metazoa	252		False
Q8L794	Q8L794	Arabidopsis thaliana	Plants	478		False
P53883	P53883	Saccharomyces cerevisiae (strain ATCC 204508 / S288c)	Fungi	403		False
P54657	P54657	Dictyostelium discoideum	Other	213		False
Q67UU9	Q67UU9	Oryza sativa subsp. japonica	Plants	426		False
Q18490	Q18490	Caenorhabditis elegans	Metazoa	142		False
Q9NVH2	Q9NVH2	Homo sapiens	Metazoa	962		False
P0DP99	P0DP99	Mus musculus	Metazoa	47		True
P70460	P70460	Mus musculus	Metazoa	375		False
Q54TN2	Q54TN2	Dictyostelium discoideum	Other	580		False
Q8GXH3	Q8GXH3	Arabidopsis thaliana	Plants	371		False
O42913	O42913	Schizosaccharomyces pombe (strain 972 / ATCC 24843)	Fungi	342		False
Q96PY6	Q96PY6	Homo sapiens	Metazoa	1258		False
O08773	O08773	Rattus norvegicus	Metazoa	544		False
Q34807	Q34807	Wickerhamomyces canadensis	Fungi	231		False
Q8IXQ6	Q8IXQ6	Homo sapiens	Metazoa	854		False
P53256	P53256	Saccharomyces cerevisiae (strain ATCC 204508 / S288c)	Fungi	223		False
Q6T4R5	Q6T4R5	Homo sapiens	Metazoa	1651		False
Q9UUB6	Q9UUB6	Schizosaccharomyces pombe (strain 972 / ATCC 24843)	Fungi	300		False
Q10337	Q10337	Schizosaccharomyces pombe (strain 972 / ATCC 24843)	Fungi	849		False
Q9BZE1	Q9BZE1	Homo sapiens	Metazoa	423		False
Q6P9H5	Q6P9H5	Homo sapiens	Metazoa	292		False
Q8C5Y2	Q8C5Y2	Mus musculus	Metazoa	53		True
Q5SGE0	Q5SGE0	Rattus norvegicus	Metazoa	1392		False
Q13772	Q13772	Homo sapiens	Metazoa	614		False
P34247	P34247	Saccharomyces cerevisiae (strain ATCC 204508 / S288c)	Fungi	250		False
Q05048	Q05048	Homo sapiens	Metazoa	431		False
Q9FVQ1	Q9FVQ1	Arabidopsis thaliana	Plants	557		False
O74991	O74991	Schizosaccharomyces pombe (strain 972 / ATCC 24843)	Fungi	577		False
Q9C7A2	Q9C7A2	Arabidopsis thaliana	Plants	590		False
Q09902	Q09902	Schizosaccharomyces pombe (strain 972 / ATCC 24843)	Fungi	85		False
P53854	P53854	Saccharomyces cerevisiae (strain ATCC 204508 / S288c)	Fungi	179		False
Q06493	Q06493	Saccharomyces cerevisiae (strain ATCC 204508 / S288c)	Fungi	454		False
P11171	P11171	Homo sapiens	Metazoa	864		False
Q01217	Q01217	Saccharomyces cerevisiae (strain ATCC 204508 / S288c)	Fungi	863		False
P40065	P40065	Saccharomyces cerevisiae (strain ATCC 204508 / S288c)	Fungi	302		False
P32451	P32451	Saccharomyces cerevisiae (strain ATCC 204508 / S288c)	Fungi	375		False
P29509	P29509	Saccharomyces cerevisiae (strain ATCC 204508 / S288c)	Fungi	319		False
E9Q7G0	E9Q7G0	Mus musculus	Metazoa	2094		False
Q8VY77	Q8VY77	Arabidopsis thaliana	Plants	91		True
Q9Y4P9	Q9Y4P9	Homo sapiens	Metazoa	236		False
Q5ND04	Q5ND04	Mus musculus	Metazoa	624		False
Q12199	Q12199	Saccharomyces cerevisiae (strain ATCC 204508 / S288c)	Fungi	356		False
Q9Y3B8	Q9Y3B8	Homo sapiens	Metazoa	237		False
O35144	O35144	Mus musculus	Metazoa	541		False
Q8WXD5	Q8WXD5	Homo sapiens	Metazoa	167		False
Q9H6F5	Q9H6F5	Homo sapiens	Metazoa	360		False
Q86TG7	Q86TG7	Homo sapiens	Metazoa	708		False
Q9NY74	Q9NY74	Homo sapiens	Metazoa	926		False
Q9V466	Q9V466	Drosophila melanogaster	Metazoa	845		False
Q04149	Q04149	Saccharomyces cerevisiae (strain ATCC 204508 / S288c)	Fungi	632		False
O74547	O74547	Schizosaccharomyces pombe (strain 972 / ATCC 24843)	Fungi	422		False
P41696	P41696	Saccharomyces cerevisiae (strain ATCC 204508 / S288c)	Fungi	914		False
Q5SSJ5	Q5SSJ5	Homo sapiens	Metazoa	553		False
P38208	P38208	Saccharomyces cerevisiae (strain ATCC 204508 / S288c)	Fungi	133		False
P12787	P12787	Mus musculus	Metazoa	146		False
P26321	P26321	Saccharomyces cerevisiae (strain ATCC 204508 / S288c)	Fungi	297		False
Q9VLJ8	Q9VLJ8	Drosophila melanogaster	Metazoa	453		False
P47035	P47035	Saccharomyces cerevisiae (strain ATCC 204508 / S288c)	Fungi	1189		False
Q9Y5R4	Q9Y5R4	Homo sapiens	Metazoa	338		False
Q99836	Q99836	Homo sapiens	Metazoa	296		False
P36152	P36152	Saccharomyces cerevisiae (strain ATCC 204508 / S288c)	Fungi	348		False
Q949T8	Q949T8	Arabidopsis thaliana	Plants	497		False
P28147	P28147	Arabidopsis thaliana	Plants	200		False
Q93062	Q93062	Homo sapiens	Metazoa	196		False
F4JV80	F4JV80	Arabidopsis thaliana	Plants	155		False
Q67ZB6	Q67ZB6	Arabidopsis thaliana	Plants	462		False
Q8GXR9	Q8GXR9	Arabidopsis thaliana	Plants	519		False
Q9BT78	Q9BT78	Homo sapiens	Metazoa	406		False
Q9DE46	Q9DE46	Xenopus laevis	Metazoa	1458		False
Q8NHG8	Q8NHG8	Homo sapiens	Metazoa	242		False
P38786	P38786	Saccharomyces cerevisiae (strain ATCC 204508 / S288c)	Fungi	293		False
Q9P1Z3	Q9P1Z3	Homo sapiens	Metazoa	774		False
Q9VKV5	Q9VKV5	Drosophila melanogaster	Metazoa	319		False
Q6P1J9	Q6P1J9	Homo sapiens	Metazoa	531		False
Q8BZ97	Q8BZ97	Mus musculus	Metazoa	688		False
Q9GZP8	Q9GZP8	Homo sapiens	Metazoa	106		False
H2KZH5	H2KZH5	Caenorhabditis elegans	Metazoa	621		False
Q9M394	Q9M394	Arabidopsis thaliana	Plants	471		False
Q9WVM1	Q9WVM1	Mus musculus	Metazoa	628		False
Q7Z7H8	Q7Z7H8	Homo sapiens	Metazoa	261		False
Q99816	Q99816	Homo sapiens	Metazoa	390		False
Q70CQ1	Q70CQ1	Homo sapiens	Metazoa	688		False
O61016	O61016	Crithidia fasciculata	Other	151		False
P40470	P40470	Saccharomyces cerevisiae (strain ATCC 204508 / S288c)	Fungi	206		False
Q25423	Q25423	Leishmania tarentolae	Other	187		False
Q60949	Q60949	Mus musculus	Metazoa	1255		False
Q8GWE0	Q8GWE0	Arabidopsis thaliana	Plants	702		False
Q8BHN1	Q8BHN1	Mus musculus	Metazoa	524		False
Q99LC3	Q99LC3	Mus musculus	Metazoa	355		False
Q93VR9	Q93VR9	Arabidopsis thaliana	Plants	326		False
Q10178	Q10178	Schizosaccharomyces pombe (strain 972 / ATCC 24843)	Fungi	1205		False
Q92750	Q92750	Homo sapiens	Metazoa	862		False
O42254	O42254	Gallus gallus	Metazoa	576		False
Q9FMM3	Q9FMM3	Arabidopsis thaliana	Plants	1714		False
O77408	O77408	Lymnaea stagnalis	Metazoa	638		True
P53332	P53332	Saccharomyces cerevisiae (strain ATCC 204508 / S288c)	Fungi	305		False
Q08913	Q08913	Saccharomyces cerevisiae (strain ATCC 204508 / S288c)	Fungi	375		True
P25032	P25032	Triticum aestivum	Plants	354		False
Q9NYK5	Q9NYK5	Homo sapiens	Metazoa	338		False
P80483	P80483	Amphidinium carterae	Other	323		False
Q8IY18	Q8IY18	Homo sapiens	Metazoa	1101		False
Q8SX37	Q8SX37	Drosophila melanogaster	Metazoa	224		True
Q811H0	Q811H0	Mus musculus	Metazoa	420		False
Q8TC71	Q8TC71	Homo sapiens	Metazoa	538		False
Q8TC26	Q8TC26	Homo sapiens	Metazoa	289		True
Q940X9	Q940X9	Arabidopsis thaliana	Plants	826		False
P70331	P70331	Mus musculus	Metazoa	251		False
Q8GY61	Q8GY61	Arabidopsis thaliana	Plants	335		False
O75475	O75475	Homo sapiens	Metazoa	530		False
P21228	P21228	Emericella nidulans (strain FGSC A4 / ATCC 38163 / CBS 112.46 / NRRL 194 / M139)	Fungi	821		False
Q10665	Q10665	Caenorhabditis elegans	Metazoa	754		False
Q9UUG2	Q9UUG2	Schizosaccharomyces pombe (strain 972 / ATCC 24843)	Fungi	621		False
Q17990	Q17990	Caenorhabditis elegans	Metazoa	439		True
Q8NCG7	Q8NCG7	Homo sapiens	Metazoa	672		True
P33076	P33076	Homo sapiens	Metazoa	1130		False
P14064	P14064	Saccharomyces cerevisiae (strain ATCC 204508 / S288c)	Fungi	554		False
Q9SX77	Q9SX77	Arabidopsis thaliana	Plants	257		False
Q9P2D0	Q9P2D0	Homo sapiens	Metazoa	1353		False
Q13562	Q13562	Homo sapiens	Metazoa	356		False
Q00422	Q00422	Mus musculus	Metazoa	454		False
B5TYT3	B5TYT3	Arabidopsis thaliana	Plants	771		True
Q5XIQ3	Q5XIQ3	Rattus norvegicus	Metazoa	316		False
Q39083	Q39083	Arabidopsis thaliana	Plants	206		False
P82412	P82412	Spinacia oleracea	Plants	179		False
Q9BSJ6	Q9BSJ6	Homo sapiens	Metazoa	248		False
Q8N726	Q8N726	Homo sapiens	Metazoa	132		False
Q5PP37	Q5PP37	Arabidopsis thaliana	Plants	473		False
D6VTK4	D6VTK4	Saccharomyces cerevisiae (strain ATCC 204508 / S288c)	Fungi	431		True
Q9BU64	Q9BU64	Homo sapiens	Metazoa	300		False
Q1K8V2	Q1K8V2	Neurospora crassa (strain ATCC 24698 / 74-OR23-1A / CBS 708.71 / DSM 1257 / FGSC 987)	Fungi	91		False
G2TRN4	G2TRN4	Schizosaccharomyces pombe (strain 972 / ATCC 24843)	Fungi	104		False
Q9LRI8	Q9LRI8	Spinacia oleracea	Plants	562		False
Q9V3H8	Q9V3H8	Drosophila melanogaster	Metazoa	133		False
Q9URV9	Q9URV9	Schizosaccharomyces pombe (strain 972 / ATCC 24843)	Fungi	124		False
P40387	P40387	Schizosaccharomyces pombe (strain 972 / ATCC 24843)	Fungi	513		False
Q60864	Q60864	Mus musculus	Metazoa	543		False
Q8IVS8	Q8IVS8	Homo sapiens	Metazoa	523		False
Q68CP9	Q68CP9	Homo sapiens	Metazoa	1835		False
P25451	P25451	Saccharomyces cerevisiae (strain ATCC 204508 / S288c)	Fungi	205		False
Q26366	Q26366	Drosophila melanogaster	Metazoa	453		False
G5EDP2	G5EDP2	Caenorhabditis elegans	Metazoa	412		False
Q9BQ65	Q9BQ65	Homo sapiens	Metazoa	265		False
Q9DAG4	Q9DAG4	Mus musculus	Metazoa	180		False
Q8IXI2	Q8IXI2	Homo sapiens	Metazoa	618		False
O00483	O00483	Homo sapiens	Metazoa	81		True
P25359	P25359	Saccharomyces cerevisiae (strain ATCC 204508 / S288c)	Fungi	394		False
Q9H204	Q9H204	Homo sapiens	Metazoa	178		False
Q96DN6	Q96DN6	Homo sapiens	Metazoa	1003		False
Q4GZF6	Q4GZF6	Trypanosoma brucei brucei (strain 927/4 GUTat10.1)	Other	171		False
Q12208	Q12208	Saccharomyces cerevisiae (strain ATCC 204508 / S288c)	Fungi	290		False
Q5JTV8	Q5JTV8	Homo sapiens	Metazoa	583		False
Q9UL40	Q9UL40	Homo sapiens	Metazoa	294		False
Q9Y7K9	Q9Y7K9	Schizosaccharomyces pombe (strain 972 / ATCC 24843)	Fungi	246		False
P43579	P43579	Saccharomyces cerevisiae (strain ATCC 204508 / S288c)	Fungi	692		False
P51906	P51906	Mus musculus	Metazoa	523		True
A8MUP2	A8MUP2	Homo sapiens	Metazoa	240		False
O75607	O75607	Homo sapiens	Metazoa	178		False
P25644	P25644	Saccharomyces cerevisiae (strain ATCC 204508 / S288c)	Fungi	796		False
Q15326	Q15326	Homo sapiens	Metazoa	602		False
P19659	P19659	Saccharomyces cerevisiae (strain ATCC 204508 / S288c)	Fungi	1081		False
Q9LPZ4	Q9LPZ4	Arabidopsis thaliana	Plants	204		False
P55786	P55786	Homo sapiens	Metazoa	919		False
Q2VLK6	Q2VLK6	Trypanosoma cruzi (strain CL Brener)	Other	358		False
P13468	P13468	Drosophila melanogaster	Metazoa	463		False
Q02086	Q02086	Homo sapiens	Metazoa	613		False
Q14CZ7	Q14CZ7	Homo sapiens	Metazoa	662		False
Q9Y0B7	Q9Y0B7	Dictyostelium discoideum	Other	305		False
P38749	P38749	Saccharomyces cerevisiae (strain ATCC 204508 / S288c)	Fungi	330		False
P61581	P61581	Homo sapiens	Metazoa	75		False
Q9H190	Q9H190	Homo sapiens	Metazoa	292		False
Q11184	Q11184	Caenorhabditis elegans	Metazoa	425		False
Q8T0G4	Q8T0G4	Drosophila melanogaster	Metazoa	629		False
O17286	O17286	Caenorhabditis elegans	Metazoa	403		False
Q9NVS2	Q9NVS2	Homo sapiens	Metazoa	196		False
Q9D945	Q9D945	Mus musculus	Metazoa	130		False
P25573	P25573	Saccharomyces cerevisiae (strain ATCC 204508 / S288c)	Fungi	417		True
Q8IYT2	Q8IYT2	Homo sapiens	Metazoa	770		False
P06785	P06785	Saccharomyces cerevisiae (strain ATCC 204508 / S288c)	Fungi	304		False
Q9BXU7	Q9BXU7	Homo sapiens	Metazoa	913		False
Q12308	Q12308	Saccharomyces cerevisiae (strain ATCC 204508 / S288c)	Fungi	588		False
P03874	P03874	Saccharomyces cerevisiae (strain ATCC 204508 / S288c)	Fungi	630		False
Q9C103	Q9C103	Schizosaccharomyces pombe (strain 972 / ATCC 24843)	Fungi	735		False
Q71SY5	Q71SY5	Homo sapiens	Metazoa	747		False
Q06148	Q06148	Saccharomyces cerevisiae (strain ATCC 204508 / S288c)	Fungi	342		True
Q6ZWS8	Q6ZWS8	Mus musculus	Metazoa	374		False
Q8GZ79	Q8GZ79	Arabidopsis thaliana	Plants	274		False
P21269	P21269	Saccharomyces cerevisiae (strain ATCC 204508 / S288c)	Fungi	546		False
P35632	P35632	Arabidopsis thaliana	Plants	232		False
P25346	P25346	Saccharomyces cerevisiae (strain ATCC 204508 / S288c)	Fungi	518		True
Q8VHW8	Q8VHW8	Rattus norvegicus	Metazoa	275		True
Q91ZX6	Q91ZX6	Mus musculus	Metazoa	588		False
Q9N658	Q9N658	Drosophila melanogaster	Metazoa	541		False
O61715	O61715	Caenorhabditis elegans	Metazoa	454		True
Q8S9G8	Q8S9G8	Arabidopsis thaliana	Plants	801		False
A0A075TXZ8	A0A075TXZ8	Penicillium expansum	Fungi	799		False
Q767K8	Q767K8	Sus scrofa	Metazoa	258		False
Q01664	Q01664	Homo sapiens	Metazoa	338		False
Q42564	Q42564	Arabidopsis thaliana	Plants	287		False
P34766	P34766	Caenorhabditis elegans	Metazoa	270		False
Q9GZU8	Q9GZU8	Homo sapiens	Metazoa	254		False
A0A2R6X6S3	A0A2R6X6S3	Marchantia polymorpha	Plants	911		False
Q9C0C6	Q9C0C6	Homo sapiens	Metazoa	399		False
Q9VH36	Q9VH36	Drosophila melanogaster	Metazoa	585		False
Q54T86	Q54T86	Dictyostelium discoideum	Other	568		False
Q09904	Q09904	Schizosaccharomyces pombe (strain 972 / ATCC 24843)	Fungi	1159		False
Q8N6L0	Q8N6L0	Homo sapiens	Metazoa	562		False
P10834	P10834	Saccharomyces cerevisiae (strain ATCC 204508 / S288c)	Fungi	293		False
Q12020	Q12020	Saccharomyces cerevisiae (strain ATCC 204508 / S288c)	Fungi	392		False
Q8CGU1	Q8CGU1	Mus musculus	Metazoa	691		False
Q84JE8	Q84JE8	Arabidopsis thaliana	Plants	694		False
Q38890	Q38890	Arabidopsis thaliana	Plants	621		True
P46951	P46951	Saccharomyces cerevisiae (strain ATCC 204508 / S288c)	Fungi	817		False
Q8SVA6	Q8SVA6	Encephalitozoon cuniculi (strain GB-M1)	Fungi	391		False
P08708	P08708	Homo sapiens	Metazoa	135		False
P53062	P53062	Saccharomyces cerevisiae (strain ATCC 204508 / S288c)	Fungi	197		True
P27895	P27895	Saccharomyces cerevisiae (strain ATCC 204508 / S288c)	Fungi	1000		False
P17890	P17890	Saccharomyces cerevisiae (strain ATCC 204508 / S288c)	Fungi	251		False
Q6AXT7	Q6AXT7	Rattus norvegicus	Metazoa	478		False
P82413	P82413	Spinacia oleracea	Plants	233		False
Q944A6	Q944A6	Arabidopsis thaliana	Plants	487		False
Q8CH19	Q8CH19	Mus musculus	Metazoa	720		False
O20029	O20029	Chlamydomonas reinhardtii	Plants	191		False
Q8VIJ5	Q8VIJ5	Rattus norvegicus	Metazoa	916		False
P42356	P42356	Homo sapiens	Metazoa	2102		False
P51530	P51530	Homo sapiens	Metazoa	1060		False
Q9DC04	Q9DC04	Mus musculus	Metazoa	966		False
P32048	P32048	Saccharomyces cerevisiae (strain ATCC 204508 / S288c)	Fungi	576		False
P06506	P06506	Spinacia oleracea	Plants	138		False
Q9M022	Q9M022	Arabidopsis thaliana	Plants	242		False
P10627	P10627	Drosophila melanogaster	Metazoa	490		False
Q9BZB8	Q9BZB8	Homo sapiens	Metazoa	566		False
Q6K678	Q6K678	Oryza sativa subsp. japonica	Plants	210		False
Q38FI2	Q38FI2	Trypanosoma brucei brucei (strain 927/4 GUTat10.1)	Other	143		False
P51970	P51970	Homo sapiens	Metazoa	172		False
O77059	O77059	Drosophila melanogaster	Metazoa	542		False
P50105	P50105	Saccharomyces cerevisiae (strain ATCC 204508 / S288c)	Fungi	388		False
Q9D115	Q9D115	Mus musculus	Metazoa	76		False
P52654	P52654	Drosophila melanogaster	Metazoa	366		False
P33322	P33322	Saccharomyces cerevisiae (strain ATCC 204508 / S288c)	Fungi	483		False
P04117	P04117	Mus musculus	Metazoa	132		False
Q9U3D6	Q9U3D6	Caenorhabditis elegans	Metazoa	964		False
P36632	P36632	Schizosaccharomyces pombe (strain 972 / ATCC 24843)	Fungi	614		False
P41814	P41814	Saccharomyces cerevisiae (strain ATCC 204508 / S288c)	Fungi	478		False
P53119	P53119	Saccharomyces cerevisiae (strain ATCC 204508 / S288c)	Fungi	910		False
O60447	O60447	Homo sapiens	Metazoa	810		False
Q8CIN9	Q8CIN9	Rattus norvegicus	Metazoa	362		False
Q9S720	Q9S720	Arabidopsis thaliana	Plants	247		False
Q2M3C6	Q2M3C6	Homo sapiens	Metazoa	523		False
Q96NW4	Q96NW4	Homo sapiens	Metazoa	1050		False
Q07589	Q07589	Saccharomyces cerevisiae (strain ATCC 204508 / S288c)	Fungi	356		False
Q94CD4	Q94CD4	Arabidopsis thaliana	Plants	134		False
Q9NWQ9	Q9NWQ9	Homo sapiens	Metazoa	140		False
Q8JFQ4	Q8JFQ4	Gallus gallus	Metazoa	277		False
Q63638	Q63638	Rattus norvegicus	Metazoa	3259		False
O94294	O94294	Schizosaccharomyces pombe (strain 972 / ATCC 24843)	Fungi	886		False
Q14192	Q14192	Homo sapiens	Metazoa	279		False
A3R064	A3R064	Gallus gallus	Metazoa	426		False
O60729	O60729	Homo sapiens	Metazoa	498		False
P22697	P22697	Neurospora crassa (strain ATCC 24698 / 74-OR23-1A / CBS 708.71 / DSM 1257 / FGSC 987)	Fungi	236		False
Q9H6D3	Q9H6D3	Homo sapiens	Metazoa	395		True
Q9P5M9	Q9P5M9	Schizosaccharomyces pombe (strain 972 / ATCC 24843)	Fungi	257		False
P40014	P40014	Saccharomyces cerevisiae (strain ATCC 204508 / S288c)	Fungi	221		False
P25555	P25555	Saccharomyces cerevisiae (strain ATCC 204508 / S288c)	Fungi	427		False
P0CT73	P0CT73	Schizosaccharomyces pombe (strain 972 / ATCC 24843)	Fungi	152		False
V5IMN1	V5IMN1	Neurospora crassa (strain ATCC 24698 / 74-OR23-1A / CBS 708.71 / DSM 1257 / FGSC 987)	Fungi	325		False
Q9P6S5	Q9P6S5	Schizosaccharomyces pombe (strain 972 / ATCC 24843)	Fungi	307		False
Q9SJX7	Q9SJX7	Arabidopsis thaliana	Plants	433		False
Q69ZR9	Q69ZR9	Mus musculus	Metazoa	1610		False
P38985	P38985	Saccharomyces cerevisiae (strain ATCC 204508 / S288c)	Fungi	146		False
Q9D067	Q9D067	Mus musculus	Metazoa	708		False
J9VT33	J9VT33	Cryptococcus neoformans (strain H99 / ATCC 208821 / CBS 10515 / FGSC 9487)	Fungi	1048		False
O88339	O88339	Rattus norvegicus	Metazoa	575		False
Q96T68	Q96T68	Homo sapiens	Metazoa	719		False
Q9SLB9	Q9SLB9	Arabidopsis thaliana	Plants	450		False
Q9C9T3	Q9C9T3	Arabidopsis thaliana	Plants	67		False
A9UHW6	A9UHW6	Homo sapiens	Metazoa	222		False
Q94AU9	Q94AU9	Arabidopsis thaliana	Plants	174		False
Q9SU30	Q9SU30	Arabidopsis thaliana	Plants	413		False
Q9VPF9	Q9VPF9	Drosophila melanogaster	Metazoa	373		False
P42937	P42937	Saccharomyces cerevisiae (strain ATCC 204508 / S288c)	Fungi	148		False
Q8GYH7	Q8GYH7	Arabidopsis thaliana	Plants	249		False
Q64702	Q64702	Mus musculus	Metazoa	925		False
P30989	P30989	Homo sapiens	Metazoa	418		True
P82248	P82248	Spinacia oleracea	Plants	168		False
Q18593	Q18593	Caenorhabditis elegans	Metazoa	329		True
Q8SKU2	Q8SKU2	Pisum sativum	Plants	534		False
P40688	P40688	Drosophila melanogaster	Metazoa	548		False
Q4WUK4	Q4WUK4	Aspergillus fumigatus (strain ATCC MYA-4609 / CBS 101355 / FGSC A1100 / Af293)	Fungi	609		False
P53114	P53114	Saccharomyces cerevisiae (strain ATCC 204508 / S288c)	Fungi	1132		False
Q6IUP1	Q6IUP1	Mus musculus	Metazoa	357		False
Q9NRN7	Q9NRN7	Homo sapiens	Metazoa	309		False
Q9GZY4	Q9GZY4	Homo sapiens	Metazoa	146		True
Q86W54	Q86W54	Homo sapiens	Metazoa	205		False
P17987	P17987	Homo sapiens	Metazoa	556		False
P47802	P47802	Mus musculus	Metazoa	317		False
Q37707	Q37707	Artemia franciscana	Metazoa	53		True
O02696	O02696	Sus scrofa	Metazoa	877		False
Q96LL9	Q96LL9	Homo sapiens	Metazoa	226		False
Q06162	Q06162	Saccharomyces cerevisiae (strain ATCC 204508 / S288c)	Fungi	153		False
Q9D0Z3	Q9D0Z3	Mus musculus	Metazoa	276		False
O04983	O04983	Arabidopsis thaliana	Plants	537		False
Q9SZR9	Q9SZR9	Arabidopsis thaliana	Plants	638		False
Q8RX78	Q8RX78	Arabidopsis thaliana	Plants	684		False
Q02783	Q02783	Saccharomyces cerevisiae (strain ATCC 204508 / S288c)	Fungi	413		False
Q16773	Q16773	Homo sapiens	Metazoa	422		False
A6NLJ0	A6NLJ0	Homo sapiens	Metazoa	364		False
Q9GZT3	Q9GZT3	Homo sapiens	Metazoa	109		False
Q9Y2I9	Q9Y2I9	Homo sapiens	Metazoa	924		False
P18625	P18625	Gallus gallus	Metazoa	323		False
Q9GZS1	Q9GZS1	Homo sapiens	Metazoa	419		False
Q6PFX2	Q6PFX2	Mus musculus	Metazoa	281		False
Q6PP77	Q6PP77	Homo sapiens	Metazoa	449		True
Q92373	Q92373	Schizosaccharomyces pombe (strain 972 / ATCC 24843)	Fungi	279		False
P91278	P91278	Caenorhabditis elegans	Metazoa	362		False
Q84N48	Q84N48	Zea mays	Plants	611		False
Q9HGN5	Q9HGN5	Schizosaccharomyces pombe (strain 972 / ATCC 24843)	Fungi	279		False
Q9SID1	Q9SID1	Arabidopsis thaliana	Plants	238		False
P07213	P07213	Saccharomyces cerevisiae (strain ATCC 204508 / S288c)	Fungi	617		True
Q9SYQ0	Q9SYQ0	Arabidopsis thaliana	Plants	463		False
P53866	P53866	Saccharomyces cerevisiae (strain ATCC 204508 / S288c)	Fungi	767		False
O09171	O09171	Rattus norvegicus	Metazoa	407		False
Q7Z412	Q7Z412	Homo sapiens	Metazoa	305		False
Q96E29	Q96E29	Homo sapiens	Metazoa	417		False
P27472	P27472	Saccharomyces cerevisiae (strain ATCC 204508 / S288c)	Fungi	705		False
Q6Q4D0	Q6Q4D0	Arabidopsis thaliana	Plants	1311		False
Q86X29	Q86X29	Homo sapiens	Metazoa	649		False
Q7ZT47	Q7ZT47	Xenopus laevis	Metazoa	196		False
B5DFG1	B5DFG1	Rattus norvegicus	Metazoa	580		False
Q86YI8	Q86YI8	Homo sapiens	Metazoa	300		False
P38812	P38812	Saccharomyces cerevisiae (strain ATCC 204508 / S288c)	Fungi	185		False
Q19972	Q19972	Caenorhabditis elegans	Metazoa	270		False
Q12524	Q12524	Saccharomyces cerevisiae (strain ATCC 204508 / S288c)	Fungi	340		False
P58753	P58753	Homo sapiens	Metazoa	221		False
Q92349	Q92349	Schizosaccharomyces pombe (strain 972 / ATCC 24843)	Fungi	1318		False
Q9VBW9	Q9VBW9	Drosophila melanogaster	Metazoa	419		False
Q01454	Q01454	Saccharomyces cerevisiae (strain ATCC 204508 / S288c)	Fungi	927		False
Q9VW15	Q9VW15	Drosophila melanogaster	Metazoa	2226		False
P38882	P38882	Saccharomyces cerevisiae (strain ATCC 204508 / S288c)	Fungi	575		False
Q6NUD0	Q6NUD0	Xenopus laevis	Metazoa	333		False
Q12510	Q12510	Saccharomyces cerevisiae (strain ATCC 204508 / S288c)	Fungi	522		False
P12689	P12689	Saccharomyces cerevisiae (strain ATCC 204508 / S288c)	Fungi	985		False
Q9NJP9	Q9NJP9	Trypanosoma brucei brucei	Other	512		False
P41005	P41005	Schizosaccharomyces pombe (strain 972 / ATCC 24843)	Fungi	101		False
P06813	P06813	Oryctolagus cuniculus	Metazoa	266		False
Q801E2	Q801E2	Xenopus laevis	Metazoa	1116		False
Q1EHW4	Q1EHW4	Mus musculus	Metazoa	186		False
O82392	O82392	Arabidopsis thaliana	Plants	644		False
P32899	P32899	Saccharomyces cerevisiae (strain ATCC 204508 / S288c)	Fungi	183		False
Q9JJG9	Q9JJG9	Mus musculus	Metazoa	693		False
Q9ZQH0	Q9ZQH0	Arabidopsis thaliana	Plants	232		False
Q9LIK9	Q9LIK9	Arabidopsis thaliana	Plants	463		False
G5ECD6	G5ECD6	Caenorhabditis elegans	Metazoa	1322		True
P83214	P83214	Octopus vulgaris	Metazoa	56		False
P21190	P21190	Saccharomyces cerevisiae (strain ATCC 204508 / S288c)	Fungi	360		False
O60503	O60503	Homo sapiens	Metazoa	1353		False
Q9D995	Q9D995	Mus musculus	Metazoa	334		False
Q8N699	Q8N699	Homo sapiens	Metazoa	235		False
Q08580	Q08580	Saccharomyces cerevisiae (strain ATCC 204508 / S288c)	Fungi	376		False
Q9UBE0	Q9UBE0	Homo sapiens	Metazoa	346		False
Q8N4Q1	Q8N4Q1	Homo sapiens	Metazoa	142		False
O81242	O81242	Arabidopsis thaliana	Plants	355		False
O94614	O94614	Schizosaccharomyces pombe (strain 972 / ATCC 24843)	Fungi	633		False
Q9Y2F5	Q9Y2F5	Homo sapiens	Metazoa	2266		False
Q80WJ1	Q80WJ1	Mus musculus	Metazoa	673		False
P32773	P32773	Saccharomyces cerevisiae (strain ATCC 204508 / S288c)	Fungi	286		False
Q96EU6	Q96EU6	Homo sapiens	Metazoa	259		False
P29033	P29033	Homo sapiens	Metazoa	226		True
P41828	P41828	Caenorhabditis elegans	Metazoa	588		False
Q9LLY4	Q9LLY4	Brassica napus	Plants	344		False
Q8LAC4	Q8LAC4	Arabidopsis thaliana	Plants	322		False
O94286	O94286	Schizosaccharomyces pombe (strain 972 / ATCC 24843)	Fungi	178		False
Q8WV24	Q8WV24	Homo sapiens	Metazoa	401		False
O74511	O74511	Schizosaccharomyces pombe (strain 972 / ATCC 24843)	Fungi	838		False
Q9SMH4	Q9SMH4	Chlamydomonas reinhardtii	Plants	410		False
Q3U0V2	Q3U0V2	Mus musculus	Metazoa	310		False
Q9U2M1	Q9U2M1	Caenorhabditis elegans	Metazoa	1499		False
Q04083	Q04083	Saccharomyces cerevisiae (strain ATCC 204508 / S288c)	Fungi	370		True
Q62796	Q62796	Rattus norvegicus	Metazoa	647		False
Q15170	Q15170	Homo sapiens	Metazoa	159		False
Q9GTP4	Q9GTP4	Crithidia fasciculata	Other	502		True
Q01613	Q01613	Xenopus laevis	Metazoa	1420		False
Q9Y3I1	Q9Y3I1	Homo sapiens	Metazoa	522		False
P46604	P46604	Arabidopsis thaliana	Plants	278		False
Q9CR14	Q9CR14	Mus musculus	Metazoa	375		False
P87000	P87000	Neurospora crassa (strain ATCC 24698 / 74-OR23-1A / CBS 708.71 / DSM 1257 / FGSC 987)	Fungi	926		False
Q8VZV9	Q8VZV9	Arabidopsis thaliana	Plants	161		False
P46674	P46674	Saccharomyces cerevisiae (strain ATCC 204508 / S288c)	Fungi	1301		False
Q5VWQ8	Q5VWQ8	Homo sapiens	Metazoa	1189		False
Q9LTY1	Q9LTY1	Arabidopsis thaliana	Plants	726		False
A6NK58	A6NK58	Homo sapiens	Metazoa	231		False
Q10336	Q10336	Schizosaccharomyces pombe (strain 972 / ATCC 24843)	Fungi	327		False
Q3UMZ3	Q3UMZ3	Mus musculus	Metazoa	260		True
Q7TSD4	Q7TSD4	Mus musculus	Metazoa	393		False
Q8K480	Q8K480	Mus musculus	Metazoa	584		True
Q68FY1	Q68FY1	Rattus norvegicus	Metazoa	325		False
Q96PZ0	Q96PZ0	Homo sapiens	Metazoa	661		False
Q8H0V4	Q8H0V4	Arabidopsis thaliana	Plants	722		False
Q9HGL9	Q9HGL9	Schizosaccharomyces pombe (strain 972 / ATCC 24843)	Fungi	252		False
P30419	P30419	Homo sapiens	Metazoa	496		False
Q969S3	Q969S3	Homo sapiens	Metazoa	477		False
Q9CPX8	Q9CPX8	Mus musculus	Metazoa	56		True
Q9FFF5	Q9FFF5	Arabidopsis thaliana	Plants	241		False
Q12530	Q12530	Saccharomyces cerevisiae (strain ATCC 204508 / S288c)	Fungi	201		True
P42891	P42891	Bos taurus	Metazoa	754		True
Q1M168	Q1M168	Rattus norvegicus	Metazoa	372		False
Q9Z213	Q9Z213	Rattus norvegicus	Metazoa	738		False
Q6NLC1	Q6NLC1	Arabidopsis thaliana	Plants	706		True
Q9D4J1	Q9D4J1	Mus musculus	Metazoa	240		False
Q9BUZ4	Q9BUZ4	Homo sapiens	Metazoa	470		False
C0LLJ0	C0LLJ0	Mus musculus	Metazoa	499		False
Q9VUB5	Q9VUB5	Drosophila melanogaster	Metazoa	3146		False
Q8IH18	Q8IH18	Drosophila melanogaster	Metazoa	1010		False
Q84JK2	Q84JK2	Arabidopsis thaliana	Plants	285		False
Q9VLL3	Q9VLL3	Drosophila melanogaster	Metazoa	753		False
Q8N108	Q8N108	Homo sapiens	Metazoa	512		False
Q9H444	Q9H444	Homo sapiens	Metazoa	224		False
F4IN23	F4IN23	Arabidopsis thaliana	Plants	321		False
Q95ZL9	Q95ZL9	Caenorhabditis elegans	Metazoa	152		False
Q8K4V4	Q8K4V4	Rattus norvegicus	Metazoa	539		False
B7Z0I7	B7Z0I7	Drosophila melanogaster	Metazoa	351		False
Q9UBS8	Q9UBS8	Homo sapiens	Metazoa	474		False
O94225	O94225	Penicillium rubens (strain ATCC 28089 / DSM 1075 / NRRL 1951 / Wisconsin 54-1255)	Fungi	474		False
Q8R4T5	Q8R4T5	Rattus norvegicus	Metazoa	394		False
Q6EPZ0	Q6EPZ0	Oryza sativa subsp. japonica	Plants	318		False
Q3KRA9	Q3KRA9	Homo sapiens	Metazoa	238		False
Q8RWE8	Q8RWE8	Arabidopsis thaliana	Plants	442		False
Q15652	Q15652	Homo sapiens	Metazoa	2540		False
Q5VWN6	Q5VWN6	Homo sapiens	Metazoa	2430		False
Q9VV74	Q9VV74	Drosophila melanogaster	Metazoa	226		False
P32970	P32970	Homo sapiens	Metazoa	193		True
O89019	O89019	Mus musculus	Metazoa	1062		False
Q92905	Q92905	Homo sapiens	Metazoa	334		False
Q08959	Q08959	Saccharomyces cerevisiae (strain ATCC 204508 / S288c)	Fungi	321		False
Q06679	Q06679	Saccharomyces cerevisiae (strain ATCC 204508 / S288c)	Fungi	776		False
Q12373	Q12373	Saccharomyces cerevisiae (strain ATCC 204508 / S288c)	Fungi	385		False
Q9HCI7	Q9HCI7	Homo sapiens	Metazoa	577		False
Q14DK4	Q14DK4	Mus musculus	Metazoa	801		False
Q5N829	Q5N829	Oryza sativa subsp. japonica	Plants	953		False
P52553	P52553	Saccharomyces cerevisiae (strain ATCC 204508 / S288c)	Fungi	114		False
Q05863	Q05863	Saccharomyces cerevisiae (strain ATCC 204508 / S288c)	Fungi	155		False
Q9NV06	Q9NV06	Homo sapiens	Metazoa	445		False
Q9FWA3	Q9FWA3	Arabidopsis thaliana	Plants	486		False
Q9P7P2	Q9P7P2	Schizosaccharomyces pombe (strain 972 / ATCC 24843)	Fungi	528		False
P38292	P38292	Saccharomyces cerevisiae (strain ATCC 204508 / S288c)	Fungi	413		True
Q8N3I7	Q8N3I7	Homo sapiens	Metazoa	341		False
O49621	O49621	Arabidopsis thaliana	Plants	526		True
P38996	P38996	Saccharomyces cerevisiae (strain ATCC 204508 / S288c)	Fungi	802		False
P57725	P57725	Mus musculus	Metazoa	372		False
Q2M1K9	Q2M1K9	Homo sapiens	Metazoa	1284		False
Q9VTL1	Q9VTL1	Drosophila melanogaster	Metazoa	395		False
Q96GX5	Q96GX5	Homo sapiens	Metazoa	879		False
P53196	P53196	Saccharomyces cerevisiae (strain ATCC 204508 / S288c)	Fungi	417		False
Q9P2D8	Q9P2D8	Homo sapiens	Metazoa	2635		False
P49107	P49107	Arabidopsis thaliana	Plants	171		False
Q9SEL7	Q9SEL7	Arabidopsis thaliana	Plants	323		False
P32785	P32785	Saccharomyces cerevisiae (strain ATCC 204508 / S288c)	Fungi	401		False
Q13216	Q13216	Homo sapiens	Metazoa	396		False
P40576	P40576	Saccharomyces cerevisiae (strain ATCC 204508 / S288c)	Fungi	216		True
Q9LSV0	Q9LSV0	Arabidopsis thaliana	Plants	289		False
Q8N695	Q8N695	Homo sapiens	Metazoa	610		True
P32250	P32250	Gallus gallus	Metazoa	308		True
Q92565	Q92565	Homo sapiens	Metazoa	580		False
Q18412	Q18412	Caenorhabditis elegans	Metazoa	309		False
Q7SGU0	Q7SGU0	Neurospora crassa (strain ATCC 24698 / 74-OR23-1A / CBS 708.71 / DSM 1257 / FGSC 987)	Fungi	376		False
Q64MA3	Q64MA3	Oryza sativa subsp. japonica	Plants	629		False
Q9M276	Q9M276	Arabidopsis thaliana	Plants	235		False
P53170	P53170	Saccharomyces cerevisiae (strain ATCC 204508 / S288c)	Fungi	491		False
Q6DRC5	Q6DRC5	Danio rerio	Metazoa	1014		False
Q93WK5	Q93WK5	Arabidopsis thaliana	Plants	727		False
Q9LVV5	Q9LVV5	Arabidopsis thaliana	Plants	223		False
Q9URX9	Q9URX9	Schizosaccharomyces pombe (strain 972 / ATCC 24843)	Fungi	284		False
Q9P2Y4	Q9P2Y4	Homo sapiens	Metazoa	722		False
Q10S44	Q10S44	Oryza sativa subsp. japonica	Plants	354		False
O96623	O96623	Dictyostelium discoideum	Other	293		False
Q38895	Q38895	Arabidopsis thaliana	Plants	204		False
Q6ZI01	Q6ZI01	Oryza sativa subsp. japonica	Plants	213		False
Q9FGR0	Q9FGR0	Arabidopsis thaliana	Plants	1442		False
Q9FMZ0	Q9FMZ0	Arabidopsis thaliana	Plants	337		False
Q69WS3	Q69WS3	Oryza sativa subsp. japonica	Plants	256		False
P29617	P29617	Drosophila melanogaster	Metazoa	1703		False
Q32065	Q32065	Chlamydomonas reinhardtii	Plants	2971		False
Q9VGL8	Q9VGL8	Drosophila melanogaster	Metazoa	363		False
D2K8N5	D2K8N5	Nicotiana benthamiana	Plants	403		False
Q9SHZ6	Q9SHZ6	Arabidopsis thaliana	Plants	343		False
P62685	P62685	Homo sapiens	Metazoa	647		False
Q9SJ50	Q9SJ50	Arabidopsis thaliana	Plants	333		False
Q2TAL8	Q2TAL8	Homo sapiens	Metazoa	776		False
Q9ZV06	Q9ZV06	Arabidopsis thaliana	Plants	236		False
Q22795	Q22795	Caenorhabditis elegans	Metazoa	242		False
Q6A028	Q6A028	Mus musculus	Metazoa	585		False
Q53EK2	Q53EK2	Schizosaccharomyces pombe (strain 972 / ATCC 24843)	Fungi	232		False
Q9V6L9	Q9V6L9	Drosophila melanogaster	Metazoa	255		False
Q80VR2	Q80VR2	Mus musculus	Metazoa	395		False
Q76LB1	Q76LB1	Triticum aestivum	Plants	459		True
F4IXE7	F4IXE7	Arabidopsis thaliana	Plants	1189		False
Q94CV1	Q94CV1	Oryza sativa subsp. japonica	Plants	228		False
Q63425	Q63425	Rattus norvegicus	Metazoa	1383		False
S0DQI7	S0DQI7	Gibberella fujikuroi (strain CBS 195.34 / IMI 58289 / NRRL A-6831)	Fungi	316		False
Q0VC21	Q0VC21	Bos taurus	Metazoa	297		False
Q05498	Q05498	Saccharomyces cerevisiae (strain ATCC 204508 / S288c)	Fungi	189		False
Q9ZVD0	Q9ZVD0	Arabidopsis thaliana	Plants	720		False
Q9U6M1	Q9U6M1	Leishmania tarentolae	Other	827		False
P16580	P16580	Gallus gallus	Metazoa	373		False
Q9VQ30	Q9VQ30	Drosophila melanogaster	Metazoa	604		False
P70444	P70444	Mus musculus	Metazoa	195		False
B2RWS6	B2RWS6	Mus musculus	Metazoa	2412		False
Q04199	Q04199	Saccharomyces cerevisiae (strain ATCC 204508 / S288c)	Fungi	468		False
Q7SG49	Q7SG49	Neurospora crassa (strain ATCC 24698 / 74-OR23-1A / CBS 708.71 / DSM 1257 / FGSC 987)	Fungi	414		False
Q02630	Q02630	Saccharomyces cerevisiae (strain ATCC 204508 / S288c)	Fungi	1113		False
O74954	O74954	Schizosaccharomyces pombe (strain 972 / ATCC 24843)	Fungi	613		False
Q9FHK4	Q9FHK4	Arabidopsis thaliana	Plants	615		False
Q8K400	Q8K400	Mus musculus	Metazoa	1152		False
Q9ZVJ3	Q9ZVJ3	Arabidopsis thaliana	Plants	550		False
P20052	P20052	Saccharomyces cerevisiae (strain ATCC 204508 / S288c)	Fungi	293		False
Q9FNH6	Q9FNH6	Arabidopsis thaliana	Plants	231		True
Q9FLD5	Q9FLD5	Arabidopsis thaliana	Plants	514		True
P40492	P40492	Saccharomyces cerevisiae (strain ATCC 204508 / S288c)	Fungi	516		False
Q0JCC3	Q0JCC3	Oryza sativa subsp. japonica	Plants	560		False
Q9H582	Q9H582	Homo sapiens	Metazoa	1327		False
Q95U54	Q95U54	Drosophila melanogaster	Metazoa	959		False
Q09823	Q09823	Schizosaccharomyces pombe (strain 972 / ATCC 24843)	Fungi	791		False
Q54BW5	Q54BW5	Dictyostelium discoideum	Other	179		False
P46059	P46059	Homo sapiens	Metazoa	708		True
E5L8F7	E5L8F7	Lotus japonicus	Plants	358		False
Q96DY5	Q96DY5	Mus musculus	Metazoa	654		False
Q9H7B2	Q9H7B2	Homo sapiens	Metazoa	306		False
Q9UT23	Q9UT23	Schizosaccharomyces pombe (strain 972 / ATCC 24843)	Fungi	834		False
A0A076FFM5	A0A076FFM5	Ocimum basilicum	Plants	523		False
P87017	P87017	Aspergillus parasiticus (strain ATCC 56775 / NRRL 5862 / SRRC 143 / SU-1)	Fungi	278		False
P53972	P53972	Saccharomyces cerevisiae (strain ATCC 204508 / S288c)	Fungi	490		False
P22289	P22289	Saccharomyces cerevisiae (strain ATCC 204508 / S288c)	Fungi	66		True
Q14CB8	Q14CB8	Homo sapiens	Metazoa	494		False
Q4U0S5	Q4U0S5	Danio rerio	Metazoa	503		False
P48237	P48237	Saccharomyces cerevisiae (strain ATCC 204508 / S288c)	Fungi	864		False
Q15723	Q15723	Homo sapiens	Metazoa	593		False
Q8K337	Q8K337	Mus musculus	Metazoa	993		False
O14161	O14161	Schizosaccharomyces pombe (strain 972 / ATCC 24843)	Fungi	293		False
Q06236	Q06236	Saccharomyces cerevisiae (strain ATCC 204508 / S288c)	Fungi	168		True
Q9BVJ7	Q9BVJ7	Homo sapiens	Metazoa	150		False
P19407	P19407	Spinacia oleracea	Plants	62		True
Q80SU7	Q80SU7	Mus musculus	Metazoa	2427		False
Q5M775	Q5M775	Homo sapiens	Metazoa	1068		False
Q8TAF3	Q8TAF3	Homo sapiens	Metazoa	677		False
Q86YH6	Q86YH6	Homo sapiens	Metazoa	399		False
O13758	O13758	Schizosaccharomyces pombe (strain 972 / ATCC 24843)	Fungi	361		False
P35435	P35435	Rattus norvegicus	Metazoa	273		False
Q06506	Q06506	Saccharomyces cerevisiae (strain ATCC 204508 / S288c)	Fungi	573		False
Q5DTW7	Q5DTW7	Mus musculus	Metazoa	1521		False
Q01453	Q01453	Homo sapiens	Metazoa	160		True
Q99986	Q99986	Homo sapiens	Metazoa	396		False
P57080	P57080	Mus musculus	Metazoa	1055		False
Q19253	Q19253	Caenorhabditis elegans	Metazoa	592		False
P40317	P40317	Saccharomyces cerevisiae (strain ATCC 204508 / S288c)	Fungi	901		False
Q9FMW8	Q9FMW8	Arabidopsis thaliana	Plants	354		False
Q8AWF4	Q8AWF4	Xenopus laevis	Metazoa	462		False
A2A9C3	A2A9C3	Mus musculus	Metazoa	3431		False
Q9JIB0	Q9JIB0	Mus musculus	Metazoa	185		False
E9PXM9	E9PXM9	Mus musculus	Metazoa	466		False
O74905	O74905	Schizosaccharomyces pombe (strain 972 / ATCC 24843)	Fungi	189		False
Q9ASS2	Q9ASS2	Arabidopsis thaliana	Plants	601		False
Q9BRP8	Q9BRP8	Homo sapiens	Metazoa	204		False
P35734	P35734	Saccharomyces cerevisiae (strain ATCC 204508 / S288c)	Fungi	292		False
P82916	P82916	Bos taurus	Metazoa	130		False
Q9UI43	Q9UI43	Homo sapiens	Metazoa	246		False
Q9SII9	Q9SII9	Arabidopsis thaliana	Plants	538		False
Q8VHQ2	Q8VHQ2	Mus musculus	Metazoa	579		False
Q6PCT2	Q6PCT2	Homo sapiens	Metazoa	694		False
Q24322	Q24322	Drosophila melanogaster	Metazoa	899		True
Q00055	Q00055	Saccharomyces cerevisiae (strain ATCC 204508 / S288c)	Fungi	391		False
Q8BVG4	Q8BVG4	Mus musculus	Metazoa	862		False
Q62747	Q62747	Rattus norvegicus	Metazoa	403		True
Q9P0K7	Q9P0K7	Homo sapiens	Metazoa	980		False
Q9UQ13	Q9UQ13	Homo sapiens	Metazoa	582		False
Q09793	Q09793	Schizosaccharomyces pombe (strain 972 / ATCC 24843)	Fungi	425		False
O94410	O94410	Schizosaccharomyces pombe (strain 972 / ATCC 24843)	Fungi	186		False
O94972	O94972	Homo sapiens	Metazoa	964		False
P47141	P47141	Saccharomyces cerevisiae (strain ATCC 204508 / S288c)	Fungi	266		False
P38889	P38889	Saccharomyces cerevisiae (strain ATCC 204508 / S288c)	Fungi	622		False
P60323	P60323	Homo sapiens	Metazoa	173		False
O13563	O13563	Saccharomyces cerevisiae (strain ATCC 204508 / S288c)	Fungi	156		False
O94258	O94258	Schizosaccharomyces pombe (strain 972 / ATCC 24843)	Fungi	978		False
Q12789	Q12789	Homo sapiens	Metazoa	2109		False
Q940L4	Q940L4	Arabidopsis thaliana	Plants	649		False
Q92979	Q92979	Homo sapiens	Metazoa	244		False
P70670	P70670	Mus musculus	Metazoa	2187		False
P49021	P49021	Drosophila melanogaster	Metazoa	1398		False
P53850	P53850	Saccharomyces cerevisiae (strain ATCC 204508 / S288c)	Fungi	401		False
Q04279	Q04279	Saccharomyces cerevisiae (strain ATCC 204508 / S288c)	Fungi	960		False
A8MZ59	A8MZ59	Homo sapiens	Metazoa	198		False
Q86WV1	Q86WV1	Homo sapiens	Metazoa	359		False
P16554	P16554	Drosophila melanogaster	Metazoa	556		False
Q9VEB4	Q9VEB4	Drosophila melanogaster	Metazoa	560		False
P53142	P53142	Saccharomyces cerevisiae (strain ATCC 204508 / S288c)	Fungi	486		True
Q8IDM6	Q8IDM6	Plasmodium falciparum (isolate 3D7)	Other	422		True
Q94BS2	Q94BS2	Arabidopsis thaliana	Plants	335		False
O59800	O59800	Schizosaccharomyces pombe (strain 972 / ATCC 24843)	Fungi	354		False
Q8WYK0	Q8WYK0	Homo sapiens	Metazoa	555		False
P33759	P33759	Saccharomyces cerevisiae (strain ATCC 204508 / S288c)	Fungi	307		False
P38193	P38193	Saccharomyces cerevisiae (strain ATCC 204508 / S288c)	Fungi	441		False
Q9H061	Q9H061	Homo sapiens	Metazoa	195		True
Q61009	Q61009	Mus musculus	Metazoa	509		True
P25270	P25270	Saccharomyces cerevisiae (strain ATCC 204508 / S288c)	Fungi	412		False
Q62318	Q62318	Mus musculus	Metazoa	834		False
Q9Y804	Q9Y804	Schizosaccharomyces pombe (strain 972 / ATCC 24843)	Fungi	703		False
Q8WUF5	Q8WUF5	Homo sapiens	Metazoa	828		False
Q03435	Q03435	Saccharomyces cerevisiae (strain ATCC 204508 / S288c)	Fungi	203		False
Q56YA5	Q56YA5	Arabidopsis thaliana	Plants	401		False
Q9NYL2	Q9NYL2	Homo sapiens	Metazoa	800		False
Q32P44	Q32P44	Homo sapiens	Metazoa	896		False
P53909	P53909	Saccharomyces cerevisiae (strain ATCC 204508 / S288c)	Fungi	347		False
Q8N8Q3	Q8N8Q3	Homo sapiens	Metazoa	282		False
Q1W1G1	Q1W1G1	Xenopus laevis	Metazoa	525		False
P38170	P38170	Saccharomyces cerevisiae (strain ATCC 204508 / S288c)	Fungi	754		False
Q17569	Q17569	Caenorhabditis elegans	Metazoa	389		False
J7M799	J7M799	Ramazzottius varieornatus	Metazoa	237		False
Q9NYG5	Q9NYG5	Homo sapiens	Metazoa	84		False
O94516	O94516	Schizosaccharomyces pombe (strain 972 / ATCC 24843)	Fungi	364		False
Q8IRW8	Q8IRW8	Drosophila melanogaster	Metazoa	2431		False
Q12753	Q12753	Saccharomyces cerevisiae (strain ATCC 204508 / S288c)	Fungi	694		False
Q9C7G6	Q9C7G6	Arabidopsis thaliana	Plants	256		False
Q03898	Q03898	Saccharomyces cerevisiae (strain ATCC 204508 / S288c)	Fungi	291		False
Q60865	Q60865	Mus musculus	Metazoa	707		False
Q9UKL0	Q9UKL0	Homo sapiens	Metazoa	485		False
Q96GC5	Q96GC5	Homo sapiens	Metazoa	212		False
Q14164	Q14164	Homo sapiens	Metazoa	716		False
Q9UPS6	Q9UPS6	Homo sapiens	Metazoa	1966		False
Q9Y5S8	Q9Y5S8	Homo sapiens	Metazoa	564		True
Q3UL53	Q3UL53	Mus musculus	Metazoa	246		False
P05066	P05066	Saccharomyces cerevisiae (strain ATCC 204508 / S288c)	Fungi	565		False
Q8VXV7	Q8VXV7	Arabidopsis thaliana	Plants	844		False
Q9WTJ6	Q9WTJ6	Mus musculus	Metazoa	475		False
Q78T81	Q78T81	Mus musculus	Metazoa	392		False
Q92351	Q92351	Schizosaccharomyces pombe (strain 972 / ATCC 24843)	Fungi	1208		False
P47076	P47076	Saccharomyces cerevisiae (strain ATCC 204508 / S288c)	Fungi	161		False
P42027	P42027	Brassica oleracea	Plants	215		False
Q00816	Q00816	Saccharomyces cerevisiae (strain ATCC 204508 / S288c)	Fungi	1014		False
O14212	O14212	Schizosaccharomyces pombe (strain 972 / ATCC 24843)	Fungi	470		False
O60936	O60936	Homo sapiens	Metazoa	208		False
P53881	P53881	Saccharomyces cerevisiae (strain ATCC 204508 / S288c)	Fungi	309		False
P36631	P36631	Schizosaccharomyces pombe (strain 972 / ATCC 24843)	Fungi	468		False
Q23500	Q23500	Caenorhabditis elegans	Metazoa	887		False
O23403	O23403	Arabidopsis thaliana	Plants	287		False
O08816	O08816	Rattus norvegicus	Metazoa	501		False
P07272	P07272	Saccharomyces cerevisiae (strain ATCC 204508 / S288c)	Fungi	904		False
O14464	O14464	Saccharomyces cerevisiae (strain ATCC 204508 / S288c)	Fungi	93		False
P10914	P10914	Homo sapiens	Metazoa	325		False
Q9VKJ9	Q9VKJ9	Drosophila melanogaster	Metazoa	816		False
Q9ZQI7	Q9ZQI7	Arabidopsis thaliana	Plants	456		False
P20436	P20436	Saccharomyces cerevisiae (strain ATCC 204508 / S288c)	Fungi	146		False
O82796	O82796	Arabidopsis thaliana	Plants	295		False
Q9LR91	Q9LR91	Arabidopsis thaliana	Plants	319		False
P42948	P42948	Saccharomyces cerevisiae (strain ATCC 204508 / S288c)	Fungi	560		False
Q945P0	Q945P0	Nicotiana tabacum	Plants	209		False
Q9UUG9	Q9UUG9	Schizosaccharomyces pombe (strain 972 / ATCC 24843)	Fungi	1339		False
P22980	P22980	Caenorhabditis elegans	Metazoa	324		False
Q8WYQ5	Q8WYQ5	Homo sapiens	Metazoa	773		False
Q8C206	Q8C206	Mus musculus	Metazoa	330		True
Q12216	Q12216	Saccharomyces cerevisiae (strain ATCC 204508 / S288c)	Fungi	726		False
Q9CYF5	Q9CYF5	Mus musculus	Metazoa	461		False
Q10204	Q10204	Schizosaccharomyces pombe (strain 972 / ATCC 24843)	Fungi	250		False
Q04178	Q04178	Saccharomyces cerevisiae (strain ATCC 204508 / S288c)	Fungi	221		False
Q9H0F6	Q9H0F6	Homo sapiens	Metazoa	387		False
P48995	P48995	Homo sapiens	Metazoa	793		False
Q08949	Q08949	Saccharomyces cerevisiae (strain ATCC 204508 / S288c)	Fungi	612		False
O95229	O95229	Homo sapiens	Metazoa	277		False
P36531	P36531	Saccharomyces cerevisiae (strain ATCC 204508 / S288c)	Fungi	177		False
Q91VJ5	Q91VJ5	Mus musculus	Metazoa	263		False
Q14019	Q14019	Homo sapiens	Metazoa	142		False
A0A5K7RLP0	A0A5K7RLP0	Mus musculus	Metazoa	589		False
Q9SCR2	Q9SCR2	Arabidopsis thaliana	Plants	209		False
P23758	P23758	Drosophila melanogaster	Metazoa	425		False
Q03254	Q03254	Saccharomyces cerevisiae (strain ATCC 204508 / S288c)	Fungi	732		False
Q21738	Q21738	Caenorhabditis elegans	Metazoa	335		False
P87052	P87052	Schizosaccharomyces pombe (strain 972 / ATCC 24843)	Fungi	344		False
Q7SH52	Q7SH52	Neurospora crassa (strain ATCC 24698 / 74-OR23-1A / CBS 708.71 / DSM 1257 / FGSC 987)	Fungi	1168		False
Q8BMA3	Q8BMA3	Mus musculus	Metazoa	555		False
P82024	P82024	Spinacia oleracea	Plants	180		False
P83510	P83510	Mus musculus	Metazoa	1323		False
Q8L9Y3	Q8L9Y3	Arabidopsis thaliana	Plants	382		False
Q99MA9	Q99MA9	Mus musculus	Metazoa	365		False
Q02204	Q02204	Saccharomyces cerevisiae (strain ATCC 204508 / S288c)	Fungi	264		False
O13297	O13297	Saccharomyces cerevisiae (strain ATCC 204508 / S288c)	Fungi	549		False
Q9NY27	Q9NY27	Homo sapiens	Metazoa	417		False
Q86WA8	Q86WA8	Homo sapiens	Metazoa	852		False
O75004	O75004	Schizosaccharomyces pombe (strain 972 / ATCC 24843)	Fungi	501		False
Q12774	Q12774	Homo sapiens	Metazoa	1597		False
P43583	P43583	Saccharomyces cerevisiae (strain ATCC 204508 / S288c)	Fungi	2143		False
Q9USY8	Q9USY8	Schizosaccharomyces pombe (strain 972 / ATCC 24843)	Fungi	166		False
Q708S7	Q708S7	Danio rerio	Metazoa	501		True
D3Z7H4	D3Z7H4	Mus musculus	Metazoa	322		True
O43482	O43482	Homo sapiens	Metazoa	229		False
O13683	O13683	Schizosaccharomyces pombe (strain 972 / ATCC 24843)	Fungi	1237		False
Q8WU10	Q8WU10	Homo sapiens	Metazoa	500		False
P21276	P21276	Arabidopsis thaliana	Plants	212		False
Q6ZBH6	Q6ZBH6	Oryza sativa subsp. japonica	Plants	373		False
P49334	P49334	Saccharomyces cerevisiae (strain ATCC 204508 / S288c)	Fungi	152		False
P05022	P05022	Zea mays	Plants	507		False
Q96HS1	Q96HS1	Homo sapiens	Metazoa	289		True
Q567V2	Q567V2	Homo sapiens	Metazoa	206		True
P46310	P46310	Arabidopsis thaliana	Plants	446		False
Q8IZY5	Q8IZY5	Homo sapiens	Metazoa	108		False
O22793	O22793	Arabidopsis thaliana	Plants	219		False
Q13769	Q13769	Homo sapiens	Metazoa	683		False
O45952	O45952	Caenorhabditis elegans	Metazoa	249		False
P97346	P97346	Mus musculus	Metazoa	435		False
Q80ZQ9	Q80ZQ9	Mus musculus	Metazoa	193		False
Q9H040	Q9H040	Homo sapiens	Metazoa	489		False
Q9USJ8	Q9USJ8	Schizosaccharomyces pombe (strain 972 / ATCC 24843)	Fungi	218		False
Q23973	Q23973	Drosophila melanogaster	Metazoa	217		False
Q9SB47	Q9SB47	Arabidopsis thaliana	Plants	319		False
Q9CWR7	Q9CWR7	Mus musculus	Metazoa	339		True
Q8TF63	Q8TF63	Homo sapiens	Metazoa	244		False
Q03124	Q03124	Saccharomyces cerevisiae (strain ATCC 204508 / S288c)	Fungi	581		False
M0R7Z9	M0R7Z9	Rattus norvegicus	Metazoa	475		False
Q13356	Q13356	Homo sapiens	Metazoa	520		False
P52172	P52172	Drosophila melanogaster	Metazoa	1264		False
Q8BXP5	Q8BXP5	Mus musculus	Metazoa	385		False
P41970	P41970	Homo sapiens	Metazoa	407		False
Q9SBK6	Q9SBK6	Brassica rapa subsp. pekinensis	Plants	392		False
Q12036	Q12036	Saccharomyces cerevisiae (strain ATCC 204508 / S288c)	Fungi	173		False
Q8VZE7	Q8VZE7	Arabidopsis thaliana	Plants	671		False
Q04712	Q04712	Saccharomyces cerevisiae (strain ATCC 204508 / S288c)	Fungi	507		False
O74563	O74563	Schizosaccharomyces pombe (strain 972 / ATCC 24843)	Fungi	680		False
Q9C5J9	Q9C5J9	Arabidopsis thaliana	Plants	342		False
Q08245	Q08245	Saccharomyces cerevisiae (strain ATCC 204508 / S288c)	Fungi	113		False
P97287	P97287	Mus musculus	Metazoa	331		False
Q39057	Q39057	Arabidopsis thaliana	Plants	373		False
F4J7T2	F4J7T2	Arabidopsis thaliana	Plants	1907		False
Q8N567	Q8N567	Homo sapiens	Metazoa	271		False
Q8CJF7	Q8CJF7	Mus musculus	Metazoa	2243		False
Q9Y4F3	Q9Y4F3	Homo sapiens	Metazoa	1742		False
Q15560	Q15560	Homo sapiens	Metazoa	299		False
O46043	O46043	Drosophila melanogaster	Metazoa	723		False
Q9FVE6	Q9FVE6	Arabidopsis thaliana	Plants	245		False
O65258	O65258	Arabidopsis thaliana	Plants	542		False
Q96KR7	Q96KR7	Homo sapiens	Metazoa	559		False
K4C9E2	K4C9E2	Solanum lycopersicum	Plants	498		False
F4JYE9	F4JYE9	Arabidopsis thaliana	Plants	530		False
O14925	O14925	Homo sapiens	Metazoa	209		True
Q92913	Q92913	Homo sapiens	Metazoa	245		False
Q91YT7	Q91YT7	Mus musculus	Metazoa	579		False
Q569Z6	Q569Z6	Mus musculus	Metazoa	951		False
Q9SSW0	Q9SSW0	Arabidopsis thaliana	Plants	193		False
Q9Y6K5	Q9Y6K5	Homo sapiens	Metazoa	1087		False
Q03218	Q03218	Saccharomyces cerevisiae (strain ATCC 204508 / S288c)	Fungi	510		False
Q8H1D4	Q8H1D4	Arabidopsis thaliana	Plants	355		False
Q8RVC7	Q8RVC7	Chlamydomonas reinhardtii	Plants	411		False
P41910	P41910	Saccharomyces cerevisiae (strain ATCC 204508 / S288c)	Fungi	395		False
Q17958	Q17958	Caenorhabditis elegans	Metazoa	215		False
Q9NX70	Q9NX70	Homo sapiens	Metazoa	200		False
O35253	O35253	Mus musculus	Metazoa	426		False
Q9VT00	Q9VT00	Drosophila melanogaster	Metazoa	2351		False
Q9DAG5	Q9DAG5	Mus musculus	Metazoa	247		False
Q8VEH6	Q8VEH6	Mus musculus	Metazoa	393		False
G5EG17	G5EG17	Caenorhabditis elegans	Metazoa	1149		False
P32344	P32344	Saccharomyces cerevisiae (strain ATCC 204508 / S288c)	Fungi	111		False
Q9ULR0	Q9ULR0	Homo sapiens	Metazoa	285		False
O14113	O14113	Schizosaccharomyces pombe (strain 972 / ATCC 24843)	Fungi	263		False
P47825	P47825	Drosophila melanogaster	Metazoa	921		False
O88271	O88271	Mus musculus	Metazoa	295		False
Q9D5U8	Q9D5U8	Mus musculus	Metazoa	673		False
O75695	O75695	Homo sapiens	Metazoa	350		False
Q8C624	Q8C624	Mus musculus	Metazoa	132		False
Q9C9G6	Q9C9G6	Arabidopsis thaliana	Plants	157		False
O74736	O74736	Schizosaccharomyces pombe (strain 972 / ATCC 24843)	Fungi	305		False
Q9Y6K9	Q9Y6K9	Homo sapiens	Metazoa	419		False
P31376	P31376	Saccharomyces cerevisiae (strain ATCC 204508 / S288c)	Fungi	625		False
O13919	O13919	Schizosaccharomyces pombe (strain 972 / ATCC 24843)	Fungi	1075		False
B6HU70	B6HU70	Penicillium rubens (strain ATCC 28089 / DSM 1075 / NRRL 1951 / Wisconsin 54-1255)	Fungi	361		False
Q99JT1	Q99JT1	Mus musculus	Metazoa	557		False
Q9VPQ6	Q9VPQ6	Drosophila melanogaster	Metazoa	1191		False
Q5AMH6	Q5AMH6	Candida albicans (strain SC5314 / ATCC MYA-2876)	Fungi	821		False
Q53AQ4	Q53AQ4	Rattus norvegicus	Metazoa	245		True
Q920Q2	Q920Q2	Mus musculus	Metazoa	1249		False
A0A1D9BZF0	A0A1D9BZF0	Mus musculus	Metazoa	507		False
A0A0D1DYJ6	A0A0D1DYJ6	Mycosarcoma maydis	Fungi	619		True
P36527	P36527	Saccharomyces cerevisiae (strain ATCC 204508 / S288c)	Fungi	147		False
P19536	P19536	Mus musculus	Metazoa	128		False
P38319	P38319	Saccharomyces cerevisiae (strain ATCC 204508 / S288c)	Fungi	544		False
Q9LSB9	Q9LSB9	Arabidopsis thaliana	Plants	755		False
O15287	O15287	Homo sapiens	Metazoa	622		False
Q9NQC7	Q9NQC7	Homo sapiens	Metazoa	956		False
Q93WL3	Q93WL3	Arabidopsis thaliana	Plants	238		False
Q6NUF4	Q6NUF4	Xenopus laevis	Metazoa	716		False
P46014	P46014	Arabidopsis thaliana	Plants	581		True
Q9Y3S1	Q9Y3S1	Homo sapiens	Metazoa	2297		False
K4D3V7	K4D3V7	Solanum lycopersicum	Plants	475		False
Q940M2	Q940M2	Arabidopsis thaliana	Plants	476		False
P0CT58	P0CT58	Schizosaccharomyces pombe (strain 972 / ATCC 24843)	Fungi	130		False
Q8RWL4	Q8RWL4	Arabidopsis thaliana	Plants	349		False
Q10164	Q10164	Schizosaccharomyces pombe (strain 972 / ATCC 24843)	Fungi	1229		False
Q9Y6J0	Q9Y6J0	Homo sapiens	Metazoa	2220		False
O13881	O13881	Schizosaccharomyces pombe (strain 972 / ATCC 24843)	Fungi	537		False
P21245	P21245	Candida boidinii	Fungi	423		True
Q03937	Q03937	Saccharomyces cerevisiae (strain ATCC 204508 / S288c)	Fungi	162		False
Q96BR5	Q96BR5	Homo sapiens	Metazoa	231		False
Q1K528	Q1K528	Neurospora crassa (strain ATCC 24698 / 74-OR23-1A / CBS 708.71 / DSM 1257 / FGSC 987)	Fungi	82		True
O95696	O95696	Homo sapiens	Metazoa	1058		False
Q5VTT2	Q5VTT2	Homo sapiens	Metazoa	229		False
Q9UHI7	Q9UHI7	Homo sapiens	Metazoa	598		True
P36080	P36080	Saccharomyces cerevisiae (strain ATCC 204508 / S288c)	Fungi	434		False
P38806	P38806	Saccharomyces cerevisiae (strain ATCC 204508 / S288c)	Fungi	282		False
Q02206	Q02206	Saccharomyces cerevisiae (strain ATCC 204508 / S288c)	Fungi	625		False
P42847	P42847	Saccharomyces cerevisiae (strain ATCC 204508 / S288c)	Fungi	217		False
Q04867	Q04867	Saccharomyces cerevisiae (strain ATCC 204508 / S288c)	Fungi	317		False
Q9VIF6	Q9VIF6	Drosophila melanogaster	Metazoa	507		False
Q9GZN7	Q9GZN7	Homo sapiens	Metazoa	287		False
Q9BPW8	Q9BPW8	Homo sapiens	Metazoa	284		False
Q25825	Q25825	Plasmodium falciparum (isolate 3D7)	Other	121		True
O59746	O59746	Schizosaccharomyces pombe (strain 972 / ATCC 24843)	Fungi	819		False
P47988	P47988	Saccharomyces cerevisiae (strain ATCC 204508 / S288c)	Fungi	759		False
V6CLN5	V6CLN5	Caenorhabditis elegans	Metazoa	1615		False
Q8N3Z6	Q8N3Z6	Homo sapiens	Metazoa	543		False
Q9LQK7	Q9LQK7	Arabidopsis thaliana	Plants	475		False
Q63HN8	Q63HN8	Homo sapiens	Metazoa	5207		False
A8K830	A8K830	Homo sapiens	Metazoa	251		False
P22570	P22570	Homo sapiens	Metazoa	491		False
Q58DZ9	Q58DZ9	Rattus norvegicus	Metazoa	258		False
Q96GZ6	Q96GZ6	Homo sapiens	Metazoa	507		True
D3Z6Q9	D3Z6Q9	Mus musculus	Metazoa	489		False
Q9VLP7	Q9VLP7	Drosophila melanogaster	Metazoa	397		False
O96759	O96759	Dictyostelium discoideum	Other	611		False
Q9VX31	Q9VX31	Drosophila melanogaster	Metazoa	1105		False
A0A161CFW5	A0A161CFW5	Trypanosoma brucei brucei	Other	305		False
P09932	P09932	Saccharomyces cerevisiae (strain ATCC 204508 / S288c)	Fungi	586		False
Q03565	Q03565	Caenorhabditis elegans	Metazoa	89		False
Q91XJ0	Q91XJ0	Rattus norvegicus	Metazoa	401		False
P62249	P62249	Homo sapiens	Metazoa	146		False
O13769	O13769	Schizosaccharomyces pombe (strain 972 / ATCC 24843)	Fungi	638		False
A2YMU2	A2YMU2	Oryza sativa subsp. indica	Plants	266		False
O59744	O59744	Schizosaccharomyces pombe (strain 972 / ATCC 24843)	Fungi	815		False
Q0P651	Q0P651	Homo sapiens	Metazoa	464		False
Q8BG79	Q8BG79	Mus musculus	Metazoa	887		False
Q6EKJ0	Q6EKJ0	Homo sapiens	Metazoa	949		False
P97460	P97460	Mus musculus	Metazoa	816		False
Q19541	Q19541	Caenorhabditis elegans	Metazoa	169		False
O81852	O81852	Arabidopsis thaliana	Plants	916		False
Q9Y5U2	Q9Y5U2	Homo sapiens	Metazoa	329		False
Q6PCZ4	Q6PCZ4	Mus musculus	Metazoa	918		False
Q9FN52	Q9FN52	Arabidopsis thaliana	Plants	503		False
G5EC89	G5EC89	Caenorhabditis elegans	Metazoa	237		False
Q96T49	Q96T49	Homo sapiens	Metazoa	567		False
F4JZY1	F4JZY1	Arabidopsis thaliana	Plants	1586		False
Q9VBX2	Q9VBX2	Drosophila melanogaster	Metazoa	367		False
Q9H0F5	Q9H0F5	Homo sapiens	Metazoa	515		False
P40513	P40513	Saccharomyces cerevisiae (strain ATCC 204508 / S288c)	Fungi	266		False
Q9SU56	Q9SU56	Arabidopsis thaliana	Plants	610		True
Q3E764	Q3E764	Saccharomyces cerevisiae (strain ATCC 204508 / S288c)	Fungi	64		False
P53155	P53155	Saccharomyces cerevisiae (strain ATCC 204508 / S288c)	Fungi	381		False
A0A0D1CVS5	A0A0D1CVS5	Mycosarcoma maydis	Fungi	624		False
Q9Y5W9	Q9Y5W9	Homo sapiens	Metazoa	270		False
Q8BKA3	Q8BKA3	Mus musculus	Metazoa	608		False
Q22002	Q22002	Caenorhabditis elegans	Metazoa	582		False
Q9FX53	Q9FX53	Arabidopsis thaliana	Plants	406		False
Q9LD83	Q9LD83	Arabidopsis thaliana	Plants	556		False
Q8R5A3	Q8R5A3	Mus musculus	Metazoa	670		False
C6KT66	C6KT66	Plasmodium falciparum (isolate 3D7)	Other	527		False
O48528	O48528	Arabidopsis thaliana	Plants	159		True
P36523	P36523	Saccharomyces cerevisiae (strain ATCC 204508 / S288c)	Fungi	253		False
Q7TPD6	Q7TPD6	Mus musculus	Metazoa	673		False
Q8W191	Q8W191	Arabidopsis thaliana	Plants	149		False
Q03430	Q03430	Saccharomyces cerevisiae (strain ATCC 204508 / S288c)	Fungi	361		False
Q13794	Q13794	Homo sapiens	Metazoa	54		False
Q7KMJ6	Q7KMJ6	Drosophila melanogaster	Metazoa	793		False
Q8BG21	Q8BG21	Mus musculus	Metazoa	171		True
Q9FZK4	Q9FZK4	Arabidopsis thaliana	Plants	122		False
P38162	P38162	Saccharomyces cerevisiae (strain ATCC 204508 / S288c)	Fungi	196		False
Q8S4F6	Q8S4F6	Arabidopsis thaliana	Plants	510		False
Q8WXE1	Q8WXE1	Homo sapiens	Metazoa	791		False
Q96FX2	Q96FX2	Homo sapiens	Metazoa	82		False
Q0WNB1	Q0WNB1	Arabidopsis thaliana	Plants	243		False
Q3MV14	Q3MV14	Arabidopsis thaliana	Plants	386		False
Q14CX5	Q14CX5	Homo sapiens	Metazoa	517		True
Q5AL36	Q5AL36	Candida albicans (strain SC5314 / ATCC MYA-2876)	Fungi	269		False
Q9UKT7	Q9UKT7	Homo sapiens	Metazoa	428		False
O47027	O47027	Chlamydomonas reinhardtii	Plants	570		False
Q9UIV1	Q9UIV1	Homo sapiens	Metazoa	285		False
P53188	P53188	Saccharomyces cerevisiae (strain ATCC 204508 / S288c)	Fungi	120		False
P13788	P13788	Spinacia oleracea	Plants	201		False
O75689	O75689	Homo sapiens	Metazoa	374		False
P32843	P32843	Saccharomyces cerevisiae (strain ATCC 204508 / S288c)	Fungi	850		False
P39706	P39706	Saccharomyces cerevisiae (strain ATCC 204508 / S288c)	Fungi	426		False
Q03153	Q03153	Saccharomyces cerevisiae (strain ATCC 204508 / S288c)	Fungi	612		False
B2D6P4	B2D6P4	Caenorhabditis elegans	Metazoa	508		False
Q9EQW6	Q9EQW6	Mus musculus	Metazoa	323		False
Q5TGZ0	Q5TGZ0	Homo sapiens	Metazoa	78		True
P53983	P53983	Saccharomyces cerevisiae (strain ATCC 204508 / S288c)	Fungi	676		True
E9Q5F9	E9Q5F9	Mus musculus	Metazoa	2537		False
P39112	P39112	Saccharomyces cerevisiae (strain ATCC 204508 / S288c)	Fungi	969		False
Q9M365	Q9M365	Arabidopsis thaliana	Plants	359		False
P48039	P48039	Homo sapiens	Metazoa	350		True
A8J785	A8J785	Chlamydomonas reinhardtii	Plants	209		True
Q18825	Q18825	Caenorhabditis elegans	Metazoa	811		False
P30999	P30999	Mus musculus	Metazoa	938		False
Q9H4I3	Q9H4I3	Homo sapiens	Metazoa	376		False
Q7S711	Q7S711	Neurospora crassa (strain ATCC 24698 / 74-OR23-1A / CBS 708.71 / DSM 1257 / FGSC 987)	Fungi	443		False
Q8VZL6	Q8VZL6	Arabidopsis thaliana	Plants	441		False
Q8CII8	Q8CII8	Mus musculus	Metazoa	388		False
Q04005	Q04005	Saccharomyces cerevisiae (strain ATCC 204508 / S288c)	Fungi	294		False
Q9BRU2	Q9BRU2	Homo sapiens	Metazoa	100		False
O54825	O54825	Mus musculus	Metazoa	436		False
Q9BRA0	Q9BRA0	Homo sapiens	Metazoa	125		False
A6H8H2	A6H8H2	Mus musculus	Metazoa	1906		False
Q9UK41	Q9UK41	Homo sapiens	Metazoa	221		False
Q9ZNT1	Q9ZNT1	Arabidopsis thaliana	Plants	281		True
P46943	P46943	Saccharomyces cerevisiae (strain ATCC 204508 / S288c)	Fungi	645		False
Q07510	Q07510	Spinacia oleracea	Plants	405		False
O74792	O74792	Schizosaccharomyces pombe (strain 972 / ATCC 24843)	Fungi	515		False
Q9JMI1	Q9JMI1	Rattus norvegicus	Metazoa	672		False
D3YZI9	D3YZI9	Mus musculus	Metazoa	523		False
O74910	O74910	Schizosaccharomyces pombe (strain 972 / ATCC 24843)	Fungi	638		False
P25420	P25420	Heliothis virescens	Metazoa	569		False
Q0D2I5	Q0D2I5	Homo sapiens	Metazoa	559		False
Q8WTP8	Q8WTP8	Homo sapiens	Metazoa	325		False
Q7K3L1	Q7K3L1	Drosophila melanogaster	Metazoa	921		False
P93788	P93788	Solanum tuberosum	Plants	198		False
A0A075TXZ1	A0A075TXZ1	Penicillium expansum	Fungi	324		False
O04616	O04616	Arabidopsis thaliana	Plants	164		False
Q3V0Q6	Q3V0Q6	Mus musculus	Metazoa	470		False
A0A509APT1	A0A509APT1	Plasmodium berghei (strain Anka)	Other	258		True
Q9Y6D9	Q9Y6D9	Homo sapiens	Metazoa	718		False
Q99MI9	Q99MI9	Cricetulus longicaudatus	Metazoa	692		False
P84090	P84090	Homo sapiens	Metazoa	104		False
Q8N4T4	Q8N4T4	Homo sapiens	Metazoa	335		False
O16102	O16102	Drosophila melanogaster	Metazoa	892		False
Q04073	Q04073	Strongylocentrotus purpuratus	Metazoa	459		False
O80931	O80931	Arabidopsis thaliana	Plants	367		False
Q99P30	Q99P30	Mus musculus	Metazoa	236		False
Q9DBN1	Q9DBN1	Mus musculus	Metazoa	621		True
Q9NRY2	Q9NRY2	Homo sapiens	Metazoa	104		False
P53721	P53721	Saccharomyces cerevisiae (strain ATCC 204508 / S288c)	Fungi	224		True
Q6IDA6	Q6IDA6	Arabidopsis thaliana	Plants	162		False
P38838	P38838	Saccharomyces cerevisiae (strain ATCC 204508 / S288c)	Fungi	269		False
Q06697	Q06697	Saccharomyces cerevisiae (strain ATCC 204508 / S288c)	Fungi	393		False
Q9FNB0	Q9FNB0	Arabidopsis thaliana	Plants	1381		False
Q06554	Q06554	Saccharomyces cerevisiae (strain ATCC 204508 / S288c)	Fungi	1556		False
P47128	P47128	Saccharomyces cerevisiae (strain ATCC 204508 / S288c)	Fungi	113		False
Q9CR61	Q9CR61	Mus musculus	Metazoa	137		False
Q7ZT48	Q7ZT48	Xenopus laevis	Metazoa	221		False
O94687	O94687	Schizosaccharomyces pombe (strain 972 / ATCC 24843)	Fungi	549		False
O75934	O75934	Homo sapiens	Metazoa	225		False
P25490	P25490	Homo sapiens	Metazoa	414		False
Q9LVM5	Q9LVM5	Arabidopsis thaliana	Plants	324		False
Q9NY33	Q9NY33	Homo sapiens	Metazoa	737		False
Q8NC51	Q8NC51	Homo sapiens	Metazoa	408		False
Q9FE46	Q9FE46	Arabidopsis thaliana	Plants	214		False
Q9VKQ9	Q9VKQ9	Drosophila melanogaster	Metazoa	134		False
P39715	P39715	Saccharomyces cerevisiae (strain ATCC 204508 / S288c)	Fungi	212		False
P34111	P34111	Saccharomyces cerevisiae (strain ATCC 204508 / S288c)	Fungi	1160		False
Q56P03	Q56P03	Homo sapiens	Metazoa	285		False
Q96K80	Q96K80	Homo sapiens	Metazoa	434		False
P83111	P83111	Homo sapiens	Metazoa	547		False
Q99LD4	Q99LD4	Mus musculus	Metazoa	471		False
Q6P4H8	Q6P4H8	Homo sapiens	Metazoa	233		True
Q86Y26	Q86Y26	Homo sapiens	Metazoa	1132		False
A9LNK9	A9LNK9	Arabidopsis thaliana	Plants	631		False
Q922R5	Q922R5	Mus musculus	Metazoa	820		False
A1A519	A1A519	Homo sapiens	Metazoa	330		False
Q9SR62	Q9SR62	Arabidopsis thaliana	Plants	309		False
Q3MIT2	Q3MIT2	Homo sapiens	Metazoa	529		False
Q14765	Q14765	Homo sapiens	Metazoa	748		False
Q3USZ2	Q3USZ2	Mus musculus	Metazoa	394		False
Q9C565	Q9C565	Arabidopsis thaliana	Plants	373		False
P32354	P32354	Saccharomyces cerevisiae (strain ATCC 204508 / S288c)	Fungi	571		False
Q8VCF0	Q8VCF0	Mus musculus	Metazoa	503		False
O49929	O49929	Pisum sativum	Plants	213		True
Q9P382	Q9P382	Schizosaccharomyces pombe (strain 972 / ATCC 24843)	Fungi	798		False
Q9LW00	Q9LW00	Arabidopsis thaliana	Plants	254		False
Q21836	Q21836	Caenorhabditis elegans	Metazoa	362		False
Q9BUL5	Q9BUL5	Homo sapiens	Metazoa	403		False
O42804	O42804	Aspergillus niger	Fungi	945		False
Q3UHF7	Q3UHF7	Mus musculus	Metazoa	2430		False
Q96CW1	Q96CW1	Homo sapiens	Metazoa	435		False
Q8N668	Q8N668	Homo sapiens	Metazoa	190		False
P03888	P03888	Mus musculus	Metazoa	318		True
Q9BSD3	Q9BSD3	Homo sapiens	Metazoa	238		False
Q06991	Q06991	Saccharomyces cerevisiae (strain ATCC 204508 / S288c)	Fungi	263		True
Q9I9L7	Q9I9L7	Danio rerio	Metazoa	383		False
Q3KRB8	Q3KRB8	Homo sapiens	Metazoa	267		False
G3UVW3	G3UVW3	Mus musculus	Metazoa	457		True
Q63768	Q63768	Rattus norvegicus	Metazoa	304		False
P30536	P30536	Homo sapiens	Metazoa	169		True
Q9HGM8	Q9HGM8	Schizosaccharomyces pombe (strain 972 / ATCC 24843)	Fungi	695		False
Q9UT49	Q9UT49	Schizosaccharomyces pombe (strain 972 / ATCC 24843)	Fungi	578		False
Q8CC21	Q8CC21	Mus musculus	Metazoa	365		False
Q96HJ9	Q96HJ9	Homo sapiens	Metazoa	113		False
A7TUE1	A7TUE1	Medicago truncatula	Plants	513		False
Q76KJ5	Q76KJ5	Mus musculus	Metazoa	399		False
Q8IWU4	Q8IWU4	Homo sapiens	Metazoa	369		True
Q8VCM2	Q8VCM2	Mus musculus	Metazoa	349		False
Q91Z31	Q91Z31	Mus musculus	Metazoa	531		False
Q8GWP5	Q8GWP5	Arabidopsis thaliana	Plants	426		False
Q9EQ10	Q9EQ10	Rattus norvegicus	Metazoa	573		False
Q9SYU4	Q9SYU4	Arabidopsis thaliana	Plants	381		True
Q9NS73	Q9NS73	Homo sapiens	Metazoa	344		False
W5U2K2	W5U2K2	Catharanthus roseus	Plants	289		False
Q9FPS9	Q9FPS9	Arabidopsis thaliana	Plants	924		False
P16622	P16622	Saccharomyces cerevisiae (strain ATCC 204508 / S288c)	Fungi	393		False
P53277	P53277	Saccharomyces cerevisiae (strain ATCC 204508 / S288c)	Fungi	215		False
Q07938	Q07938	Saccharomyces cerevisiae (strain ATCC 204508 / S288c)	Fungi	337		False
Q8GXD9	Q8GXD9	Arabidopsis thaliana	Plants	644		False
P40024	P40024	Saccharomyces cerevisiae (strain ATCC 204508 / S288c)	Fungi	610		False
Q68G58	Q68G58	Mus musculus	Metazoa	516		False
A0A509AFM3	A0A509AFM3	Plasmodium berghei (strain Anka)	Other	304		True
Q9USJ7	Q9USJ7	Schizosaccharomyces pombe (strain 972 / ATCC 24843)	Fungi	393		False
Q08287	Q08287	Saccharomyces cerevisiae (strain ATCC 204508 / S288c)	Fungi	484		False
Q99728	Q99728	Homo sapiens	Metazoa	777		False
Q6LA53	Q6LA53	Schizosaccharomyces pombe (strain 972 / ATCC 24843)	Fungi	346		False
A0A509AJL3	A0A509AJL3	Plasmodium berghei (strain Anka)	Other	1087		False
Q86YC2	Q86YC2	Homo sapiens	Metazoa	1186		False
Q06188	Q06188	Saccharomyces cerevisiae (strain ATCC 204508 / S288c)	Fungi	304		False
Q19AV6	Q19AV6	Homo sapiens	Metazoa	140		False
Q02864	Q02864	Saccharomyces cerevisiae (strain ATCC 204508 / S288c)	Fungi	156		False
Q0WX00	Q0WX00	Arabidopsis thaliana	Plants	460		False
Q6F2E7	Q6F2E7	Xenopus tropicalis	Metazoa	482		False
Q04087	Q04087	Saccharomyces cerevisiae (strain ATCC 204508 / S288c)	Fungi	347		False
P81269	P81269	Mus musculus	Metazoa	269		False
Q84K35	Q84K35	Arabidopsis thaliana	Plants	330		False
Q9JKL7	Q9JKL7	Rattus norvegicus	Metazoa	494		False
Q9Y7Y6	Q9Y7Y6	Schizosaccharomyces pombe (strain 972 / ATCC 24843)	Fungi	291		False
P59998	P59998	Homo sapiens	Metazoa	168		False
Q5SZT7	Q5SZT7	Mus musculus	Metazoa	395		False
Q8N183	Q8N183	Homo sapiens	Metazoa	169		False
P10676	P10676	Drosophila melanogaster	Metazoa	1501		False
Q8IPX7	Q8IPX7	Drosophila melanogaster	Metazoa	232		False
Q08961	Q08961	Saccharomyces cerevisiae (strain ATCC 204508 / S288c)	Fungi	583		False
Q3ZBU2	Q3ZBU2	Bos taurus	Metazoa	106		True
Q9D8H7	Q9D8H7	Mus musculus	Metazoa	521		False
O94704	O94704	Schizosaccharomyces pombe (strain 972 / ATCC 24843)	Fungi	168		False
Q15080	Q15080	Homo sapiens	Metazoa	339		False
P22438	P22438	Saccharomyces cerevisiae (strain ATCC 204508 / S288c)	Fungi	575		False
P39943	P39943	Saccharomyces cerevisiae (strain ATCC 204508 / S288c)	Fungi	394		False
P07257	P07257	Saccharomyces cerevisiae (strain ATCC 204508 / S288c)	Fungi	368		False
P43124	P43124	Saccharomyces cerevisiae (strain ATCC 204508 / S288c)	Fungi	402		False
Q9JKY0	Q9JKY0	Mus musculus	Metazoa	299		False
O81098	O81098	Arabidopsis thaliana	Plants	205		False
P82670	P82670	Bos taurus	Metazoa	201		False
P49222	P49222	Mus musculus	Metazoa	691		False
Q06665	Q06665	Saccharomyces cerevisiae (strain ATCC 204508 / S288c)	Fungi	692		False
P40166	P40166	Saccharomyces cerevisiae (strain ATCC 204508 / S288c)	Fungi	100		False
A0A096MJY4	A0A096MJY4	Rattus norvegicus	Metazoa	473		False
Q9LXI8	Q9LXI8	Arabidopsis thaliana	Plants	67		False
P48595	P48595	Homo sapiens	Metazoa	397		False
Q9LHJ9	Q9LHJ9	Arabidopsis thaliana	Plants	385		False
Q9FFH0	Q9FFH0	Arabidopsis thaliana	Plants	386		False
J9VQC4	J9VQC4	Cryptococcus neoformans (strain H99 / ATCC 208821 / CBS 10515 / FGSC 9487)	Fungi	366		True
Q20709	Q20709	Caenorhabditis elegans	Metazoa	543		False
P40038	P40038	Saccharomyces cerevisiae (strain ATCC 204508 / S288c)	Fungi	420		False
O22802	O22802	Arabidopsis thaliana	Plants	97		True
P40342	P40342	Saccharomyces cerevisiae (strain ATCC 204508 / S288c)	Fungi	146		False
Q62141	Q62141	Mus musculus	Metazoa	1098		False
Q7Z4T9	Q7Z4T9	Homo sapiens	Metazoa	767		False
P45976	P45976	Saccharomyces cerevisiae (strain ATCC 204508 / S288c)	Fungi	327		False
Q4QAU9	Q4QAU9	Leishmania major	Other	549		False
Q9BQP7	Q9BQP7	Homo sapiens	Metazoa	344		False
P38998	P38998	Saccharomyces cerevisiae (strain ATCC 204508 / S288c)	Fungi	373		False
Q63HR2	Q63HR2	Homo sapiens	Metazoa	1409		False
Q12062	Q12062	Aspergillus parasiticus (strain ATCC 56775 / NRRL 5862 / SRRC 143 / SU-1)	Fungi	643		False
Q2V2P4	Q2V2P4	Saccharomyces cerevisiae (strain ATCC 204508 / S288c)	Fungi	73		False
Q8WXG6	Q8WXG6	Homo sapiens	Metazoa	1647		False
Q9NPB1	Q9NPB1	Homo sapiens	Metazoa	228		False
O60952	O60952	Dictyostelium discoideum	Other	199		False
Q6PEM8	Q6PEM8	Mus musculus	Metazoa	459		True
Q8C8R3	Q8C8R3	Mus musculus	Metazoa	3898		False
Q8L8M9	Q8L8M9	Arabidopsis thaliana	Plants	442		False
O62090	O62090	Caenorhabditis elegans	Metazoa	586		False
P13637	P13637	Homo sapiens	Metazoa	1013		False
Q18919	Q18919	Caenorhabditis elegans	Metazoa	558		False
Q5HYJ3	Q5HYJ3	Homo sapiens	Metazoa	339		False
Q9P013	Q9P013	Homo sapiens	Metazoa	229		False
P23500	P23500	Saccharomyces cerevisiae (strain ATCC 204508 / S288c)	Fungi	304		True
Q62868	Q62868	Rattus norvegicus	Metazoa	1388		False
P06778	P06778	Saccharomyces cerevisiae (strain ATCC 204508 / S288c)	Fungi	471		False
Q8NFZ0	Q8NFZ0	Homo sapiens	Metazoa	1043		False
Q9BXC9	Q9BXC9	Homo sapiens	Metazoa	721		False
F4KHG6	F4KHG6	Arabidopsis thaliana	Plants	489		False
Q09601	Q09601	Caenorhabditis elegans	Metazoa	381		False
O00154	O00154	Homo sapiens	Metazoa	380		False
Q8VHT6	Q8VHT6	Rattus norvegicus	Metazoa	369		False
P38324	P38324	Saccharomyces cerevisiae (strain ATCC 204508 / S288c)	Fungi	304		False
Q5VZK9	Q5VZK9	Homo sapiens	Metazoa	1371		False
O74434	O74434	Schizosaccharomyces pombe (strain 972 / ATCC 24843)	Fungi	626		False
Q61233	Q61233	Mus musculus	Metazoa	627		False
Q5ZEP9	Q5ZEP9	Caenorhabditis elegans	Metazoa	281		False
Q9QZM5	Q9QZM5	Rattus norvegicus	Metazoa	476		False
P34257	P34257	Caenorhabditis elegans	Metazoa	329		False
Q9GZL7	Q9GZL7	Homo sapiens	Metazoa	423		False
P61964	P61964	Homo sapiens	Metazoa	334		False
P36954	P36954	Homo sapiens	Metazoa	125		False
P20433	P20433	Saccharomyces cerevisiae (strain ATCC 204508 / S288c)	Fungi	221		False
Q08816	Q08816	Saccharomyces cerevisiae (strain ATCC 204508 / S288c)	Fungi	343		False
P53139	P53139	Saccharomyces cerevisiae (strain ATCC 204508 / S288c)	Fungi	140		False
A0A0F7G352	A0A0F7G352	Vanilla planifolia	Plants	356		False
P13275	P13275	Scyliorhinus canicula	Metazoa	87		False
P25569	P25569	Saccharomyces cerevisiae (strain ATCC 204508 / S288c)	Fungi	745		False
Q0WQ41	Q0WQ41	Arabidopsis thaliana	Plants	594		False
Q9ES19	Q9ES19	Rattus norvegicus	Metazoa	347		False
Q9Y2I1	Q9Y2I1	Homo sapiens	Metazoa	1504		False
P36159	P36159	Saccharomyces cerevisiae (strain ATCC 204508 / S288c)	Fungi	838		False
Q7RTY1	Q7RTY1	Homo sapiens	Metazoa	509		True
O60941	O60941	Homo sapiens	Metazoa	627		False
Q9P7N0	Q9P7N0	Schizosaccharomyces pombe (strain 972 / ATCC 24843)	Fungi	392		False
Q12340	Q12340	Saccharomyces cerevisiae (strain ATCC 204508 / S288c)	Fungi	786		False
Q6ASS9	Q6ASS9	Oryza sativa subsp. japonica	Plants	123		False
Q7L2Z9	Q7L2Z9	Homo sapiens	Metazoa	268		False
Q9VHY5	Q9VHY5	Drosophila melanogaster	Metazoa	479		False
Q9H5Q4	Q9H5Q4	Homo sapiens	Metazoa	396		False
A0A455ZAR2	A0A455ZAR2	Homo sapiens	Metazoa	87		False
G5EDW7	G5EDW7	Caenorhabditis elegans	Metazoa	386		False
Q8IWS0	Q8IWS0	Homo sapiens	Metazoa	365		False
P85845	P85845	Rattus norvegicus	Metazoa	493		False
Q7S5N0	Q7S5N0	Neurospora crassa (strain ATCC 24698 / 74-OR23-1A / CBS 708.71 / DSM 1257 / FGSC 987)	Fungi	364		False
Q9UHQ1	Q9UHQ1	Homo sapiens	Metazoa	456		False
Q09924	Q09924	Schizosaccharomyces pombe (strain 972 / ATCC 24843)	Fungi	467		False
Q9C900	Q9C900	Arabidopsis thaliana	Plants	193		False
P53136	P53136	Saccharomyces cerevisiae (strain ATCC 204508 / S288c)	Fungi	463		False
P93025	P93025	Arabidopsis thaliana	Plants	915		False
Q9SQU2	Q9SQU2	Arabidopsis thaliana	Plants	199		True
Q96I76	Q96I76	Homo sapiens	Metazoa	525		False
Q8N328	Q8N328	Homo sapiens	Metazoa	593		False
Q9H668	Q9H668	Homo sapiens	Metazoa	368		False
G5EGE9	G5EGE9	Caenorhabditis elegans	Metazoa	1263		False
Q86TP1	Q86TP1	Homo sapiens	Metazoa	453		False
P28033	P28033	Mus musculus	Metazoa	296		False
Q9BTV5	Q9BTV5	Homo sapiens	Metazoa	496		False
Q0WV90	Q0WV90	Arabidopsis thaliana	Plants	1120		False
Q53GS9	Q53GS9	Homo sapiens	Metazoa	565		False
Q8IQG1	Q8IQG1	Drosophila melanogaster	Metazoa	566		False
Q9NX76	Q9NX76	Homo sapiens	Metazoa	183		True
O13699	O13699	Schizosaccharomyces pombe (strain 972 / ATCC 24843)	Fungi	430		False
Q12947	Q12947	Homo sapiens	Metazoa	444		False
Q00202	Q00202	Emericella nidulans (strain FGSC A4 / ATCC 38163 / CBS 112.46 / NRRL 194 / M139)	Fungi	678		False
O23300	O23300	Arabidopsis thaliana	Plants	238		False
P10664	P10664	Saccharomyces cerevisiae (strain ATCC 204508 / S288c)	Fungi	362		False
Q9P802	Q9P802	Schizosaccharomyces pombe (strain 972 / ATCC 24843)	Fungi	194		False
Q8RXD3	Q8RXD3	Arabidopsis thaliana	Plants	310		False
Q02775	Q02775	Saccharomyces cerevisiae (strain ATCC 204508 / S288c)	Fungi	382		False
Q96JJ3	Q96JJ3	Homo sapiens	Metazoa	720		False
P06843	P06843	Saccharomyces cerevisiae (strain ATCC 204508 / S288c)	Fungi	333		False
Q24134	Q24134	Drosophila melanogaster	Metazoa	578		False
Q27934	Q27934	Drosophila melanogaster	Metazoa	400		False
Q8ND76	Q8ND76	Homo sapiens	Metazoa	341		False
Q03327	Q03327	Saccharomyces cerevisiae (strain ATCC 204508 / S288c)	Fungi	502		False
Q9FNK4	Q9FNK4	Arabidopsis thaliana	Plants	475		False
Q9BRG1	Q9BRG1	Homo sapiens	Metazoa	176		False
Q84TI7	Q84TI7	Arabidopsis thaliana	Plants	506		True
Q8RUN2	Q8RUN2	Arabidopsis thaliana	Plants	213		False
Q86LG1	Q86LG1	Drosophila melanogaster	Metazoa	606		True
Q86Y97	Q86Y97	Homo sapiens	Metazoa	462		False
Q8NEM7	Q8NEM7	Homo sapiens	Metazoa	779		False
P31334	P31334	Saccharomyces cerevisiae (strain ATCC 204508 / S288c)	Fungi	269		False
Q5BJZ6	Q5BJZ6	Rattus norvegicus	Metazoa	400		False
Q9HCS7	Q9HCS7	Homo sapiens	Metazoa	855		False
Q15233	Q15233	Homo sapiens	Metazoa	471		False
O74429	O74429	Schizosaccharomyces pombe (strain 972 / ATCC 24843)	Fungi	920		False
Q9LFC0	Q9LFC0	Arabidopsis thaliana	Plants	360		False
Q92766	Q92766	Homo sapiens	Metazoa	1687		False
Q9SNB7	Q9SNB7	Arabidopsis thaliana	Plants	665		False
Q94A41	Q94A41	Arabidopsis thaliana	Plants	887		False
Q86XK2	Q86XK2	Homo sapiens	Metazoa	927		False
Q99359	Q99359	Saccharomyces cerevisiae (strain ATCC 204508 / S288c)	Fungi	647		False
Q8VY88	Q8VY88	Arabidopsis thaliana	Plants	175		False
Q8W4F1	Q8W4F1	Arabidopsis thaliana	Plants	284		False
Q9C106	Q9C106	Schizosaccharomyces pombe (strain 972 / ATCC 24843)	Fungi	591		False
Q9Y2Z4	Q9Y2Z4	Homo sapiens	Metazoa	477		False
Q86WV5	Q86WV5	Homo sapiens	Metazoa	123		False
Q8T053	Q8T053	Drosophila melanogaster	Metazoa	434		False
G4NCH6	G4NCH6	Pyricularia oryzae (strain 70-15 / ATCC MYA-4617 / FGSC 8958)	Fungi	366		False
O15504	O15504	Homo sapiens	Metazoa	423		False
Q8VY80	Q8VY80	Arabidopsis thaliana	Plants	147		False
Q42510	Q42510	Arabidopsis thaliana	Plants	1451		False
P21757	P21757	Homo sapiens	Metazoa	451		True
P90551	P90551	Leishmania mexicana	Other	366		False
Q08558	Q08558	Saccharomyces cerevisiae (strain ATCC 204508 / S288c)	Fungi	271		False
Q10154	Q10154	Schizosaccharomyces pombe (strain 972 / ATCC 24843)	Fungi	240		False
P38979	P38979	Drosophila melanogaster	Metazoa	270		False
Q69YN2	Q69YN2	Homo sapiens	Metazoa	538		False
P87234	P87234	Schizosaccharomyces pombe (strain 972 / ATCC 24843)	Fungi	635		False
Q80UF9	Q80UF9	Mus musculus	Metazoa	577		True
Q52M58	Q52M58	Homo sapiens	Metazoa	125		False
Q9SYM5	Q9SYM5	Arabidopsis thaliana	Plants	669		False
Q9JIX9	Q9JIX9	Mus musculus	Metazoa	511		False
Q06163	Q06163	Saccharomyces cerevisiae (strain ATCC 204508 / S288c)	Fungi	884		False
Q8I299	Q8I299	Plasmodium falciparum (isolate 3D7)	Other	791		False
P47002	P47002	Saccharomyces cerevisiae (strain ATCC 204508 / S288c)	Fungi	699		False
Q149M9	Q149M9	Homo sapiens	Metazoa	1564		False
P08153	P08153	Saccharomyces cerevisiae (strain ATCC 204508 / S288c)	Fungi	709		False
Q9UT46	Q9UT46	Schizosaccharomyces pombe (strain 972 / ATCC 24843)	Fungi	508		False
P53810	P53810	Mus musculus	Metazoa	271		False
O74887	O74887	Schizosaccharomyces pombe (strain 972 / ATCC 24843)	Fungi	192		False
Q9CA67	Q9CA67	Arabidopsis thaliana	Plants	467		False
P41779	P41779	Caenorhabditis elegans	Metazoa	338		False
Q39163	Q39163	Arabidopsis thaliana	Plants	330		False
Q9Z1X9	Q9Z1X9	Mus musculus	Metazoa	566		False
Q9Y3A4	Q9Y3A4	Homo sapiens	Metazoa	280		False
P53148	P53148	Saccharomyces cerevisiae (strain ATCC 204508 / S288c)	Fungi	917		False
P22138	P22138	Saccharomyces cerevisiae (strain ATCC 204508 / S288c)	Fungi	1203		False
P32338	P32338	Saccharomyces cerevisiae (strain ATCC 204508 / S288c)	Fungi	300		False
Q03172	Q03172	Mus musculus	Metazoa	2688		False
P36094	P36094	Saccharomyces cerevisiae (strain ATCC 204508 / S288c)	Fungi	363		False
O46385	O46385	Bos taurus	Metazoa	2194		False
Q86WR6	Q86WR6	Homo sapiens	Metazoa	236		False
Q86W42	Q86W42	Homo sapiens	Metazoa	341		False
P43554	P43554	Saccharomyces cerevisiae (strain ATCC 204508 / S288c)	Fungi	623		False
Q7L5N1	Q7L5N1	Homo sapiens	Metazoa	327		False
Q7Z2E3	Q7Z2E3	Homo sapiens	Metazoa	356		False
Q3KNY0	Q3KNY0	Mus musculus	Metazoa	2849		False
P50080	P50080	Saccharomyces cerevisiae (strain ATCC 204508 / S288c)	Fungi	613		True
O43068	O43068	Schizosaccharomyces pombe (strain 972 / ATCC 24843)	Fungi	421		False
Q9P0U4	Q9P0U4	Homo sapiens	Metazoa	656		False
P00107	P00107	Diacronema lutheri	Other	83		False
Q10474	Q10474	Schizosaccharomyces pombe (strain 972 / ATCC 24843)	Fungi	258		False
O95997	O95997	Homo sapiens	Metazoa	202		False
Q9Y241	Q9Y241	Homo sapiens	Metazoa	93		True
P24473	P24473	Rattus norvegicus	Metazoa	226		False
Q9EST4	Q9EST4	Mus musculus	Metazoa	264		False
O15304	O15304	Homo sapiens	Metazoa	175		False
P47120	P47120	Saccharomyces cerevisiae (strain ATCC 204508 / S288c)	Fungi	325		False
Q15596	Q15596	Homo sapiens	Metazoa	1464		False
Q9VCX1	Q9VCX1	Drosophila melanogaster	Metazoa	1541		False
Q9W3E2	Q9W3E2	Drosophila melanogaster	Metazoa	1195		False
Q06707	Q06707	Saccharomyces cerevisiae (strain ATCC 204508 / S288c)	Fungi	132		False
Q9JLI8	Q9JLI8	Mus musculus	Metazoa	962		False
Q4WJ81	Q4WJ81	Aspergillus fumigatus (strain ATCC MYA-4609 / CBS 101355 / FGSC A1100 / Af293)	Fungi	754		False
Q9NQW8	Q9NQW8	Homo sapiens	Metazoa	809		False
Q64442	Q64442	Mus musculus	Metazoa	357		False
Q9ST63	Q9ST63	Solanum tuberosum	Plants	495		False
P42526	P42526	Dictyostelium discoideum	Other	118		False
P54845	P54845	Homo sapiens	Metazoa	237		False
Q9FEC1	Q9FEC1	Arabidopsis thaliana	Plants	172		False
P38289	P38289	Saccharomyces cerevisiae (strain ATCC 204508 / S288c)	Fungi	585		False
Q9USP9	Q9USP9	Schizosaccharomyces pombe (strain 972 / ATCC 24843)	Fungi	589		False
Q9Y3A2	Q9Y3A2	Homo sapiens	Metazoa	253		False
Q9BVS5	Q9BVS5	Homo sapiens	Metazoa	477		False
Q5VY09	Q5VY09	Homo sapiens	Metazoa	327		False
Q9NGX9	Q9NGX9	Drosophila melanogaster	Metazoa	489		False
Q8LFH5	Q8LFH5	Arabidopsis thaliana	Plants	239		True
Q9FGH9	Q9FGH9	Arabidopsis thaliana	Plants	624		False
F4I443	F4I443	Arabidopsis thaliana	Plants	714		False
Q00341	Q00341	Homo sapiens	Metazoa	1268		False
P82913	P82913	Bos taurus	Metazoa	256		False
Q10426	Q10426	Schizosaccharomyces pombe (strain 972 / ATCC 24843)	Fungi	1040		False
Q1H537	Q1H537	Arabidopsis thaliana	Plants	417		False
O13911	O13911	Schizosaccharomyces pombe (strain 972 / ATCC 24843)	Fungi	408		False
Q923Q2	Q923Q2	Mus musculus	Metazoa	1113		False
P83456	P83456	Gadus morhua	Metazoa	477		False
A1Z9P3	A1Z9P3	Drosophila melanogaster	Metazoa	1576		False
O48917	O48917	Arabidopsis thaliana	Plants	477		False
Q9UTR9	Q9UTR9	Schizosaccharomyces pombe (strain 972 / ATCC 24843)	Fungi	368		False
P39207	P39207	Arabidopsis thaliana	Plants	149		False
Q8C5S7	Q8C5S7	Mus musculus	Metazoa	591		False
Q9LTW4	Q9LTW4	Arabidopsis thaliana	Plants	461		False
Q7KRI2	Q7KRI2	Drosophila melanogaster	Metazoa	127		False
Q9UI36	Q9UI36	Homo sapiens	Metazoa	758		False
O14064	O14064	Schizosaccharomyces pombe (strain 972 / ATCC 24843)	Fungi	997		False
P36011	P36011	Emericella nidulans (strain FGSC A4 / ATCC 38163 / CBS 112.46 / NRRL 194 / M139)	Fungi	622		False
Q9Y3E5	Q9Y3E5	Homo sapiens	Metazoa	179		True
Q10360	Q10360	Schizosaccharomyces pombe (strain 972 / ATCC 24843)	Fungi	97		False
O43819	O43819	Homo sapiens	Metazoa	266		True
F1MH24	F1MH24	Bos taurus	Metazoa	957		False
O04479	O04479	Arabidopsis thaliana	Plants	199		False
Q9HG09	Q9HG09	Komagataella pastoris	Fungi	425		False
Q80VL1	Q80VL1	Mus musculus	Metazoa	560		False
A0A509ARF0	A0A509ARF0	Plasmodium berghei (strain Anka)	Other	403		False
Q23238	Q23238	Caenorhabditis elegans	Metazoa	893		False
Q12262	Q12262	Saccharomyces cerevisiae (strain ATCC 204508 / S288c)	Fungi	181		False
Q7S2H6	Q7S2H6	Neurospora crassa (strain ATCC 24698 / 74-OR23-1A / CBS 708.71 / DSM 1257 / FGSC 987)	Fungi	310		False
O14310	O14310	Schizosaccharomyces pombe (strain 972 / ATCC 24843)	Fungi	933		False
P36169	P36169	Saccharomyces cerevisiae (strain ATCC 204508 / S288c)	Fungi	355		True
P19518	P19518	Oryctolagus cuniculus	Metazoa	222		True
Q9Y5B8	Q9Y5B8	Homo sapiens	Metazoa	376		False
Q8GUI6	Q8GUI6	Arabidopsis thaliana	Plants	954		False
Q9H2K8	Q9H2K8	Homo sapiens	Metazoa	898		False
Q9SNC0	Q9SNC0	Arabidopsis thaliana	Plants	182		False
Q8N2C7	Q8N2C7	Homo sapiens	Metazoa	3258		False
Q9HCH5	Q9HCH5	Homo sapiens	Metazoa	934		False
Q04659	Q04659	Saccharomyces cerevisiae (strain ATCC 204508 / S288c)	Fungi	317		False
Q9UTK4	Q9UTK4	Schizosaccharomyces pombe (strain 972 / ATCC 24843)	Fungi	1807		False
Q9STS7	Q9STS7	Arabidopsis thaliana	Plants	353		False
Q6DWJ6	Q6DWJ6	Homo sapiens	Metazoa	353		True
Q9VVV9	Q9VVV9	Drosophila melanogaster	Metazoa	928		False
Q06214	Q06214	Saccharomyces cerevisiae (strain ATCC 204508 / S288c)	Fungi	492		False
P53034	P53034	Drosophila melanogaster	Metazoa	331		False
Q03370	Q03370	Saccharomyces cerevisiae (strain ATCC 204508 / S288c)	Fungi	554		False
P62072	P62072	Homo sapiens	Metazoa	90		False
Q4L180	Q4L180	Homo sapiens	Metazoa	1135		False
O74356	O74356	Schizosaccharomyces pombe (strain 972 / ATCC 24843)	Fungi	585		False
Q92619	Q92619	Homo sapiens	Metazoa	1136		False
Q8R3K3	Q8R3K3	Mus musculus	Metazoa	381		False
P28661	P28661	Mus musculus	Metazoa	478		False
Q7KZF4	Q7KZF4	Homo sapiens	Metazoa	910		False
P25379	P25379	Saccharomyces cerevisiae (strain ATCC 204508 / S288c)	Fungi	360		False
Q9SRN4	Q9SRN4	Arabidopsis thaliana	Plants	117		False
Q94CL9	Q94CL9	Arabidopsis thaliana	Plants	195		False
Q8ITW8	Q8ITW8	Caenorhabditis elegans	Metazoa	504		False
P10156	P10156	Tetrahymena thermophila (strain SB210)	Other	164		False
Q9BYG8	Q9BYG8	Homo sapiens	Metazoa	508		False
A0A0N7KIY3	A0A0N7KIY3	Oryza sativa subsp. japonica	Plants	352		False
Q96E11	Q96E11	Homo sapiens	Metazoa	262		False
P81760	P81760	Arabidopsis thaliana	Plants	236		False
Q9UU96	Q9UU96	Schizosaccharomyces pombe (strain 972 / ATCC 24843)	Fungi	736		False
Q20924	Q20924	Caenorhabditis elegans	Metazoa	473		False
Q1LZ24	Q1LZ24	Drosophila melanogaster	Metazoa	586		False
P78417	P78417	Homo sapiens	Metazoa	241		False
Q8IXH6	Q8IXH6	Homo sapiens	Metazoa	220		False
Q6RFZ7	Q6RFZ7	Rattus norvegicus	Metazoa	1039		False
P38250	P38250	Saccharomyces cerevisiae (strain ATCC 204508 / S288c)	Fungi	946		False
B3EWF7	B3EWF7	Homo sapiens	Metazoa	344		False
P36064	P36064	Saccharomyces cerevisiae (strain ATCC 204508 / S288c)	Fungi	111		False
P81909	P81909	Drosophila melanogaster	Metazoa	397		True
A0A3Q7HWE4	A0A3Q7HWE4	Solanum lycopersicum	Plants	165		False
Q53TQ3	Q53TQ3	Homo sapiens	Metazoa	1027		False
O77480	O77480	Bos taurus	Metazoa	390		False
Q7SHR9	Q7SHR9	Neurospora crassa (strain ATCC 24698 / 74-OR23-1A / CBS 708.71 / DSM 1257 / FGSC 987)	Fungi	316		False
P50749	P50749	Homo sapiens	Metazoa	326		False
Q6Z6M4	Q6Z6M4	Oryza sativa subsp. japonica	Plants	572		False
Q5H943	Q5H943	Homo sapiens	Metazoa	113		True
O82277	O82277	Arabidopsis thaliana	Plants	361		False
P26755	P26755	Saccharomyces cerevisiae (strain ATCC 204508 / S288c)	Fungi	122		False
Q9V4C8	Q9V4C8	Drosophila melanogaster	Metazoa	1500		False
Q8IYB3	Q8IYB3	Homo sapiens	Metazoa	904		False
Q5TB80	Q5TB80	Homo sapiens	Metazoa	1403		False
Q23243	Q23243	Caenorhabditis elegans	Metazoa	845		False
O94494	O94494	Schizosaccharomyces pombe (strain 972 / ATCC 24843)	Fungi	277		False
Q01517	Q01517	Pisum sativum	Plants	349		False
Q8LGZ9	Q8LGZ9	Oryza sativa subsp. japonica	Plants	341		False
Q04922	Q04922	Saccharomyces cerevisiae (strain ATCC 204508 / S288c)	Fungi	465		False
Q9W603	Q9W603	Xenopus laevis	Metazoa	1035		False
Q01992	Q01992	Rattus norvegicus	Metazoa	710		False
Q00912	Q00912	Wickerhamomyces anomalus	Fungi	342		False
Q8BGW0	Q8BGW0	Mus musculus	Metazoa	636		False
P05982	P05982	Rattus norvegicus	Metazoa	274		False
Q99679	Q99679	Homo sapiens	Metazoa	349		True
P34164	P34164	Saccharomyces cerevisiae (strain ATCC 204508 / S288c)	Fungi	415		False
P23180	P23180	Saccharomyces cerevisiae (strain ATCC 204508 / S288c)	Fungi	465		False
Q9NVU7	Q9NVU7	Homo sapiens	Metazoa	687		False
O55081	O55081	Rattus norvegicus	Metazoa	1135		False
Q8GYC7	Q8GYC7	Arabidopsis thaliana	Plants	313		False
Q9LZS0	Q9LZS0	Arabidopsis thaliana	Plants	591		False
O61707	O61707	Caenorhabditis elegans	Metazoa	523		False
Q9NP64	Q9NP64	Homo sapiens	Metazoa	241		False
P34250	P34250	Saccharomyces cerevisiae (strain ATCC 204508 / S288c)	Fungi	1132		False
Q8R3C6	Q8R3C6	Mus musculus	Metazoa	952		False
Q9SL92	Q9SL92	Arabidopsis thaliana	Plants	367		False
P42844	P42844	Saccharomyces cerevisiae (strain ATCC 204508 / S288c)	Fungi	174		False
Q09858	Q09858	Schizosaccharomyces pombe (strain 972 / ATCC 24843)	Fungi	205		False
Q9W1H4	Q9W1H4	Drosophila melanogaster	Metazoa	747		False
O35613	O35613	Mus musculus	Metazoa	739		False
Q9NBD7	Q9NBD7	Drosophila melanogaster	Metazoa	1491		False
Q8R515	Q8R515	Rattus norvegicus	Metazoa	873		False
Q9H334	Q9H334	Homo sapiens	Metazoa	677		False
Q9LV85	Q9LV85	Arabidopsis thaliana	Plants	564		False
P0DW10	P0DW10	Neurospora crassa	Fungi	244		False
Q8BN78	Q8BN78	Mus musculus	Metazoa	671		False
P40037	P40037	Saccharomyces cerevisiae (strain ATCC 204508 / S288c)	Fungi	129		False
Q38AH0	Q38AH0	Trypanosoma brucei brucei (strain 927/4 GUTat10.1)	Other	370		False
Q9LYB9	Q9LYB9	Arabidopsis thaliana	Plants	186		False
P12383	P12383	Saccharomyces cerevisiae (strain ATCC 204508 / S288c)	Fungi	1068		False
P48512	P48512	Arabidopsis thaliana	Plants	312		False
Q80T69	Q80T69	Mus musculus	Metazoa	795		False
Q8BMB0	Q8BMB0	Mus musculus	Metazoa	1264		False
Q94234	Q94234	Caenorhabditis elegans	Metazoa	204		False
O96693	O96693	Plasmodium falciparum (isolate HB3)	Other	488		False
P30776	P30776	Schizosaccharomyces pombe (strain 972 / ATCC 24843)	Fungi	628		False
Q06706	Q06706	Saccharomyces cerevisiae (strain ATCC 204508 / S288c)	Fungi	1349		False
P23615	P23615	Saccharomyces cerevisiae (strain ATCC 204508 / S288c)	Fungi	1451		False
P05423	P05423	Homo sapiens	Metazoa	398		False
O95989	O95989	Homo sapiens	Metazoa	172		False
Q9ZV24	Q9ZV24	Arabidopsis thaliana	Plants	148		True
Q18237	Q18237	Caenorhabditis elegans	Metazoa	1076		False
Q9LKX9	Q9LKX9	Zea mays	Plants	867		False
P26017	P26017	Drosophila melanogaster	Metazoa	390		False
Q9BQ95	Q9BQ95	Homo sapiens	Metazoa	431		False
O94522	O94522	Schizosaccharomyces pombe (strain 972 / ATCC 24843)	Fungi	390		False
Q8VZA0	Q8VZA0	Arabidopsis thaliana	Plants	936		False
L0R6Q1	L0R6Q1	Homo sapiens	Metazoa	103		True
Q75WF1	Q75WF1	Vanrija humicola	Fungi	370		False
Q9HB21	Q9HB21	Homo sapiens	Metazoa	404		False
O43663	O43663	Homo sapiens	Metazoa	620		False
O43592	O43592	Homo sapiens	Metazoa	962		False
Q09838	Q09838	Schizosaccharomyces pombe (strain 972 / ATCC 24843)	Fungi	681		False
P61092	P61092	Mus musculus	Metazoa	282		False
Q6GKV1	Q6GKV1	Arabidopsis thaliana	Plants	324		False
Q8IU80	Q8IU80	Homo sapiens	Metazoa	811		True
Q94BN0	Q94BN0	Arabidopsis thaliana	Plants	364		False
Q6ZVD8	Q6ZVD8	Homo sapiens	Metazoa	1323		False
Q94126	Q94126	Caenorhabditis elegans	Metazoa	211		False
Q09666	Q09666	Homo sapiens	Metazoa	5890		False
Q5ZEF1	Q5ZEF1	Oryza sativa subsp. japonica	Plants	127		False
Q10SU5	Q10SU5	Oryza sativa subsp. japonica	Plants	598		False
Q00453	Q00453	Saccharomyces cerevisiae (strain ATCC 204508 / S288c)	Fungi	211		False
P30038	P30038	Homo sapiens	Metazoa	563		False
E1JIT7	E1JIT7	Drosophila melanogaster	Metazoa	1601		False
P40381	P40381	Schizosaccharomyces pombe (strain 972 / ATCC 24843)	Fungi	328		False
Q9H5F2	Q9H5F2	Homo sapiens	Metazoa	150		False
Q9H6E5	Q9H6E5	Homo sapiens	Metazoa	874		False
P34418	P34418	Caenorhabditis elegans	Metazoa	943		False
Q12420	Q12420	Saccharomyces cerevisiae (strain ATCC 204508 / S288c)	Fungi	587		False
P07199	P07199	Homo sapiens	Metazoa	599		False
Q9H8H0	Q9H8H0	Homo sapiens	Metazoa	719		False
O74958	O74958	Schizosaccharomyces pombe (strain 972 / ATCC 24843)	Fungi	488		False
Q8VYE2	Q8VYE2	Arabidopsis thaliana	Plants	376		True
O42662	O42662	Schizosaccharomyces pombe (strain 972 / ATCC 24843)	Fungi	385		False
Q9T6H8	Q9T6H8	Arabidopsis thaliana	Plants	382		True
Q9EQQ4	Q9EQQ4	Mus musculus	Metazoa	373		True
Q04749	Q04749	Saccharomyces cerevisiae (strain ATCC 204508 / S288c)	Fungi	426		False
Q9HCU9	Q9HCU9	Homo sapiens	Metazoa	246		False
Q9ES73	Q9ES73	Rattus norvegicus	Metazoa	775		False
P50748	P50748	Homo sapiens	Metazoa	2209		False
Q9FFZ1	Q9FFZ1	Arabidopsis thaliana	Plants	484		False
Q9JM73	Q9JM73	Mus musculus	Metazoa	504		False
Q9FLY0	Q9FLY0	Arabidopsis thaliana	Plants	325		False
Q6T938	Q6T938	Danio rerio	Metazoa	355		False
Q945P1	Q945P1	Arabidopsis thaliana	Plants	317		False
Q6RFH5	Q6RFH5	Homo sapiens	Metazoa	385		False
P40008	P40008	Saccharomyces cerevisiae (strain ATCC 204508 / S288c)	Fungi	231		False
P36213	P36213	Hordeum vulgare	Plants	205		False
Q06344	Q06344	Saccharomyces cerevisiae (strain ATCC 204508 / S288c)	Fungi	628		False
Q6NZ36	Q6NZ36	Homo sapiens	Metazoa	180		False
P0C5Y7	P0C5Y7	Schizosaccharomyces pombe (strain 972 / ATCC 24843)	Fungi	102		False
Q3URU2	Q3URU2	Mus musculus	Metazoa	1571		False
O60231	O60231	Homo sapiens	Metazoa	1041		False
Q8BJ05	Q8BJ05	Mus musculus	Metazoa	735		False
F4JAU2	F4JAU2	Arabidopsis thaliana	Plants	1697		False
J3QMY9	J3QMY9	Mus musculus	Metazoa	579		False
Q3HNG7	Q3HNG7	Bos taurus	Metazoa	343		False
Q969X6	Q969X6	Homo sapiens	Metazoa	686		False
Q8TCY9	Q8TCY9	Homo sapiens	Metazoa	931		False
P47175	P47175	Saccharomyces cerevisiae (strain ATCC 204508 / S288c)	Fungi	358		False
Q6UJY2	Q6UJY2	Mus musculus	Metazoa	1175		True
O88466	O88466	Mus musculus	Metazoa	1888		False
O80832	O80832	Arabidopsis thaliana	Plants	410		False
Q5T6F0	Q5T6F0	Homo sapiens	Metazoa	453		False
Q9SU71	Q9SU71	Arabidopsis thaliana	Plants	629		False
Q9NQV6	Q9NQV6	Homo sapiens	Metazoa	1147		False
Q12032	Q12032	Saccharomyces cerevisiae (strain ATCC 204508 / S288c)	Fungi	185		False
Q03615	Q03615	Caenorhabditis elegans	Metazoa	305		False
Q9C9F5	Q9C9F5	Arabidopsis thaliana	Plants	308		False
P18870	P18870	Gallus gallus	Metazoa	314		False
Q8WXX7	Q8WXX7	Homo sapiens	Metazoa	1259		False
Q9NYQ3	Q9NYQ3	Homo sapiens	Metazoa	351		False
Q15388	Q15388	Homo sapiens	Metazoa	145		True
Q9NVA1	Q9NVA1	Homo sapiens	Metazoa	299		False
Q9BLG4	Q9BLG4	Dictyostelium discoideum	Other	463		True
Q9WUU9	Q9WUU9	Mus musculus	Metazoa	1971		False
Q22227	Q22227	Caenorhabditis elegans	Metazoa	672		False
O14230	O14230	Schizosaccharomyces pombe (strain 972 / ATCC 24843)	Fungi	347		False
P53318	P53318	Saccharomyces cerevisiae (strain ATCC 204508 / S288c)	Fungi	479		False
V9M398	V9M398	Vitis rotundifolia	Plants	1331		False
P43557	P43557	Saccharomyces cerevisiae (strain ATCC 204508 / S288c)	Fungi	207		False
P11020	P11020	Scyliorhinus canicula	Metazoa	80		False
P56216	P56216	Penicillium simplicissimum	Fungi	560		False
Q9NYT0	Q9NYT0	Homo sapiens	Metazoa	353		False
Q9LQI7	Q9LQI7	Arabidopsis thaliana	Plants	227		False
Q9SM44	Q9SM44	Spinacia oleracea	Plants	522		False
Q7M750	Q7M750	Mus musculus	Metazoa	143		True
Q62261	Q62261	Mus musculus	Metazoa	2363		False
Q8TD31	Q8TD31	Homo sapiens	Metazoa	782		False
Q9C666	Q9C666	Arabidopsis thaliana	Plants	197		False
Q8IDN4	Q8IDN4	Plasmodium falciparum (isolate 3D7)	Other	211		False
I3SL57	I3SL57	Lotus japonicus	Plants	282		False
Q8W4D6	Q8W4D6	Arabidopsis thaliana	Plants	598		False
Q9Y3D7	Q9Y3D7	Homo sapiens	Metazoa	125		False
P46435	P46435	Schistosoma mansoni	Metazoa	259		False
Q7Y0F6	Q7Y0F6	Oryza sativa subsp. japonica	Plants	247		False
Q53GL0	Q53GL0	Homo sapiens	Metazoa	409		False
Q9WU12	Q9WU12	Mus musculus	Metazoa	71		False
Q5VTB9	Q5VTB9	Homo sapiens	Metazoa	566		False
D4A7U2	D4A7U2	Rattus norvegicus	Metazoa	587		False
Q9P7V3	Q9P7V3	Schizosaccharomyces pombe (strain 972 / ATCC 24843)	Fungi	220		False
Q7Z6Z7	Q7Z6Z7	Homo sapiens	Metazoa	4374		False
P27929	P27929	Saccharomyces cerevisiae (strain ATCC 204508 / S288c)	Fungi	486		False
Q03771	Q03771	Saccharomyces cerevisiae (strain ATCC 204508 / S288c)	Fungi	387		False
P14291	P14291	Saccharomyces cerevisiae (strain ATCC 204508 / S288c)	Fungi	827		False
P21657	P21657	Saccharomyces cerevisiae (strain ATCC 204508 / S288c)	Fungi	970		False
P52927	P52927	Mus musculus	Metazoa	108		False
Q08465	Q08465	Saccharomyces cerevisiae (strain ATCC 204508 / S288c)	Fungi	219		False
Q04500	Q04500	Saccharomyces cerevisiae (strain ATCC 204508 / S288c)	Fungi	899		False
O59757	O59757	Schizosaccharomyces pombe (strain 972 / ATCC 24843)	Fungi	1364		False
F4HXU3	F4HXU3	Arabidopsis thaliana	Plants	142		False
G5EEW6	G5EEW6	Caenorhabditis elegans	Metazoa	427		False
Q86XK3	Q86XK3	Homo sapiens	Metazoa	245		False
P53203	P53203	Saccharomyces cerevisiae (strain ATCC 204508 / S288c)	Fungi	462		False
Q13487	Q13487	Homo sapiens	Metazoa	334		False
Q941D3	Q941D3	Arabidopsis thaliana	Plants	239		False
Q9P7U2	Q9P7U2	Schizosaccharomyces pombe (strain 972 / ATCC 24843)	Fungi	351		False
P82979	P82979	Homo sapiens	Metazoa	210		False
Q07912	Q07912	Homo sapiens	Metazoa	1038		False
P40567	P40567	Saccharomyces cerevisiae (strain ATCC 204508 / S288c)	Fungi	111		False
Q9AUE0	Q9AUE0	Arabidopsis thaliana	Plants	1950		False
Q12974	Q12974	Homo sapiens	Metazoa	167		False
Q8SWR3	Q8SWR3	Drosophila melanogaster	Metazoa	435		False
Q99L90	Q99L90	Mus musculus	Metazoa	462		False
S8ESV1	S8ESV1	Toxoplasma gondii (strain ATCC 50611 / Me49)	Other	325		False
P82352	P82352	Oryctolagus cuniculus	Metazoa	238		True
P83369	P83369	Homo sapiens	Metazoa	360		False
Q86SP6	Q86SP6	Homo sapiens	Metazoa	731		True
Q24246	Q24246	Drosophila melanogaster	Metazoa	663		False
Q9H1P3	Q9H1P3	Homo sapiens	Metazoa	480		False
Q9UJQ4	Q9UJQ4	Homo sapiens	Metazoa	1053		False
Q9HAC7	Q9HAC7	Homo sapiens	Metazoa	438		False
Q9CQT6	Q9CQT6	Mus musculus	Metazoa	229		False
Q5JNS0	Q5JNS0	Oryza sativa subsp. japonica	Plants	379		False
Q9SGA2	Q9SGA2	Arabidopsis thaliana	Plants	361		False
Q9D385	Q9D385	Mus musculus	Metazoa	163		False
P34909	P34909	Saccharomyces cerevisiae (strain ATCC 204508 / S288c)	Fungi	587		False
Q9FNC9	Q9FNC9	Arabidopsis thaliana	Plants	99		True
P26041	P26041	Mus musculus	Metazoa	577		False
Q3URQ0	Q3URQ0	Mus musculus	Metazoa	928		False
Q9USZ4	Q9USZ4	Schizosaccharomyces pombe (strain 972 / ATCC 24843)	Fungi	251		False
J9VUG5	J9VUG5	Cryptococcus neoformans (strain H99 / ATCC 208821 / CBS 10515 / FGSC 9487)	Fungi	684		False
Q01593	Q01593	Arabidopsis thaliana	Plants	720		False
Q6UN15	Q6UN15	Homo sapiens	Metazoa	594		False
Q8LDU1	Q8LDU1	Arabidopsis thaliana	Plants	321		False
O94826	O94826	Homo sapiens	Metazoa	608		True
P18074	P18074	Homo sapiens	Metazoa	760		False
P80235	P80235	Saccharomyces cerevisiae (strain ATCC 204508 / S288c)	Fungi	687		False
Q96DE5	Q96DE5	Homo sapiens	Metazoa	110		False
Q6PJ21	Q6PJ21	Homo sapiens	Metazoa	355		False
O14329	O14329	Schizosaccharomyces pombe (strain 972 / ATCC 24843)	Fungi	386		False
P60879	P60879	Mus musculus	Metazoa	206		False
P33203	P33203	Saccharomyces cerevisiae (strain ATCC 204508 / S288c)	Fungi	583		False
Q9UNX4	Q9UNX4	Homo sapiens	Metazoa	943		False
A0A486WWJ9	A0A486WWJ9	Caenorhabditis elegans	Metazoa	582		False
Q03702	Q03702	Saccharomyces cerevisiae (strain ATCC 204508 / S288c)	Fungi	353		False
Q2NNE0	Q2NNE0	Arabidopsis thaliana	Plants	484		False
Q9HDZ3	Q9HDZ3	Schizosaccharomyces pombe (strain 972 / ATCC 24843)	Fungi	182		False
Q8WWQ0	Q8WWQ0	Homo sapiens	Metazoa	1821		False
Q9P7K5	Q9P7K5	Schizosaccharomyces pombe (strain 972 / ATCC 24843)	Fungi	1098		False
Q14694	Q14694	Homo sapiens	Metazoa	798		False
Q0GGX2	Q0GGX2	Mus musculus	Metazoa	1363		False
Q94131	Q94131	Caenorhabditis elegans	Metazoa	335		False
Q10168	Q10168	Schizosaccharomyces pombe (strain 972 / ATCC 24843)	Fungi	598		False
P20659	P20659	Drosophila melanogaster	Metazoa	3726		False
Q15464	Q15464	Homo sapiens	Metazoa	509		False
Q8WZK0	Q8WZK0	Schizosaccharomyces pombe (strain 972 / ATCC 24843)	Fungi	695		False
P53088	P53088	Saccharomyces cerevisiae (strain ATCC 204508 / S288c)	Fungi	359		False
Q5Z807	Q5Z807	Oryza sativa subsp. japonica	Plants	390		False
Q9Z2S7	Q9Z2S7	Mus musculus	Metazoa	137		False
P91853	P91853	Caenorhabditis elegans	Metazoa	356		False
B9TSP7	B9TSP7	Arabidopsis thaliana	Plants	548		False
P32790	P32790	Saccharomyces cerevisiae (strain ATCC 204508 / S288c)	Fungi	1244		False
Q8VY11	Q8VY11	Arabidopsis thaliana	Plants	546		False
Q9UIL8	Q9UIL8	Homo sapiens	Metazoa	331		False
Q93VT9	Q93VT9	Arabidopsis thaliana	Plants	220		False
P38961	P38961	Saccharomyces cerevisiae (strain ATCC 204508 / S288c)	Fungi	392		False
Q95XQ1	Q95XQ1	Caenorhabditis elegans	Metazoa	578		False
Q8N4E7	Q8N4E7	Homo sapiens	Metazoa	242		False
Q6NME7	Q6NME7	Arabidopsis thaliana	Plants	127		False
Q28851	Q28851	Bos taurus	Metazoa	88		True
Q9VWN4	Q9VWN4	Drosophila melanogaster	Metazoa	1150		False
Q6NVG5	Q6NVG5	Mus musculus	Metazoa	214		False
P33418	P33418	Saccharomyces cerevisiae (strain ATCC 204508 / S288c)	Fungi	1100		False
Q9NYJ8	Q9NYJ8	Homo sapiens	Metazoa	693		False
P86981	P86981	Podarcis siculus	Metazoa	81		False
O13852	O13852	Schizosaccharomyces pombe (strain 972 / ATCC 24843)	Fungi	249		False
Q8CD15	Q8CD15	Mus musculus	Metazoa	465		False
P50110	P50110	Saccharomyces cerevisiae (strain ATCC 204508 / S288c)	Fungi	327		True
P47045	P47045	Saccharomyces cerevisiae (strain ATCC 204508 / S288c)	Fungi	478		True
P40571	P40571	Saccharomyces cerevisiae (strain ATCC 204508 / S288c)	Fungi	144		False
Q8C8Y5	Q8C8Y5	Mus musculus	Metazoa	445		False
Q9ZST9	Q9ZST9	Pisum sativum	Plants	252		False
P50219	P50219	Homo sapiens	Metazoa	401		False
Q2MHN3	Q2MHN3	Mus musculus	Metazoa	2562		False
Q8IWZ6	Q8IWZ6	Homo sapiens	Metazoa	715		False
Q42606	Q42606	Arabidopsis thaliana	Plants	369		False
Q99966	Q99966	Homo sapiens	Metazoa	193		False
Q9FJY5	Q9FJY5	Arabidopsis thaliana	Plants	524		False
O70343	O70343	Mus musculus	Metazoa	797		False
Q381V1	Q381V1	Trypanosoma brucei brucei (strain 927/4 GUTat10.1)	Other	250		False
O43114	O43114	Schizosaccharomyces pombe (strain 972 / ATCC 24843)	Fungi	455		False
Q5FBB7	Q5FBB7	Homo sapiens	Metazoa	561		False
A6NKF2	A6NKF2	Homo sapiens	Metazoa	412		False
P38253	P38253	Saccharomyces cerevisiae (strain ATCC 204508 / S288c)	Fungi	122		True
Q13426	Q13426	Homo sapiens	Metazoa	336		False
G3XKQ9	G3XKQ9	Oryza sativa subsp. japonica	Plants	394		False
Q9H0V1	Q9H0V1	Homo sapiens	Metazoa	697		True
Q9SIY3	Q9SIY3	Arabidopsis thaliana	Plants	210		False
O14802	O14802	Homo sapiens	Metazoa	1390		False
Q9NWS8	Q9NWS8	Homo sapiens	Metazoa	449		False
Q5JPH6	Q5JPH6	Homo sapiens	Metazoa	523		False
P46970	P46970	Saccharomyces cerevisiae (strain ATCC 204508 / S288c)	Fungi	1048		False
Q9H869	Q9H869	Homo sapiens	Metazoa	796		False
Q3E747	Q3E747	Saccharomyces cerevisiae (strain ATCC 204508 / S288c)	Fungi	85		False
Q9LFA3	Q9LFA3	Arabidopsis thaliana	Plants	434		False
Q8NGU9	Q8NGU9	Homo sapiens	Metazoa	434		True
Q90ZF9	Q90ZF9	Gallus gallus	Metazoa	235		False
Q08213	Q08213	Saccharomyces cerevisiae (strain ATCC 204508 / S288c)	Fungi	363		False
P27202	P27202	Arabidopsis thaliana	Plants	140		False
Q9Y6X0	Q9Y6X0	Homo sapiens	Metazoa	1596		False
Q60974	Q60974	Mus musculus	Metazoa	2453		False
Q21733	Q21733	Caenorhabditis elegans	Metazoa	546		False
Q9LVS0	Q9LVS0	Arabidopsis thaliana	Plants	365		False
P0CY10	P0CY10	Saccharomyces cerevisiae	Fungi	126		False
Q9UUK4	Q9UUK4	Schizosaccharomyces pombe (strain 972 / ATCC 24843)	Fungi	202		False
E9Q5G7	E9Q5G7	Mus musculus	Metazoa	496		False
Q9NQW7	Q9NQW7	Homo sapiens	Metazoa	623		False
Q8C886	Q8C886	Mus musculus	Metazoa	610		False
Q9VWF2	Q9VWF2	Drosophila melanogaster	Metazoa	2006		False
Q940Z2	Q940Z2	Arabidopsis thaliana	Plants	724		False
O14338	O14338	Schizosaccharomyces pombe (strain 972 / ATCC 24843)	Fungi	891		False
O13853	O13853	Schizosaccharomyces pombe (strain 972 / ATCC 24843)	Fungi	742		False
O74518	O74518	Schizosaccharomyces pombe (strain 972 / ATCC 24843)	Fungi	336		False
P34087	P34087	Saccharomyces cerevisiae (strain ATCC 204508 / S288c)	Fungi	171		False
Q20060	Q20060	Caenorhabditis elegans	Metazoa	1549		False
Q03862	Q03862	Saccharomyces cerevisiae (strain ATCC 204508 / S288c)	Fungi	593		False
Q9BTZ2	Q9BTZ2	Homo sapiens	Metazoa	278		False
P0DPK0	P0DPK0	Xenopus laevis	Metazoa	237		False
P49793	P49793	Rattus norvegicus	Metazoa	1816		False
Q9NWR8	Q9NWR8	Homo sapiens	Metazoa	336		False
Q08024	Q08024	Mus musculus	Metazoa	187		False
Q12291	Q12291	Saccharomyces cerevisiae (strain ATCC 204508 / S288c)	Fungi	365		False
P35244	P35244	Homo sapiens	Metazoa	121		False
Q6PE84	Q6PE84	Mus musculus	Metazoa	287		True
P53874	P53874	Saccharomyces cerevisiae (strain ATCC 204508 / S288c)	Fungi	792		False
Q96SY0	Q96SY0	Homo sapiens	Metazoa	518		False
Q3SZX5	Q3SZX5	Bos taurus	Metazoa	204		False
Q7TN79	Q7TN79	Mus musculus	Metazoa	314		False
Q9H0U9	Q9H0U9	Homo sapiens	Metazoa	437		False
Q10325	Q10325	Schizosaccharomyces pombe (strain 972 / ATCC 24843)	Fungi	407		False
P82887	P82887	Olisthodiscus luteus	Other	114		False
Q9BQG0	Q9BQG0	Homo sapiens	Metazoa	1328		False
P20293	P20293	Mus musculus	Metazoa	436		False
Q9S7W5	Q9S7W5	Arabidopsis thaliana	Plants	355		False
Q8GXN9	Q8GXN9	Arabidopsis thaliana	Plants	930		False
Q01962	Q01962	Komagataella pastoris	Fungi	713		False
Q19131	Q19131	Caenorhabditis elegans	Metazoa	813		False
O94888	O94888	Homo sapiens	Metazoa	489		False
Q19404	Q19404	Caenorhabditis elegans	Metazoa	442		False
Q9GYS1	Q9GYS1	Caenorhabditis elegans	Metazoa	459		False
Q8VYJ1	Q8VYJ1	Arabidopsis thaliana	Plants	560		True
P35348	P35348	Homo sapiens	Metazoa	466		True
Q9XH37	Q9XH37	Oryza sativa subsp. indica	Plants	277		False
Q7YZH1	Q7YZH1	Drosophila melanogaster	Metazoa	3241		False
Q03429	Q03429	Saccharomyces cerevisiae (strain ATCC 204508 / S288c)	Fungi	123		False
P34234	P34234	Saccharomyces cerevisiae (strain ATCC 204508 / S288c)	Fungi	306		False
Q02447	Q02447	Homo sapiens	Metazoa	781		False
Q9NR90	Q9NR90	Homo sapiens	Metazoa	486		False
Q03281	Q03281	Saccharomyces cerevisiae (strain ATCC 204508 / S288c)	Fungi	663		False
Q8NAP3	Q8NAP3	Homo sapiens	Metazoa	1195		False
Q7JXF5	Q7JXF5	Drosophila melanogaster	Metazoa	394		False
O59767	O59767	Schizosaccharomyces pombe (strain 972 / ATCC 24843)	Fungi	310		False
P06180	P06180	Xenopus laevis	Metazoa	590		False
Q3E823	Q3E823	Saccharomyces cerevisiae (strain ATCC 204508 / S288c)	Fungi	68		False
Q93WG3	Q93WG3	Arabidopsis thaliana	Plants	294		False
P54920	P54920	Homo sapiens	Metazoa	295		False
Q9UIS9	Q9UIS9	Homo sapiens	Metazoa	605		False
Q84VG7	Q84VG7	Arabidopsis thaliana	Plants	587		False
O23247	O23247	Arabidopsis thaliana	Plants	642		False
D3ZUI5	D3ZUI5	Rattus norvegicus	Metazoa	1133		False
Q8W4J9	Q8W4J9	Arabidopsis thaliana	Plants	908		False
Q9UGK8	Q9UGK8	Homo sapiens	Metazoa	458		False
Q8TDV5	Q8TDV5	Homo sapiens	Metazoa	335		True
O00287	O00287	Homo sapiens	Metazoa	272		False
Q96EL3	Q96EL3	Homo sapiens	Metazoa	112		False
Q27403	Q27403	Drosophila melanogaster	Metazoa	504		False
Q92624	Q92624	Homo sapiens	Metazoa	585		False
Q9TW65	Q9TW65	Caenorhabditis elegans	Metazoa	3674		False
P34225	P34225	Saccharomyces cerevisiae (strain ATCC 204508 / S288c)	Fungi	687		False
O95477	O95477	Homo sapiens	Metazoa	2261		True
Q969Q6	Q969Q6	Homo sapiens	Metazoa	453		False
Q8VZD4	Q8VZD4	Arabidopsis thaliana	Plants	709		False
P07253	P07253	Saccharomyces cerevisiae (strain ATCC 204508 / S288c)	Fungi	162		False
Q9VR38	Q9VR38	Drosophila melanogaster	Metazoa	528		False
Q9H3F6	Q9H3F6	Homo sapiens	Metazoa	313		False
Q99LM3	Q99LM3	Mus musculus	Metazoa	459		False
Q28205	Q28205	Bos taurus	Metazoa	1199		False
G5EGK6	G5EGK6	Caenorhabditis elegans	Metazoa	2407		False
Q8BG36	Q8BG36	Mus musculus	Metazoa	561		False
P41812	P41812	Saccharomyces cerevisiae (strain ATCC 204508 / S288c)	Fungi	875		False
Q60EW9	Q60EW9	Oryza sativa subsp. japonica	Plants	774		False
P25649	P25649	Saccharomyces cerevisiae (strain ATCC 204508 / S288c)	Fungi	128		False
Q12275	Q12275	Saccharomyces cerevisiae (strain ATCC 204508 / S288c)	Fungi	1648		False
Q29RF7	Q29RF7	Homo sapiens	Metazoa	1337		False
Q9UDW3	Q9UDW3	Homo sapiens	Metazoa	170		False
Q9Y113	Q9Y113	Drosophila melanogaster	Metazoa	594		False
Q18616	Q18616	Caenorhabditis elegans	Metazoa	537		False
Q10287	Q10287	Schizosaccharomyces pombe (strain 972 / ATCC 24843)	Fungi	1729		False
O74329	O74329	Schizosaccharomyces pombe (strain 972 / ATCC 24843)	Fungi	56		False
Q93V66	Q93V66	Arabidopsis thaliana	Plants	226		False
Q8VYU8	Q8VYU8	Arabidopsis thaliana	Plants	396		False
Q1KPV0	Q1KPV0	Arabidopsis thaliana	Plants	912		False
Q05543	Q05543	Saccharomyces cerevisiae (strain ATCC 204508 / S288c)	Fungi	409		False
O74846	O74846	Schizosaccharomyces pombe (strain 972 / ATCC 24843)	Fungi	752		False
P32500	P32500	Saccharomyces cerevisiae (strain ATCC 204508 / S288c)	Fungi	655		True
O60094	O60094	Schizosaccharomyces pombe (strain 972 / ATCC 24843)	Fungi	959		False
P79015	P79015	Schizosaccharomyces pombe (strain 972 / ATCC 24843)	Fungi	127		False
Q96AJ1	Q96AJ1	Homo sapiens	Metazoa	413		False
P53803	P53803	Homo sapiens	Metazoa	58		False
Q9N4M4	Q9N4M4	Caenorhabditis elegans	Metazoa	8545		False
O14318	O14318	Schizosaccharomyces pombe (strain 972 / ATCC 24843)	Fungi	295		False
Q02199	Q02199	Saccharomyces cerevisiae (strain ATCC 204508 / S288c)	Fungi	472		False
Q8BIW9	Q8BIW9	Mus musculus	Metazoa	969		False
Q9H4X1	Q9H4X1	Homo sapiens	Metazoa	137		False
Q9SAR5	Q9SAR5	Arabidopsis thaliana	Plants	342		False
Q9FJG1	Q9FJG1	Arabidopsis thaliana	Plants	90		False
Q6P3S1	Q6P3S1	Homo sapiens	Metazoa	775		False
P47112	P47112	Saccharomyces cerevisiae (strain ATCC 204508 / S288c)	Fungi	604		False
P40458	P40458	Saccharomyces cerevisiae (strain ATCC 204508 / S288c)	Fungi	529		False
Q08365	Q08365	Chlamydomonas reinhardtii	Plants	712		False
Q9C086	Q9C086	Homo sapiens	Metazoa	356		False
P82137	P82137	Spinacia oleracea	Plants	165		False
Q9URV3	Q9URV3	Schizosaccharomyces pombe (strain 972 / ATCC 24843)	Fungi	296		False
Q0E7J7	Q0E7J7	Schizosaccharomyces pombe (strain 972 / ATCC 24843)	Fungi	325		False
Q9UT17	Q9UT17	Schizosaccharomyces pombe (strain 972 / ATCC 24843)	Fungi	328		False
Q86BP6	Q86BP6	Drosophila melanogaster	Metazoa	1162		False
Q96B49	Q96B49	Homo sapiens	Metazoa	74		True
Q9VB62	Q9VB62	Drosophila melanogaster	Metazoa	609		False
O55003	O55003	Mus musculus	Metazoa	187		False
P35659	P35659	Homo sapiens	Metazoa	375		False
P18754	P18754	Homo sapiens	Metazoa	421		False
Q6VAK4	Q6VAK4	Oryza sativa subsp. japonica	Plants	149		False
Q9FXT6	Q9FXT6	Arabidopsis thaliana	Plants	507		False
P78312	P78312	Homo sapiens	Metazoa	1515		False
P23368	P23368	Homo sapiens	Metazoa	584		False
Q8GYD9	Q8GYD9	Arabidopsis thaliana	Plants	1002		False
Q86HX0	Q86HX0	Dictyostelium discoideum	Other	356		False
Q9C469	Q9C469	Schizosaccharomyces pombe (strain 972 / ATCC 24843)	Fungi	648		False
Q9BSF4	Q9BSF4	Homo sapiens	Metazoa	260		True
P38345	P38345	Saccharomyces cerevisiae (strain ATCC 204508 / S288c)	Fungi	138		False
Q09842	Q09842	Schizosaccharomyces pombe (strain 972 / ATCC 24843)	Fungi	407		False
P0C2B6	P0C2B6	Bos taurus	Metazoa	128		False
Q0DEC8	Q0DEC8	Oryza sativa subsp. japonica	Plants	641		False
Q8C0V1	Q8C0V1	Mus musculus	Metazoa	768		False
O49292	O49292	Arabidopsis thaliana	Plants	260		False
P23490	P23490	Homo sapiens	Metazoa	312		False
Q9UUE5	Q9UUE5	Schizosaccharomyces pombe (strain 972 / ATCC 24843)	Fungi	675		False
Q9EPK5	Q9EPK5	Mus musculus	Metazoa	395		False
Q8TAT5	Q8TAT5	Homo sapiens	Metazoa	605		False
Q12393	Q12393	Saccharomyces cerevisiae (strain ATCC 204508 / S288c)	Fungi	293		False
Q08058	Q08058	Saccharomyces cerevisiae (strain ATCC 204508 / S288c)	Fungi	207		False
Q0VAA5	Q0VAA5	Homo sapiens	Metazoa	305		False
Q6CLY8	Q6CLY8	Kluyveromyces lactis (strain ATCC 8585 / CBS 2359 / DSM 70799 / NBRC 1267 / NRRL Y-1140 / WM37)	Fungi	368		False
D3YXJ0	D3YXJ0	Mus musculus	Metazoa	1211		False
Q7SCZ3	Q7SCZ3	Neurospora crassa (strain ATCC 24698 / 74-OR23-1A / CBS 708.71 / DSM 1257 / FGSC 987)	Fungi	218		False
Q9V629	Q9V629	Drosophila melanogaster	Metazoa	384		False
Q9UTH3	Q9UTH3	Schizosaccharomyces pombe (strain 972 / ATCC 24843)	Fungi	775		False
O74465	O74465	Schizosaccharomyces pombe (strain 972 / ATCC 24843)	Fungi	999		False
Q9NWY4	Q9NWY4	Homo sapiens	Metazoa	346		False
Q8CJ27	Q8CJ27	Mus musculus	Metazoa	3122		False
P40364	P40364	Saccharomyces cerevisiae (strain ATCC 204508 / S288c)	Fungi	252		False
Q6NPS8	Q6NPS8	Arabidopsis thaliana	Plants	623		False
Q7S4E0	Q7S4E0	Neurospora crassa (strain ATCC 24698 / 74-OR23-1A / CBS 708.71 / DSM 1257 / FGSC 987)	Fungi	165		False
Q10Q07	Q10Q07	Oryza sativa subsp. japonica	Plants	401		False
A4D2B0	A4D2B0	Homo sapiens	Metazoa	266		False
Q8WQX5	Q8WQX5	Trypanosoma brucei brucei	Other	976		False
Q9Y7X6	Q9Y7X6	Schizosaccharomyces pombe (strain 972 / ATCC 24843)	Fungi	684		False
Q8IX15	Q8IX15	Homo sapiens	Metazoa	550		False
O70372	O70372	Mus musculus	Metazoa	1122		False
Q8WV41	Q8WV41	Homo sapiens	Metazoa	574		False
O94397	O94397	Schizosaccharomyces pombe (strain 972 / ATCC 24843)	Fungi	344		False
Q62315	Q62315	Mus musculus	Metazoa	1234		False
P67870	P67870	Homo sapiens	Metazoa	215		False
Q02548	Q02548	Homo sapiens	Metazoa	391		False
P22035	P22035	Saccharomyces cerevisiae (strain ATCC 204508 / S288c)	Fungi	811		False
P09543	P09543	Homo sapiens	Metazoa	421		False
O00566	O00566	Homo sapiens	Metazoa	681		False
Q66JZ4	Q66JZ4	Mus musculus	Metazoa	499		False
Q12514	Q12514	Saccharomyces cerevisiae (strain ATCC 204508 / S288c)	Fungi	560		False
O95625	O95625	Homo sapiens	Metazoa	1053		False
Q86Y01	Q86Y01	Homo sapiens	Metazoa	620		False
B5X0I6	B5X0I6	Arabidopsis thaliana	Plants	1091		False
Q9H7T9	Q9H7T9	Homo sapiens	Metazoa	357		False
Q7Z3E1	Q7Z3E1	Homo sapiens	Metazoa	657		False
P48552	P48552	Homo sapiens	Metazoa	1158		False
Q80SY4	Q80SY4	Mus musculus	Metazoa	1006		False
Q9NPJ6	Q9NPJ6	Homo sapiens	Metazoa	270		False
Q96QE3	Q96QE3	Homo sapiens	Metazoa	1844		False
Q4VBE8	Q4VBE8	Mus musculus	Metazoa	431		False
Q5NCQ5	Q5NCQ5	Mus musculus	Metazoa	438		False
Q05166	Q05166	Saccharomyces cerevisiae (strain ATCC 204508 / S288c)	Fungi	528		False
Q13886	Q13886	Homo sapiens	Metazoa	244		False
Q8CH25	Q8CH25	Mus musculus	Metazoa	1031		False
Q9Y237	Q9Y237	Homo sapiens	Metazoa	131		False
Q6P2D8	Q6P2D8	Homo sapiens	Metazoa	792		False
G5DBJ0	G5DBJ0	Nicotiana benthamiana	Plants	252		False
Q9P6Q0	Q9P6Q0	Schizosaccharomyces pombe (strain 972 / ATCC 24843)	Fungi	112		False
Q9VZM7	Q9VZM7	Drosophila melanogaster	Metazoa	631		False
Q8INR6	Q8INR6	Drosophila melanogaster	Metazoa	1848		False
Q13495	Q13495	Homo sapiens	Metazoa	774		False
O80575	O80575	Arabidopsis thaliana	Plants	227		False
Q00471	Q00471	Chlamydomonas reinhardtii	Plants	215		True
Q9VKM6	Q9VKM6	Drosophila melanogaster	Metazoa	351		False
Q92621	Q92621	Homo sapiens	Metazoa	2012		False
Q05192	Q05192	Drosophila melanogaster	Metazoa	808		False
G5ECU7	G5ECU7	Caenorhabditis elegans	Metazoa	319		False
Q9JJN6	Q9JJN6	Mus musculus	Metazoa	81		False
Q4KMP7	Q4KMP7	Homo sapiens	Metazoa	808		False
P83211	P83211	Bolinus brandaris	Metazoa	107		False
Q5F1R6	Q5F1R6	Homo sapiens	Metazoa	531		False
Q9SNB6	Q9SNB6	Arabidopsis thaliana	Plants	395		False
Q13336	Q13336	Homo sapiens	Metazoa	389		True
B4XT64	B4XT64	Oryza sativa subsp. japonica	Plants	582		False
Q8VDS3	Q8VDS3	Mus musculus	Metazoa	158		False
Q9Y3Z3	Q9Y3Z3	Homo sapiens	Metazoa	626		False
Q9Z311	Q9Z311	Rattus norvegicus	Metazoa	373		False
E9PRG8	E9PRG8	Homo sapiens	Metazoa	123		False
O44548	O44548	Caenorhabditis elegans	Metazoa	877		False
Q9BTL3	Q9BTL3	Homo sapiens	Metazoa	118		False
Q9V4Z9	Q9V4Z9	Drosophila melanogaster	Metazoa	858		False
Q9LDD5	Q9LDD5	Arabidopsis thaliana	Plants	373		False
Q8R1N0	Q8R1N0	Mus musculus	Metazoa	363		False
Q921G6	Q921G6	Mus musculus	Metazoa	680		False
O14013	O14013	Schizosaccharomyces pombe (strain 972 / ATCC 24843)	Fungi	556		False
Q9Y2V0	Q9Y2V0	Homo sapiens	Metazoa	281		False
Q9P2N6	Q9P2N6	Homo sapiens	Metazoa	904		False
Q3E7B7	Q3E7B7	Saccharomyces cerevisiae (strain ATCC 204508 / S288c)	Fungi	68		False
Q9QWH1	Q9QWH1	Mus musculus	Metazoa	850		False
P38885	P38885	Saccharomyces cerevisiae (strain ATCC 204508 / S288c)	Fungi	310		False
B7SXM5	B7SXM5	Danio rerio	Metazoa	180		False
P40202	P40202	Saccharomyces cerevisiae (strain ATCC 204508 / S288c)	Fungi	249		False
Q06668	Q06668	Saccharomyces cerevisiae (strain ATCC 204508 / S288c)	Fungi	471		False
Q9P3W1	Q9P3W1	Schizosaccharomyces pombe (strain 972 / ATCC 24843)	Fungi	434		False
Q8RWN0	Q8RWN0	Arabidopsis thaliana	Plants	571		False
Q8GZA8	Q8GZA8	Arabidopsis thaliana	Plants	237		False
Q5VTR2	Q5VTR2	Homo sapiens	Metazoa	975		False
P06602	P06602	Drosophila melanogaster	Metazoa	376		False
P16467	P16467	Saccharomyces cerevisiae (strain ATCC 204508 / S288c)	Fungi	563		False
Q9NUL5	Q9NUL5	Homo sapiens	Metazoa	291		False
P15308	P15308	Xenopus laevis	Metazoa	273		False
P40090	P40090	Saccharomyces cerevisiae (strain ATCC 204508 / S288c)	Fungi	624		False
P0CG12	P0CG12	Homo sapiens	Metazoa	524		False
Q9JMA2	Q9JMA2	Mus musculus	Metazoa	403		False
Q96KM6	Q96KM6	Homo sapiens	Metazoa	892		False
Q9VYQ0	Q9VYQ0	Drosophila melanogaster	Metazoa	172		False
Q9W0K4	Q9W0K4	Drosophila melanogaster	Metazoa	1067		False
Q09967	Q09967	Caenorhabditis elegans	Metazoa	551		True
Q3E6R5	Q3E6R5	Saccharomyces cerevisiae (strain ATCC 204508 / S288c)	Fungi	114		True
Q4KLP8	Q4KLP8	Xenopus laevis	Metazoa	663		False
E5KBU3	E5KBU3	Pinus taeda	Plants	354		False
P23023	P23023	Drosophila melanogaster	Metazoa	549		False
Q6U6H1	Q6U6H1	Halocynthia roretzi	Metazoa	259		False
Q96524	Q96524	Arabidopsis thaliana	Plants	612		False
Q0P5N6	Q0P5N6	Homo sapiens	Metazoa	173		False
Q94BU8	Q94BU8	Arabidopsis thaliana	Plants	185		False
Q96IX5	Q96IX5	Homo sapiens	Metazoa	58		True
Q9D5P4	Q9D5P4	Mus musculus	Metazoa	561		False
Q12374	Q12374	Saccharomyces cerevisiae (strain ATCC 204508 / S288c)	Fungi	616		False
P38204	P38204	Saccharomyces cerevisiae (strain ATCC 204508 / S288c)	Fungi	145		False
Q9NR21	Q9NR21	Homo sapiens	Metazoa	338		False
Q96CX2	Q96CX2	Homo sapiens	Metazoa	325		False
Q9USM4	Q9USM4	Schizosaccharomyces pombe (strain 972 / ATCC 24843)	Fungi	264		False
P27864	P27864	Drosophila melanogaster	Metazoa	679		False
O14894	O14894	Homo sapiens	Metazoa	197		True
Q7KWJ5	Q7KWJ5	Plasmodium falciparum (isolate 3D7)	Other	504		True
O94451	O94451	Schizosaccharomyces pombe (strain 972 / ATCC 24843)	Fungi	727		False
P19517	P19517	Oryctolagus cuniculus	Metazoa	524		False
Q03774	Q03774	Saccharomyces cerevisiae (strain ATCC 204508 / S288c)	Fungi	444		False
Q12283	Q12283	Saccharomyces cerevisiae (strain ATCC 204508 / S288c)	Fungi	360		False
Q1G3K8	Q1G3K8	Arabidopsis thaliana	Plants	216		False
O75762	O75762	Homo sapiens	Metazoa	1119		False
Q9ZW85	Q9ZW85	Arabidopsis thaliana	Plants	251		False
Q14241	Q14241	Homo sapiens	Metazoa	772		False
Q3UQS8	Q3UQS8	Mus musculus	Metazoa	1199		False
Q80WK2	Q80WK2	Mus musculus	Metazoa	128		True
U9W802	U9W802	Neurospora crassa (strain ATCC 24698 / 74-OR23-1A / CBS 708.71 / DSM 1257 / FGSC 987)	Fungi	307		False
O74409	O74409	Schizosaccharomyces pombe (strain 972 / ATCC 24843)	Fungi	296		False
Q9FKA7	Q9FKA7	Arabidopsis thaliana	Plants	617		False
P16455	P16455	Homo sapiens	Metazoa	207		False
Q64321	Q64321	Mus musculus	Metazoa	544		False
Q9LY99	Q9LY99	Arabidopsis thaliana	Plants	249		True
Q9P7W8	Q9P7W8	Schizosaccharomyces pombe (strain 972 / ATCC 24843)	Fungi	780		False
P53692	P53692	Schizosaccharomyces pombe (strain 972 / ATCC 24843)	Fungi	1140		False
Q8JFY9	Q8JFY9	Xenopus laevis	Metazoa	292		False
Q05937	Q05937	Saccharomyces cerevisiae (strain ATCC 204508 / S288c)	Fungi	343		False
Q8S4Q6	Q8S4Q6	Arabidopsis thaliana	Plants	202		False
Q03433	Q03433	Saccharomyces cerevisiae (strain ATCC 204508 / S288c)	Fungi	280		False
A0A0U2UYC4	A0A0U2UYC4	Mycosarcoma maydis	Fungi	493		False
Q06511	Q06511	Saccharomyces cerevisiae (strain ATCC 204508 / S288c)	Fungi	250		False
Q13901	Q13901	Homo sapiens	Metazoa	141		False
O94450	O94450	Schizosaccharomyces pombe (strain 972 / ATCC 24843)	Fungi	501		False
Q383Q5	Q383Q5	Trypanosoma brucei brucei (strain 927/4 GUTat10.1)	Other	209		False
Q94165	Q94165	Caenorhabditis elegans	Metazoa	256		False
P30658	P30658	Mus musculus	Metazoa	519		False
Q96QP1	Q96QP1	Homo sapiens	Metazoa	1244		False
Q8BMA5	Q8BMA5	Mus musculus	Metazoa	1420		False
P33412	P33412	Saccharomyces cerevisiae (strain ATCC 204508 / S288c)	Fungi	323		False
P38890	P38890	Saccharomyces cerevisiae (strain ATCC 204508 / S288c)	Fungi	526		False
Q9ULY5	Q9ULY5	Homo sapiens	Metazoa	219		True
P42116	P42116	Neurospora crassa (strain ATCC 24698 / 74-OR23-1A / CBS 708.71 / DSM 1257 / FGSC 987)	Fungi	186		True
Q61548	Q61548	Mus musculus	Metazoa	901		False
Q19203	Q19203	Caenorhabditis elegans	Metazoa	310		False
Q07163	Q07163	Saccharomyces cerevisiae	Fungi	1755		False
D3ZKT0	D3ZKT0	Rattus norvegicus	Metazoa	337		False
Q60560	Q60560	Mesocricetus auratus	Metazoa	989		False
P43188	P43188	Zea mays	Plants	222		False
Q9NZJ6	Q9NZJ6	Homo sapiens	Metazoa	369		False
O23680	O23680	Arabidopsis thaliana	Plants	297		True
Q6DGH9	Q6DGH9	Danio rerio	Metazoa	315		False
P82924	P82924	Bos taurus	Metazoa	435		False
P25457	P25457	Schizosaccharomyces pombe (strain 972 / ATCC 24843)	Fungi	250		False
Q08492	Q08492	Saccharomyces cerevisiae (strain ATCC 204508 / S288c)	Fungi	214		False
Q9FJI1	Q9FJI1	Arabidopsis thaliana	Plants	178		False
Q38946	Q38946	Arabidopsis thaliana	Plants	411		False
Q21148	Q21148	Caenorhabditis elegans	Metazoa	308		False
Q8NFT6	Q8NFT6	Homo sapiens	Metazoa	615		False
Q9Y0E4	Q9Y0E4	Drosophila melanogaster	Metazoa	2262		False
Q9UUM2	Q9UUM2	Schizosaccharomyces pombe (strain 972 / ATCC 24843)	Fungi	971		False
Q8IJX8	Q8IJX8	Plasmodium falciparum (isolate 3D7)	Other	107		False
P53877	P53877	Saccharomyces cerevisiae (strain ATCC 204508 / S288c)	Fungi	555		False
Q8RXD6	Q8RXD6	Arabidopsis thaliana	Plants	878		False
Q920G9	Q920G9	Mus musculus	Metazoa	524		False
P49792	P49792	Homo sapiens	Metazoa	3224		False
Q8RWD5	Q8RWD5	Arabidopsis thaliana	Plants	577		False
Q9B6C8	Q9B6C8	Yarrowia lipolytica (strain CLIB 122 / E 150)	Fungi	469		True
Q8W4B1	Q8W4B1	Arabidopsis thaliana	Plants	652		False
P08740	P08740	Chlamydomonas reinhardtii	Plants	382		True
Q9UMY1	Q9UMY1	Homo sapiens	Metazoa	257		False
Q91876	Q91876	Xenopus laevis	Metazoa	720		False
P26754	P26754	Saccharomyces cerevisiae (strain ATCC 204508 / S288c)	Fungi	273		False
Q9LH52	Q9LH52	Arabidopsis thaliana	Plants	325		False
Q9M3K7	Q9M3K7	Spinacia oleracea	Plants	101		False
P29461	P29461	Saccharomyces cerevisiae (strain ATCC 204508 / S288c)	Fungi	750		False
Q23529	Q23529	Caenorhabditis elegans	Metazoa	777		False
Q91XW8	Q91XW8	Mus musculus	Metazoa	327		False
Q9SRX9	Q9SRX9	Arabidopsis thaliana	Plants	335		False
Q96HY7	Q96HY7	Homo sapiens	Metazoa	919		False
Q9W1V7	Q9W1V7	Drosophila melanogaster	Metazoa	452		False
Q9P7H8	Q9P7H8	Schizosaccharomyces pombe (strain 972 / ATCC 24843)	Fungi	1679		False
P38768	P38768	Saccharomyces cerevisiae (strain ATCC 204508 / S288c)	Fungi	344		False
Q8S948	Q8S948	Arabidopsis thaliana	Plants	406		False
K7W9N9	K7W9N9	Solanum lycopersicum	Plants	285		False
Q9XI73	Q9XI73	Arabidopsis thaliana	Plants	190		False
P33416	P33416	Saccharomyces cerevisiae (strain ATCC 204508 / S288c)	Fungi	811		False
Q8VDP4	Q8VDP4	Mus musculus	Metazoa	922		False
Q9VM92	Q9VM92	Drosophila melanogaster	Metazoa	756		False
Q9JMB1	Q9JMB1	Mus musculus	Metazoa	375		False
Q9VW51	Q9VW51	Drosophila melanogaster	Metazoa	1059		False
Q12887	Q12887	Homo sapiens	Metazoa	443		False
Q9V463	Q9V463	Drosophila melanogaster	Metazoa	1365		False
P41846	P41846	Caenorhabditis elegans	Metazoa	1009		False
P46998	P46998	Saccharomyces cerevisiae (strain ATCC 204508 / S288c)	Fungi	180		True
Q3S4A7	Q3S4A7	Arabidopsis thaliana	Plants	922		False
W8JWV8	W8JWV8	Catharanthus roseus	Plants	378		False
P00918	P00918	Homo sapiens	Metazoa	260		False
Q5SYB0	Q5SYB0	Homo sapiens	Metazoa	1578		False
P22027	P22027	Bos taurus	Metazoa	200		False
Q7Z7F0	Q7Z7F0	Homo sapiens	Metazoa	614		False
Q39172	Q39172	Arabidopsis thaliana	Plants	345		False
Q05809	Q05809	Saccharomyces cerevisiae (strain ATCC 204508 / S288c)	Fungi	96		False
P17677	P17677	Homo sapiens	Metazoa	238		False
P40019	P40019	Saccharomyces cerevisiae (strain ATCC 204508 / S288c)	Fungi	153		False
Q4V7C6	Q4V7C6	Rattus norvegicus	Metazoa	693		False
Q9Y2Q9	Q9Y2Q9	Homo sapiens	Metazoa	187		False
Q86WX3	Q86WX3	Homo sapiens	Metazoa	136		False
Q02455	Q02455	Saccharomyces cerevisiae (strain ATCC 204508 / S288c)	Fungi	1875		False
P38182	P38182	Saccharomyces cerevisiae (strain ATCC 204508 / S288c)	Fungi	117		False
P54860	P54860	Saccharomyces cerevisiae (strain ATCC 204508 / S288c)	Fungi	961		False
L0B1Y1	L0B1Y1	Theileria equi (strain WA)	Other	342		True
Q3ZN08	Q3ZN08	Mus musculus	Metazoa	260		False
Q9C9T2	Q9C9T2	Arabidopsis thaliana	Plants	451		False
Q8H0U4	Q8H0U4	Arabidopsis thaliana	Plants	891		False
A7DTF0	A7DTF0	Caenorhabditis elegans	Metazoa	337		False
Q5SXA9	Q5SXA9	Mus musculus	Metazoa	1104		False
Q8K330	Q8K330	Mus musculus	Metazoa	649		False
Q9NZQ3	Q9NZQ3	Homo sapiens	Metazoa	722		False
P32266	P32266	Saccharomyces cerevisiae (strain ATCC 204508 / S288c)	Fungi	881		True
Q08774	Q08774	Saccharomyces cerevisiae (strain ATCC 204508 / S288c)	Fungi	242		False
Q49B96	Q49B96	Homo sapiens	Metazoa	90		False
Q94B35	Q94B35	Arabidopsis thaliana	Plants	466		False
Q9FQ09	Q9FQ09	Arabidopsis thaliana	Plants	680		False
Q12972	Q12972	Homo sapiens	Metazoa	351		False
F4HRV8	F4HRV8	Arabidopsis thaliana	Plants	596		False
Q75WU1	Q75WU1	Oryza sativa subsp. japonica	Plants	93		False
P53004	P53004	Homo sapiens	Metazoa	296		False
Q9U2Z0	Q9U2Z0	Caenorhabditis elegans	Metazoa	391		False
P46783	P46783	Homo sapiens	Metazoa	165		False
P15340	P15340	Gallus gallus	Metazoa	62		False
Q9D563	Q9D563	Mus musculus	Metazoa	222		True
Q9S816	Q9S816	Arabidopsis thaliana	Plants	521		False
Q90ZA1	Q90ZA1	Xenopus laevis	Metazoa	631		False
Q9FWR4	Q9FWR4	Arabidopsis thaliana	Plants	213		False
P53628	P53628	Saccharomyces cerevisiae (strain ATCC 204508 / S288c)	Fungi	566		False
Q5SY16	Q5SY16	Homo sapiens	Metazoa	702		False
P78953	P78953	Schizosaccharomyces pombe (strain 972 / ATCC 24843)	Fungi	920		False
Q17381	Q17381	Caenorhabditis elegans	Metazoa	506		False
Q9VL14	Q9VL14	Drosophila melanogaster	Metazoa	118		False
Q04930	Q04930	Saccharomyces cerevisiae (strain ATCC 204508 / S288c)	Fungi	467		False
Q9FZ89	Q9FZ89	Arabidopsis thaliana	Plants	123		False
Q4V7K4	Q4V7K4	Xenopus laevis	Metazoa	733		False
Q02983	Q02983	Saccharomyces cerevisiae (strain ATCC 204508 / S288c)	Fungi	363		False
A1Z7A6	A1Z7A6	Drosophila melanogaster	Metazoa	1155		False
Q9C5Z3	Q9C5Z3	Arabidopsis thaliana	Plants	441		False
Q22024	Q22024	Caenorhabditis elegans	Metazoa	543		False
Q6PFD5	Q6PFD5	Mus musculus	Metazoa	977		False
Q5JWF2	Q5JWF2	Homo sapiens	Metazoa	1037		False
Q8GY65	Q8GY65	Arabidopsis thaliana	Plants	343		False
Q96PE3	Q96PE3	Homo sapiens	Metazoa	977		False
B6HQN4	B6HQN4	Penicillium rubens (strain ATCC 28089 / DSM 1075 / NRRL 1951 / Wisconsin 54-1255)	Fungi	268		False
O48713	O48713	Arabidopsis thaliana	Plants	585		False
P36141	P36141	Saccharomyces cerevisiae (strain ATCC 204508 / S288c)	Fungi	133		False
Q92785	Q92785	Homo sapiens	Metazoa	391		False
Q2TB02	Q2TB02	Mus musculus	Metazoa	327		False
P0DI83	P0DI83	Homo sapiens	Metazoa	198		False
Q5U5X0	Q5U5X0	Homo sapiens	Metazoa	104		False
P25038	P25038	Saccharomyces cerevisiae (strain ATCC 204508 / S288c)	Fungi	676		False
P40997	P40997	Schizosaccharomyces pombe (strain 972 / ATCC 24843)	Fungi	402		False
Q6NZQ4	Q6NZQ4	Mus musculus	Metazoa	1056		False
P82669	P82669	Bos taurus	Metazoa	173		False
R4X244	R4X244	Tulipa gesneriana	Plants	374		False
Q8VZ20	Q8VZ20	Arabidopsis thaliana	Plants	314		False
Q7Z7K6	Q7Z7K6	Homo sapiens	Metazoa	275		False
P40505	P40505	Saccharomyces cerevisiae (strain ATCC 204508 / S288c)	Fungi	327		False
Q6ZRS2	Q6ZRS2	Homo sapiens	Metazoa	3230		False
Q8ISM1	Q8ISM1	Giardia intestinalis	Other	755		False
Q9M297	Q9M297	Arabidopsis thaliana	Plants	1256		False
Q8MIR0	Q8MIR0	Sus scrofa	Metazoa	373		False
O22806	O22806	Arabidopsis thaliana	Plants	395		False
P12956	P12956	Homo sapiens	Metazoa	609		False
P38237	P38237	Saccharomyces cerevisiae (strain ATCC 204508 / S288c)	Fungi	781		False
P41229	P41229	Homo sapiens	Metazoa	1560		False
P16451	P16451	Saccharomyces cerevisiae (strain ATCC 204508 / S288c)	Fungi	410		False
U9W8F2	U9W8F2	Neurospora crassa (strain ATCC 24698 / 74-OR23-1A / CBS 708.71 / DSM 1257 / FGSC 987)	Fungi	110		False
Q810W7	Q810W7	Rattus norvegicus	Metazoa	1570		False
P53718	P53718	Saccharomyces cerevisiae (strain ATCC 204508 / S288c)	Fungi	249		False
P82194	P82194	Spinacia oleracea	Plants	126		False
P33751	P33751	Saccharomyces cerevisiae (strain ATCC 204508 / S288c)	Fungi	242		False
Q9SL95	Q9SL95	Arabidopsis thaliana	Plants	456		True
O23174	O23174	Arabidopsis thaliana	Plants	536		False
O94916	O94916	Homo sapiens	Metazoa	1531		False
Q9CQE1	Q9CQE1	Mus musculus	Metazoa	247		False
Q4WW97	Q4WW97	Aspergillus fumigatus (strain ATCC MYA-4609 / CBS 101355 / FGSC A1100 / Af293)	Fungi	292		False
Q38834	Q38834	Arabidopsis thaliana	Plants	852		False
Q8L7W1	Q8L7W1	Arabidopsis thaliana	Plants	678		False
P05089	P05089	Homo sapiens	Metazoa	322		False
P70671	P70671	Mus musculus	Metazoa	419		False
O80952	O80952	Arabidopsis thaliana	Plants	296		False
P04053	P04053	Homo sapiens	Metazoa	509		False
Q52LJ0	Q52LJ0	Homo sapiens	Metazoa	433		False
P15771	P15771	Gallus gallus	Metazoa	694		False
Q8MXU4	Q8MXU4	Caenorhabditis elegans	Metazoa	107		False
Q9JHR9	Q9JHR9	Mus musculus	Metazoa	270		False
Q9H161	Q9H161	Homo sapiens	Metazoa	411		False
Q5I0X4	Q5I0X4	Homo sapiens	Metazoa	101		False
Q24400	Q24400	Drosophila melanogaster	Metazoa	495		False
P39685	P39685	Saccharomyces cerevisiae (strain ATCC 204508 / S288c)	Fungi	1337		False
Q12149	Q12149	Saccharomyces cerevisiae (strain ATCC 204508 / S288c)	Fungi	733		False
Q9BRP1	Q9BRP1	Homo sapiens	Metazoa	358		False
Q6ZQN7	Q6ZQN7	Homo sapiens	Metazoa	724		False
Q5PP51	Q5PP51	Arabidopsis thaliana	Plants	362		False
Q99JB6	Q99JB6	Mus musculus	Metazoa	429		False
Q9W148	Q9W148	Drosophila melanogaster	Metazoa	731		False
Q9M9V9	Q9M9V9	Arabidopsis thaliana	Plants	156		False
Q06109	Q06109	Saccharomyces cerevisiae (strain ATCC 204508 / S288c)	Fungi	277		False
P41161	P41161	Homo sapiens	Metazoa	510		False
Q99MR6	Q99MR6	Mus musculus	Metazoa	875		False
Q9VIT0	Q9VIT0	Drosophila melanogaster	Metazoa	255		False
Q02521	Q02521	Saccharomyces cerevisiae (strain ATCC 204508 / S288c)	Fungi	185		False
A4D1E9	A4D1E9	Homo sapiens	Metazoa	387		False
P11746	P11746	Saccharomyces cerevisiae (strain ATCC 204508 / S288c)	Fungi	286		False
P38879	P38879	Saccharomyces cerevisiae (strain ATCC 204508 / S288c)	Fungi	174		False
Q9FE22	Q9FE22	Arabidopsis thaliana	Plants	292		False
Q09725	Q09725	Schizosaccharomyces pombe (strain 972 / ATCC 24843)	Fungi	1587		False
O59836	O59836	Schizosaccharomyces pombe (strain 972 / ATCC 24843)	Fungi	545		False
P39001	P39001	Saccharomyces cerevisiae (strain ATCC 204508 / S288c)	Fungi	836		False
Q9LX31	Q9LX31	Arabidopsis thaliana	Plants	265		False
P39965	P39965	Saccharomyces cerevisiae (strain ATCC 204508 / S288c)	Fungi	576		False
Q5XVF0	Q5XVF0	Arabidopsis thaliana	Plants	666		False
P31942	P31942	Homo sapiens	Metazoa	346		False
Q9BUL9	Q9BUL9	Homo sapiens	Metazoa	199		False
Q8BRE0	Q8BRE0	Mus musculus	Metazoa	195		False
P49815	P49815	Homo sapiens	Metazoa	1807		False
Q9NQ92	Q9NQ92	Homo sapiens	Metazoa	184		False
P39952	P39952	Saccharomyces cerevisiae (strain ATCC 204508 / S288c)	Fungi	402		False
Q9LY23	Q9LY23	Arabidopsis thaliana	Plants	286		False
Q96PN7	Q96PN7	Homo sapiens	Metazoa	1200		False
Q12905	Q12905	Homo sapiens	Metazoa	390		False
Q9FNN6	Q9FNN6	Arabidopsis thaliana	Plants	298		False
Q86T26	Q86T26	Homo sapiens	Metazoa	416		True
Q5H8A6	Q5H8A6	Lotus japonicus	Plants	853		False
Q9DAM1	Q9DAM1	Mus musculus	Metazoa	415		False
P09596	P09596	Spinacia oleracea	Plants	121		False
Q01804	Q01804	Homo sapiens	Metazoa	1114		False
Q20646	Q20646	Caenorhabditis elegans	Metazoa	644		False
P29747	P29747	Drosophila melanogaster	Metazoa	516		False
O94643	O94643	Schizosaccharomyces pombe (strain 972 / ATCC 24843)	Fungi	441		False
Q09884	Q09884	Schizosaccharomyces pombe (strain 972 / ATCC 24843)	Fungi	1374		False
O75164	O75164	Homo sapiens	Metazoa	1064		False
Q7LDG7	Q7LDG7	Homo sapiens	Metazoa	609		False
P43558	P43558	Saccharomyces cerevisiae (strain ATCC 204508 / S288c)	Fungi	301		False
P49957	P49957	Saccharomyces cerevisiae (strain ATCC 204508 / S288c)	Fungi	279		False
Q9P127	Q9P127	Homo sapiens	Metazoa	313		False
Q07688	Q07688	Saccharomyces cerevisiae (strain ATCC 204508 / S288c)	Fungi	167		False
Q9FTA2	Q9FTA2	Arabidopsis thaliana	Plants	239		False
Q9DBL9	Q9DBL9	Mus musculus	Metazoa	351		False
Q9BW91	Q9BW91	Homo sapiens	Metazoa	350		False
Q8CGB3	Q8CGB3	Mus musculus	Metazoa	1411		False
Q02486	Q02486	Saccharomyces cerevisiae (strain ATCC 204508 / S288c)	Fungi	183		False
Q9W484	Q9W484	Drosophila melanogaster	Metazoa	985		False
Q8I397	Q8I397	Plasmodium falciparum (isolate 3D7)	Other	1199		True
O94761	O94761	Homo sapiens	Metazoa	1208		False
G5EEG9	G5EEG9	Caenorhabditis elegans	Metazoa	399		False
Q86TB9	Q86TB9	Homo sapiens	Metazoa	770		False
Q7Z2T5	Q7Z2T5	Homo sapiens	Metazoa	733		False
Q06604	Q06604	Saccharomyces cerevisiae (strain ATCC 204508 / S288c)	Fungi	576		False
D0E0C2	D0E0C2	Periplaneta americana	Metazoa	1553		False
Q15714	Q15714	Homo sapiens	Metazoa	1073		False
Q9EP97	Q9EP97	Mus musculus	Metazoa	568		False
Q8RY73	Q8RY73	Arabidopsis thaliana	Plants	544		False
Q1K6U7	Q1K6U7	Neurospora crassa (strain ATCC 24698 / 74-OR23-1A / CBS 708.71 / DSM 1257 / FGSC 987)	Fungi	225		False
P47096	P47096	Saccharomyces cerevisiae (strain ATCC 204508 / S288c)	Fungi	177		False
O74469	O74469	Schizosaccharomyces pombe (strain 972 / ATCC 24843)	Fungi	133		False
Q14202	Q14202	Homo sapiens	Metazoa	1370		False
Q9VH08	Q9VH08	Drosophila melanogaster	Metazoa	317		False
O74504	O74504	Schizosaccharomyces pombe (strain 972 / ATCC 24843)	Fungi	791		False
Q6ZLB0	Q6ZLB0	Oryza sativa subsp. japonica	Plants	436		False
P41903	P41903	Saccharomyces cerevisiae (strain ATCC 204508 / S288c)	Fungi	349		False
Q9LES2	Q9LES2	Arabidopsis thaliana	Plants	478		False
Q9JKT3	Q9JKT3	Mus musculus	Metazoa	297		True
Q05131	Q05131	Saccharomyces cerevisiae (strain ATCC 204508 / S288c)	Fungi	434		True
Q86YD1	Q86YD1	Homo sapiens	Metazoa	416		False
A0A509AER3	A0A509AER3	Plasmodium berghei (strain Anka)	Other	247		False
Q68FX6	Q68FX6	Rattus norvegicus	Metazoa	390		False
Q8GZ52	Q8GZ52	Arabidopsis thaliana	Plants	1400		False
Q8IJH8	Q8IJH8	Plasmodium falciparum (isolate 3D7)	Other	275		False
Q54XG7	Q54XG7	Dictyostelium discoideum	Other	1230		False
Q9N589	Q9N589	Caenorhabditis elegans	Metazoa	588		False
O88942	O88942	Mus musculus	Metazoa	717		False
P25054	P25054	Homo sapiens	Metazoa	2843		False
P49917	P49917	Homo sapiens	Metazoa	911		False
Q5TGY3	Q5TGY3	Homo sapiens	Metazoa	1603		False
Q680B9	Q680B9	Arabidopsis thaliana	Plants	528		False
Q9DBR0	Q9DBR0	Mus musculus	Metazoa	687		False
Q9P2H5	Q9P2H5	Homo sapiens	Metazoa	1018		False
Q6DBA5	Q6DBA5	Arabidopsis thaliana	Plants	205		False
P53123	P53123	Saccharomyces cerevisiae (strain ATCC 204508 / S288c)	Fungi	320		False
Q27539	Q27539	Caenorhabditis elegans	Metazoa	221		False
Q61464	Q61464	Mus musculus	Metazoa	1960		False
P43332	P43332	Drosophila melanogaster	Metazoa	216		False
Q21443	Q21443	Caenorhabditis elegans	Metazoa	566		False
P35203	P35203	Saccharomyces cerevisiae (strain ATCC 204508 / S288c)	Fungi	478		False
Q03718	Q03718	Saccharomyces cerevisiae (strain ATCC 204508 / S288c)	Fungi	556		False
P87074	P87074	Schizosaccharomyces pombe (strain 972 / ATCC 24843)	Fungi	778		False
P27684	P27684	Spinacia oleracea	Plants	142		False
Q06339	Q06339	Saccharomyces cerevisiae (strain ATCC 204508 / S288c)	Fungi	672		False
Q9M0A5	Q9M0A5	Arabidopsis thaliana	Plants	249		False
P82249	P82249	Spinacia oleracea	Plants	130		False
Q8TF40	Q8TF40	Homo sapiens	Metazoa	1166		False
P69851	P69851	Saccharomyces cerevisiae (strain ATCC 204508 / S288c)	Fungi	72		False
P25008	P25008	Drosophila melanogaster	Metazoa	267		False
Q99K24	Q99K24	Mus musculus	Metazoa	317		True
Q5H9R7	Q5H9R7	Homo sapiens	Metazoa	873		False
P29374	P29374	Homo sapiens	Metazoa	1257		False
Q9HA38	Q9HA38	Homo sapiens	Metazoa	289		False
P35728	P35728	Saccharomyces cerevisiae (strain ATCC 204508 / S288c)	Fungi	441		False
P38210	P38210	Saccharomyces cerevisiae (strain ATCC 204508 / S288c)	Fungi	180		False
F4JP52	F4JP52	Arabidopsis thaliana	Plants	826		False
P82715	P82715	Arabidopsis thaliana	Plants	297		False
A0A7J6K338	A0A7J6K338	Toxoplasma gondii	Other	504		True
Q9VKB9	Q9VKB9	Drosophila melanogaster	Metazoa	1341		False
A8WFJ9	A8WFJ9	Caenorhabditis elegans	Metazoa	463		False
Q9Y802	Q9Y802	Schizosaccharomyces pombe (strain 972 / ATCC 24843)	Fungi	1000		False
Q9LFQ9	Q9LFQ9	Arabidopsis thaliana	Plants	359		False
F4JVI3	F4JVI3	Arabidopsis thaliana	Plants	493		False
O42649	O42649	Schizosaccharomyces pombe (strain 972 / ATCC 24843)	Fungi	1194		False
Q9UTA6	Q9UTA6	Schizosaccharomyces pombe (strain 972 / ATCC 24843)	Fungi	303		False
Q8RWV3	Q8RWV3	Arabidopsis thaliana	Plants	416		False
O59793	O59793	Schizosaccharomyces pombe (strain 972 / ATCC 24843)	Fungi	384		False
O23875	O23875	Oryza sativa subsp. japonica	Plants	183		False
P53309	P53309	Saccharomyces cerevisiae (strain ATCC 204508 / S288c)	Fungi	568		False
P40063	P40063	Saccharomyces cerevisiae (strain ATCC 204508 / S288c)	Fungi	208		False
B8BDQ4	B8BDQ4	Oryza sativa subsp. indica	Plants	696		False
Q9UT72	Q9UT72	Schizosaccharomyces pombe (strain 972 / ATCC 24843)	Fungi	205		False
Q9LU21	Q9LU21	Arabidopsis thaliana	Plants	204		False
Q9D6J5	Q9D6J5	Mus musculus	Metazoa	186		False
Q9HAV7	Q9HAV7	Homo sapiens	Metazoa	217		False
Q9H0E9	Q9H0E9	Homo sapiens	Metazoa	1235		False
Q9GGE2	Q9GGE2	Chlamydomonas reinhardtii	Plants	100		False
Q9H2W6	Q9H2W6	Homo sapiens	Metazoa	279		False
Q8LAM0	Q8LAM0	Arabidopsis thaliana	Plants	365		False
A8MQN2	A8MQN2	Arabidopsis thaliana	Plants	616		False
Q12180	Q12180	Saccharomyces cerevisiae (strain ATCC 204508 / S288c)	Fungi	1030		False
P47041	P47041	Saccharomyces cerevisiae (strain ATCC 204508 / S288c)	Fungi	543		False
Q08176	Q08176	Saccharomyces cerevisiae (strain ATCC 204508 / S288c)	Fungi	113		True
B9F1C0	B9F1C0	Oryza sativa subsp. japonica	Plants	1709		False
P38824	P38824	Saccharomyces cerevisiae (strain ATCC 204508 / S288c)	Fungi	151		False
Q9U1K1	Q9U1K1	Drosophila melanogaster	Metazoa	1020		False
Q55FB8	Q55FB8	Dictyostelium discoideum	Other	1272		False
Q8VXP3	Q8VXP3	Chlamydomonas reinhardtii	Plants	1115		False
A0A0R4IMY7	A0A0R4IMY7	Danio rerio	Metazoa	1470		False
Q10572	Q10572	Caenorhabditis elegans	Metazoa	429		False
P40502	P40502	Saccharomyces cerevisiae (strain ATCC 204508 / S288c)	Fungi	157		True
P50875	P50875	Saccharomyces cerevisiae (strain ATCC 204508 / S288c)	Fungi	604		False
Q96KQ7	Q96KQ7	Homo sapiens	Metazoa	1210		False
Q16594	Q16594	Homo sapiens	Metazoa	264		False
Q9QXY4	Q9QXY4	Rattus norvegicus	Metazoa	580		False
Q969F9	Q969F9	Homo sapiens	Metazoa	1004		False
Q9VK33	Q9VK33	Drosophila melanogaster	Metazoa	1220		False
Q9Y2G0	Q9Y2G0	Homo sapiens	Metazoa	817		False
O94538	O94538	Schizosaccharomyces pombe (strain 972 / ATCC 24843)	Fungi	649		False
Q9QZ04	Q9QZ04	Mus musculus	Metazoa	1284		False
Q873E4	Q873E4	Neurospora crassa (strain ATCC 24698 / 74-OR23-1A / CBS 708.71 / DSM 1257 / FGSC 987)	Fungi	240		False
Q9D6J6	Q9D6J6	Mus musculus	Metazoa	248		False
Q54HS3	Q54HS3	Dictyostelium discoideum	Other	1486		False
Q57X81	Q57X81	Trypanosoma brucei brucei (strain 927/4 GUTat10.1)	Other	1077		False
Q01448	Q01448	Saccharomyces cerevisiae (strain ATCC 204508 / S288c)	Fungi	625		False
A6YSL1	A6YSL1	Zea mays	Plants	525		False
Q96I23	Q96I23	Homo sapiens	Metazoa	114		False
Q8NFV4	Q8NFV4	Homo sapiens	Metazoa	306		False
P48837	P48837	Saccharomyces cerevisiae (strain ATCC 204508 / S288c)	Fungi	541		False
Q04839	Q04839	Saccharomyces cerevisiae (strain ATCC 204508 / S288c)	Fungi	188		False
Q9DBU6	Q9DBU6	Mus musculus	Metazoa	334		False
Q13228	Q13228	Homo sapiens	Metazoa	472		False
Q9SUP6	Q9SUP6	Arabidopsis thaliana	Plants	324		False
Q96DG6	Q96DG6	Homo sapiens	Metazoa	245		False
Q9Y603	Q9Y603	Homo sapiens	Metazoa	341		False
P53944	P53944	Saccharomyces cerevisiae (strain ATCC 204508 / S288c)	Fungi	314		False
Q9TXI7	Q9TXI7	Caenorhabditis elegans	Metazoa	901		False
Q9BXL8	Q9BXL8	Homo sapiens	Metazoa	241		False
Q9VBB3	Q9VBB3	Drosophila melanogaster	Metazoa	328		False
Q80ZD3	Q80ZD3	Mus musculus	Metazoa	593		True
Q07953	Q07953	Saccharomyces cerevisiae (strain ATCC 204508 / S288c)	Fungi	250		False
Q6S591	Q6S591	Arabidopsis thaliana	Plants	253		False
Q8WVH0	Q8WVH0	Homo sapiens	Metazoa	158		False
Q86V20	Q86V20	Homo sapiens	Metazoa	835		False
Q9EPB5	Q9EPB5	Mus musculus	Metazoa	311		False
P25626	P25626	Saccharomyces cerevisiae (strain ATCC 204508 / S288c)	Fungi	169		False
Q8LDF9	Q8LDF9	Arabidopsis thaliana	Plants	241		False
P40366	P40366	Saccharomyces cerevisiae (strain ATCC 204508 / S288c)	Fungi	167		False
Q9M1X2	Q9M1X2	Arabidopsis thaliana	Plants	279		False
A0A075TRC0	A0A075TRC0	Penicillium expansum	Fungi	1776		False
O49543	O49543	Arabidopsis thaliana	Plants	453		False
Q8R1B8	Q8R1B8	Mus musculus	Metazoa	470		False
E7FFT2	E7FFT2	Danio rerio	Metazoa	916		False
P52164	P52164	Rattus norvegicus	Metazoa	160		False
Q13352	Q13352	Homo sapiens	Metazoa	177		False
Q06667	Q06667	Saccharomyces cerevisiae (strain ATCC 204508 / S288c)	Fungi	281		False
Q9VTE2	Q9VTE2	Drosophila melanogaster	Metazoa	962		False
Q00PI9	Q00PI9	Mus musculus	Metazoa	745		False
Q02721	Q02721	Saccharomyces cerevisiae (strain ATCC 204508 / S288c)	Fungi	264		False
P40757	P40757	Aquarana catesbeiana	Metazoa	484		False
O49937	O49937	Spinacia oleracea	Plants	293		False
P14866	P14866	Homo sapiens	Metazoa	589		False
Q91VD9	Q91VD9	Mus musculus	Metazoa	727		False
Q9FGN8	Q9FGN8	Arabidopsis thaliana	Plants	639		False
P38281	P38281	Saccharomyces cerevisiae (strain ATCC 204508 / S288c)	Fungi	316		False
Q6XP49	Q6XP49	Mus musculus	Metazoa	780		False
Q8NFG4	Q8NFG4	Homo sapiens	Metazoa	579		False
P27680	P27680	Saccharomyces cerevisiae (strain ATCC 204508 / S288c)	Fungi	312		False
G8B839	G8B839	Candida parapsilosis (strain CDC 317 / ATCC MYA-4646)	Fungi	266		False
Q9P7S7	Q9P7S7	Schizosaccharomyces pombe (strain 972 / ATCC 24843)	Fungi	508		False
Q9XWL9	Q9XWL9	Caenorhabditis elegans	Metazoa	895		False
Q08278	Q08278	Saccharomyces cerevisiae (strain ATCC 204508 / S288c)	Fungi	222		False
P39713	P39713	Saccharomyces cerevisiae (strain ATCC 204508 / S288c)	Fungi	417		False
P35269	P35269	Homo sapiens	Metazoa	517		False
Q8IVE3	Q8IVE3	Homo sapiens	Metazoa	1493		False
Q91836	Q91836	Xenopus laevis	Metazoa	298		False
Q9LVI9	Q9LVI9	Arabidopsis thaliana	Plants	426		False
Q8N5P1	Q8N5P1	Homo sapiens	Metazoa	291		False
Q6IN84	Q6IN84	Homo sapiens	Metazoa	353		False
P19440	P19440	Homo sapiens	Metazoa	569		True
Q0WPU1	Q0WPU1	Arabidopsis thaliana	Plants	1522		False
Q9I7K6	Q9I7K6	Drosophila melanogaster	Metazoa	492		False
Q91ZR5	Q91ZR5	Mus musculus	Metazoa	686		False
Q9Y2X0	Q9Y2X0	Homo sapiens	Metazoa	877		False
Q08B36	Q08B36	Xenopus laevis	Metazoa	374		False
P53569	P53569	Mus musculus	Metazoa	1052		False
Q9CWE6	Q9CWE6	Mus musculus	Metazoa	164		False
Q80U87	Q80U87	Mus musculus	Metazoa	1080		False
Q08902	Q08902	Saccharomyces cerevisiae (strain ATCC 204508 / S288c)	Fungi	515		True
Q6ZYL4	Q6ZYL4	Homo sapiens	Metazoa	71		False
P32314	P32314	Homo sapiens	Metazoa	431		False
P40528	P40528	Saccharomyces cerevisiae (strain ATCC 204508 / S288c)	Fungi	902		False
O59676	O59676	Schizosaccharomyces pombe (strain 972 / ATCC 24843)	Fungi	359		False
P22561	P22561	Mus musculus	Metazoa	449		False
P06391	P06391	Nicotiana tabacum	Plants	93		False
O74964	O74964	Schizosaccharomyces pombe (strain 972 / ATCC 24843)	Fungi	803		False
P56931	P56931	Mus musculus	Metazoa	443		False
Q07343	Q07343	Homo sapiens	Metazoa	736		False
Q9NW75	Q9NW75	Homo sapiens	Metazoa	528		False
P0C2C1	P0C2C1	Rattus norvegicus	Metazoa	160		False
Q8WXC6	Q8WXC6	Homo sapiens	Metazoa	57		False
Q38CL4	Q38CL4	Trypanosoma brucei brucei (strain 927/4 GUTat10.1)	Other	366		False
P13405	P13405	Mus musculus	Metazoa	921		False
Q6Q629	Q6Q629	Rattus norvegicus	Metazoa	796		True
O43670	O43670	Homo sapiens	Metazoa	478		False
O02073	O02073	Caenorhabditis elegans	Metazoa	376		False
Q9LK34	Q9LK34	Arabidopsis thaliana	Plants	483		False
Q9VNS0	Q9VNS0	Drosophila melanogaster	Metazoa	459		False
Q8TDV2	Q8TDV2	Homo sapiens	Metazoa	347		True
P47019	P47019	Saccharomyces cerevisiae (strain ATCC 204508 / S288c)	Fungi	175		False
P87231	P87231	Schizosaccharomyces pombe (strain 972 / ATCC 24843)	Fungi	608		False
Q9NWT8	Q9NWT8	Homo sapiens	Metazoa	199		False
P38771	P38771	Saccharomyces cerevisiae (strain ATCC 204508 / S288c)	Fungi	230		False
P38297	P38297	Saccharomyces cerevisiae (strain ATCC 204508 / S288c)	Fungi	855		False
P40028	P40028	Saccharomyces cerevisiae (strain ATCC 204508 / S288c)	Fungi	759		False
O81787	O81787	Arabidopsis thaliana	Plants	527		False
O94664	O94664	Schizosaccharomyces pombe (strain 972 / ATCC 24843)	Fungi	234		False
Q06494	Q06494	Saccharomyces cerevisiae (strain ATCC 204508 / S288c)	Fungi	345		False
Q9WVH3	Q9WVH3	Mus musculus	Metazoa	505		False
A0PJW6	A0PJW6	Homo sapiens	Metazoa	202		True
Q9H6R4	Q9H6R4	Homo sapiens	Metazoa	1146		False
P38779	P38779	Saccharomyces cerevisiae (strain ATCC 204508 / S288c)	Fungi	376		False
Q8L983	Q8L983	Arabidopsis thaliana	Plants	218		False
Q9CAF2	Q9CAF2	Arabidopsis thaliana	Plants	216		False
A0A0B5KU17	A0A0B5KU17	Penicillium brevicompactum	Fungi	2190		False
P40630	P40630	Mus musculus	Metazoa	243		False
O74971	O74971	Schizosaccharomyces pombe (strain 972 / ATCC 24843)	Fungi	261		False
Q9V727	Q9V727	Drosophila melanogaster	Metazoa	1669		False
Q9D6Z0	Q9D6Z0	Mus musculus	Metazoa	221		False
Q9LDY5	Q9LDY5	Arabidopsis thaliana	Plants	247		False
O74331	O74331	Schizosaccharomyces pombe (strain 972 / ATCC 24843)	Fungi	363		False
Q9LV91	Q9LV91	Arabidopsis thaliana	Plants	576		False
F4KH86	F4KH86	Arabidopsis thaliana	Plants	400		False
C0HM98	C0HM98	Homo sapiens	Metazoa	186		False
Q1MTR4	Q1MTR4	Schizosaccharomyces pombe (strain 972 / ATCC 24843)	Fungi	424		False
P38169	P38169	Saccharomyces cerevisiae (strain ATCC 204508 / S288c)	Fungi	460		False
O88291	O88291	Mus musculus	Metazoa	580		False
Q01329	Q01329	Saccharomyces cerevisiae (strain ATCC 204508 / S288c)	Fungi	785		False
P25502	P25502	Saccharomyces cerevisiae (strain ATCC 204508 / S288c)	Fungi	979		False
Q8L4H0	Q8L4H0	Arabidopsis thaliana	Plants	500		False
Q6XQN6	Q6XQN6	Homo sapiens	Metazoa	538		False
Q9SZD6	Q9SZD6	Arabidopsis thaliana	Plants	953		False
A2ARP9	A2ARP9	Mus musculus	Metazoa	588		False
O75106	O75106	Homo sapiens	Metazoa	756		True
O94580	O94580	Schizosaccharomyces pombe (strain 972 / ATCC 24843)	Fungi	282		False
O43313	O43313	Homo sapiens	Metazoa	823		False
F4JTE7	F4JTE7	Arabidopsis thaliana	Plants	298		False
P38137	P38137	Saccharomyces cerevisiae (strain ATCC 204508 / S288c)	Fungi	543		False
Q12049	Q12049	Saccharomyces cerevisiae (strain ATCC 204508 / S288c)	Fungi	470		False
Q14249	Q14249	Homo sapiens	Metazoa	297		False
P40061	P40061	Saccharomyces cerevisiae (strain ATCC 204508 / S288c)	Fungi	1430		False
Q9SI64	Q9SI64	Arabidopsis thaliana	Plants	702		False
B6VQ60	B6VQ60	Caenorhabditis elegans	Metazoa	609		False
Q8TEV9	Q8TEV9	Homo sapiens	Metazoa	937		False
P87297	P87297	Schizosaccharomyces pombe (strain 972 / ATCC 24843)	Fungi	90		False
B0F481	B0F481	Arabidopsis thaliana	Plants	833		False
O18017	O18017	Caenorhabditis elegans	Metazoa	988		False
O74478	O74478	Schizosaccharomyces pombe (strain 972 / ATCC 24843)	Fungi	587		False
O43597	O43597	Homo sapiens	Metazoa	315		False
Q13156	Q13156	Homo sapiens	Metazoa	261		False
Q9XZS8	Q9XZS8	Drosophila melanogaster	Metazoa	613		False
F4JRB0	F4JRB0	Arabidopsis thaliana	Plants	363		False
Q940H2	Q940H2	Arabidopsis thaliana	Plants	237		False
O55057	O55057	Mus musculus	Metazoa	150		False
Q8GZM7	Q8GZM7	Arabidopsis thaliana	Plants	478		False
Q9NRF8	Q9NRF8	Homo sapiens	Metazoa	586		False
Q9CQJ2	Q9CQJ2	Mus musculus	Metazoa	290		False
P38198	P38198	Saccharomyces cerevisiae (strain ATCC 204508 / S288c)	Fungi	1513		False
C4QWS8	C4QWS8	Komagataella phaffii (strain GS115 / ATCC 20864)	Fungi	363		False
Q9MBA2	Q9MBA2	Arabidopsis thaliana	Plants	326		False
Q197W8	Q197W8	Arabidopsis thaliana	Plants	473		False
Q04545	Q04545	Saccharomyces cerevisiae (strain ATCC 204508 / S288c)	Fungi	1251		False
Q9H814	Q9H814	Homo sapiens	Metazoa	394		False
Q9H1I8	Q9H1I8	Homo sapiens	Metazoa	757		False
Q09675	Q09675	Schizosaccharomyces pombe (strain 972 / ATCC 24843)	Fungi	240		False
Q8IVS2	Q8IVS2	Homo sapiens	Metazoa	390		False
P47108	P47108	Saccharomyces cerevisiae (strain ATCC 204508 / S288c)	Fungi	1174		False
Q8IWV7	Q8IWV7	Homo sapiens	Metazoa	1749		False
P30429	P30429	Caenorhabditis elegans	Metazoa	549		False
P36052	P36052	Saccharomyces cerevisiae (strain ATCC 204508 / S288c)	Fungi	402		False
W7MAT5	W7MAT5	Gibberella moniliformis (strain M3125 / FGSC 7600)	Fungi	574		True
Q9TZ64	Q9TZ64	Caenorhabditis elegans	Metazoa	497		False
O14079	O14079	Schizosaccharomyces pombe (strain 972 / ATCC 24843)	Fungi	624		False
Q1MTS0	Q1MTS0	Schizosaccharomyces pombe (strain 972 / ATCC 24843)	Fungi	597		False
Q9Y2M2	Q9Y2M2	Homo sapiens	Metazoa	375		False
Q14997	Q14997	Homo sapiens	Metazoa	1843		False
A8MR65	A8MR65	Arabidopsis thaliana	Plants	201		False
O94268	O94268	Schizosaccharomyces pombe (strain 972 / ATCC 24843)	Fungi	608		False
F7VJQ1	F7VJQ1	Homo sapiens	Metazoa	73		True
Q5THR3	Q5THR3	Homo sapiens	Metazoa	1501		False
Q6A0D4	Q6A0D4	Mus musculus	Metazoa	554		False
Q10432	Q10432	Schizosaccharomyces pombe (strain 972 / ATCC 24843)	Fungi	735		False
Q9JM05	Q9JM05	Mus musculus	Metazoa	507		False
Q9NZ63	Q9NZ63	Homo sapiens	Metazoa	289		False
P32833	P32833	Saccharomyces cerevisiae (strain ATCC 204508 / S288c)	Fungi	620		False
P38737	P38737	Saccharomyces cerevisiae (strain ATCC 204508 / S288c)	Fungi	1868		False
A1Z8F4	A1Z8F4	Drosophila melanogaster	Metazoa	2577		False
Q6DN90	Q6DN90	Homo sapiens	Metazoa	963		False
Q9NZN9	Q9NZN9	Homo sapiens	Metazoa	384		False
Q8WZJ8	Q8WZJ8	Schizosaccharomyces pombe (strain 972 / ATCC 24843)	Fungi	210		False
Q04408	Q04408	Saccharomyces cerevisiae (strain ATCC 204508 / S288c)	Fungi	483		False
O75832	O75832	Homo sapiens	Metazoa	226		False
Q9NPD3	Q9NPD3	Homo sapiens	Metazoa	245		False
P34226	P34226	Saccharomyces cerevisiae (strain ATCC 204508 / S288c)	Fungi	696		False
Q67Y93	Q67Y93	Arabidopsis thaliana	Plants	191		False
P53838	P53838	Saccharomyces cerevisiae (strain ATCC 204508 / S288c)	Fungi	576		True
Q9NVV9	Q9NVV9	Homo sapiens	Metazoa	213		False
Q9LZF1	Q9LZF1	Arabidopsis thaliana	Plants	392		False
Q0WR66	Q0WR66	Arabidopsis thaliana	Plants	793		False
P38205	P38205	Saccharomyces cerevisiae (strain ATCC 204508 / S288c)	Fungi	684		False
P40958	P40958	Saccharomyces cerevisiae (strain ATCC 204508 / S288c)	Fungi	196		False
Q9HBL7	Q9HBL7	Homo sapiens	Metazoa	147		True
Q95Q39	Q95Q39	Caenorhabditis elegans	Metazoa	287		True
O96237	O96237	Plasmodium falciparum (isolate 3D7)	Other	899		False
Q53KW9	Q53KW9	Oryza sativa subsp. japonica	Plants	803		False
Q12318	Q12318	Saccharomyces cerevisiae (strain ATCC 204508 / S288c)	Fungi	242		False
P06774	P06774	Saccharomyces cerevisiae (strain ATCC 204508 / S288c)	Fungi	265		False
Q9FNC7	Q9FNC7	Arabidopsis thaliana	Plants	717		False
Q6ZWQ0	Q6ZWQ0	Mus musculus	Metazoa	6874		False
Q0ZLH2	Q0ZLH2	Mus musculus	Metazoa	352		False
Q9ULP9	Q9ULP9	Homo sapiens	Metazoa	559		False
Q5VWG9	Q5VWG9	Homo sapiens	Metazoa	929		False
Q53H47	Q53H47	Homo sapiens	Metazoa	684		False
Q17TI5	Q17TI5	Arabidopsis thaliana	Plants	344		False
Q96A26	Q96A26	Homo sapiens	Metazoa	154		False
Q9BT17	Q9BT17	Homo sapiens	Metazoa	334		False
Q16385	Q16385	Homo sapiens	Metazoa	188		False
O76064	O76064	Homo sapiens	Metazoa	485		False
Q9CQY9	Q9CQY9	Mus musculus	Metazoa	76		True
P82192	P82192	Spinacia oleracea	Plants	258		False
Q05923	Q05923	Homo sapiens	Metazoa	314		False
P39678	P39678	Saccharomyces cerevisiae (strain ATCC 204508 / S288c)	Fungi	833		False
Q800K6	Q800K6	Xenopus laevis	Metazoa	1513		False
P30414	P30414	Homo sapiens	Metazoa	1462		False
F4KCE9	F4KCE9	Arabidopsis thaliana	Plants	598		False
Q02959	Q02959	Saccharomyces cerevisiae (strain ATCC 204508 / S288c)	Fungi	697		False
Q9VGE2	Q9VGE2	Drosophila melanogaster	Metazoa	384		False
Q80T79	Q80T79	Mus musculus	Metazoa	3707		True
Q0VG06	Q0VG06	Homo sapiens	Metazoa	881		False
O74418	O74418	Schizosaccharomyces pombe (strain 972 / ATCC 24843)	Fungi	244		False
Q7Z2W9	Q7Z2W9	Homo sapiens	Metazoa	205		False
O60057	O60057	Schizosaccharomyces pombe (strain 972 / ATCC 24843)	Fungi	411		False
O59740	O59740	Schizosaccharomyces pombe (strain 972 / ATCC 24843)	Fungi	522		False
Q9BWF2	Q9BWF2	Homo sapiens	Metazoa	469		False
P34706	P34706	Caenorhabditis elegans	Metazoa	2150		False
Q9P7A0	Q9P7A0	Schizosaccharomyces pombe (strain 972 / ATCC 24843)	Fungi	319		False
P38782	P38782	Saccharomyces cerevisiae (strain ATCC 204508 / S288c)	Fungi	295		False
Q04179	Q04179	Saccharomyces cerevisiae (strain ATCC 204508 / S288c)	Fungi	340		False
Q03770	Q03770	Saccharomyces cerevisiae (strain ATCC 204508 / S288c)	Fungi	852		False
Q06089	Q06089	Saccharomyces cerevisiae (strain ATCC 204508 / S288c)	Fungi	161		True
Q9NXR7	Q9NXR7	Homo sapiens	Metazoa	383		False
Q5ICL9	Q5ICL9	Arabidopsis thaliana	Plants	574		False
P50479	P50479	Homo sapiens	Metazoa	330		False
Q941Q3	Q941Q3	Arabidopsis thaliana	Plants	524		False
F4JF14	F4JF14	Arabidopsis thaliana	Plants	953		False
Q9NRR8	Q9NRR8	Homo sapiens	Metazoa	79		False
Q04751	Q04751	Saccharomyces cerevisiae (strain ATCC 204508 / S288c)	Fungi	285		False
P12354	P12354	Spinacia oleracea	Plants	125		False
Q14676	Q14676	Homo sapiens	Metazoa	2089		False
Q9FJL0	Q9FJL0	Arabidopsis thaliana	Plants	1241		False
Q9M9F0	Q9M9F0	Arabidopsis thaliana	Plants	311		False
Q1ZXQ0	Q1ZXQ0	Dictyostelium discoideum	Other	1019		False
A0A7P0TBJ1	A0A7P0TBJ1	Homo sapiens	Metazoa	273		False
Q9VV73	Q9VV73	Drosophila melanogaster	Metazoa	841		False
P07236	P07236	Saccharomyces cerevisiae (strain ATCC 204508 / S288c)	Fungi	462		False
P97577	P97577	Rattus norvegicus	Metazoa	393		False
Q9GZN2	Q9GZN2	Homo sapiens	Metazoa	237		False
O60287	O60287	Homo sapiens	Metazoa	2271		False
Q4KMQ1	Q4KMQ1	Homo sapiens	Metazoa	711		False
P29547	P29547	Saccharomyces cerevisiae (strain ATCC 204508 / S288c)	Fungi	415		False
Q9VEX9	Q9VEX9	Drosophila melanogaster	Metazoa	150		False
Q86VI4	Q86VI4	Homo sapiens	Metazoa	317		False
P51577	P51577	Rattus norvegicus	Metazoa	388		True
Q9UTT1	Q9UTT1	Schizosaccharomyces pombe (strain 972 / ATCC 24843)	Fungi	1129		False
P04840	P04840	Saccharomyces cerevisiae (strain ATCC 204508 / S288c)	Fungi	283		True
A2AMT1	A2AMT1	Mus musculus	Metazoa	669		False
Q9QXN0	Q9QXN0	Mus musculus	Metazoa	1986		False
Q10LI1	Q10LI1	Oryza sativa subsp. japonica	Plants	260		False
P21580	P21580	Homo sapiens	Metazoa	790		False
G5EF48	G5EF48	Caenorhabditis elegans	Metazoa	350		True
Q96ST2	Q96ST2	Homo sapiens	Metazoa	819		False
P93015	P93015	Arabidopsis thaliana	Plants	131		False
Q8BWT5	Q8BWT5	Mus musculus	Metazoa	1523		False
O60130	O60130	Schizosaccharomyces pombe (strain 972 / ATCC 24843)	Fungi	827		False
Q9C9B9	Q9C9B9	Arabidopsis thaliana	Plants	643		False
Q96N11	Q96N11	Homo sapiens	Metazoa	449		False
O13601	O13601	Schizosaccharomyces pombe (strain 972 / ATCC 24843)	Fungi	494		False
P93306	P93306	Arabidopsis thaliana	Plants	394		False
P32121	P32121	Homo sapiens	Metazoa	409		False
P38783	P38783	Saccharomyces cerevisiae (strain ATCC 204508 / S288c)	Fungi	130		False
Q5T4T6	Q5T4T6	Homo sapiens	Metazoa	812		False
O60097	O60097	Schizosaccharomyces pombe (strain 972 / ATCC 24843)	Fungi	526		False
H2L006	H2L006	Caenorhabditis elegans	Metazoa	451		True
Q8IYL3	Q8IYL3	Homo sapiens	Metazoa	243		False
Q9H3P2	Q9H3P2	Homo sapiens	Metazoa	528		False
Q9FDW8	Q9FDW8	Arabidopsis thaliana	Plants	135		False
Q9NQT4	Q9NQT4	Homo sapiens	Metazoa	235		False
Q9ULZ2	Q9ULZ2	Homo sapiens	Metazoa	295		False
P23116	P23116	Mus musculus	Metazoa	1344		False
P0DJI6	P0DJI6	Mus musculus	Metazoa	106		False
P49919	P49919	Mus musculus	Metazoa	348		False
Q8LGD5	Q8LGD5	Arabidopsis thaliana	Plants	222		False
Q3MJK5	Q3MJK5	Rattus norvegicus	Metazoa	1484		False
Q9H9T3	Q9H9T3	Homo sapiens	Metazoa	547		False
Q0IGK1	Q0IGK1	Arabidopsis thaliana	Plants	445		False
O74824	O74824	Schizosaccharomyces pombe (strain 972 / ATCC 24843)	Fungi	308		False
Q9V9W8	Q9V9W8	Drosophila melanogaster	Metazoa	815		False
B0L3A2	B0L3A2	Homo sapiens	Metazoa	85		True
O74365	O74365	Schizosaccharomyces pombe (strain 972 / ATCC 24843)	Fungi	865		False
Q8WVM0	Q8WVM0	Homo sapiens	Metazoa	346		False
Q93ZF6	Q93ZF6	Arabidopsis thaliana	Plants	153		False
Q9V7P1	Q9V7P1	Drosophila melanogaster	Metazoa	506		False
Q18508	Q18508	Caenorhabditis elegans	Metazoa	1784		False
Q8L7N4	Q8L7N4	Arabidopsis thaliana	Plants	343		True
P89114	P89114	Saccharomyces cerevisiae (strain ATCC 204508 / S288c)	Fungi	91		False
Q5VRD7	Q5VRD7	Oryza sativa subsp. japonica	Plants	53		True
Q9SQR3	Q9SQR3	Arabidopsis thaliana	Plants	267		False
A0A075TRB3	A0A075TRB3	Penicillium expansum	Fungi	259		False
Q9LRB7	Q9LRB7	Oryza sativa subsp. japonica	Plants	325		True
F4JGZ1	F4JGZ1	Arabidopsis thaliana	Plants	1278		False
P41698	P41698	Saccharomyces cerevisiae (strain ATCC 204508 / S288c)	Fungi	603		False
O23193	O23193	Arabidopsis thaliana	Plants	236		False
Q23272	Q23272	Caenorhabditis elegans	Metazoa	488		False
Q07349	Q07349	Saccharomyces cerevisiae (strain ATCC 204508 / S288c)	Fungi	420		False
Q9BV90	Q9BV90	Homo sapiens	Metazoa	132		False
Q12247	Q12247	Saccharomyces cerevisiae (strain ATCC 204508 / S288c)	Fungi	151		False
Q42687	Q42687	Chlamydomonas reinhardtii	Plants	219		False
P16862	P16862	Saccharomyces cerevisiae (strain ATCC 204508 / S288c)	Fungi	959		False
Q8GXA4	Q8GXA4	Arabidopsis thaliana	Plants	489		False
Q10296	Q10296	Schizosaccharomyces pombe (strain 972 / ATCC 24843)	Fungi	138		False
Q12298	Q12298	Saccharomyces cerevisiae (strain ATCC 204508 / S288c)	Fungi	539		False
O94751	O94751	Schizosaccharomyces pombe (strain 972 / ATCC 24843)	Fungi	1044		False
P10518	P10518	Mus musculus	Metazoa	330		False
P35790	P35790	Homo sapiens	Metazoa	457		False
P25582	P25582	Saccharomyces cerevisiae (strain ATCC 204508 / S288c)	Fungi	841		False
Q8K3Y6	Q8K3Y6	Rattus norvegicus	Metazoa	776		False
Q9NP94	Q9NP94	Homo sapiens	Metazoa	309		True
Q9VHJ6	Q9VHJ6	Drosophila melanogaster	Metazoa	592		False
P04160	P04160	Spinacia oleracea	Plants	508		True
Q9BZL1	Q9BZL1	Homo sapiens	Metazoa	73		False
P82195	P82195	Spinacia oleracea	Plants	166		False
P57728	P57728	Schizosaccharomyces pombe (strain 972 / ATCC 24843)	Fungi	148		False
Q12117	Q12117	Saccharomyces cerevisiae (strain ATCC 204508 / S288c)	Fungi	320		True
Q85FY6	Q85FY6	Cyanidioschyzon merolae (strain NIES-3377 / 10D)	Other	732		True
O80506	O80506	Arabidopsis thaliana	Plants	93		False
P16658	P16658	Saccharomyces cerevisiae (strain ATCC 204508 / S288c)	Fungi	377		False
P08659	P08659	Photinus pyralis	Metazoa	550		False
Q149B8	Q149B8	Mus musculus	Metazoa	807		False
Q9WVL3	Q9WVL3	Mus musculus	Metazoa	1083		False
G2XEY9	G2XEY9	Verticillium dahliae (strain VdLs.17 / ATCC MYA-4575 / FGSC 10137)	Fungi	653		False
P38827	P38827	Saccharomyces cerevisiae (strain ATCC 204508 / S288c)	Fungi	1080		False
C8VSZ2	C8VSZ2	Emericella nidulans (strain FGSC A4 / ATCC 38163 / CBS 112.46 / NRRL 194 / M139)	Fungi	370		False
P25441	P25441	Saccharomyces cerevisiae (strain ATCC 204508 / S288c)	Fungi	422		False
P82139	P82139	Spinacia oleracea	Plants	232		False
W2SDE2	W2SDE2	Cyphellophora europaea (strain CBS 101466)	Fungi	346		False
Q65ZG8	Q65ZG8	Caenorhabditis elegans	Metazoa	597		False
P02730	P02730	Homo sapiens	Metazoa	911		False
Q8C006	Q8C006	Mus musculus	Metazoa	501		False
P56537	P56537	Homo sapiens	Metazoa	245		False
P82869	P82869	Arabidopsis thaliana	Plants	466		False
Q15760	Q15760	Homo sapiens	Metazoa	415		True
Q9SRP6	Q9SRP6	Arabidopsis thaliana	Plants	194		False
P15884	P15884	Homo sapiens	Metazoa	667		False
Q6ZSZ5	Q6ZSZ5	Homo sapiens	Metazoa	1361		False
Q9NRP7	Q9NRP7	Homo sapiens	Metazoa	1315		False
O75817	O75817	Homo sapiens	Metazoa	140		False
P38777	P38777	Saccharomyces cerevisiae (strain ATCC 204508 / S288c)	Fungi	243		False
Q1MTQ7	Q1MTQ7	Schizosaccharomyces pombe (strain 972 / ATCC 24843)	Fungi	633		False
P28007	P28007	Saccharomyces cerevisiae (strain ATCC 204508 / S288c)	Fungi	205		False
P28519	P28519	Saccharomyces cerevisiae (strain ATCC 204508 / S288c)	Fungi	371		False
P38848	P38848	Saccharomyces cerevisiae (strain ATCC 204508 / S288c)	Fungi	579		False
Q54HC6	Q54HC6	Dictyostelium discoideum	Other	1460		False
Q58WW2	Q58WW2	Homo sapiens	Metazoa	860		False
Q09728	Q09728	Schizosaccharomyces pombe (strain 972 / ATCC 24843)	Fungi	411		False
P03069	P03069	Saccharomyces cerevisiae (strain ATCC 204508 / S288c)	Fungi	281		False
P32828	P32828	Saccharomyces cerevisiae (strain ATCC 204508 / S288c)	Fungi	619		False
Q9UT03	Q9UT03	Schizosaccharomyces pombe (strain 972 / ATCC 24843)	Fungi	677		False
A0A7J6KE60	A0A7J6KE60	Toxoplasma gondii	Other	652		True
P81449	P81449	Saccharomyces cerevisiae (strain ATCC 204508 / S288c)	Fungi	96		False
A1YKT1	A1YKT1	Arabidopsis thaliana	Plants	433		False
Q8W4D8	Q8W4D8	Arabidopsis thaliana	Plants	314		False
P82920	P82920	Bos taurus	Metazoa	87		False
D3KY99	D3KY99	Carapichea ipecacuanha	Plants	350		False
P53064	P53064	Saccharomyces cerevisiae (strain ATCC 204508 / S288c)	Fungi	558		False
Q9FJF4	Q9FJF4	Arabidopsis thaliana	Plants	306		False
Q8GTS1	Q8GTS1	Arabidopsis thaliana	Plants	227		False
P41958	P41958	Caenorhabditis elegans	Metazoa	280		False
Q9H7L9	Q9H7L9	Homo sapiens	Metazoa	328		False
Q04411	Q04411	Saccharomyces cerevisiae (strain ATCC 204508 / S288c)	Fungi	772		False
Q80Z30	Q80Z30	Rattus norvegicus	Metazoa	750		False
Q96LW4	Q96LW4	Homo sapiens	Metazoa	560		False
Q5VWP2	Q5VWP2	Homo sapiens	Metazoa	391		False
P80428	P80428	Saccharomyces cerevisiae (strain ATCC 204508 / S288c)	Fungi	489		False
P41277	P41277	Saccharomyces cerevisiae (strain ATCC 204508 / S288c)	Fungi	250		False
P18576	P18576	Rattus norvegicus	Metazoa	341		False
G5EFF5	G5EFF5	Caenorhabditis elegans	Metazoa	753		False
F6TQD1	F6TQD1	Mus musculus	Metazoa	307		False
Q10335	Q10335	Schizosaccharomyces pombe (strain 972 / ATCC 24843)	Fungi	397		False
Q6PCN7	Q6PCN7	Mus musculus	Metazoa	1003		False
Q0WSX8	Q0WSX8	Arabidopsis thaliana	Plants	255		False
P47131	P47131	Saccharomyces cerevisiae (strain ATCC 204508 / S288c)	Fungi	105		True
Q03201	Q03201	Saccharomyces cerevisiae (strain ATCC 204508 / S288c)	Fungi	203		False
Q6P0N0	Q6P0N0	Homo sapiens	Metazoa	1132		False
P36532	P36532	Saccharomyces cerevisiae (strain ATCC 204508 / S288c)	Fungi	105		False
O61660	O61660	Caenorhabditis elegans	Metazoa	759		False
P08468	P08468	Saccharomyces cerevisiae (strain ATCC 204508 / S288c)	Fungi	800		False
Q15004	Q15004	Homo sapiens	Metazoa	111		False
Q96L50	Q96L50	Homo sapiens	Metazoa	414		False
Q9P0M9	Q9P0M9	Homo sapiens	Metazoa	148		False
A0A075TMP0	A0A075TMP0	Penicillium expansum	Fungi	340		False
Q76PC4	Q76PC4	Schizosaccharomyces pombe (strain 972 / ATCC 24843)	Fungi	562		False
Q09750	Q09750	Schizosaccharomyces pombe (strain 972 / ATCC 24843)	Fungi	1522		False
Q9VC61	Q9VC61	Drosophila melanogaster	Metazoa	755		False
Q96S44	Q96S44	Homo sapiens	Metazoa	253		False
O82204	O82204	Arabidopsis thaliana	Plants	143		False
Q8IN94	Q8IN94	Drosophila melanogaster	Metazoa	2716		False
Q55GJ6	Q55GJ6	Dictyostelium discoideum	Other	214		False
Q15833	Q15833	Homo sapiens	Metazoa	593		False
Q8R2K4	Q8R2K4	Mus musculus	Metazoa	616		False
Q7L592	Q7L592	Homo sapiens	Metazoa	441		False
P29144	P29144	Homo sapiens	Metazoa	1249		False
Q6VN19	Q6VN19	Mus musculus	Metazoa	620		False
P86452	P86452	Homo sapiens	Metazoa	979		False
Q3UHC2	Q3UHC2	Mus musculus	Metazoa	2014		False
Q8WXU2	Q8WXU2	Homo sapiens	Metazoa	420		False
Q11120	Q11120	Schizosaccharomyces pombe (strain 972 / ATCC 24843)	Fungi	515		False
F4IY62	F4IY62	Arabidopsis thaliana	Plants	883		False
A0A2H1A5W4	A0A2H1A5W4	Candidozyma auris	Fungi	679		False
P49728	P49728	Chlamydomonas reinhardtii	Plants	206		True
P38937	P38937	Schizosaccharomyces pombe (strain 972 / ATCC 24843)	Fungi	262		False
Q9UBI1	Q9UBI1	Homo sapiens	Metazoa	195		False
P41895	P41895	Saccharomyces cerevisiae (strain ATCC 204508 / S288c)	Fungi	735		False
P51163	P51163	Mus musculus	Metazoa	265		False
Q08230	Q08230	Saccharomyces cerevisiae (strain ATCC 204508 / S288c)	Fungi	162		False
Q96AG3	Q96AG3	Homo sapiens	Metazoa	418		False
Q9SCL7	Q9SCL7	Arabidopsis thaliana	Plants	347		False
Q9ULR3	Q9ULR3	Homo sapiens	Metazoa	514		False
O43716	O43716	Homo sapiens	Metazoa	136		False
A2ALU4	A2ALU4	Mus musculus	Metazoa	1481		False
P53921	P53921	Saccharomyces cerevisiae (strain ATCC 204508 / S288c)	Fungi	115		False
Q12167	Q12167	Saccharomyces cerevisiae (strain ATCC 204508 / S288c)	Fungi	365		False
S0DPL8	S0DPL8	Gibberella fujikuroi (strain CBS 195.34 / IMI 58289 / NRRL A-6831)	Fungi	389		False
F8VPJ6	F8VPJ6	Mus musculus	Metazoa	1459		False
P92276	P92276	Chlamydomonas reinhardtii	Plants	62		True
P11930	P11930	Mus musculus	Metazoa	357		False
P49367	P49367	Saccharomyces cerevisiae (strain ATCC 204508 / S288c)	Fungi	693		False
P29467	P29467	Saccharomyces cerevisiae (strain ATCC 204508 / S288c)	Fungi	408		False
Q15428	Q15428	Homo sapiens	Metazoa	464		False
P20143	P20143	Hordeum vulgare	Plants	143		False
Q9JJK4	Q9JJK4	Rattus norvegicus	Metazoa	372		True
Q96IZ2	Q96IZ2	Homo sapiens	Metazoa	230		True
Q9NYV7	Q9NYV7	Homo sapiens	Metazoa	291		True
P26645	P26645	Mus musculus	Metazoa	309		False
Q9LS24	Q9LS24	Arabidopsis thaliana	Plants	292		False
Q6P8X9	Q6P8X9	Mus musculus	Metazoa	189		False
P36130	P36130	Saccharomyces cerevisiae (strain ATCC 204508 / S288c)	Fungi	643		False
Q8CC88	Q8CC88	Mus musculus	Metazoa	1905		False
O49629	O49629	Arabidopsis thaliana	Plants	310		False
P36118	P36118	Saccharomyces cerevisiae (strain ATCC 204508 / S288c)	Fungi	322		False
Q9LUI3	Q9LUI3	Arabidopsis thaliana	Plants	695		False
Q9UTI3	Q9UTI3	Schizosaccharomyces pombe (strain 972 / ATCC 24843)	Fungi	177		False
Q9W4S7	Q9W4S7	Drosophila melanogaster	Metazoa	717		False
Q5AP80	Q5AP80	Candida albicans (strain SC5314 / ATCC MYA-2876)	Fungi	785		False
Q03375	Q03375	Saccharomyces cerevisiae (strain ATCC 204508 / S288c)	Fungi	135		False
O75616	O75616	Homo sapiens	Metazoa	437		False
Q21502	Q21502	Caenorhabditis elegans	Metazoa	870		False
Q8NBF2	Q8NBF2	Homo sapiens	Metazoa	726		False
Q8S950	Q8S950	Nicotiana tabacum	Plants	959		False
Q6P3S6	Q6P3S6	Homo sapiens	Metazoa	717		False
F4KFT7	F4KFT7	Arabidopsis thaliana	Plants	617		False
Q06139	Q06139	Saccharomyces cerevisiae (strain ATCC 204508 / S288c)	Fungi	101		False
Q8SWX0	Q8SWX0	Drosophila melanogaster	Metazoa	167		False
P53032	P53032	Saccharomyces cerevisiae (strain ATCC 204508 / S288c)	Fungi	299		False
Q8K3J1	Q8K3J1	Mus musculus	Metazoa	212		False
Q9M3B8	Q9M3B8	Arabidopsis thaliana	Plants	597		False
Q5XG73	Q5XG73	Mus musculus	Metazoa	508		False
Q05979	Q05979	Saccharomyces cerevisiae (strain ATCC 204508 / S288c)	Fungi	453		False
Q9UNA4	Q9UNA4	Homo sapiens	Metazoa	740		False
Q7Z4V0	Q7Z4V0	Homo sapiens	Metazoa	828		False
F4K933	F4K933	Arabidopsis thaliana	Plants	483		False
Q14642	Q14642	Homo sapiens	Metazoa	412		False
Q8GWR1	Q8GWR1	Arabidopsis thaliana	Plants	447		False
Q1K8F6	Q1K8F6	Neurospora crassa (strain ATCC 24698 / 74-OR23-1A / CBS 708.71 / DSM 1257 / FGSC 987)	Fungi	712		False
Q9NPI8	Q9NPI8	Homo sapiens	Metazoa	374		False
P40043	P40043	Saccharomyces cerevisiae (strain ATCC 204508 / S288c)	Fungi	161		False
P30316	P30316	Schizosaccharomyces pombe (strain 972 / ATCC 24843)	Fungi	1086		False
O95551	O95551	Homo sapiens	Metazoa	362		False
Q6ZQL4	Q6ZQL4	Mus musculus	Metazoa	677		False
Q9BLG3	Q9BLG3	Dictyostelium discoideum	Other	431		True
Q6UWF3	Q6UWF3	Homo sapiens	Metazoa	145		True
Q8N165	Q8N165	Homo sapiens	Metazoa	341		False
Q3KN41	Q3KN41	Drosophila melanogaster	Metazoa	1840		False
Q08236	Q08236	Saccharomyces cerevisiae (strain ATCC 204508 / S288c)	Fungi	1176		False
O60284	O60284	Homo sapiens	Metazoa	1047		False
P25298	P25298	Saccharomyces cerevisiae (strain ATCC 204508 / S288c)	Fungi	677		False
Q9P6L9	Q9P6L9	Schizosaccharomyces pombe (strain 972 / ATCC 24843)	Fungi	1038		False
P31228	P31228	Bos taurus	Metazoa	341		False
O14174	O14174	Schizosaccharomyces pombe (strain 972 / ATCC 24843)	Fungi	473		False
Q8TBZ3	Q8TBZ3	Homo sapiens	Metazoa	569		False
P38770	P38770	Saccharomyces cerevisiae (strain ATCC 204508 / S288c)	Fungi	471		False
Q8RWX4	Q8RWX4	Arabidopsis thaliana	Plants	611		False
Q95748	Q95748	Arabidopsis thaliana	Plants	190		False
Q14142	Q14142	Homo sapiens	Metazoa	442		False
Q9LRY0	Q9LRY0	Arabidopsis thaliana	Plants	189		False
Q7Z2Z1	Q7Z2Z1	Homo sapiens	Metazoa	1910		False
Q8BZA9	Q8BZA9	Mus musculus	Metazoa	269		False
Q9Y375	Q9Y375	Homo sapiens	Metazoa	327		False
Q9BZ67	Q9BZ67	Homo sapiens	Metazoa	464		False
O94328	O94328	Schizosaccharomyces pombe (strain 972 / ATCC 24843)	Fungi	141		False
Q10109	Q10109	Schizosaccharomyces pombe (strain 972 / ATCC 24843)	Fungi	688		False
P32179	P32179	Saccharomyces cerevisiae (strain ATCC 204508 / S288c)	Fungi	357		False
Q12094	Q12094	Saccharomyces cerevisiae (strain ATCC 204508 / S288c)	Fungi	313		False
Q9H5U6	Q9H5U6	Homo sapiens	Metazoa	513		False
P78364	P78364	Homo sapiens	Metazoa	1004		False
Q9P797	Q9P797	Schizosaccharomyces pombe (strain 972 / ATCC 24843)	Fungi	1142		False
Q24142	Q24142	Drosophila melanogaster	Metazoa	601		False
J9VI03	J9VI03	Cryptococcus neoformans (strain H99 / ATCC 208821 / CBS 10515 / FGSC 9487)	Fungi	2377		False
A2AKK5	A2AKK5	Mus musculus	Metazoa	416		False
Q9LNE8	Q9LNE8	Arabidopsis thaliana	Plants	200		False
P0C5X8	P0C5X8	Rattus norvegicus	Metazoa	450		True
Q9NYJ1	Q9NYJ1	Homo sapiens	Metazoa	87		False
A8CVF3	A8CVF3	Avicennia marina	Plants	195		False
Q6A078	Q6A078	Mus musculus	Metazoa	2472		False
Q21773	Q21773	Caenorhabditis elegans	Metazoa	489		False
Q960V3	Q960V3	Drosophila melanogaster	Metazoa	1122		False
Q5SNT2	Q5SNT2	Homo sapiens	Metazoa	666		False
Q9VKY1	Q9VKY1	Drosophila melanogaster	Metazoa	268		False
Q15029	Q15029	Homo sapiens	Metazoa	972		False
P34122	P34122	Dictyostelium discoideum	Other	287		False
Q94C69	Q94C69	Arabidopsis thaliana	Plants	301		False
Q9GSF8	Q9GSF8	Euplotes aediculatus	Other	437		False
P13631	P13631	Homo sapiens	Metazoa	454		False
Q9UUI6	Q9UUI6	Schizosaccharomyces pombe (strain 972 / ATCC 24843)	Fungi	466		False
Q39056	Q39056	Arabidopsis thaliana	Plants	270		False
Q9JLR5	Q9JLR5	Mus musculus	Metazoa	209		False
O43396	O43396	Homo sapiens	Metazoa	289		False
P28350	P28350	Neurospora crassa (strain ATCC 24698 / 74-OR23-1A / CBS 708.71 / DSM 1257 / FGSC 987)	Fungi	1093		False
P46939	P46939	Homo sapiens	Metazoa	3433		False
O94868	O94868	Homo sapiens	Metazoa	740		False
P53153	P53153	Saccharomyces cerevisiae (strain ATCC 204508 / S288c)	Fungi	274		True
P40850	P40850	Saccharomyces cerevisiae (strain ATCC 204508 / S288c)	Fungi	830		False
Q9M4B5	Q9M4B5	Arabidopsis thaliana	Plants	129		False
Q9FGV1	Q9FGV1	Arabidopsis thaliana	Plants	811		False
Q9VPH8	Q9VPH8	Drosophila melanogaster	Metazoa	489		False
D0Q0Y7	D0Q0Y7	Rattus norvegicus	Metazoa	160		True
Q7Z6V5	Q7Z6V5	Homo sapiens	Metazoa	191		False
O14311	O14311	Schizosaccharomyces pombe (strain 972 / ATCC 24843)	Fungi	307		False
Q9NYY8	Q9NYY8	Homo sapiens	Metazoa	710		False
P11860	P11860	Mytilus californianus	Metazoa	45		False
Q9VQ89	Q9VQ89	Drosophila melanogaster	Metazoa	867		False
Q8CI15	Q8CI15	Mus musculus	Metazoa	382		False
Q9P7S6	Q9P7S6	Schizosaccharomyces pombe (strain 972 / ATCC 24843)	Fungi	274		False
P78316	P78316	Homo sapiens	Metazoa	857		False
Q6UWZ7	Q6UWZ7	Homo sapiens	Metazoa	409		False
Q9UQ84	Q9UQ84	Homo sapiens	Metazoa	846		False
Q9NX20	Q9NX20	Homo sapiens	Metazoa	251		False
O13838	O13838	Schizosaccharomyces pombe (strain 972 / ATCC 24843)	Fungi	371		False
Q9H4Q4	Q9H4Q4	Homo sapiens	Metazoa	367		False
Q9UGP4	Q9UGP4	Homo sapiens	Metazoa	676		False
Q9SV55	Q9SV55	Arabidopsis thaliana	Plants	425		False
P47910	P47910	Spinacia oleracea	Plants	101		False
Q95XA8	Q95XA8	Caenorhabditis elegans	Metazoa	486		False
Q7S910	Q7S910	Neurospora crassa (strain ATCC 24698 / 74-OR23-1A / CBS 708.71 / DSM 1257 / FGSC 987)	Fungi	263		False
Q9H0Z9	Q9H0Z9	Homo sapiens	Metazoa	239		False
Q91W39	Q91W39	Mus musculus	Metazoa	579		False
Q8BFX3	Q8BFX3	Mus musculus	Metazoa	815		False
P04792	P04792	Homo sapiens	Metazoa	205		False
Q5M755	Q5M755	Arabidopsis thaliana	Plants	273		False
Q9FX31	Q9FX31	Arabidopsis thaliana	Plants	722		False
Q7SZL5	Q7SZL5	Xenopus laevis	Metazoa	1338		False
P38691	P38691	Saccharomyces cerevisiae (strain ATCC 204508 / S288c)	Fungi	1029		False
Q38796	Q38796	Arabidopsis thaliana	Plants	953		False
P34241	P34241	Saccharomyces cerevisiae (strain ATCC 204508 / S288c)	Fungi	1764		False
Q6Q5X2	Q6Q5X2	Saccharomyces cerevisiae (strain ATCC 204508 / S288c)	Fungi	51		False
Q9SRW7	Q9SRW7	Arabidopsis thaliana	Plants	208		False
A8XJ98	A8XJ98	Caenorhabditis briggsae	Metazoa	432		False
P34233	P34233	Saccharomyces cerevisiae (strain ATCC 204508 / S288c)	Fungi	588		False
G4LTX4	G4LTX4	Castanea sativa	Plants	375		False
P38858	P38858	Saccharomyces cerevisiae (strain ATCC 204508 / S288c)	Fungi	249		False
O44498	O44498	Caenorhabditis elegans	Metazoa	1623		False
Q8L627	Q8L627	Arabidopsis thaliana	Plants	375		False
P49686	P49686	Saccharomyces cerevisiae (strain ATCC 204508 / S288c)	Fungi	430		False
Q6YN16	Q6YN16	Homo sapiens	Metazoa	418		False
P32786	P32786	Saccharomyces cerevisiae (strain ATCC 204508 / S288c)	Fungi	894		False
P54103	P54103	Mus musculus	Metazoa	621		False
Q9FJW3	Q9FJW3	Arabidopsis thaliana	Plants	82		True
Q9UQN3	Q9UQN3	Homo sapiens	Metazoa	213		False
Q810F1	Q810F1	Cavia porcellus	Metazoa	705		True
Q8NEY3	Q8NEY3	Homo sapiens	Metazoa	305		False
P48608	P48608	Drosophila melanogaster	Metazoa	1091		False
O74783	O74783	Schizosaccharomyces pombe (strain 972 / ATCC 24843)	Fungi	463		False
Q9UTG8	Q9UTG8	Schizosaccharomyces pombe (strain 972 / ATCC 24843)	Fungi	94		False
P19956	P19956	Saccharomyces cerevisiae (strain ATCC 204508 / S288c)	Fungi	98		False
Q9UBT7	Q9UBT7	Homo sapiens	Metazoa	734		False
O13777	O13777	Schizosaccharomyces pombe (strain 972 / ATCC 24843)	Fungi	217		False
P45951	P45951	Arabidopsis thaliana	Plants	536		False
O14277	O14277	Schizosaccharomyces pombe (strain 972 / ATCC 24843)	Fungi	203		False
P40159	P40159	Saccharomyces cerevisiae (strain ATCC 204508 / S288c)	Fungi	199		False
Q10990	Q10990	Schizosaccharomyces pombe (strain 972 / ATCC 24843)	Fungi	490		False
O48721	O48721	Arabidopsis thaliana	Plants	321		False
Q96QF0	Q96QF0	Homo sapiens	Metazoa	476		False
Q8VC49	Q8VC49	Mus musculus	Metazoa	283		False
P36543	P36543	Homo sapiens	Metazoa	226		False
P53254	P53254	Saccharomyces cerevisiae (strain ATCC 204508 / S288c)	Fungi	1237		False
Q9I8A3	Q9I8A3	Xenopus laevis	Metazoa	294		False
P36163	P36163	Saccharomyces cerevisiae (strain ATCC 204508 / S288c)	Fungi	345		True
O00522	O00522	Homo sapiens	Metazoa	736		False
O80796	O80796	Arabidopsis thaliana	Plants	330		False
Q9LTS6	Q9LTS6	Arabidopsis thaliana	Plants	135		False
Q8L7C9	Q8L7C9	Arabidopsis thaliana	Plants	217		False
Q8WTT2	Q8WTT2	Homo sapiens	Metazoa	800		False
P10898	P10898	Chlamydomonas reinhardtii	Plants	461		True
P32388	P32388	Saccharomyces cerevisiae (strain ATCC 204508 / S288c)	Fungi	137		False
O43679	O43679	Homo sapiens	Metazoa	373		False
O80860	O80860	Arabidopsis thaliana	Plants	695		False
Q91YE8	Q91YE8	Mus musculus	Metazoa	1087		False
Q8NCN4	Q8NCN4	Homo sapiens	Metazoa	708		False
Q8N9N2	Q8N9N2	Homo sapiens	Metazoa	400		False
Q96PZ2	Q96PZ2	Homo sapiens	Metazoa	611		False
Q9H0C3	Q9H0C3	Homo sapiens	Metazoa	514		True
P32626	P32626	Saccharomyces cerevisiae (strain ATCC 204508 / S288c)	Fungi	227		False
P24641	P24641	Bufo japonicus	Metazoa	40		False
Q9LTQ0	Q9LTQ0	Arabidopsis thaliana	Plants	391		False
Q5I0E9	Q5I0E9	Rattus norvegicus	Metazoa	566		True
P06738	P06738	Saccharomyces cerevisiae (strain ATCC 204508 / S288c)	Fungi	902		False
P34253	P34253	Saccharomyces cerevisiae (strain ATCC 204508 / S288c)	Fungi	313		False
Q12386	Q12386	Saccharomyces cerevisiae (strain ATCC 204508 / S288c)	Fungi	881		False
P53187	P53187	Saccharomyces cerevisiae (strain ATCC 204508 / S288c)	Fungi	214		False
Q05568	Q05568	Saccharomyces cerevisiae (strain ATCC 204508 / S288c)	Fungi	337		True
Q03388	Q03388	Saccharomyces cerevisiae (strain ATCC 204508 / S288c)	Fungi	795		False
Q90X64	Q90X64	Xenopus laevis	Metazoa	521		False
P07663	P07663	Drosophila melanogaster	Metazoa	1218		False
Q5TAX3	Q5TAX3	Homo sapiens	Metazoa	1644		False
P09087	P09087	Drosophila melanogaster	Metazoa	493		False
Q12748	Q12748	Saccharomyces cerevisiae (strain ATCC 204508 / S288c)	Fungi	733		False
Q3E7A3	Q3E7A3	Saccharomyces cerevisiae (strain ATCC 204508 / S288c)	Fungi	74		True
P82673	P82673	Homo sapiens	Metazoa	323		False
Q9D011	Q9D011	Mus musculus	Metazoa	178		False
B6HLU1	B6HLU1	Penicillium rubens (strain ATCC 28089 / DSM 1075 / NRRL 1951 / Wisconsin 54-1255)	Fungi	3746		False
P40692	P40692	Homo sapiens	Metazoa	756		False
Q96QF7	Q96QF7	Homo sapiens	Metazoa	691		False
P14164	P14164	Saccharomyces cerevisiae (strain ATCC 204508 / S288c)	Fungi	731		False
P0CG13	P0CG13	Homo sapiens	Metazoa	121		False
Q920F5	Q920F5	Rattus norvegicus	Metazoa	492		False
Q9GS00	Q9GS00	Caenorhabditis elegans	Metazoa	601		False
G5EEV2	G5EEV2	Caenorhabditis elegans	Metazoa	4062		False
Q9VMD6	Q9VMD6	Drosophila melanogaster	Metazoa	659		False
Q9URT8	Q9URT8	Schizosaccharomyces pombe (strain 972 / ATCC 24843)	Fungi	111		False
P29692	P29692	Homo sapiens	Metazoa	281		False
P40517	P40517	Saccharomyces cerevisiae (strain ATCC 204508 / S288c)	Fungi	327		False
Q99315	Q99315	Saccharomyces cerevisiae (strain ATCC 204508 / S288c)	Fungi	1547		False
P07470	P07470	Bos taurus	Metazoa	80		True
Q7S1R6	Q7S1R6	Neurospora crassa (strain ATCC 24698 / 74-OR23-1A / CBS 708.71 / DSM 1257 / FGSC 987)	Fungi	267		False
Q96JZ2	Q96JZ2	Homo sapiens	Metazoa	352		False
Q9HD34	Q9HD34	Homo sapiens	Metazoa	91		False
D3ZGZ6	D3ZGZ6	Rattus norvegicus	Metazoa	127		True
P38727	P38727	Saccharomyces cerevisiae (strain ATCC 204508 / S288c)	Fungi	235		True
Q92355	Q92355	Schizosaccharomyces pombe (strain 972 / ATCC 24843)	Fungi	1687		False
P53999	P53999	Homo sapiens	Metazoa	127		False
Q5SFM8	Q5SFM8	Mus musculus	Metazoa	1060		False
Q12223	Q12223	Saccharomyces cerevisiae (strain ATCC 204508 / S288c)	Fungi	238		False
Q99638	Q99638	Homo sapiens	Metazoa	391		False
O42716	O42716	Aspergillus parasiticus (strain ATCC 56775 / NRRL 5862 / SRRC 143 / SU-1)	Fungi	438		False
Q8WVY7	Q8WVY7	Homo sapiens	Metazoa	318		False
Q1K6Q3	Q1K6Q3	Neurospora crassa (strain ATCC 24698 / 74-OR23-1A / CBS 708.71 / DSM 1257 / FGSC 987)	Fungi	236		False
P03925	P03925	Mus musculus	Metazoa	172		True
Q8H1F7	Q8H1F7	Arabidopsis thaliana	Plants	332		False
Q9CQ79	Q9CQ79	Mus musculus	Metazoa	226		False
Q7YUD6	Q7YUD6	Plasmodium falciparum	Other	669		True
O43805	O43805	Homo sapiens	Metazoa	119		False
Q12132	Q12132	Saccharomyces cerevisiae (strain ATCC 204508 / S288c)	Fungi	391		False
F4JZG9	F4JZG9	Arabidopsis thaliana	Plants	384		False
Q147X3	Q147X3	Homo sapiens	Metazoa	362		False
Q10187	Q10187	Schizosaccharomyces pombe (strain 972 / ATCC 24843)	Fungi	612		False
Q9URQ5	Q9URQ5	Saccharomyces cerevisiae (strain ATCC 204508 / S288c)	Fungi	78		False
G4SLH0	G4SLH0	Caenorhabditis elegans	Metazoa	18562		False
Q93560	Q93560	Caenorhabditis elegans	Metazoa	817		False
Q9QY24	Q9QY24	Mus musculus	Metazoa	411		False
P36521	P36521	Saccharomyces cerevisiae (strain ATCC 204508 / S288c)	Fungi	249		False
Q9LG26	Q9LG26	Arabidopsis thaliana	Plants	689		False
Q05930	Q05930	Saccharomyces cerevisiae (strain ATCC 204508 / S288c)	Fungi	598		False
P15512	P15512	Tetrahymena pyriformis	Other	136		False
Q8R4C2	Q8R4C2	Mus musculus	Metazoa	606		False
Q9UKA1	Q9UKA1	Homo sapiens	Metazoa	691		False
P55088	P55088	Mus musculus	Metazoa	323		True
Q1K5G1	Q1K5G1	Neurospora crassa (strain ATCC 24698 / 74-OR23-1A / CBS 708.71 / DSM 1257 / FGSC 987)	Fungi	320		False
Q53GS7	Q53GS7	Homo sapiens	Metazoa	698		False
O43083	O43083	Schizosaccharomyces pombe (strain 972 / ATCC 24843)	Fungi	338		False
Q03063	Q03063	Saccharomyces cerevisiae (strain ATCC 204508 / S288c)	Fungi	452		False
Q8IZS7	Q8IZS7	Homo sapiens	Metazoa	167		True
Q95T19	Q95T19	Drosophila melanogaster	Metazoa	464		False
P82929	P82929	Bos taurus	Metazoa	218		False
Q8NDF8	Q8NDF8	Homo sapiens	Metazoa	572		False
P25398	P25398	Homo sapiens	Metazoa	132		False
Q9SE43	Q9SE43	Arabidopsis thaliana	Plants	842		False
Q12107	Q12107	Saccharomyces cerevisiae (strain ATCC 204508 / S288c)	Fungi	265		False
P52901	P52901	Arabidopsis thaliana	Plants	389		False
Q92374	Q92374	Schizosaccharomyces pombe (strain 972 / ATCC 24843)	Fungi	104		False
P17558	P17558	Saccharomyces cerevisiae (strain ATCC 204508 / S288c)	Fungi	318		False
Q03338	Q03338	Saccharomyces cerevisiae (strain ATCC 204508 / S288c)	Fungi	469		False
Q8WVF1	Q8WVF1	Homo sapiens	Metazoa	389		False
O13710	O13710	Schizosaccharomyces pombe (strain 972 / ATCC 24843)	Fungi	1076		False
Q9NR00	Q9NR00	Homo sapiens	Metazoa	106		False
Q93YN0	Q93YN0	Arabidopsis thaliana	Plants	187		False
P03911	P03911	Mus musculus	Metazoa	459		True
Q9BQL6	Q9BQL6	Homo sapiens	Metazoa	677		False
Q12104	Q12104	Saccharomyces cerevisiae (strain ATCC 204508 / S288c)	Fungi	458		False
Q9FFH1	Q9FFH1	Arabidopsis thaliana	Plants	1694		False
P35192	P35192	Saccharomyces cerevisiae (strain ATCC 204508 / S288c)	Fungi	417		False
P62483	P62483	Rattus norvegicus	Metazoa	367		False
Q8CJ26	Q8CJ26	Mus musculus	Metazoa	228		True
Q03631	Q03631	Saccharomyces cerevisiae (strain ATCC 204508 / S288c)	Fungi	944		False
P87169	P87169	Schizosaccharomyces pombe (strain 972 / ATCC 24843)	Fungi	676		False
Q9BSV6	Q9BSV6	Homo sapiens	Metazoa	310		False
P49435	P49435	Saccharomyces cerevisiae (strain ATCC 204508 / S288c)	Fungi	187		False
Q84VZ1	Q84VZ1	Arabidopsis thaliana	Plants	245		False
P32063	P32063	Coriandrum sativum	Plants	385		False
Q9QXM1	Q9QXM1	Mus musculus	Metazoa	983		False
O80669	O80669	Arabidopsis thaliana	Plants	141		False
Q14690	Q14690	Homo sapiens	Metazoa	1871		False
Q9D1F4	Q9D1F4	Mus musculus	Metazoa	257		False
Q99829	Q99829	Homo sapiens	Metazoa	537		False
Q96CM3	Q96CM3	Homo sapiens	Metazoa	377		False
Q07053	Q07053	Crithidia fasciculata	Other	128		False
P09017	P09017	Homo sapiens	Metazoa	264		False
Q80ZG2	Q80ZG2	Rattus norvegicus	Metazoa	678		False
Q7L5Y1	Q7L5Y1	Homo sapiens	Metazoa	443		False
P47085	P47085	Saccharomyces cerevisiae (strain ATCC 204508 / S288c)	Fungi	338		False
P57105	P57105	Homo sapiens	Metazoa	145		False
Q9H9P5	Q9H9P5	Homo sapiens	Metazoa	680		False
Q9ZWA1	Q9ZWA1	Arabidopsis thaliana	Plants	393		False
Q6UXV4	Q6UXV4	Homo sapiens	Metazoa	268		False
Q53H82	Q53H82	Homo sapiens	Metazoa	288		False
P10795	P10795	Arabidopsis thaliana	Plants	180		False
Q969H6	Q969H6	Homo sapiens	Metazoa	163		False
P53990	P53990	Homo sapiens	Metazoa	364		False
Q14686	Q14686	Homo sapiens	Metazoa	2063		False
Q8NFU0	Q8NFU0	Homo sapiens	Metazoa	473		True
Q9VFK6	Q9VFK6	Drosophila melanogaster	Metazoa	691		False
P38637	P38637	Saccharomyces cerevisiae (strain ATCC 204508 / S288c)	Fungi	319		False
Q92247	Q92247	Neurospora crassa (strain ATCC 24698 / 74-OR23-1A / CBS 708.71 / DSM 1257 / FGSC 987)	Fungi	412		False
P38140	P38140	Saccharomyces cerevisiae (strain ATCC 204508 / S288c)	Fungi	529		False
P22135	P22135	Saccharomyces cerevisiae (strain ATCC 204508 / S288c)	Fungi	325		False
O88379	O88379	Mus musculus	Metazoa	1555		False
O65282	O65282	Arabidopsis thaliana	Plants	253		False
P40368	P40368	Saccharomyces cerevisiae (strain ATCC 204508 / S288c)	Fungi	713		False
Q39161	Q39161	Arabidopsis thaliana	Plants	586		False
Q9H147	Q9H147	Homo sapiens	Metazoa	329		False
Q9P6M0	Q9P6M0	Schizosaccharomyces pombe (strain 972 / ATCC 24843)	Fungi	419		False
F1M386	F1M386	Rattus norvegicus	Metazoa	1496		False
O60306	O60306	Homo sapiens	Metazoa	1485		False
P32380	P32380	Saccharomyces cerevisiae (strain ATCC 204508 / S288c)	Fungi	944		False
Q9UTT2	Q9UTT2	Schizosaccharomyces pombe (strain 972 / ATCC 24843)	Fungi	1206		False
Q8BG87	Q8BG87	Mus musculus	Metazoa	1803		False
P24482	P24482	Saccharomyces cerevisiae (strain ATCC 204508 / S288c)	Fungi	689		False
Q0WVF8	Q0WVF8	Arabidopsis thaliana	Plants	1134		False
Q99496	Q99496	Homo sapiens	Metazoa	336		False
Q9UN81	Q9UN81	Homo sapiens	Metazoa	338		False
Q6XUX1	Q6XUX1	Mus musculus	Metazoa	927		False
Q62924	Q62924	Rattus norvegicus	Metazoa	1129		False
P46962	P46962	Saccharomyces cerevisiae (strain ATCC 204508 / S288c)	Fungi	323		False
Q0VD83	Q0VD83	Homo sapiens	Metazoa	1097		False
O82660	O82660	Arabidopsis thaliana	Plants	403		False
P35557	P35557	Homo sapiens	Metazoa	465		False
P38710	P38710	Saccharomyces cerevisiae (strain ATCC 204508 / S288c)	Fungi	295		False
P18608	P18608	Mus musculus	Metazoa	96		False
Q9CAI2	Q9CAI2	Arabidopsis thaliana	Plants	414		False
O95071	O95071	Homo sapiens	Metazoa	2799		False
C8VP82	C8VP82	Emericella nidulans (strain FGSC A4 / ATCC 38163 / CBS 112.46 / NRRL 194 / M139)	Fungi	339		False
Q9NZM5	Q9NZM5	Homo sapiens	Metazoa	478		False
A2AKX3	A2AKX3	Mus musculus	Metazoa	2646		False
P80299	P80299	Rattus norvegicus	Metazoa	554		False
Q13342	Q13342	Homo sapiens	Metazoa	867		False
O43504	O43504	Homo sapiens	Metazoa	91		False
Q8T0D4	Q8T0D4	Drosophila melanogaster	Metazoa	299		False
P38323	P38323	Saccharomyces cerevisiae (strain ATCC 204508 / S288c)	Fungi	520		False
P91943	P91943	Drosophila melanogaster	Metazoa	751		False
Q9LQ98	Q9LQ98	Arabidopsis thaliana	Plants	345		False
P00813	P00813	Homo sapiens	Metazoa	363		False
P33895	P33895	Saccharomyces cerevisiae (strain ATCC 204508 / S288c)	Fungi	451		False
P0CY08	P0CY08	Saccharomyces cerevisiae (strain ATCC 204508 / S288c)	Fungi	210		False
Q9JKX3	Q9JKX3	Mus musculus	Metazoa	798		True
F4I2J8	F4I2J8	Arabidopsis thaliana	Plants	716		False
O22267	O22267	Arabidopsis thaliana	Plants	1122		True
P58234	P58234	Schizosaccharomyces pombe (strain 972 / ATCC 24843)	Fungi	144		False
I6PL68	I6PL68	Oryza sativa subsp. japonica	Plants	303		False
Q22323	Q22323	Caenorhabditis elegans	Metazoa	283		False
D4AEP3	D4AEP3	Rattus norvegicus	Metazoa	194		True
Q8NEZ4	Q8NEZ4	Homo sapiens	Metazoa	4911		False
Q9FJI5	Q9FJI5	Arabidopsis thaliana	Plants	515		False
P47821	P47821	Saccharomyces cerevisiae (strain ATCC 204508 / S288c)	Fungi	323		False
O70337	O70337	Mus musculus	Metazoa	150		False
P55197	P55197	Homo sapiens	Metazoa	1068		False
P47077	P47077	Saccharomyces cerevisiae (strain ATCC 204508 / S288c)	Fungi	666		False
Q9M2X3	Q9M2X3	Arabidopsis thaliana	Plants	295		False
P32505	P32505	Saccharomyces cerevisiae (strain ATCC 204508 / S288c)	Fungi	525		False
Q9LEZ1	Q9LEZ1	Arabidopsis thaliana	Plants	144		False
Q9BZV1	Q9BZV1	Homo sapiens	Metazoa	441		False
A0A5E4M3Q4	A0A5E4M3Q4	Caenorhabditis elegans	Metazoa	554		False
O00623	O00623	Homo sapiens	Metazoa	359		True
O14423	O14423	Schizosaccharomyces pombe (strain 972 / ATCC 24843)	Fungi	514		False
Q9BWC9	Q9BWC9	Homo sapiens	Metazoa	280		False
P18887	P18887	Homo sapiens	Metazoa	633		False
P38830	P38830	Saccharomyces cerevisiae (strain ATCC 204508 / S288c)	Fungi	627		False
P51948	P51948	Homo sapiens	Metazoa	309		False
Q16342	Q16342	Homo sapiens	Metazoa	344		False
Q6UW78	Q6UW78	Homo sapiens	Metazoa	93		True
G7JND3	G7JND3	Medicago truncatula	Plants	620		True
P23225	P23225	Zea mays	Plants	1616		False
Q8N1G0	Q8N1G0	Homo sapiens	Metazoa	1237		False
Q94EH2	Q94EH2	Arabidopsis thaliana	Plants	210		True
Q6Z1Z3	Q6Z1Z3	Oryza sativa subsp. japonica	Plants	362		False
P51810	P51810	Homo sapiens	Metazoa	404		True
Q8IHY1	Q8IHY1	Plasmodium falciparum (isolate 3D7)	Other	4226		False
Q9QXX8	Q9QXX8	Mus musculus	Metazoa	484		False
Q8H1D3	Q8H1D3	Arabidopsis thaliana	Plants	571		False
Q12084	Q12084	Saccharomyces cerevisiae (strain ATCC 204508 / S288c)	Fungi	232		False
P28776	P28776	Mus musculus	Metazoa	407		False
Q9BXV9	Q9BXV9	Homo sapiens	Metazoa	100		False
P25284	P25284	Neurospora crassa (strain ATCC 24698 / 74-OR23-1A / CBS 708.71 / DSM 1257 / FGSC 987)	Fungi	375		False
Q7Z3K3	Q7Z3K3	Homo sapiens	Metazoa	1410		False
P16383	P16383	Homo sapiens	Metazoa	781		False
Q9P3B2	Q9P3B2	Schizosaccharomyces pombe (strain 972 / ATCC 24843)	Fungi	242		True
Q9BSF8	Q9BSF8	Homo sapiens	Metazoa	475		False
Q9SGY2	Q9SGY2	Arabidopsis thaliana	Plants	423		False
Q62847	Q62847	Rattus norvegicus	Metazoa	705		False
Q06512	Q06512	Saccharomyces cerevisiae (strain ATCC 204508 / S288c)	Fungi	552		False
P39705	P39705	Saccharomyces cerevisiae (strain ATCC 204508 / S288c)	Fungi	539		False
Q99808	Q99808	Homo sapiens	Metazoa	456		True
Q03213	Q03213	Saccharomyces cerevisiae (strain ATCC 204508 / S288c)	Fungi	719		False
Q96I59	Q96I59	Homo sapiens	Metazoa	477		False
Q9NPI6	Q9NPI6	Homo sapiens	Metazoa	582		False
P24391	P24391	Neurospora crassa (strain ATCC 24698 / 74-OR23-1A / CBS 708.71 / DSM 1257 / FGSC 987)	Fungi	349		False
P13469	P13469	Drosophila melanogaster	Metazoa	542		False
O74517	O74517	Schizosaccharomyces pombe (strain 972 / ATCC 24843)	Fungi	278		False
Q9US07	Q9US07	Schizosaccharomyces pombe (strain 972 / ATCC 24843)	Fungi	662		False
A8MPH9	A8MPH9	Drosophila melanogaster	Metazoa	722		False
P68350	P68350	Arabidopsis thaliana	Plants	175		False
G5EBV0	G5EBV0	Caenorhabditis elegans	Metazoa	723		False
Q3URS9	Q3URS9	Mus musculus	Metazoa	406		False
P53331	P53331	Saccharomyces cerevisiae (strain ATCC 204508 / S288c)	Fungi	553		False
P53081	P53081	Saccharomyces cerevisiae (strain ATCC 204508 / S288c)	Fungi	288		False
C6TCZ5	C6TCZ5	Glycine max	Plants	232		False
Q9HBI1	Q9HBI1	Homo sapiens	Metazoa	364		False
O36024	O36024	Schizosaccharomyces pombe (strain 972 / ATCC 24843)	Fungi	280		False
P09119	P09119	Saccharomyces cerevisiae (strain ATCC 204508 / S288c)	Fungi	513		False
A6NFN3	A6NFN3	Homo sapiens	Metazoa	312		False
P40855	P40855	Homo sapiens	Metazoa	299		False
Q80W99	Q80W99	Mus musculus	Metazoa	395		True
Q9Y2M0	Q9Y2M0	Homo sapiens	Metazoa	1017		False
Q94AG6	Q94AG6	Arabidopsis thaliana	Plants	325		True
Q13573	Q13573	Homo sapiens	Metazoa	536		False
Q6NVF4	Q6NVF4	Mus musculus	Metazoa	1074		False
Q8N8Q8	Q8N8Q8	Homo sapiens	Metazoa	333		False
P14868	P14868	Homo sapiens	Metazoa	501		False
O00910	O00910	Dictyostelium discoideum	Other	707		False
P38790	P38790	Saccharomyces cerevisiae (strain ATCC 204508 / S288c)	Fungi	280		False
Q02969	Q02969	Saccharomyces cerevisiae (strain ATCC 204508 / S288c)	Fungi	394		False
P19955	P19955	Saccharomyces cerevisiae (strain ATCC 204508 / S288c)	Fungi	123		False
P24329	P24329	Rattus norvegicus	Metazoa	297		False
Q96DV4	Q96DV4	Homo sapiens	Metazoa	380		False
P99028	P99028	Mus musculus	Metazoa	89		False
Q9Y6W5	Q9Y6W5	Homo sapiens	Metazoa	498		False
P53911	P53911	Saccharomyces cerevisiae (strain ATCC 204508 / S288c)	Fungi	425		False
O00291	O00291	Homo sapiens	Metazoa	1037		False
Q9CQ54	Q9CQ54	Mus musculus	Metazoa	120		True
A0A0D1CRD0	A0A0D1CRD0	Mycosarcoma maydis	Fungi	550		False
Q56A73	Q56A73	Homo sapiens	Metazoa	249		False
Q16534	Q16534	Homo sapiens	Metazoa	295		False
Q6PRD7	Q6PRD7	Homo sapiens	Metazoa	247		False
G5EED4	G5EED4	Caenorhabditis elegans	Metazoa	655		False
Q6ZTU2	Q6ZTU2	Homo sapiens	Metazoa	488		False
O74388	O74388	Schizosaccharomyces pombe (strain 972 / ATCC 24843)	Fungi	301		False
Q99741	Q99741	Homo sapiens	Metazoa	560		False
P09085	P09085	Drosophila melanogaster	Metazoa	427		False
P33417	P33417	Saccharomyces cerevisiae (strain ATCC 204508 / S288c)	Fungi	597		False
Q8IEG9	Q8IEG9	Plasmodium falciparum (isolate 3D7)	Other	408		False
P20941	P20941	Homo sapiens	Metazoa	246		False
K4CF70	K4CF70	Solanum lycopersicum	Plants	476		False
Q9H0U6	Q9H0U6	Homo sapiens	Metazoa	180		False
Q9Y3R4	Q9Y3R4	Homo sapiens	Metazoa	380		False
O75496	O75496	Homo sapiens	Metazoa	209		False
O94851	O94851	Homo sapiens	Metazoa	1957		False
Q6IBW4	Q6IBW4	Homo sapiens	Metazoa	605		False
Q8N3F8	Q8N3F8	Homo sapiens	Metazoa	863		False
Q8TDR4	Q8TDR4	Homo sapiens	Metazoa	215		False
Q5SS91	Q5SS91	Mus musculus	Metazoa	320		True
Q6PGP7	Q6PGP7	Homo sapiens	Metazoa	1564		False
H2KZB2	H2KZB2	Caenorhabditis elegans	Metazoa	603		True
O09130	O09130	Mus musculus	Metazoa	412		False
P92506	P92506	Ascaris suum	Metazoa	188		True
D3ZX63	D3ZX63	Rattus norvegicus	Metazoa	334		False
Q01663	Q01663	Schizosaccharomyces pombe (strain 972 / ATCC 24843)	Fungi	552		False
Q07794	Q07794	Saccharomyces cerevisiae (strain ATCC 204508 / S288c)	Fungi	436		False
Q9BXL5	Q9BXL5	Homo sapiens	Metazoa	484		False
P38809	P38809	Saccharomyces cerevisiae (strain ATCC 204508 / S288c)	Fungi	366		False
Q8S9K3	Q8S9K3	Arabidopsis thaliana	Plants	758		False
Q07923	Q07923	Saccharomyces cerevisiae (strain ATCC 204508 / S288c)	Fungi	191		False
Q9HAV4	Q9HAV4	Homo sapiens	Metazoa	1204		False
Q0E3V2	Q0E3V2	Oryza sativa subsp. japonica	Plants	165		False
Q9M3I4	Q9M3I4	Spinacia oleracea	Plants	90		False
Q8R151	Q8R151	Mus musculus	Metazoa	1909		False
Q6Q547	Q6Q547	Saccharomyces cerevisiae (strain ATCC 204508 / S288c)	Fungi	58		False
P22516	P22516	Saccharomyces cerevisiae (strain ATCC 204508 / S288c)	Fungi	861		False
B1AUS7	B1AUS7	Mus musculus	Metazoa	101		False
Q12400	Q12400	Saccharomyces cerevisiae (strain ATCC 204508 / S288c)	Fungi	293		False
Q7RYW7	Q7RYW7	Neurospora crassa (strain ATCC 24698 / 74-OR23-1A / CBS 708.71 / DSM 1257 / FGSC 987)	Fungi	396		False
P25364	P25364	Saccharomyces cerevisiae (strain ATCC 204508 / S288c)	Fungi	564		False
P32529	P32529	Saccharomyces cerevisiae (strain ATCC 204508 / S288c)	Fungi	125		False
Q20977	Q20977	Caenorhabditis elegans	Metazoa	567		False
Q9LF68	Q9LF68	Arabidopsis thaliana	Plants	177		False
Q03111	Q03111	Homo sapiens	Metazoa	559		False
Q96EH3	Q96EH3	Homo sapiens	Metazoa	234		False
Q5FW52	Q5FW52	Mus musculus	Metazoa	967		False
Q15038	Q15038	Homo sapiens	Metazoa	168		False
Q9UIG0	Q9UIG0	Homo sapiens	Metazoa	1483		False
P40515	P40515	Saccharomyces cerevisiae (strain ATCC 204508 / S288c)	Fungi	155		False
Q9CA45	Q9CA45	Arabidopsis thaliana	Plants	147		False
Q15025	Q15025	Homo sapiens	Metazoa	636		False
Q8WXX5	Q8WXX5	Homo sapiens	Metazoa	260		False
G1UH28	G1UH28	Punica granatum	Plants	299		False
Q9GZQ3	Q9GZQ3	Homo sapiens	Metazoa	224		False
Q9UUC7	Q9UUC7	Schizosaccharomyces pombe (strain 972 / ATCC 24843)	Fungi	366		False
P28066	P28066	Homo sapiens	Metazoa	241		False
Q7ZW57	Q7ZW57	Xenopus laevis	Metazoa	334		False
I1RC73	I1RC73	Gibberella zeae (strain ATCC MYA-4620 / CBS 123657 / FGSC 9075 / NRRL 31084 / PH-1)	Fungi	492		False
P48412	P48412	Saccharomyces cerevisiae (strain ATCC 204508 / S288c)	Fungi	387		False
Q6UL01	Q6UL01	Mus musculus	Metazoa	79		False
Q6PID8	Q6PID8	Homo sapiens	Metazoa	442		False
G5ECG2	G5ECG2	Caenorhabditis elegans	Metazoa	467		False
P17655	P17655	Homo sapiens	Metazoa	700		False
Q9BWW7	Q9BWW7	Homo sapiens	Metazoa	348		False
Q9V452	Q9V452	Drosophila melanogaster	Metazoa	140		False
Q9BZJ7	Q9BZJ7	Homo sapiens	Metazoa	368		True
Q9NW13	Q9NW13	Homo sapiens	Metazoa	759		False
P50535	P50535	Drosophila melanogaster	Metazoa	1039		False
P09114	P09114	Nicotiana tabacum	Plants	664		False
P47118	P47118	Saccharomyces cerevisiae (strain ATCC 204508 / S288c)	Fungi	141		False
Q8L7F7	Q8L7F7	Arabidopsis thaliana	Plants	739		False
Q12024	Q12024	Saccharomyces cerevisiae (strain ATCC 204508 / S288c)	Fungi	460		False
E3SCZ8	E3SCZ8	Cavia porcellus	Metazoa	142		False
O74354	O74354	Schizosaccharomyces pombe (strain 972 / ATCC 24843)	Fungi	599		False
P56286	P56286	Schizosaccharomyces pombe (strain 972 / ATCC 24843)	Fungi	306		False
Q3MK94	Q3MK94	Arabidopsis thaliana	Plants	428		False
A0A0D1E3S6	A0A0D1E3S6	Mycosarcoma maydis	Fungi	591		False
Q96CJ1	Q96CJ1	Homo sapiens	Metazoa	260		False
Q8GSJ6	Q8GSJ6	Arabidopsis thaliana	Plants	154		True
Q9JHS2	Q9JHS2	Rattus norvegicus	Metazoa	662		False
P40798	P40798	Drosophila melanogaster	Metazoa	1106		False
Q7FAD5	Q7FAD5	Oryza sativa subsp. japonica	Plants	869		False
Q84Y18	Q84Y18	Arabidopsis thaliana	Plants	332		False
Q9ULU4	Q9ULU4	Homo sapiens	Metazoa	1186		False
P25453	P25453	Saccharomyces cerevisiae (strain ATCC 204508 / S288c)	Fungi	334		False
Q8CD10	Q8CD10	Mus musculus	Metazoa	432		False
O80883	O80883	Arabidopsis thaliana	Plants	490		False
P28907	P28907	Homo sapiens	Metazoa	300		True
Q9BW66	Q9BW66	Homo sapiens	Metazoa	212		False
O13725	O13725	Schizosaccharomyces pombe (strain 972 / ATCC 24843)	Fungi	242		False
Q84VQ4	Q84VQ4	Arabidopsis thaliana	Plants	218		False
P38870	P38870	Saccharomyces cerevisiae (strain ATCC 204508 / S288c)	Fungi	785		False
Q9LF79	Q9LF79	Arabidopsis thaliana	Plants	1074		False
G5ECD9	G5ECD9	Caenorhabditis elegans	Metazoa	321		True
Q7SHB2	Q7SHB2	Neurospora crassa (strain ATCC 24698 / 74-OR23-1A / CBS 708.71 / DSM 1257 / FGSC 987)	Fungi	348		False
Q12136	Q12136	Saccharomyces cerevisiae (strain ATCC 204508 / S288c)	Fungi	610		False
P29350	P29350	Homo sapiens	Metazoa	595		False
Q2TAK8	Q2TAK8	Homo sapiens	Metazoa	710		False
B9EJG8	B9EJG8	Homo sapiens	Metazoa	249		True
P27338	P27338	Homo sapiens	Metazoa	520		False
Q9LS90	Q9LS90	Arabidopsis thaliana	Plants	460		False
Q9C5Y0	Q9C5Y0	Arabidopsis thaliana	Plants	868		False
Q99JS0	Q99JS0	Mus musculus	Metazoa	100		True
Q12333	Q12333	Saccharomyces cerevisiae (strain ATCC 204508 / S288c)	Fungi	620		True
O94993	O94993	Homo sapiens	Metazoa	753		False
Q0JHU5	Q0JHU5	Oryza sativa subsp. japonica	Plants	159		False
P56277	P56277	Homo sapiens	Metazoa	68		False
P39994	P39994	Saccharomyces cerevisiae (strain ATCC 204508 / S288c)	Fungi	560		False
Q7LL22	Q7LL22	Schizosaccharomyces pombe (strain 972 / ATCC 24843)	Fungi	462		False
Q969P6	Q969P6	Homo sapiens	Metazoa	601		False
A0A2K8FQU5	A0A2K8FQU5	Catharanthus roseus	Plants	436		False
P22798	P22798	Spinacia oleracea	Plants	271		False
F4KAV2	F4KAV2	Arabidopsis thaliana	Plants	442		False
P0CT67	P0CT67	Schizosaccharomyces pombe (strain 972 / ATCC 24843)	Fungi	152		False
Q12219	Q12219	Saccharomyces cerevisiae (strain ATCC 204508 / S288c)	Fungi	294		False
Q7L5D6	Q7L5D6	Homo sapiens	Metazoa	327		False
Q40477	Q40477	Nicotiana tabacum	Plants	225		False
P09457	P09457	Saccharomyces cerevisiae (strain ATCC 204508 / S288c)	Fungi	212		False
Q12354	Q12354	Saccharomyces cerevisiae (strain ATCC 204508 / S288c)	Fungi	227		False
Q9SX29	Q9SX29	Arabidopsis thaliana	Plants	159		False
Q8R4F0	Q8R4F0	Mus musculus	Metazoa	553		True
Q96EL1	Q96EL1	Homo sapiens	Metazoa	287		False
Q9TYT3	Q9TYT3	Caenorhabditis elegans	Metazoa	316		False
P32526	P32526	Saccharomyces cerevisiae (strain ATCC 204508 / S288c)	Fungi	644		False
Q15286	Q15286	Homo sapiens	Metazoa	201		False
O14492	O14492	Homo sapiens	Metazoa	632		False
P63212	P63212	Bos taurus	Metazoa	71		False
Q9SSA5	Q9SSA5	Arabidopsis thaliana	Plants	437		False
P42117	P42117	Neurospora crassa (strain ATCC 24698 / 74-OR23-1A / CBS 708.71 / DSM 1257 / FGSC 987)	Fungi	82		True
Q6ZWK4	Q6ZWK4	Homo sapiens	Metazoa	172		True
Q8K0U4	Q8K0U4	Mus musculus	Metazoa	675		False
Q9UU83	Q9UU83	Schizosaccharomyces pombe (strain 972 / ATCC 24843)	Fungi	425		False
Q96NY9	Q96NY9	Homo sapiens	Metazoa	551		False
Q9Y3S2	Q9Y3S2	Homo sapiens	Metazoa	320		False
O88845	O88845	Mus musculus	Metazoa	662		False
Q925D4	Q925D4	Rattus norvegicus	Metazoa	263		True
Q08062	Q08062	Zea mays	Plants	332		False
Q680Q4	Q680Q4	Arabidopsis thaliana	Plants	884		False
Q08421	Q08421	Saccharomyces cerevisiae (strain ATCC 204508 / S288c)	Fungi	412		False
Q8GS60	Q8GS60	Arabidopsis thaliana	Plants	462		False
P0DPI2	P0DPI2	Homo sapiens	Metazoa	268		False
P04921	P04921	Homo sapiens	Metazoa	128		True
Q8CGY6	Q8CGY6	Mus musculus	Metazoa	931		False
Q9VPH0	Q9VPH0	Drosophila melanogaster	Metazoa	869		False
Q84JL7	Q84JL7	Arabidopsis thaliana	Plants	330		False
Q9Z0Z7	Q9Z0Z7	Mus musculus	Metazoa	446		False
Q8L557	Q8L557	Arabidopsis thaliana	Plants	202		False
P42114	P42114	Neurospora crassa (strain ATCC 24698 / 74-OR23-1A / CBS 708.71 / DSM 1257 / FGSC 987)	Fungi	124		False
Q9DB00	Q9DB00	Mus musculus	Metazoa	2260		False
Q9JJL0	Q9JJL0	Mus musculus	Metazoa	238		False
O55230	O55230	Mus musculus	Metazoa	329		False
Q9UKK3	Q9UKK3	Homo sapiens	Metazoa	1724		False
P79943	P79943	Xenopus laevis	Metazoa	254		False
Q6VY05	Q6VY05	Mus musculus	Metazoa	352		False
O04714	O04714	Arabidopsis thaliana	Plants	326		True
Q12159	Q12159	Saccharomyces cerevisiae (strain ATCC 204508 / S288c)	Fungi	226		False
Q9C6X2	Q9C6X2	Arabidopsis thaliana	Plants	264		False
Q8NBA8	Q8NBA8	Homo sapiens	Metazoa	298		False
Q6IPR1	Q6IPR1	Homo sapiens	Metazoa	90		False
Q9VGZ5	Q9VGZ5	Drosophila melanogaster	Metazoa	698		False
Q2WG80	Q2WG80	Danio rerio	Metazoa	140		False
Q7KZN9	Q7KZN9	Homo sapiens	Metazoa	410		True
P47057	P47057	Saccharomyces cerevisiae (strain ATCC 204508 / S288c)	Fungi	423		False
P21549	P21549	Homo sapiens	Metazoa	392		False
Q8C5P7	Q8C5P7	Mus musculus	Metazoa	182		False
Q8GWQ6	Q8GWQ6	Arabidopsis thaliana	Plants	232		False
Q04052	Q04052	Saccharomyces cerevisiae (strain ATCC 204508 / S288c)	Fungi	950		False
Q0VGT2	Q0VGT2	Mus musculus	Metazoa	1544		False
Q9CAF5	Q9CAF5	Arabidopsis thaliana	Plants	338		False
Q99590	Q99590	Homo sapiens	Metazoa	1463		False
Q60707	Q60707	Mus musculus	Metazoa	711		False
Q10198	Q10198	Schizosaccharomyces pombe (strain 972 / ATCC 24843)	Fungi	624		False
Q3UUF8	Q3UUF8	Mus musculus	Metazoa	508		False
Q99ML0	Q99ML0	Mus musculus	Metazoa	440		False
Q8LGJ5	Q8LGJ5	Arabidopsis thaliana	Plants	276		False
Q9URZ4	Q9URZ4	Schizosaccharomyces pombe (strain 972 / ATCC 24843)	Fungi	587		False
O14114	O14114	Schizosaccharomyces pombe (strain 972 / ATCC 24843)	Fungi	1190		False
P32335	P32335	Saccharomyces cerevisiae (strain ATCC 204508 / S288c)	Fungi	436		False
Q96PK6	Q96PK6	Homo sapiens	Metazoa	669		False
P84996	P84996	Homo sapiens	Metazoa	626		False
P78753	P78753	Schizosaccharomyces pombe (strain 972 / ATCC 24843)	Fungi	557		False
Q8WVT3	Q8WVT3	Homo sapiens	Metazoa	735		False
Q9CPR8	Q9CPR8	Mus musculus	Metazoa	279		False
Q69YI7	Q69YI7	Homo sapiens	Metazoa	327		False
P82658	P82658	Arabidopsis thaliana	Plants	229		False
E5FYH0	E5FYH0	Ovis aries	Metazoa	1599		False
C8KI33	C8KI33	Arabidopsis thaliana	Plants	646		False
P48382	P48382	Homo sapiens	Metazoa	616		False
A2A8T7	A2A8T7	Mus musculus	Metazoa	201		True
Q80TH2	Q80TH2	Mus musculus	Metazoa	1402		False
P22936	P22936	Saccharomyces cerevisiae (strain ATCC 204508 / S288c)	Fungi	367		False
Q9D2V8	Q9D2V8	Mus musculus	Metazoa	456		True
C4LY96	C4LY96	Entamoeba histolytica (strain ATCC 30459 / HM-1:IMSS / ABRM)	Other	1151		False
P06894	P06894	Platynereis dumerilii	Metazoa	121		False
Q6MG82	Q6MG82	Rattus norvegicus	Metazoa	306		False
Q8T498	Q8T498	Drosophila melanogaster	Metazoa	1580		False
Q96CB8	Q96CB8	Homo sapiens	Metazoa	462		False
Q13428	Q13428	Homo sapiens	Metazoa	1488		False
Q12146	Q12146	Saccharomyces cerevisiae (strain ATCC 204508 / S288c)	Fungi	194		False
O74317	O74317	Schizosaccharomyces pombe (strain 972 / ATCC 24843)	Fungi	113		False
P83103	P83103	Drosophila melanogaster	Metazoa	566		False
F4JCC1	F4JCC1	Arabidopsis thaliana	Plants	992		False
Q80WT4	Q80WT4	Mus musculus	Metazoa	515		True
P32336	P32336	Saccharomyces cerevisiae (strain ATCC 204508 / S288c)	Fungi	851		False
Q19LA2	Q19LA2	Colocasia esculenta	Plants	84		False
P46681	P46681	Saccharomyces cerevisiae (strain ATCC 204508 / S288c)	Fungi	530		False
G5E8K5	G5E8K5	Mus musculus	Metazoa	1961		False
Q13285	Q13285	Homo sapiens	Metazoa	461		False
A0A5F8MPU3	A0A5F8MPU3	Mus musculus	Metazoa	2282		False
Q3ED65	Q3ED65	Arabidopsis thaliana	Plants	261		False
Q22812	Q22812	Caenorhabditis elegans	Metazoa	399		False
P0C869	P0C869	Homo sapiens	Metazoa	781		False
Q9N425	Q9N425	Caenorhabditis elegans	Metazoa	501		False
P51826	P51826	Homo sapiens	Metazoa	1226		False
O94632	O94632	Schizosaccharomyces pombe (strain 972 / ATCC 24843)	Fungi	773		False
O60829	O60829	Homo sapiens	Metazoa	102		False
Q9R0X4	Q9R0X4	Mus musculus	Metazoa	439		False
P27707	P27707	Homo sapiens	Metazoa	260		False
P53568	P53568	Mus musculus	Metazoa	150		False
Q54HI5	Q54HI5	Dictyostelium discoideum	Other	716		False
Q8IY92	Q8IY92	Homo sapiens	Metazoa	1834		False
P03920	P03920	Bos taurus	Metazoa	606		True
A0A125S9M5	A0A125S9M5	Hypsibius exemplaris	Metazoa	614		False
O49290	O49290	Arabidopsis thaliana	Plants	339		False
Q9BSK0	Q9BSK0	Homo sapiens	Metazoa	173		True
P62750	P62750	Homo sapiens	Metazoa	156		False
P11325	P11325	Saccharomyces cerevisiae (strain ATCC 204508 / S288c)	Fungi	894		False
Q10214	Q10214	Schizosaccharomyces pombe (strain 972 / ATCC 24843)	Fungi	131		False
P23369	P23369	Saccharomyces cerevisiae (strain ATCC 204508 / S288c)	Fungi	157		False
P09211	P09211	Homo sapiens	Metazoa	210		False
E9Q2Z1	E9Q2Z1	Mus musculus	Metazoa	1453		False
P49773	P49773	Homo sapiens	Metazoa	126		False
Q96B77	Q96B77	Homo sapiens	Metazoa	213		True
Q84TH9	Q84TH9	Arabidopsis thaliana	Plants	959		False
P51140	P51140	Drosophila melanogaster	Metazoa	623		False
Q9XZT7	Q9XZT7	Drosophila melanogaster	Metazoa	146		False
Q9P0U1	Q9P0U1	Homo sapiens	Metazoa	55		True
Q08702	Q08702	Saccharomyces cerevisiae (strain ATCC 204508 / S288c)	Fungi	217		False
F4K1B4	F4K1B4	Arabidopsis thaliana	Plants	335		False
Q07800	Q07800	Saccharomyces cerevisiae (strain ATCC 204508 / S288c)	Fungi	427		False
Q84Q77	Q84Q77	Oryza sativa subsp. japonica	Plants	161		False
O13807	O13807	Schizosaccharomyces pombe (strain 972 / ATCC 24843)	Fungi	1072		False
P53720	P53720	Saccharomyces cerevisiae (strain ATCC 204508 / S288c)	Fungi	384		False
Q9UBY9	Q9UBY9	Homo sapiens	Metazoa	170		False
P25651	P25651	Saccharomyces cerevisiae (strain ATCC 204508 / S288c)	Fungi	190		False
Q9Y808	Q9Y808	Schizosaccharomyces pombe (strain 972 / ATCC 24843)	Fungi	1063		False
P19263	P19263	Saccharomyces cerevisiae (strain ATCC 204508 / S288c)	Fungi	1082		False
A0A1W2P872	A0A1W2P872	Mus musculus	Metazoa	492		False
Q8GYC1	Q8GYC1	Arabidopsis thaliana	Plants	516		False
P08679	P08679	Saccharomyces cerevisiae (strain ATCC 204508 / S288c)	Fungi	460		False
G5EBR8	G5EBR8	Caenorhabditis elegans	Metazoa	247		False
Q8IEF6	Q8IEF6	Plasmodium falciparum (isolate 3D7)	Other	414		False
P53540	P53540	Saccharomyces cerevisiae (strain ATCC 204508 / S288c)	Fungi	846		False
O14388	O14388	Schizosaccharomyces pombe (strain 972 / ATCC 24843)	Fungi	136		False
Q92733	Q92733	Homo sapiens	Metazoa	491		False
P53207	P53207	Saccharomyces cerevisiae (strain ATCC 204508 / S288c)	Fungi	620		False
Q61146	Q61146	Mus musculus	Metazoa	521		True
Q9BRS8	Q9BRS8	Homo sapiens	Metazoa	491		False
Q9I7K0	Q9I7K0	Drosophila melanogaster	Metazoa	208		False
Q9Z2A5	Q9Z2A5	Mus musculus	Metazoa	516		False
Q86UK7	Q86UK7	Homo sapiens	Metazoa	904		False
P46060	P46060	Homo sapiens	Metazoa	587		False
Q12509	Q12509	Saccharomyces cerevisiae (strain ATCC 204508 / S288c)	Fungi	438		False
Q31708	Q31708	Arabidopsis thaliana	Plants	362		False
Q5XET5	Q5XET5	Arabidopsis thaliana	Plants	511		False
Q12204	Q12204	Saccharomyces cerevisiae (strain ATCC 204508 / S288c)	Fungi	715		False
Q39659	Q39659	Cucumis sativus	Plants	725		False
G5EDT1	G5EDT1	Caenorhabditis elegans	Metazoa	961		False
Q9P7H5	Q9P7H5	Schizosaccharomyces pombe (strain 972 / ATCC 24843)	Fungi	175		False
O89091	O89091	Mus musculus	Metazoa	479		False
Q9VF30	Q9VF30	Drosophila melanogaster	Metazoa	885		False
Q5AJU7	Q5AJU7	Candida albicans (strain SC5314 / ATCC MYA-2876)	Fungi	499		False
Q05812	Q05812	Saccharomyces cerevisiae (strain ATCC 204508 / S288c)	Fungi	728		False
Q9URY2	Q9URY2	Schizosaccharomyces pombe (strain 972 / ATCC 24843)	Fungi	474		False
Q96GM8	Q96GM8	Homo sapiens	Metazoa	510		False
Q5VZI3	Q5VZI3	Homo sapiens	Metazoa	342		False
Q8H1U5	Q8H1U5	Arabidopsis thaliana	Plants	865		False
Q9LXR9	Q9LXR9	Arabidopsis thaliana	Plants	348		False
P11703	P11703	Spinacia oleracea	Plants	1070		False
Q86XI2	Q86XI2	Homo sapiens	Metazoa	1143		False
O49660	O49660	Arabidopsis thaliana	Plants	491		True
P82926	P82926	Bos taurus	Metazoa	106		False
Q12124	Q12124	Saccharomyces cerevisiae (strain ATCC 204508 / S288c)	Fungi	431		False
Q96T23	Q96T23	Homo sapiens	Metazoa	1441		False
P0CJ62	P0CJ62	Xenopus laevis	Metazoa	239		False
O15084	O15084	Homo sapiens	Metazoa	1053		False
Q06623	Q06623	Saccharomyces cerevisiae (strain ATCC 204508 / S288c)	Fungi	655		False
Q7S4Y4	Q7S4Y4	Neurospora crassa (strain ATCC 24698 / 74-OR23-1A / CBS 708.71 / DSM 1257 / FGSC 987)	Fungi	90		False
Q13325	Q13325	Homo sapiens	Metazoa	482		False
Q93ZM9	Q93ZM9	Arabidopsis thaliana	Plants	197		False
Q03694	Q03694	Saccharomyces cerevisiae (strain ATCC 204508 / S288c)	Fungi	420		False
O96000	O96000	Homo sapiens	Metazoa	172		False
Q6P1X5	Q6P1X5	Homo sapiens	Metazoa	1199		False
Q9NZM4	Q9NZM4	Homo sapiens	Metazoa	1560		False
Q9ERH4	Q9ERH4	Mus musculus	Metazoa	427		False
Q9VDE4	Q9VDE4	Drosophila melanogaster	Metazoa	286		False
O13983	O13983	Schizosaccharomyces pombe (strain 972 / ATCC 24843)	Fungi	1063		False
E9EXC4	E9EXC4	Metarhizium robertsii (strain ARSEF 23 / ATCC MYA-3075)	Fungi	1005		False
P82675	P82675	Homo sapiens	Metazoa	430		False
Q7SHR6	Q7SHR6	Neurospora crassa (strain ATCC 24698 / 74-OR23-1A / CBS 708.71 / DSM 1257 / FGSC 987)	Fungi	344		False
Q12315	Q12315	Saccharomyces cerevisiae (strain ATCC 204508 / S288c)	Fungi	538		False
P42838	P42838	Saccharomyces cerevisiae (strain ATCC 204508 / S288c)	Fungi	414		True
P46099	P46099	Mus musculus	Metazoa	358		False
Q04705	Q04705	Saccharomyces cerevisiae (strain ATCC 204508 / S288c)	Fungi	352		True
P0C870	P0C870	Homo sapiens	Metazoa	316		False
Q92341	Q92341	Schizosaccharomyces pombe (strain 972 / ATCC 24843)	Fungi	630		True
Q9NVU0	Q9NVU0	Homo sapiens	Metazoa	708		False
Q8GUK1	Q8GUK1	Arabidopsis thaliana	Plants	602		False
P25336	P25336	Saccharomyces cerevisiae (strain ATCC 204508 / S288c)	Fungi	1018		False
A0A0A6YY25	A0A0A6YY25	Mus musculus	Metazoa	723		False
P58281	P58281	Mus musculus	Metazoa	960		False
Q8NEZ2	Q8NEZ2	Homo sapiens	Metazoa	397		False
Q67FY2	Q67FY2	Mus musculus	Metazoa	1494		False
Q05043	Q05043	Saccharomyces cerevisiae (strain ATCC 204508 / S288c)	Fungi	376		False
Q9LLC6	Q9LLC6	Chlamydomonas reinhardtii	Plants	198		False
P36421	P36421	Saccharomyces cerevisiae (strain ATCC 204508 / S288c)	Fungi	394		False
Q9HAI6	Q9HAI6	Homo sapiens	Metazoa	301		False
Q02099	Q02099	Schizosaccharomyces pombe (strain 972 / ATCC 24843)	Fungi	2386		False
Q10067	Q10067	Schizosaccharomyces pombe (strain 972 / ATCC 24843)	Fungi	690		False
Q8S1D9	Q8S1D9	Oryza sativa subsp. japonica	Plants	435		False
Q22557	Q22557	Caenorhabditis elegans	Metazoa	368		False
F4K3G5	F4K3G5	Arabidopsis thaliana	Plants	1297		False
P49842	P49842	Homo sapiens	Metazoa	254		False
Q9BMK9	Q9BMK9	Caenorhabditis elegans	Metazoa	1001		True
Q9VBX1	Q9VBX1	Drosophila melanogaster	Metazoa	992		False
P48268	P48268	Chlamydomonas reinhardtii	Plants	82		True
Q86UT6	Q86UT6	Homo sapiens	Metazoa	975		False
P02836	P02836	Drosophila melanogaster	Metazoa	552		False
Q925J9	Q925J9	Mus musculus	Metazoa	1575		False
Q21691	Q21691	Caenorhabditis elegans	Metazoa	1057		False
Q9Z0W3	Q9Z0W3	Mus musculus	Metazoa	1402		False
Q9W2I4	Q9W2I4	Drosophila melanogaster	Metazoa	289		False
P31414	P31414	Arabidopsis thaliana	Plants	770		True
Q8BNX7	Q8BNX7	Mus musculus	Metazoa	165		False
Q24478	Q24478	Drosophila melanogaster	Metazoa	1096		False
Q6UB98	Q6UB98	Homo sapiens	Metazoa	2062		False
Q9NP98	Q9NP98	Homo sapiens	Metazoa	299		False
Q9Y4F1	Q9Y4F1	Homo sapiens	Metazoa	1045		False
Q12381	Q12381	Schizosaccharomyces pombe (strain 972 / ATCC 24843)	Fungi	906		False
O95714	O95714	Homo sapiens	Metazoa	4834		False
Q9H1J1	Q9H1J1	Homo sapiens	Metazoa	476		False
Q9H0E3	Q9H0E3	Homo sapiens	Metazoa	1048		False
O75952	O75952	Homo sapiens	Metazoa	493		False
Q9SS80	Q9SS80	Arabidopsis thaliana	Plants	685		False
Q8CDY7	Q8CDY7	Mus musculus	Metazoa	219		False
P05626	P05626	Saccharomyces cerevisiae (strain ATCC 204508 / S288c)	Fungi	244		False
Q9SPI9	Q9SPI9	Chlamydomonas reinhardtii	Plants	115		True
Q5EU90	Q5EU90	Euglena gracilis	Other	539		False
Q96VH4	Q96VH4	Saccharomyces cerevisiae (strain ATCC 204508 / S288c)	Fungi	193		False
Q9TY84	Q9TY84	Crithidia fasciculata	Other	130		False
P11155	P11155	Zea mays	Plants	947		False
A0A0S2UWC9	A0A0S2UWC9	Petunia hybrida	Plants	249		False
P28644	P28644	Spinacia oleracea	Plants	233		False
P25646	P25646	Saccharomyces cerevisiae (strain ATCC 204508 / S288c)	Fungi	442		False
P56785	P56785	Arabidopsis thaliana	Plants	1786		True
Q96GJ1	Q96GJ1	Homo sapiens	Metazoa	504		False
Q9C8R8	Q9C8R8	Arabidopsis thaliana	Plants	711		False
Q8IVH4	Q8IVH4	Homo sapiens	Metazoa	418		False
Q9W3M3	Q9W3M3	Drosophila melanogaster	Metazoa	2219		False
Q9VAW5	Q9VAW5	Drosophila melanogaster	Metazoa	1673		False
G5EDW5	G5EDW5	Caenorhabditis elegans	Metazoa	952		False
