Q12396	accession	Label	Set	CV_Fold	O74740	organism	kingdom	protein_length	cleavage_position	tm_helix_first_90
O35310	O35310	1	Training	0		Mus musculus	Metazoa	311	20.0	
P08887	P08887	1	Training	1		Homo sapiens	Metazoa	468	19.0	
P0C1X6	P0C1X6	1	Training	2		Tityus discrepans	Metazoa	62	26.0	
Q8VCS0	Q8VCS0	1	Training	3		Mus musculus	Metazoa	530	22.0	
Q9TY95	Q9TY95	1	Training	4		Plasmodium falciparum (isolate 3D7)	Other	997	22.0	
O02380	O02380	1	Training	0		Tyrophagus putrescentiae	Metazoa	141	15.0	
P49259	P49259	1	Training	1		Bos taurus	Metazoa	1463	20.0	
Q9Z0M9	Q9Z0M9	1	Training	2		Mus musculus	Metazoa	193	28.0	
P09791	P09791	1	Training	3		Trypanosoma brucei brucei	Other	129	27.0	
Q8LD43	Q8LD43	1	Training	4		Arabidopsis thaliana	Plants	62	22.0	
A0A2I6QB00	A0A2I6QB00	1	Training	0		Trametes coccinea (strain BRFM310)	Fungi	418	18.0	
P86872	P86872	1	Training	1		Margaritifera margaritifera	Metazoa	260	19.0	
Q6UX27	Q6UX27	1	Training	2		Homo sapiens	Metazoa	236	16.0	
P00724	P00724	1	Training	3		Saccharomyces cerevisiae (strain ATCC 204508 / S288c)	Fungi	532	19.0	
Q96HF1	Q96HF1	1	Training	4		Homo sapiens	Metazoa	295	24.0	
Q96HE7	Q96HE7	1	Training	0		Homo sapiens	Metazoa	468	23.0	
W1I921	W1I921	1	Training	1		Achatina achatina	Metazoa	184	26.0	
P40259	P40259	1	Training	2		Homo sapiens	Metazoa	229	28.0	
Q3C258	Q3C258	1	Training	3		Actinia equina	Metazoa	70	20.0	
O96935	O96935	1	Training	4		Plasmodium falciparum (isolate 3D7)	Other	1085	30.0	
Q6UWL6	Q6UWL6	1	Training	0		Homo sapiens	Metazoa	708	20.0	
Q61508	Q61508	1	Training	1		Mus musculus	Metazoa	559	19.0	
P13612	P13612	1	Training	2		Homo sapiens	Metazoa	1032	33.0	
P86009	P86009	1	Training	3		Dromaius novaehollandiae	Metazoa	238	17.0	
Q40975	Q40975	1	Training	4		Papaver rhoeas	Plants	139	19.0	
Q96FE7	Q96FE7	1	Training	0		Homo sapiens	Metazoa	263	21.0	
P58154	P58154	1	Training	1		Lymnaea stagnalis	Metazoa	229	19.0	
Q8MVA6	Q8MVA6	1	Training	2		Ixodes scapularis	Metazoa	69	23.0	
Q6UX46	Q6UX46	1	Training	3		Homo sapiens	Metazoa	152	24.0	
P01189	P01189	1	Training	4		Homo sapiens	Metazoa	267	26.0	
Q86T13	Q86T13	1	Training	0		Homo sapiens	Metazoa	490	21.0	
P12314	P12314	1	Training	1		Homo sapiens	Metazoa	374	15.0	
P23631	P23631	1	Training	2		Latrodectus tredecimguttatus	Metazoa	1401	20.0	
P19801	P19801	1	Training	3		Homo sapiens	Metazoa	751	19.0	
P81511	P81511	1	Training	4		Hirudo medicinalis	Metazoa	81	15.0	
P01038	P01038	1	Training	0		Gallus gallus	Metazoa	139	23.0	
P19320	P19320	1	Training	1		Homo sapiens	Metazoa	739	24.0	
Q5AMT2	Q5AMT2	1	Training	2		Candida albicans (strain SC5314 / ATCC MYA-2876)	Fungi	308	18.0	
O46654	O46654	1	Training	3		Sorex araneus	Metazoa	147	20.0	
P27654	P27654	1	Training	4		Saccharomyces cerevisiae (strain ATCC 204508 / S288c)	Fungi	210	19.0	
P55774	P55774	1	Training	0		Homo sapiens	Metazoa	89	20.0	
P25236	P25236	1	Training	1		Rattus norvegicus	Metazoa	385	19.0	
Q99MA2	Q99MA2	1	Training	2		Rattus norvegicus	Metazoa	674	22.0	
Q86YD3	Q86YD3	1	Training	3		Homo sapiens	Metazoa	366	26.0	
O55232	O55232	1	Training	4		Rattus norvegicus	Metazoa	130	32.0	
A0A0F7YYX3	A0A0F7YYX3	1	Training	0		Conus victoriae	Metazoa	196	25.0	
Q8WQK0	Q8WQK0	1	Training	1		Cotesia rubecula	Metazoa	65	23.0	
P31358	P31358	1	Training	2		Homo sapiens	Metazoa	61	24.0	
Q5EPH2	Q5EPH2	1	Training	3		Rhipicephalus bursa	Metazoa	97	22.0	
Q6UXK5	Q6UXK5	1	Training	4		Homo sapiens	Metazoa	716	25.0	
Q01151	Q01151	1	Training	0		Homo sapiens	Metazoa	205	19.0	
Q06703	Q06703	1	Training	1		Saccharomyces cerevisiae (strain ATCC 204508 / S288c)	Fungi	312	44.0	
P54803	P54803	1	Training	2		Homo sapiens	Metazoa	685	42.0	
Q99519	Q99519	1	Training	3		Homo sapiens	Metazoa	415	47.0	
Q96S96	Q96S96	1	Training	4		Homo sapiens	Metazoa	227	22.0	
Q9GZZ8	Q9GZZ8	1	Training	0		Homo sapiens	Metazoa	138	19.0	
A6XMY0	A6XMY0	1	Training	1		Hyas araneus	Metazoa	64	25.0	
O00206	O00206	1	Training	2		Homo sapiens	Metazoa	839	23.0	
Q15399	Q15399	1	Training	3		Homo sapiens	Metazoa	786	24.0	
P10820	P10820	1	Training	4		Mus musculus	Metazoa	554	20.0	
P01215	P01215	1	Training	0		Homo sapiens	Metazoa	116	24.0	
Q9P0V8	Q9P0V8	1	Training	1		Homo sapiens	Metazoa	285	22.0	
Q09332	Q09332	1	Training	2		Drosophila melanogaster	Metazoa	1548	22.0	
P02780	P02780	1	Training	3		Rattus norvegicus	Metazoa	95	18.0	
P01588	P01588	1	Training	4		Homo sapiens	Metazoa	193	27.0	
Q20224	Q20224	1	Training	0		Caenorhabditis elegans	Metazoa	161	19.0	
O97939	O97939	1	Training	1		Sus scrofa	Metazoa	1142	38.0	
Q05091	Q05091	1	Training	2		Pyrus communis	Plants	330	24.0	
P0DUT6	P0DUT6	1	Training	3		Doratifera vulnerans	Metazoa	66	20.0	
P28770	P28770	1	Training	4		Oncorhynchus mykiss	Metazoa	221	21.0	
P10813	P10813	1	Training	0		Aquarana catesbeiana	Metazoa	215	25.0	
Q01965	Q01965	1	Training	1		Mus musculus	Metazoa	654	47.0	
P02659	P02659	1	Training	2		Gallus gallus	Metazoa	106	24.0	
P09619	P09619	1	Training	3		Homo sapiens	Metazoa	1106	32.0	
Q62867	Q62867	1	Training	4		Rattus norvegicus	Metazoa	317	24.0	
P13385	P13385	1	Training	0		Homo sapiens	Metazoa	188	30.0	
Q01129	Q01129	1	Training	1		Rattus norvegicus	Metazoa	354	16.0	
Q8NBP7	Q8NBP7	1	Training	2		Homo sapiens	Metazoa	692	30.0	
C7G3K3	C7G3K3	1	Training	3		Liocheles australasiae	Metazoa	80	21.0	
Q39962	Q39962	1	Training	4		Hevea brasiliensis	Plants	238	31.0	
Q7M4T0	Q7M4T0	1	Training	0		Neurospora crassa (strain ATCC 24698 / 74-OR23-1A / CBS 708.71 / DSM 1257 / FGSC 987)	Fungi	480	17.0	
Q9JI59	Q9JI59	1	Training	1		Mus musculus	Metazoa	298	28.0	
Q9BX59	Q9BX59	1	Training	2		Homo sapiens	Metazoa	468	18.0	
Q92765	Q92765	1	Training	3		Homo sapiens	Metazoa	325	32.0	
Q9NPA0	Q9NPA0	1	Training	4		Homo sapiens	Metazoa	242	23.0	
Q8T0W3	Q8T0W3	1	Training	0		Pimpla hypochondriaca	Metazoa	63	25.0	
P47001	P47001	1	Training	1		Saccharomyces cerevisiae (strain ATCC 204508 / S288c)	Fungi	227	21.0	
P07507	P07507	1	Training	2		Bos taurus	Metazoa	103	19.0	
Q8N766	Q8N766	1	Training	3		Homo sapiens	Metazoa	993	22.0	
Q6UX39	Q6UX39	1	Training	4		Homo sapiens	Metazoa	209	16.0	
Q59XX2	Q59XX2	1	Training	0		Candida albicans (strain SC5314 / ATCC MYA-2876)	Fungi	378	32.0	
Q7Z5L0	Q7Z5L0	1	Training	1		Homo sapiens	Metazoa	202	24.0	
P02750	P02750	1	Training	2		Homo sapiens	Metazoa	347	35.0	
Q6UWI2	Q6UWI2	1	Training	3		Homo sapiens	Metazoa	310	20.0	
P01068	P01068	1	Training	4		Ananas comosus	Plants	246	19.0	
Q9H9K5	Q9H9K5	1	Training	0		Homo sapiens	Metazoa	563	26.0	
Q868Z9	Q868Z9	1	Training	1		Drosophila melanogaster	Metazoa	2898	26.0	
O88917	O88917	1	Training	2		Rattus norvegicus	Metazoa	1515	24.0	
Q6T6C1	Q6T6C1	1	Training	3		Theromyzon tessulatum	Metazoa	107	21.0	
O02839	O02839	1	Training	4		Sus scrofa	Metazoa	363	44.0	
Q9UAH3	Q9UAH3	1	Training	0		Pinctada fucata	Metazoa	129	23.0	
Q5B1W7	Q5B1W7	1	Training	1		Emericella nidulans (strain FGSC A4 / ATCC 38163 / CBS 112.46 / NRRL 194 / M139)	Fungi	385	18.0	
Q9NSA1	Q9NSA1	1	Training	2		Homo sapiens	Metazoa	209	28.0	
Q8TD06	Q8TD06	1	Training	3		Homo sapiens	Metazoa	166	21.0	
P01830	P01830	1	Training	4		Rattus norvegicus	Metazoa	161	19.0	
P85261	P85261	1	Training	0		Actinidia chinensis var. chinensis	Plants	213	24.0	
P81295	P81295	1	Training	1		Juniperus ashei	Plants	225	26.0	
P01139	P01139	1	Training	2		Mus musculus	Metazoa	241	18.0	
P15242	P15242	1	Training	3		Rattus norvegicus	Metazoa	333	17.0	
P24259	P24259	1	Training	4		Sus scrofa	Metazoa	150	24.0	
O75629	O75629	1	Training	0		Homo sapiens	Metazoa	220	31.0	
Q6UXB2	Q6UXB2	1	Training	1		Homo sapiens	Metazoa	119	21.0	
P80964	P80964	1	Training	2		Sus scrofa	Metazoa	130	25.0	
Q9HE18	Q9HE18	1	Training	3		Talaromyces funiculosus	Fungi	353	18.0	
P23438	P23438	1	Training	4		Canis lupus familiaris	Metazoa	183	17.0	
Q6UWI4	Q6UWI4	1	Training	0		Homo sapiens	Metazoa	295	33.0	
Q6J4Q1	Q6J4Q1	1	Training	1		Apis mellifera	Metazoa	683	21.0	
A7L035	A7L035	1	Training	2		Chironex fleckeri	Metazoa	456	20.0	
Q9Y2I2	Q9Y2I2	1	Training	3		Homo sapiens	Metazoa	539	28.0	
P43652	P43652	1	Training	4		Homo sapiens	Metazoa	599	21.0	
P91745	P91745	1	Training	0		Lucilia cuprina	Metazoa	375	20.0	
Q25055	Q25055	1	Training	1		Holotrichia diomphalia	Metazoa	104	20.0	
P07141	P07141	1	Training	2		Mus musculus	Metazoa	552	32.0	
Q6UXH1	Q6UXH1	1	Training	3		Homo sapiens	Metazoa	353	24.0	
Q7ZZN8	Q7ZZN8	1	Training	4		Naja atra	Metazoa	238	19.0	
O95157	O95157	1	Training	0		Homo sapiens	Metazoa	252	22.0	
P0C8G6	P0C8G6	1	Training	1		Pomacea canaliculata	Metazoa	565	26.0	
Q9H1M4	Q9H1M4	1	Training	2		Homo sapiens	Metazoa	99	20.0	
Q09140	Q09140	1	Training	3		Schizosaccharomyces pombe (strain 972 / ATCC 24843)	Fungi	1448	18.0	
Q06K61	Q06K61	1	Training	4		Phlebotomus duboscqi	Metazoa	516	20.0	
Q01460	Q01460	1	Training	0		Rattus norvegicus	Metazoa	367	23.0	
Q9BX93	Q9BX93	1	Training	1		Homo sapiens	Metazoa	195	19.0	
P14770	P14770	1	Training	2		Homo sapiens	Metazoa	177	16.0	
Q9UIK5	Q9UIK5	1	Training	3		Homo sapiens	Metazoa	374	40.0	
P43497	P43497	1	Training	4		Saccharomyces cerevisiae (strain ATCC 204508 / S288c)	Fungi	92	20.0	
O70280	O70280	1	Training	0		Rattus norvegicus	Metazoa	212	26.0	
P20740	P20740	1	Training	1		Gallus gallus	Metazoa	1473	36.0	
O01949	O01949	1	Training	2		Aedes aegypti	Metazoa	273	19.0	
Q41015	Q41015	1	Training	3		Pisum sativum	Plants	217	26.0	
P12729	P12729	1	Training	4		Dictyostelium discoideum	Other	168	19.0	
P28039	P28039	1	Training	0		Homo sapiens	Metazoa	575	23.0	
P56201	P56201	1	Training	1		Oryctolagus cuniculus	Metazoa	797	24.0	
P45478	P45478	1	Training	2		Bos taurus	Metazoa	306	27.0	
Q6UW56	Q6UW56	1	Training	3		Homo sapiens	Metazoa	229	30.0	
P82290	P82290	1	Training	4		Anopheles gambiae	Metazoa	58	23.0	
Q96LA5	Q96LA5	1	Training	0		Homo sapiens	Metazoa	508	19.0	
Q13145	Q13145	1	Training	1		Homo sapiens	Metazoa	260	20.0	
O43852	O43852	1	Training	2		Homo sapiens	Metazoa	315	19.0	
P83234	P83234	1	Training	3		Ophiophagus hannah	Metazoa	190	20.0	
Q12127	Q12127	1	Training	4		Saccharomyces cerevisiae (strain ATCC 204508 / S288c)	Fungi	133	18.0	
P19069	P19069	1	Training	0		Cavia porcellus	Metazoa	1742	19.0	
P12273	P12273	1	Training	1		Homo sapiens	Metazoa	146	28.0	
Q9BZR6	Q9BZR6	1	Training	2		Homo sapiens	Metazoa	473	26.0	
P01131	P01131	1	Training	3		Bos taurus	Metazoa	845	21.0	
P80370	P80370	1	Training	4		Homo sapiens	Metazoa	383	23.0	
Q9UAD0	Q9UAD0	1	Training	0		Olivierus martensii	Metazoa	59	24.0	
Q9H293	Q9H293	1	Training	1		Homo sapiens	Metazoa	177	32.0	
Q99972	Q99972	1	Training	2		Homo sapiens	Metazoa	504	32.0	
P06912	P06912	1	Training	3		Oryctolagus cuniculus	Metazoa	201	18.0	
P0DJI8	P0DJI8	1	Training	4		Homo sapiens	Metazoa	122	18.0	
P0DUS8	P0DUS8	1	Training	0		Doratifera vulnerans	Metazoa	59	17.0	
P18510	P18510	1	Training	1		Homo sapiens	Metazoa	177	25.0	
Q9H6E4	Q9H6E4	1	Training	2		Homo sapiens	Metazoa	229	22.0	
F1N5C8	F1N5C8	1	Training	3		Bos taurus	Metazoa	445	22.0	
Q7Z0T3	Q7Z0T3	1	Training	4		Aplysia californica	Metazoa	125	22.0	
Q4W1I9	Q4W1I9	1	Training	0		Zinnia elegans	Plants	321	30.0	
Q42502	Q42502	1	Training	1		Solanum tuberosum	Plants	386	23.0	
P86798	P86798	1	Training	2		Cupiennius salei	Metazoa	140	19.0	
F1NSM7	F1NSM7	1	Training	3		Gallus gallus	Metazoa	743	18.0	
P31096	P31096	1	Training	4		Bos taurus	Metazoa	278	16.0	
Q8MP06	Q8MP06	1	Training	0		Tyria jacobaeae	Metazoa	456	22.0	
P07981	P07981	1	Training	1		Trichoderma reesei	Fungi	459	22.0	
P11839	P11839	1	Training	2		Ovis aries	Metazoa	222	15.0	
Q9UKY0	Q9UKY0	1	Training	3		Homo sapiens	Metazoa	176	25.0	
Q7YZS9	Q7YZS9	1	Training	4		Conus virgo	Metazoa	67	26.0	
A0A0R4I951	A0A0R4I951	1	Training	0		Scolopendra dehaani	Metazoa	70	23.0	
Q92956	Q92956	1	Training	1		Homo sapiens	Metazoa	283	38.0	
Q08380	Q08380	1	Training	2		Homo sapiens	Metazoa	585	18.0	
D4A540	D4A540	1	Training	3		Rattus norvegicus	Metazoa	148	31.0	
P55000	P55000	1	Training	4		Homo sapiens	Metazoa	103	22.0	
Q5PP12	Q5PP12	1	Training	0		Arabidopsis thaliana	Plants	69	25.0	
O60844	O60844	1	Training	1		Homo sapiens	Metazoa	167	16.0	
P60568	P60568	1	Training	2		Homo sapiens	Metazoa	153	20.0	
P46165	P46165	1	Training	3		Bos taurus	Metazoa	62	22.0	
Q06KA5	Q06KA5	1	Training	4		Phlebotomus duboscqi	Metazoa	142	20.0	
Q8WUJ3	Q8WUJ3	1	Training	0		Homo sapiens	Metazoa	1361	30.0	
Q75N35	Q75N35	1	Training	1		Dioscorea polystachya	Plants	272	25.0	
P06681	P06681	1	Training	2		Homo sapiens	Metazoa	752	20.0	
C0HKG0	C0HKG0	1	Training	3		Clitoria ternatea	Plants	117	25.0	
Q96BF3	Q96BF3	1	Training	4		Homo sapiens	Metazoa	282	22.0	
D3GDK4	D3GDK4	1	Training	0		Cryptopygus antarcticus	Metazoa	225	15.0	
P11911	P11911	1	Training	1		Mus musculus	Metazoa	220	28.0	
Q13445	Q13445	1	Training	2		Homo sapiens	Metazoa	227	23.0	
Q29381	Q29381	1	Training	3		Sus scrofa	Metazoa	439	25.0	
Q99372	Q99372	1	Training	4		Rattus norvegicus	Metazoa	870	27.0	
P49767	P49767	1	Training	0		Homo sapiens	Metazoa	419	31.0	
O95813	O95813	1	Training	1		Homo sapiens	Metazoa	267	17.0	
Q90WJ7	Q90WJ7	1	Training	2		Takifugu pardalis	Metazoa	391	20.0	
P97535	P97535	1	Training	3		Rattus norvegicus	Metazoa	456	24.0	
B0XT72	B0XT72	1	Training	4		Aspergillus fumigatus (strain CBS 144.89 / FGSC A1163 / CEA10)	Fungi	452	19.0	
P02654	P02654	1	Training	0		Homo sapiens	Metazoa	83	26.0	
Q27082	Q27082	1	Training	1		Tachypleus tridentatus	Metazoa	673	19.0	
Q9LRC8	Q9LRC8	1	Training	2		Scutellaria baicalensis	Plants	527	25.0	
Q9Y5U5	Q9Y5U5	1	Training	3		Homo sapiens	Metazoa	241	25.0	
Q8S2W4	Q8S2W4	1	Training	4		Arabidopsis thaliana	Plants	61	22.0	
Q9U8X3	Q9U8X3	1	Training	0		Tachypleus tridentatus	Metazoa	67	23.0	
P43077	P43077	1	Training	1		Candida albicans	Fungi	562	22.0	
Q9HBE5	Q9HBE5	1	Training	2		Homo sapiens	Metazoa	538	19.0	
Q16552	Q16552	1	Training	3		Homo sapiens	Metazoa	155	23.0	
P14209	P14209	1	Training	4		Homo sapiens	Metazoa	185	22.0	
O43866	O43866	1	Training	0		Homo sapiens	Metazoa	347	19.0	
Q86IV5	Q86IV5	1	Training	1		Dictyostelium discoideum	Other	258	21.0	
P0DSJ6	P0DSJ6	1	Training	2		Myrmecia gulosa	Metazoa	62	24.0	
Q76CA2	Q76CA2	1	Training	3		Monoplex parthenopeus	Metazoa	275	23.0	
Q8TDQ1	Q8TDQ1	1	Training	4		Homo sapiens	Metazoa	290	19.0	
Q9NR16	Q9NR16	1	Training	0		Homo sapiens	Metazoa	1453	40.0	
P01579	P01579	1	Training	1		Homo sapiens	Metazoa	166	23.0	
Q9Y6C2	Q9Y6C2	1	Training	2		Homo sapiens	Metazoa	1016	21.0	
P0DPU3	P0DPU3	1	Training	3		Scolopendra dehaani	Metazoa	577	25.0	
P00651	P00651	1	Training	4		Aspergillus oryzae (strain ATCC 42149 / RIB 40)	Fungi	130	26.0	
Q09022	Q09022	1	Training	0		Xenopus laevis	Metazoa	84	18.0	
Q15465	Q15465	1	Training	1		Homo sapiens	Metazoa	462	23.0	
Q86WA6	Q86WA6	1	Training	2		Homo sapiens	Metazoa	291	37.0	
Q92643	Q92643	1	Training	3		Homo sapiens	Metazoa	395	27.0	
Q9UHF4	Q9UHF4	1	Training	4		Homo sapiens	Metazoa	553	29.0	
D3Z9M3	D3Z9M3	1	Training	0		Rattus norvegicus	Metazoa	109	16.0	
Q9NJP7	Q9NJP7	1	Training	1		Olivierus martensii	Metazoa	56	28.0	
P09230	P09230	1	Training	2		Yarrowia lipolytica (strain CLIB 122 / E 150)	Fungi	454	15.0	
P10562	P10562	1	Training	3		Canavalia gladiata	Plants	445	26.0	
P19427	P19427	1	Training	4		Bos taurus	Metazoa	201	18.0	
Q15762	Q15762	1	Training	0		Homo sapiens	Metazoa	336	18.0	
P04552	P04552	1	Training	1		Haliotis rufescens	Metazoa	154	18.0	
P0C8G7	P0C8G7	1	Training	2		Pomacea canaliculata	Metazoa	286	30.0	
P83313	P83313	1	Training	3		Opistophthalmus carinatus	Metazoa	82	22.0	
Q96BY9	Q96BY9	1	Training	4		Homo sapiens	Metazoa	339	30.0	
P16150	P16150	1	Training	0		Homo sapiens	Metazoa	400	19.0	
P25116	P25116	1	Training	1		Homo sapiens	Metazoa	425	21.0	
P16382	P16382	1	Training	2		Mus musculus	Metazoa	810	25.0	
Q9NRM6	Q9NRM6	1	Training	3		Homo sapiens	Metazoa	502	17.0	
Q99MG7	Q99MG7	1	Training	4		Mesocricetus auratus	Metazoa	172	16.0	
P33559	P33559	1	Training	0		Aspergillus kawachii (strain NBRC 4308)	Fungi	327	25.0	
P58912	P58912	1	Training	1		Phyllodiscus semoni	Metazoa	488	21.0	
Q8WWA0	Q8WWA0	1	Training	2		Homo sapiens	Metazoa	313	18.0	
Q00293	Q00293	1	Training	3		Aspergillus tubingensis	Fungi	435	22.0	
I3LGZ3	I3LGZ3	1	Training	4		Sus scrofa	Metazoa	81	24.0	
P01174	P01174	1	Training	0		Rattus norvegicus	Metazoa	137	19.0	
Q14802	Q14802	1	Training	1		Homo sapiens	Metazoa	87	20.0	
P67875	P67875	1	Training	2		Aspergillus fumigatus (strain ATCC MYA-4609 / CBS 101355 / FGSC A1100 / Af293)	Fungi	176	27.0	
P21128	P21128	1	Training	3		Homo sapiens	Metazoa	410	18.0	
Q9V496	Q9V496	1	Training	4		Drosophila melanogaster	Metazoa	3351	25.0	
P35053	P35053	1	Training	0		Rattus norvegicus	Metazoa	558	23.0	
P23389	P23389	1	Training	1		Bos taurus	Metazoa	646	20.0	
I1SB12	I1SB12	1	Training	2		Microdochium nivale	Fungi	495	22.0	
Q90W22	Q90W22	1	Training	3		Aquarana catesbeiana	Metazoa	114	24.0	
Q5KQS1	Q5KQS1	1	Training	4		Gloydius blomhoffii	Metazoa	324	19.0	
Q6UW88	Q6UW88	1	Training	0		Homo sapiens	Metazoa	154	22.0	
P81160	P81160	1	Training	1		Drosophila melanogaster	Metazoa	54	21.0	
O62644	O62644	1	Training	2		Bos taurus	Metazoa	151	18.0	
P23577	P23577	1	Training	3		Chlamydomonas reinhardtii	Plants	317	31.0	
A7VN15	A7VN15	1	Training	4		Protobothrops flavoviridis	Metazoa	79	19.0	
Q8T113	Q8T113	1	Training	0		Bombyx mori	Metazoa	227	17.0	
P16882	P16882	1	Training	1		Mus musculus	Metazoa	650	24.0	
P30659	P30659	1	Training	2		Lutzomyia longipalpis	Metazoa	86	23.0	
Q6ASY2	Q6ASY2	1	Training	3		Oryza sativa subsp. japonica	Plants	178	26.0	
G4ZHR2	G4ZHR2	1	Training	4		Phytophthora sojae (strain P6497)	Other	241	19.0	
Q9NBW4	Q9NBW4	1	Training	0		Theromyzon tessulatum	Metazoa	101	19.0	
C5P3X6	C5P3X6	1	Training	1		Coccidioides posadasii (strain C735)	Fungi	276	18.0	
P18658	P18658	1	Training	2		Macaca fascicularis	Metazoa	101	22.0	
Q95460	Q95460	1	Training	3		Homo sapiens	Metazoa	341	22.0	
H6U1I8	H6U1I8	1	Training	4		Tanacetum cinerariifolium	Plants	365	27.0	
Q6QD51	Q6QD51	1	Training	0		Rattus norvegicus	Metazoa	949	27.0	
P02230	P02230	1	Training	1		Chironomus thummi thummi	Metazoa	151	15.0	
P42292	P42292	1	Training	2		Gallus gallus	Metazoa	588	33.0	
Q8NBI3	Q8NBI3	1	Training	3		Homo sapiens	Metazoa	349	25.0	
Q71DJ5	Q71DJ5	1	Training	4		Arabidopsis thaliana	Plants	393	20.0	
P02810	P02810	1	Training	0		Homo sapiens	Metazoa	166	16.0	
Q96IQ7	Q96IQ7	1	Training	1		Homo sapiens	Metazoa	327	23.0	
Q8TAL6	Q8TAL6	1	Training	2		Homo sapiens	Metazoa	211	18.0	
P41543	P41543	1	Training	3		Saccharomyces cerevisiae (strain ATCC 204508 / S288c)	Fungi	476	22.0	
P11717	P11717	1	Training	4		Homo sapiens	Metazoa	2491	40.0	
P26842	P26842	1	Training	0		Homo sapiens	Metazoa	260	19.0	
O64411	O64411	1	Training	1		Zea mays	Plants	500	28.0	
P55955	P55955	1	Training	2		Caenorhabditis elegans	Metazoa	132	19.0	
P02808	P02808	1	Training	3		Homo sapiens	Metazoa	62	19.0	
P03998	P03998	1	Training	4		Limulus polyphemus	Metazoa	195	20.0	
P13611	P13611	1	Training	0		Homo sapiens	Metazoa	3396	20.0	
Q8T0Y7	Q8T0Y7	1	Training	1		Aplysia californica	Metazoa	141	26.0	
Q3L1D1	Q3L1D1	1	Training	2		Agaricus bisporus	Fungi	594	25.0	
Q6E0U4	Q6E0U4	1	Training	3		Homo sapiens	Metazoa	476	21.0	
Q95UE8	Q95UE8	1	Training	4		Lucilia cuprina	Metazoa	220	19.0	
Q9LJD9	Q9LJD9	1	Training	0		Arabidopsis thaliana	Plants	60	27.0	
Q9GU69	Q9GU69	1	Training	1		Lymnaea stagnalis	Metazoa	64	21.0	
P0DUS5	P0DUS5	1	Training	2		Doratifera vulnerans	Metazoa	57	24.0	
P86100	P86100	1	Training	3		Olivierus martensii	Metazoa	410	25.0	
O95711	O95711	1	Training	4		Homo sapiens	Metazoa	162	20.0	
Q9MYV1	Q9MYV1	1	Training	0		Canis lupus familiaris	Metazoa	128	25.0	
P18417	P18417	1	Training	1		Catharanthus roseus	Plants	352	31.0	
Q8WMP9	Q8WMP9	1	Training	2		Bos taurus	Metazoa	407	29.0	
Q9UKZ9	Q9UKZ9	1	Training	3		Homo sapiens	Metazoa	415	23.0	
P01721	P01721	1	Training	4		Homo sapiens	Metazoa	117	19.0	
P02662	P02662	1	Training	0		Bos taurus	Metazoa	214	15.0	
P11919	P11919	1	Training	1		Manduca sexta	Metazoa	88	26.0	
P35777	P35777	1	Training	2		Solenopsis invicta	Metazoa	137	19.0	
P26203	P26203	1	Training	3		Oryctolagus cuniculus	Metazoa	137	20.0	
P80356	P80356	1	Training	4		Avena sativa	Plants	220	19.0	
P05067	P05067	1	Training	0		Homo sapiens	Metazoa	770	17.0	
Q09117	Q09117	1	Training	1		Populus deltoides	Plants	312	24.0	
P05186	P05186	1	Training	2		Homo sapiens	Metazoa	524	17.0	
P30440	P30440	1	Training	3		Felis catus	Metazoa	109	17.0	
Q9D6Y1	Q9D6Y1	1	Training	4		Mus musculus	Metazoa	273	21.0	
Q02747	Q02747	1	Training	0		Homo sapiens	Metazoa	115	21.0	
Q07654	Q07654	1	Training	1		Homo sapiens	Metazoa	80	21.0	
P03971	P03971	1	Training	2		Homo sapiens	Metazoa	560	24.0	
Q27908	Q27908	1	Training	3		Pinctada fucata	Metazoa	447	17.0	
P13725	P13725	1	Training	4		Homo sapiens	Metazoa	252	25.0	
A9UGV5	A9UGV5	1	Training	0		Oryza sativa subsp. japonica	Plants	68	30.0	
Q7M418	Q7M418	1	Training	1		Oligobrachia mashikoi	Metazoa	163	16.0	
Q92563	Q92563	1	Training	2		Homo sapiens	Metazoa	424	22.0	
Q8MI01	Q8MI01	1	Training	3		Bos taurus	Metazoa	330	23.0	
P13598	P13598	1	Training	4		Homo sapiens	Metazoa	275	24.0	
Q8H8C7	Q8H8C7	1	Training	0		Oryza sativa subsp. japonica	Plants	356	28.0	
Q3Y5Z3	Q3Y5Z3	1	Training	1		Bos taurus	Metazoa	240	17.0	
P16611	P16611	1	Training	2		Sus scrofa	Metazoa	293	27.0	
Q8C1Q4	Q8C1Q4	1	Training	3		Mus musculus	Metazoa	291	21.0	
P10124	P10124	1	Training	4		Homo sapiens	Metazoa	158	27.0	
P22455	P22455	1	Training	0		Homo sapiens	Metazoa	802	21.0	
P61312	P61312	1	Training	1		Rattus norvegicus	Metazoa	146	25.0	
P14217	P14217	1	Training	2		Chlamydomonas reinhardtii	Plants	647	21.0	
Q9UBT3	Q9UBT3	1	Training	3		Homo sapiens	Metazoa	224	18.0	
Q9NS68	Q9NS68	1	Training	4		Homo sapiens	Metazoa	423	29.0	
O60602	O60602	1	Training	0		Homo sapiens	Metazoa	858	20.0	
Q02862	Q02862	1	Training	1		Mus musculus	Metazoa	184	15.0	
P01591	P01591	1	Training	2		Homo sapiens	Metazoa	159	22.0	
Q00193	Q00193	1	Training	3		Oryctolagus cuniculus	Metazoa	540	24.0	
P19667	P19667	1	Training	4		Molineria latifolia	Plants	158	22.0	
P07596	P07596	1	Training	0		Hordeum vulgare	Plants	203	22.0	
P15018	P15018	1	Training	1		Homo sapiens	Metazoa	202	22.0	
Q9Y5Q6	Q9Y5Q6	1	Training	2		Homo sapiens	Metazoa	135	22.0	
Q9VA83	Q9VA83	1	Training	3		Drosophila melanogaster	Metazoa	227	19.0	
P67970	P67970	1	Training	4		Gallus gallus	Metazoa	107	24.0	
Q10E50	Q10E50	1	Training	0		Oryza sativa subsp. japonica	Plants	163	43.0	
P07529	P07529	1	Training	1		Naganishia albida	Fungi	332	21.0	
Q9NPG1	Q9NPG1	1	Training	2		Homo sapiens	Metazoa	666	22.0	
G8YYA6	G8YYA6	1	Training	3		Androctonus amoreuxi	Metazoa	74	22.0	
Q27309	Q27309	1	Training	4		Bombyx mori	Metazoa	1782	15.0	
Q76CE8	Q76CE8	1	Training	0		Typhula ishikariensis	Fungi	243	20.0	
P26006	P26006	1	Training	1		Homo sapiens	Metazoa	1051	32.0	
P52823	P52823	1	Training	2		Homo sapiens	Metazoa	247	17.0	
Q6UX52	Q6UX52	1	Training	3		Homo sapiens	Metazoa	265	20.0	
P20068	P20068	1	Training	4		Rattus norvegicus	Metazoa	169	22.0	
P01888	P01888	1	Training	0		Bos taurus	Metazoa	118	20.0	
Q9NR61	Q9NR61	1	Training	1		Homo sapiens	Metazoa	685	26.0	
Q9UBN6	Q9UBN6	1	Training	2		Homo sapiens	Metazoa	386	55.0	
Q9SLP4	Q9SLP4	1	Training	3		Tulipa saxatilis subsp. bakeri	Plants	314	26.0	
O76192	O76192	1	Training	4		Galleria mellonella	Metazoa	167	17.0	
P01538	P01538	1	Training	0		Viscum album	Plants	111	26.0	
I2C090	I2C090	1	Training	1		Ophiophagus hannah	Metazoa	1641	22.0	
Q9Y279	Q9Y279	1	Training	2		Homo sapiens	Metazoa	399	19.0	
Q05895	Q05895	1	Training	3		Mus musculus	Metazoa	956	21.0	
Q9NTU7	Q9NTU7	1	Training	4		Homo sapiens	Metazoa	201	27.0	
P35331	P35331	1	Training	0		Gallus gallus	Metazoa	1284	24.0	
P42579	P42579	1	Training	1		Lymnaea stagnalis	Metazoa	100	23.0	
P52706	P52706	1	Training	2		Prunus serotina	Plants	563	27.0	
Q63617	Q63617	1	Training	3		Rattus norvegicus	Metazoa	999	32.0	
Q8MMH0	Q8MMH0	1	Training	4		Pimpla hypochondriaca	Metazoa	109	21.0	
P49256	P49256	1	Training	0		Canis lupus familiaris	Metazoa	356	44.0	
P01348	P01348	1	Training	1		Sus scrofa	Metazoa	182	24.0	
Q8I7X1	Q8I7X1	1	Training	2		Porcellio scaber	Metazoa	145	21.0	
P15196	P15196	1	Training	3		Oryctolagus cuniculus	Metazoa	398	31.0	
P48819	P48819	1	Training	4		Sus scrofa	Metazoa	459	19.0	
P25033	P25033	1	Training	0		Hyalophora cecropia	Metazoa	413	19.0	
P80513	P80513	1	Training	1		Bos taurus	Metazoa	179	21.0	
P36511	P36511	1	Training	2		Rattus norvegicus	Metazoa	530	23.0	
Q17128	Q17128	1	Training	3		Blaberus discoidalis	Metazoa	72	21.0	
O76537	O76537	1	Training	4		Trichoplusia ni	Metazoa	182	16.0	
I6S7I0	I6S7I0	1	Training	0		Scolopendra mutilans	Metazoa	64	18.0	
Q64385	Q64385	1	Training	1		Mus musculus	Metazoa	432	23.0	
O35806	O35806	1	Training	2		Rattus norvegicus	Metazoa	1764	35.0	
Q02795	Q02795	1	Training	3		Saccharomyces cerevisiae (strain ATCC 204508 / S288c)	Fungi	286	19.0	
P30121	P30121	1	Training	4		Rattus norvegicus	Metazoa	220	26.0	
O96910	O96910	1	Training	0		Aplysia californica	Metazoa	76	18.0	
P50895	P50895	1	Training	1		Homo sapiens	Metazoa	628	31.0	
Q7KRU8	Q7KRU8	1	Training	2		Drosophila melanogaster	Metazoa	205	19.0	
Q8LG54	Q8LG54	1	Training	3		Arabidopsis thaliana	Plants	130	21.0	
Q63345	Q63345	1	Training	4		Rattus norvegicus	Metazoa	245	27.0	
Q55U20	Q55U20	1	Training	0		Cryptococcus deneoformans (strain B-3501A)	Fungi	458	51.0	
P15467	P15467	1	Training	1		Bos taurus	Metazoa	147	28.0	
Q5G8A6	Q5G8A6	1	Training	2		Tityus costatus	Metazoa	87	19.0	
P80686	P80686	1	Training	3		Tenebrio molitor	Metazoa	211	16.0	
Q96KN2	Q96KN2	1	Training	4		Homo sapiens	Metazoa	507	25.0	
P26010	P26010	1	Training	0		Homo sapiens	Metazoa	798	19.0	
Q9Z0K8	Q9Z0K8	1	Training	1		Mus musculus	Metazoa	512	23.0	
P38570	P38570	1	Training	2		Homo sapiens	Metazoa	1179	18.0	
Q9JMI7	Q9JMI7	1	Training	3		Mus musculus	Metazoa	250	25.0	
Q07092	Q07092	1	Training	4		Homo sapiens	Metazoa	1604	21.0	
G4V4F9	G4V4F9	1	Training	0		Cupiennius salei	Metazoa	97	19.0	
Q7SZI7	Q7SZI7	1	Training	1		Xenopus laevis	Metazoa	1219	22.0	
Q8MJV4	Q8MJV4	1	Training	2		Bos taurus	Metazoa	122	24.0	
P34115	P34115	1	Training	3		Dictyostelium discoideum	Other	730	20.0	
P42705	P42705	1	Training	4		Canis lupus familiaris	Metazoa	352	23.0	
P80109	P80109	1	Training	0		Bos taurus	Metazoa	839	23.0	
P07602	P07602	1	Training	1		Homo sapiens	Metazoa	524	16.0	
Q61789	Q61789	1	Training	2		Mus musculus	Metazoa	3330	31.0	
Q8W257	Q8W257	1	Training	3		Ptilota filicina	Other	500	21.0	
P0DPU7	P0DPU7	1	Training	4		Scolopendra dehaani	Metazoa	78	25.0	
P21956	P21956	1	Training	0		Mus musculus	Metazoa	463	22.0	
Q9GL30	Q9GL30	1	Training	1		Bos taurus	Metazoa	545	35.0	
Q5D710	Q5D710	1	Training	2		Scylla serrata	Metazoa	126	24.0	
Q63191	Q63191	1	Training	3		Rattus norvegicus	Metazoa	1216	21.0	
G5EC68	G5EC68	1	Training	4		Caenorhabditis elegans	Metazoa	85	17.0	
Q9NRC9	Q9NRC9	1	Training	0		Homo sapiens	Metazoa	128	17.0	
A0A023W145	A0A023W145	1	Training	1		Ethmostigmus rubripes	Metazoa	88	24.0	
P51654	P51654	1	Training	2		Homo sapiens	Metazoa	580	24.0	
P22748	P22748	1	Training	3		Homo sapiens	Metazoa	312	18.0	
P02663	P02663	1	Training	4		Bos taurus	Metazoa	222	15.0	
A2VBC4	A2VBC4	1	Training	0		Polybia paulista	Metazoa	322	18.0	
P02870	P02870	1	Training	1		Lens culinaris	Plants	275	30.0	
P22388	P22388	1	Training	2		Rattus norvegicus	Metazoa	202	25.0	
Q9BXJ7	Q9BXJ7	1	Training	3		Homo sapiens	Metazoa	453	19.0	
Q91XZ4	Q91XZ4	1	Training	4		Mus musculus	Metazoa	772	28.0	
P63153	P63153	1	Training	0		Sus scrofa	Metazoa	146	23.0	
Q5GQ85	Q5GQ85	1	Training	1		Argas reflexus	Metazoa	159	16.0	
Q15582	Q15582	1	Training	2		Homo sapiens	Metazoa	683	23.0	
Q9LXD6	Q9LXD6	1	Training	3		Arabidopsis thaliana	Plants	773	23.0	
Q9Y251	Q9Y251	1	Training	4		Homo sapiens	Metazoa	543	35.0	
P0DPV1	P0DPV1	1	Training	0		Scolopendra dehaani	Metazoa	97	23.0	
Q7M3V1	Q7M3V1	1	Training	1		Chelonus sp. nr. curvimaculatus	Metazoa	246	20.0	
P01168	P01168	1	Training	2		Sus scrofa	Metazoa	116	24.0	
C0HLA0	C0HLA0	1	Training	3		Chamaecyparis obtusa	Plants	556	28.0	
Q9U943	Q9U943	1	Training	4		Locusta migratoria	Metazoa	3380	21.0	
Q96X54	Q96X54	1	Training	0		Aspergillus awamori	Fungi	628	25.0	
P19400	P19400	1	Training	1		Ascaris suum	Metazoa	169	20.0	
B9A8D7	B9A8D7	1	Training	2		Crassostrea virginica	Metazoa	85	18.0	
P60153	P60153	1	Training	3		Homo sapiens	Metazoa	205	26.0	
Q8WML4	Q8WML4	1	Training	4		Bos taurus	Metazoa	580	22.0	
P42578	P42578	1	Training	0		Lymnaea stagnalis	Metazoa	239	18.0	
P29241	P29241	1	Training	1		Aplysia californica	Metazoa	282	24.0	
P07457	P07457	1	Training	2		Zoarces americanus	Metazoa	87	22.0	
Q13421	Q13421	1	Training	3		Homo sapiens	Metazoa	622	36.0	
Q76FP5	Q76FP5	1	Training	4		Hypocrea rufa	Fungi	479	20.0	
Q5ZPR3	Q5ZPR3	1	Training	0		Homo sapiens	Metazoa	534	28.0	
P17813	P17813	1	Training	1		Homo sapiens	Metazoa	658	25.0	
Q0P569	Q0P569	1	Training	2		Bos taurus	Metazoa	474	24.0	
P17164	P17164	1	Training	3		Rattus norvegicus	Metazoa	462	28.0	
Q9HB40	Q9HB40	1	Training	4		Homo sapiens	Metazoa	452	26.0	
P09464	P09464	1	Training	0		Pieris brassicae	Metazoa	189	15.0	
Q14002	Q14002	1	Training	1		Homo sapiens	Metazoa	265	35.0	
P14384	P14384	1	Training	2		Homo sapiens	Metazoa	443	17.0	
Q969Z4	Q969Z4	1	Training	3		Homo sapiens	Metazoa	430	25.0	
P29060	P29060	1	Training	4		Nicotiana tabacum	Plants	291	22.0	
P02462	P02462	1	Training	0		Homo sapiens	Metazoa	1669	27.0	
A0A482A9N4	A0A482A9N4	1	Training	1		Talaromyces verruculosus	Fungi	328	21.0	
P45590	P45590	1	Training	2		Hyalophora cecropia	Metazoa	129	17.0	
P01048	P01048	1	Training	3		Rattus norvegicus	Metazoa	430	18.0	
O46432	O46432	1	Training	4		Felis catus	Metazoa	1007	50.0	
P18684	P18684	1	Training	0		Protophormia terraenovae	Metazoa	101	18.0	
Q62632	Q62632	1	Training	1		Rattus norvegicus	Metazoa	306	18.0	
P14214	P14214	1	Training	2		Tachypleus tridentatus	Metazoa	77	23.0	
P68248	P68248	1	Training	3		Gallus gallus	Metazoa	80	25.0	
P0DUQ6	P0DUQ6	1	Training	4		Conus planorbis	Metazoa	70	21.0	
Q8T9R8	Q8T9R8	1	Training	0		Stomoxys calcitrans	Metazoa	67	24.0	
O18994	O18994	1	Training	1		Sus scrofa	Metazoa	219	21.0	
P14630	P14630	1	Training	2		Rattus norvegicus	Metazoa	190	17.0	
A0A5C2A2T2	A0A5C2A2T2	1	Training	3		Conus purpurascens	Metazoa	178	24.0	
O60931	O60931	1	Training	4		Homo sapiens	Metazoa	367	22.0	
P81054	P81054	1	Training	0		Grifola frondosa	Fungi	348	18.0	
Q95NY5	Q95NY5	1	Training	1		Anopheles stephensi	Metazoa	315	18.0	
P09479	P09479	1	Training	2		Gallus gallus	Metazoa	456	20.0	
Q16568	Q16568	1	Training	3		Homo sapiens	Metazoa	116	27.0	
Q39649	Q39649	1	Training	4		Cucurbita maxima	Plants	141	22.0	
P52798	P52798	1	Training	0		Homo sapiens	Metazoa	201	25.0	
P07359	P07359	1	Training	1		Homo sapiens	Metazoa	652	16.0	
Q94733	Q94733	1	Training	2		Rhodnius prolixus	Metazoa	202	23.0	
B0FHH8	B0FHH8	1	Training	3		Manduca sexta	Metazoa	151	18.0	
Q95JC9	Q95JC9	1	Training	4		Sus scrofa	Metazoa	676	16.0	
Q6Z232	Q6Z232	1	Training	0		Oryza sativa subsp. japonica	Plants	146	42.0	
M1MR49	M1MR49	1	Training	1		Rhipicephalus appendiculatus	Metazoa	176	24.0	
C0H9B6	C0H9B6	1	Training	2		Salmo salar	Metazoa	413	19.0	
P82103	P82103	1	Training	3		Mytilus galloprovincialis	Metazoa	96	20.0	
Q99ML8	Q99ML8	1	Training	4		Mus musculus	Metazoa	113	23.0	
Q6UW10	Q6UW10	1	Training	0		Homo sapiens	Metazoa	78	19.0	
Q0IQK9	Q0IQK9	1	Training	1		Oryza sativa subsp. japonica	Plants	116	25.0	
P28825	P28825	1	Training	2		Mus musculus	Metazoa	747	20.0	
Q1HAY7	Q1HAY7	1	Training	3		Holotrichia diomphalia	Metazoa	317	23.0	
P49921	P49921	1	Training	4		Sus scrofa	Metazoa	91	23.0	
P31723	P31723	1	Training	0		Penicillium citrinum	Fungi	511	35.0	
P32472	P32472	1	Training	1		Saccharomyces cerevisiae (strain ATCC 204508 / S288c)	Fungi	135	17.0	
Q02596	Q02596	1	Training	2		Mus musculus	Metazoa	151	19.0	
P84843	P84843	1	Training	3		Hybomitra bimaculata	Metazoa	76	20.0	
P17697	P17697	1	Training	4		Bos taurus	Metazoa	439	19.0	
P0DMD3	P0DMD3	1	Training	0		Scolopendra mutilans	Metazoa	105	21.0	
P79208	P79208	1	Training	1		Ovis aries	Metazoa	603	16.0	
Q6UX41	Q6UX41	1	Training	2		Homo sapiens	Metazoa	500	17.0	
G9M8X1	G9M8X1	1	Training	3		Nephotettix cincticeps	Metazoa	687	19.0	
Q8X150	Q8X150	1	Training	4		Gaeumannomyces tritici	Fungi	618	16.0	
P00688	P00688	1	Training	0		Mus musculus	Metazoa	508	15.0	
Q64HC7	Q64HC7	1	Training	1		Armadillidium vulgare	Metazoa	73	19.0	
Q9UK23	Q9UK23	1	Training	2		Homo sapiens	Metazoa	515	25.0	
Q4WZ11	Q4WZ11	1	Training	3		Aspergillus fumigatus (strain ATCC MYA-4609 / CBS 101355 / FGSC A1100 / Af293)	Fungi	87	19.0	
P10619	P10619	1	Training	4		Homo sapiens	Metazoa	480	28.0	
Q26994	Q26994	1	Training	0		Toxoplasma gondii	Other	179	17.0	
A0A1W6EVN2	A0A1W6EVN2	1	Training	1		Ampulex compressa	Metazoa	50	26.0	
Q6UWV2	Q6UWV2	1	Training	2		Homo sapiens	Metazoa	235	31.0	
P20333	P20333	1	Training	3		Homo sapiens	Metazoa	461	22.0	
Q76FB0	Q76FB0	1	Training	4		Cyanidium caldarium	Other	155	20.0	
Q43413	Q43413	1	Training	0		Capsicum annuum	Plants	75	27.0	
P0CS93	P0CS93	1	Training	1		Gibberella zeae	Fungi	680	24.0	
Q01584	Q01584	1	Training	2		Rhinella marina	Metazoa	183	20.0	
P20507	P20507	1	Training	3		Chlamydomonas reinhardtii	Plants	377	20.0	
P80961	P80961	1	Training	4		Myoxocephalus octodecemspinosus	Metazoa	128	20.0	
Q9NZV1	Q9NZV1	1	Training	0		Homo sapiens	Metazoa	1036	34.0	
P00992	P00992	1	Training	1		Vipera ammodytes ammodytes	Metazoa	93	24.0	
P0CX78	P0CX78	1	Training	2		Saccharomyces cerevisiae (strain ATCC 204508 / S288c)	Fungi	362	25.0	
P17301	P17301	1	Training	3		Homo sapiens	Metazoa	1181	29.0	
Q9ES58	Q9ES58	1	Training	4		Rattus norvegicus	Metazoa	327	23.0	
P18709	P18709	1	Training	0		Xenopus laevis	Metazoa	1807	15.0	
O59896	O59896	1	Training	1		Pycnoporus cinnabarinus	Fungi	518	21.0	
Q2PS07	Q2PS07	1	Training	2		Fagopyrum esculentum	Plants	149	22.0	
P30919	P30919	1	Training	3		Rattus norvegicus	Metazoa	345	23.0	
Q8T0W8	Q8T0W8	1	Training	4		Gastrophysa atrocyanea	Metazoa	65	24.0	
Q86YL7	Q86YL7	1	Training	0		Homo sapiens	Metazoa	162	22.0	
Q96DU3	Q96DU3	1	Training	1		Homo sapiens	Metazoa	332	21.0	
B4FZ87	B4FZ87	1	Training	2		Zea mays	Plants	396	31.0	
P02763	P02763	1	Training	3		Homo sapiens	Metazoa	201	18.0	
B3STN5	B3STN5	1	Training	4		Nosema bombycis (strain CQ1 / CVCC 102059)	Fungi	278	19.0	
P81264	P81264	1	Training	0		Bos taurus	Metazoa	98	22.0	
F2QXM5	F2QXM5	1	Training	1		Komagataella phaffii (strain ATCC 76273 / CBS 7435 / CECT 11047 / NRRL Y-11430 / Wegner 21-1)	Fungi	587	19.0	
Q8NI17	Q8NI17	1	Training	2		Homo sapiens	Metazoa	732	19.0	
P01500	P01500	1	Training	3		Apis mellifera	Metazoa	46	27.0	
P81058	P81058	1	Training	4		Penaeus vannamei	Metazoa	82	19.0	
Q9GV28	Q9GV28	1	Training	0		Bombyx mori	Metazoa	433	16.0	
Q99467	Q99467	1	Training	1		Homo sapiens	Metazoa	661	23.0	
P20013	P20013	1	Training	2		Trametes versicolor	Fungi	372	26.0	
P35578	P35578	1	Training	3		Zootoca vivipara	Metazoa	172	21.0	
Q8NBL1	Q8NBL1	1	Training	4		Homo sapiens	Metazoa	392	23.0	
Q13231	Q13231	1	Training	0		Homo sapiens	Metazoa	466	21.0	
Q86Y78	Q86Y78	1	Training	1		Homo sapiens	Metazoa	171	22.0	
P23502	P23502	1	Training	2		Entamoeba histolytica (strain ATCC 30459 / HM-1:IMSS / ABRM)	Other	1286	15.0	
O43291	O43291	1	Training	3		Homo sapiens	Metazoa	252	27.0	
L8BRS3	L8BRS3	1	Training	4		Morus alba	Plants	209	18.0	
P13686	P13686	1	Training	0		Homo sapiens	Metazoa	325	21.0	
P43307	P43307	1	Training	1		Homo sapiens	Metazoa	286	18.0	
P55057	P55057	1	Training	2		Oryctolagus cuniculus	Metazoa	124	27.0	
O08795	O08795	1	Training	3		Mus musculus	Metazoa	521	14.0	
P81605	P81605	1	Training	4		Homo sapiens	Metazoa	110	19.0	
P27773	P27773	1	Training	0		Mus musculus	Metazoa	505	24.0	
P01226	P01226	1	Training	1		Equus caballus	Metazoa	129	18.0	
Q556R7	Q556R7	1	Training	2		Dictyostelium discoideum	Other	303	24.0	
P48747	P48747	1	Training	3		Oryctolagus cuniculus	Metazoa	557	21.0	
Q56S59	Q56S59	1	Training	4		Nicotiana tabacum	Plants	150	23.0	
Q01528	Q01528	1	Training	0		Limulus polyphemus	Metazoa	172	19.0	
P06332	P06332	1	Training	1		Mus musculus	Metazoa	457	26.0	
P22894	P22894	1	Training	2		Homo sapiens	Metazoa	467	20.0	
Q8MMJ7	Q8MMJ7	1	Training	3		Opisthacanthus madagascariensis	Metazoa	68	23.0	
A0A2I8B346	A0A2I8B346	1	Training	4		Paralithodes camtschaticus	Metazoa	62	23.0	
P45561	P45561	1	Training	0		Sus scrofa	Metazoa	189	16.0	
O95633	O95633	1	Training	1		Homo sapiens	Metazoa	263	26.0	
Q945U0	Q945U0	1	Training	2		Phytophthora sojae	Other	257	28.0	
Q03472	Q03472	1	Training	3		Sus scrofa	Metazoa	202	28.0	
Q92154	Q92154	1	Training	4		Coturnix japonica	Metazoa	620	17.0	
Q13478	Q13478	1	Training	0		Homo sapiens	Metazoa	541	18.0	
P48765	P48765	1	Training	1		Bos taurus	Metazoa	970	32.0	
P49125	P49125	1	Training	2		Latrodectus tredecimguttatus	Metazoa	88	18.0	
Q28143	Q28143	1	Training	3		Bos taurus	Metazoa	456	35.0	
P08582	P08582	1	Training	4		Homo sapiens	Metazoa	738	19.0	
Q8I948	Q8I948	1	Training	0		Acanthoscurria gomesiana	Metazoa	156	23.0	
Q9NYY1	Q9NYY1	1	Training	1		Homo sapiens	Metazoa	176	24.0	
P12872	P12872	1	Training	2		Homo sapiens	Metazoa	115	25.0	
Q6IV20	Q6IV20	1	Training	3		Gallus gallus	Metazoa	104	22.0	
O35701	O35701	1	Training	4		Mus musculus	Metazoa	481	27.0	
O18998	O18998	1	Training	0		Oryctolagus cuniculus	Metazoa	281	21.0	
P10762	P10762	1	Training	1		Locusta migratoria	Metazoa	179	16.0	
Q9H7M9	Q9H7M9	1	Training	2		Homo sapiens	Metazoa	311	32.0	
Q7Q7R8	Q7Q7R8	1	Training	3		Anopheles gambiae	Metazoa	89	29.0	
P19035	P19035	1	Training	4		Bos taurus	Metazoa	96	23.0	
P23515	P23515	1	Training	0		Homo sapiens	Metazoa	440	24.0	
P16235	P16235	1	Training	1		Rattus norvegicus	Metazoa	700	26.0	
O75711	O75711	1	Training	2		Homo sapiens	Metazoa	98	20.0	
P31420	P31420	1	Training	3		Manduca sexta	Metazoa	274	18.0	
P18650	P18650	1	Training	4		Sus scrofa	Metazoa	317	18.0	
Q4V645	Q4V645	1	Training	0		Drosophila melanogaster	Metazoa	108	29.0	
P08505	P08505	1	Training	1		Mus musculus	Metazoa	211	24.0	
Q05928	Q05928	1	Training	2		Mus musculus	Metazoa	177	31.0	
P01076	P01076	1	Training	3		Solanum lycopersicum	Plants	77	32.0	
P08236	P08236	1	Training	4		Homo sapiens	Metazoa	651	22.0	
Q8WPJ2	Q8WPJ2	1	Training	0		Mytilus edulis	Metazoa	367	17.0	
Q27972	Q27972	1	Training	1		Bos taurus	Metazoa	361	24.0	
P11021	P11021	1	Training	2		Homo sapiens	Metazoa	654	18.0	
P85197	P85197	1	Training	3		Lonomia obliqua	Metazoa	180	16.0	
P13671	P13671	1	Training	4		Homo sapiens	Metazoa	934	21.0	
P04217	P04217	1	Training	0		Homo sapiens	Metazoa	495	21.0	
P0DUT0	P0DUT0	1	Training	1		Doratifera vulnerans	Metazoa	46	19.0	
P01364	P01364	1	Training	2		Aplysia californica	Metazoa	108	23.0	
Q9UVI4	Q9UVI4	1	Training	3		Claviceps fusiformis	Fungi	394	16.0	
Q8J0D2	Q8J0D2	1	Training	4		Geotrichum sp. (strain M128)	Fungi	812	23.0	
P02774	P02774	1	Training	0		Homo sapiens	Metazoa	474	16.0	
U6BLZ9	U6BLZ9	1	Training	1		Penicillium canescens	Fungi	463	26.0	
Q52085	Q52085	1	Training	2		Heterostelium pallidum	Other	320	19.0	
O15455	O15455	1	Training	3		Homo sapiens	Metazoa	904	23.0	
P00719	P00719	1	Training	4		Struthio camelus	Metazoa	204	19.0	
O62680	O62680	1	Training	0		Sus scrofa	Metazoa	123	25.0	
P86407	P86407	1	Training	1		Mesobuthus eupeus	Metazoa	75	22.0	
I6S7G5	I6S7G5	1	Training	2		Scolopendra mutilans	Metazoa	84	16.0	
Q17058	Q17058	1	Training	3		Apis mellifera	Metazoa	567	17.0	
Q8WP90	Q8WP90	1	Training	4		Solenopsis invicta	Metazoa	153	19.0	
Q0ZS88	Q0ZS88	1	Training	0		Phlebotomus perniciosus	Metazoa	388	18.0	
P15261	P15261	1	Training	1		Mus musculus	Metazoa	477	25.0	
Q9C5S0	Q9C5S0	1	Training	2		Arabidopsis thaliana	Plants	191	20.0	
P38660	P38660	1	Training	3		Mesocricetus auratus	Metazoa	439	19.0	
O18330	O18330	1	Training	4		Apis mellifera	Metazoa	432	19.0	
P82358	P82358	1	Training	0		Acanthoscurria gomesiana	Metazoa	84	23.0	
P04937	P04937	1	Training	1		Rattus norvegicus	Metazoa	2477	24.0	
P38574	P38574	1	Training	2		Bos taurus	Metazoa	287	18.0	
Q02126	Q02126	1	Training	3		Hordeum vulgare	Plants	330	25.0	
P32803	P32803	1	Training	4		Saccharomyces cerevisiae (strain ATCC 204508 / S288c)	Fungi	203	20.0	
P04925	P04925	1	Training	0		Mus musculus	Metazoa	254	22.0	
P0DQE1	P0DQE1	1	Training	1		Scolopendra dehaani	Metazoa	109	23.0	
A0A7J6K7I9	A0A7J6K7I9	1	Training	2		Toxoplasma gondii	Other	553	64.0	
P15289	P15289	1	Training	3		Homo sapiens	Metazoa	507	18.0	
Q8GT41	Q8GT41	1	Training	4		Platanus acerifolia	Plants	179	23.0	
A0A3N2PQC3	A0A3N2PQC3	1	Training	0		Sodiomyces alkalinus (strain CBS 110278 / VKM F-3762 / F11)	Fungi	99	26.0	
Q6UXL0	Q6UXL0	1	Training	1		Homo sapiens	Metazoa	311	29.0	
P10493	P10493	1	Training	2		Mus musculus	Metazoa	1245	28.0	
P14925	P14925	1	Training	3		Rattus norvegicus	Metazoa	976	25.0	
P20462	P20462	1	Training	4		Notamacropus eugenii	Metazoa	176	18.0	
E0X9F6	E0X9F6	1	Training	0		Thaumetopoea pityocampa	Metazoa	126	18.0	
Q8N6C8	Q8N6C8	1	Training	1		Homo sapiens	Metazoa	439	23.0	
P01177	P01177	1	Training	2		Sus scrofa	Metazoa	125	19.0	
Q9VG55	Q9VG55	1	Training	3		Drosophila melanogaster	Metazoa	191	24.0	
P33487	P33487	1	Training	4		Arabidopsis thaliana	Plants	198	33.0	
Q13433	Q13433	1	Training	0		Homo sapiens	Metazoa	755	28.0	
P86929	P86929	1	Training	1		Metaphire guillelmi	Metazoa	73	14.0	
Q9N4D8	Q9N4D8	1	Training	2		Caenorhabditis elegans	Metazoa	123	17.0	
Q70SU7	Q70SU7	1	Training	3		Salvelinus alpinus	Metazoa	342	19.0	
Q6IUU3	Q6IUU3	1	Training	4		Rattus norvegicus	Metazoa	750	32.0	
Q08481	Q08481	1	Training	0		Mus musculus	Metazoa	727	17.0	
P11215	P11215	1	Training	1		Homo sapiens	Metazoa	1152	16.0	
Q8MUP7	Q8MUP7	1	Training	2		Ixodes scapularis	Metazoa	102	21.0	
A1X159	A1X159	1	Training	3		Perna viridis	Metazoa	431	20.0	
P32358	P32358	1	Training	4		Bombyx mori	Metazoa	579	15.0	
Q9SUQ8	Q9SUQ8	1	Training	0		Arabidopsis thaliana	Plants	187	29.0	
Q8TCT8	Q8TCT8	1	Training	1		Homo sapiens	Metazoa	520	25.0	
P55083	P55083	1	Training	2		Homo sapiens	Metazoa	255	21.0	
P06727	P06727	1	Training	3		Homo sapiens	Metazoa	396	20.0	
P43121	P43121	1	Training	4		Homo sapiens	Metazoa	646	23.0	
Q12546	Q12546	1	Training	0		Aspergillus ficuum	Fungi	614	22.0	
Q9ERQ6	Q9ERQ6	1	Training	1		Rattus norvegicus	Metazoa	571	30.0	
P08069	P08069	1	Training	2		Homo sapiens	Metazoa	1367	30.0	
P35859	P35859	1	Training	3		Rattus norvegicus	Metazoa	603	23.0	
P04062	P04062	1	Training	4		Homo sapiens	Metazoa	536	39.0	
P07897	P07897	1	Training	0		Rattus norvegicus	Metazoa	2124	19.0	
P20112	P20112	1	Training	1		Sus scrofa	Metazoa	300	17.0	
P51688	P51688	1	Training	2		Homo sapiens	Metazoa	502	20.0	
P06911	P06911	1	Training	3		Rattus norvegicus	Metazoa	188	19.0	
Q86SC0	Q86SC0	1	Training	4		Oryctes rhinoceros	Metazoa	66	26.0	
P06865	P06865	1	Training	0		Homo sapiens	Metazoa	529	22.0	
Q9NRR1	Q9NRR1	1	Training	1		Homo sapiens	Metazoa	136	22.0	
O75462	O75462	1	Training	2		Homo sapiens	Metazoa	422	37.0	
P18181	P18181	1	Training	3		Mus musculus	Metazoa	240	22.0	
O62605	O62605	1	Training	4		Galleria mellonella	Metazoa	218	16.0	
Q9NAX4	Q9NAX4	1	Training	0		Dictyostelium discoideum	Other	464	17.0	
P22301	P22301	1	Training	1		Homo sapiens	Metazoa	178	18.0	
P33577	P33577	1	Training	2		Petromyzon marinus	Metazoa	119	19.0	
P25291	P25291	1	Training	3		Canis lupus familiaris	Metazoa	509	21.0	
Q27270	Q27270	1	Training	4		Tenebrio molitor	Metazoa	96	18.0	
Q9ZWA9	Q9ZWA9	1	Training	0		Arabidopsis thaliana	Plants	451	25.0	
P83472	P83472	1	Training	1		Lumbricus terrestris	Metazoa	86	22.0	
Q6IWZ0	Q6IWZ0	1	Training	2		Aplysia californica	Metazoa	535	18.0	
P80915	P80915	1	Training	3		Macadamia integrifolia	Plants	102	26.0	
P24021	P24021	1	Training	4		Aspergillus oryzae (strain ATCC 42149 / RIB 40)	Fungi	287	20.0	
Q8L9T8	Q8L9T8	1	Training	0		Arabidopsis thaliana	Plants	63	27.0	
P22063	P22063	1	Training	1		Rattus norvegicus	Metazoa	1040	30.0	
O14786	O14786	1	Training	2		Homo sapiens	Metazoa	923	21.0	
P27919	P27919	1	Training	3		Avena sativa	Plants	214	28.0	
P34170	P34170	1	Training	4		Bombyx mori	Metazoa	160	20.0	
P02466	P02466	1	Training	0		Rattus norvegicus	Metazoa	1372	22.0	
Q5JNJ5	Q5JNJ5	1	Training	1		Oryza sativa subsp. japonica	Plants	237	28.0	
Q09098	Q09098	1	Training	2		Mus musculus	Metazoa	99	23.0	
Q9TT95	Q9TT95	1	Training	3		Sus scrofa	Metazoa	120	22.0	
Q9NQ34	Q9NQ34	1	Training	4		Homo sapiens	Metazoa	198	33.0	
Q6GU94	Q6GU94	1	Training	0		Centruroides limpidus	Metazoa	56	24.0	
P12992	P12992	1	Training	1		Heliothis virescens	Metazoa	564	19.0	
K9N4Q4	K9N4Q4	1	Training	2		Phlebotomus papatasi	Metazoa	246	23.0	
Q08334	Q08334	1	Training	3		Homo sapiens	Metazoa	325	19.0	
P00635	P00635	1	Training	4		Saccharomyces cerevisiae (strain ATCC 204508 / S288c)	Fungi	467	17.0	
P81702	P81702	1	Training	0		Ceratocystis fimbriata f. sp. platani	Fungi	134	14.0	
Q9C9H5	Q9C9H5	1	Training	1		Arabidopsis thaliana	Plants	484	21.0	
Q8NBM8	Q8NBM8	1	Training	2		Homo sapiens	Metazoa	494	22.0	
O42807	O42807	1	Training	3		Aspergillus niger	Fungi	281	21.0	
Q6QX33	Q6QX33	1	Training	4		Bothrops insularis	Metazoa	158	23.0	
P82818	P82818	1	Training	0		Bombyx mori	Metazoa	66	24.0	
P02783	P02783	1	Training	1		Rattus norvegicus	Metazoa	112	21.0	
Q9R1T7	Q9R1T7	1	Training	2		Rattus norvegicus	Metazoa	200	20.0	
P13917	P13917	1	Training	3		Glycine max	Plants	427	24.0	
P28335	P28335	1	Training	4		Homo sapiens	Metazoa	458	32.0	
O64392	O64392	1	Training	0		Triticum aestivum	Plants	146	21.0	
O00105	O00105	1	Training	1		Aspergillus niger	Fungi	564	19.0	
Q15768	Q15768	1	Training	2		Homo sapiens	Metazoa	340	27.0	
Q8NBN3	Q8NBN3	1	Training	3		Homo sapiens	Metazoa	555	21.0	
Q653V7	Q653V7	1	Training	4		Oryza sativa subsp. japonica	Plants	885	33.0	
Q9BWV1	Q9BWV1	1	Training	0		Homo sapiens	Metazoa	1114	30.0	
Q13651	Q13651	1	Training	1		Homo sapiens	Metazoa	578	21.0	
P11438	P11438	1	Training	2		Mus musculus	Metazoa	406	24.0	
P29459	P29459	1	Training	3		Homo sapiens	Metazoa	219	22.0	
Q2ULM2	Q2ULM2	1	Training	4		Aspergillus oryzae (strain ATCC 42149 / RIB 40)	Fungi	496	16.0	
Q25255	Q25255	1	Training	0		Lucilia cuprina	Metazoa	356	23.0	
Q9BZW8	Q9BZW8	1	Training	1		Homo sapiens	Metazoa	370	21.0	
B1P0S1	B1P0S1	1	Training	2		Pseudopleuronectes americanus	Metazoa	218	23.0	
P30986	P30986	1	Training	3		Eschscholzia californica	Plants	538	23.0	
K9L4P7	K9L4P7	1	Training	4		Penicillium chrysogenum	Fungi	604	18.0	
Q8I817	Q8I817	1	Training	0		Aplysia californica	Metazoa	88	19.0	
A0A8T9EMC0	A0A8T9EMC0	1	Training	1		Heliotropium indicum	Plants	661	20.0	
Q9Z0L3	Q9Z0L3	1	Training	2		Mus musculus	Metazoa	485	17.0	
P02652	P02652	1	Training	3		Homo sapiens	Metazoa	100	18.0	
P01350	P01350	1	Training	4		Homo sapiens	Metazoa	101	21.0	
P16159	P16159	1	Training	0		Triticum aestivum	Plants	143	24.0	
P42264	P42264	1	Training	1		Rattus norvegicus	Metazoa	919	31.0	
P42098	P42098	1	Training	2		Sus scrofa	Metazoa	421	22.0	
Q8JFY4	Q8JFY4	1	Training	3		Anguilla japonica	Metazoa	111	26.0	
Q01638	Q01638	1	Training	4		Homo sapiens	Metazoa	556	18.0	
Q9C9G4	Q9C9G4	1	Training	0		Arabidopsis thaliana	Plants	290	27.0	
E0D877	E0D877	1	Training	1		Aedes albopictus	Metazoa	564	25.0	
Q7Z5A7	Q7Z5A7	1	Training	2		Homo sapiens	Metazoa	132	43.0	
P05533	P05533	1	Training	3		Mus musculus	Metazoa	134	26.0	
P36980	P36980	1	Training	4		Homo sapiens	Metazoa	270	18.0	
P02727	P02727	1	Training	0		Canis lupus familiaris	Metazoa	129	17.0	
Q9PVW8	Q9PVW8	1	Training	1		Silurus asotus	Metazoa	308	23.0	
Q90ZY0	Q90ZY0	1	Training	2		Pseudopleuronectes americanus	Metazoa	68	22.0	
Q28989	Q28989	1	Training	3		Sus scrofa	Metazoa	421	26.0	
Q9NPR2	Q9NPR2	1	Training	4		Homo sapiens	Metazoa	837	43.0	
Q8TC27	Q8TC27	1	Training	0		Homo sapiens	Metazoa	787	16.0	
F1RRV3	F1RRV3	1	Training	1		Sus scrofa	Metazoa	2692	19.0	
P53366	P53366	1	Training	2		Sus scrofa	Metazoa	188	21.0	
Q96F46	Q96F46	1	Training	3		Homo sapiens	Metazoa	866	32.0	
A4LAR6	A4LAR6	1	Training	4		Grifola frondosa	Fungi	107	24.0	
O14791	O14791	1	Training	0		Homo sapiens	Metazoa	398	27.0	
P28088	P28088	1	Training	1		Bos taurus	Metazoa	441	26.0	
Q8RUW5	Q8RUW5	1	Training	2		Arabidopsis thaliana	Plants	433	19.0	
P12820	P12820	1	Training	3		Bos taurus	Metazoa	1306	28.0	
Q6XE38	Q6XE38	1	Training	4		Homo sapiens	Metazoa	83	21.0	
A0A0F7YZQ7	A0A0F7YZQ7	1	Training	0		Conus victoriae	Metazoa	100	24.0	
O42720	O42720	1	Training	1		Ajellomyces capsulatus (strain G186AR / H82 / ATCC MYA-2454 / RMSCC 2432)	Fungi	110	32.0	
Q8HYA9	Q8HYA9	1	Training	2		Sus scrofa	Metazoa	185	20.0	
A1XCI9	A1XCI9	1	Training	3		Fusarium culmorum	Fungi	191	18.0	
A0A0D1DWQ2	A0A0D1DWQ2	1	Training	4		Mycosarcoma maydis	Fungi	290	21.0	
Q9BQ51	Q9BQ51	1	Training	0		Homo sapiens	Metazoa	273	19.0	
Q06K77	Q06K77	1	Training	1		Phlebotomus duboscqi	Metazoa	336	21.0	
P33681	P33681	1	Training	2		Homo sapiens	Metazoa	288	34.0	
A8CL69	A8CL69	1	Training	3		Apis mellifera	Metazoa	195	33.0	
P32802	P32802	1	Training	4		Saccharomyces cerevisiae (strain ATCC 204508 / S288c)	Fungi	667	22.0	
P07204	P07204	1	Training	0		Homo sapiens	Metazoa	575	18.0	
P0DUS7	P0DUS7	1	Training	1		Doratifera vulnerans	Metazoa	56	19.0	
Q9Y2E5	Q9Y2E5	1	Training	2		Homo sapiens	Metazoa	1009	23.0	
Q02083	Q02083	1	Training	3		Homo sapiens	Metazoa	359	28.0	
P47710	P47710	1	Training	4		Homo sapiens	Metazoa	185	15.0	
Q76BW5	Q76BW5	1	Training	0		Oryza sativa subsp. japonica	Plants	290	25.0	
Q50KB1	Q50KB1	1	Training	1		Emiliania huxleyi	Other	223	17.0	
Q9UBP4	Q9UBP4	1	Training	2		Homo sapiens	Metazoa	350	21.0	
B3STN7	B3STN7	1	Training	3		Nosema bombycis (strain CQ1 / CVCC 102059)	Fungi	316	18.0	
P18418	P18418	1	Training	4		Rattus norvegicus	Metazoa	416	17.0	
Q8T0W1	Q8T0W1	1	Training	0		Pimpla hypochondriaca	Metazoa	115	22.0	
P31608	P31608	1	Training	1		Sagittaria sagittifolia	Plants	181	24.0	
Q84V39	Q84V39	1	Training	2		Olea europaea	Plants	123	21.0	
P98066	P98066	1	Training	3		Homo sapiens	Metazoa	277	17.0	
Q63415	Q63415	1	Training	4		Rattus norvegicus	Metazoa	937	45.0	
P15358	P15358	1	Training	0		Haementeria officinalis	Metazoa	136	17.0	
P15309	P15309	1	Training	1		Homo sapiens	Metazoa	386	32.0	
P0DPU8	P0DPU8	1	Training	2		Scolopendra dehaani	Metazoa	105	24.0	
Q9LLT1	Q9LLT1	1	Training	3		Juniperus virginiana	Plants	367	21.0	
B0XRV0	B0XRV0	1	Training	4		Aspergillus fumigatus (strain CBS 144.89 / FGSC A1163 / CEA10)	Fungi	721	18.0	
P01833	P01833	1	Training	0		Homo sapiens	Metazoa	764	18.0	
P04706	P04706	1	Training	1		Zea mays	Plants	223	19.0	
P00996	P00996	1	Training	2		Bos taurus	Metazoa	79	23.0	
P24807	P24807	1	Training	3		Mus musculus	Metazoa	76	26.0	
O76076	O76076	1	Training	4		Homo sapiens	Metazoa	250	23.0	
Q8BSU2	Q8BSU2	1	Training	0		Mus musculus	Metazoa	246	26.0	
Q96PL1	Q96PL1	1	Training	1		Homo sapiens	Metazoa	93	21.0	
P13806	P13806	1	Training	2		Oryctolagus cuniculus	Metazoa	1106	26.0	
Q8MMH3	Q8MMH3	1	Training	3		Pimpla hypochondriaca	Metazoa	488	19.0	
P14625	P14625	1	Training	4		Homo sapiens	Metazoa	803	21.0	
B0CPC6	B0CPC6	1	Training	0		Laccaria bicolor (strain S238N-H82 / ATCC MYA-4686)	Fungi	206	21.0	
P67861	P67861	1	Training	1		Daboia russelii	Metazoa	144	24.0	
Q5F0I3	Q5F0I3	1	Training	2		Gynostemma pentaphyllum	Plants	300	23.0	
P06028	P06028	1	Training	3		Homo sapiens	Metazoa	91	19.0	
P18428	P18428	1	Training	4		Homo sapiens	Metazoa	481	25.0	
P04275	P04275	1	Training	0		Homo sapiens	Metazoa	2813	22.0	
P00533	P00533	1	Training	1		Homo sapiens	Metazoa	1210	24.0	
Q55GS3	Q55GS3	1	Training	2		Dictyostelium discoideum	Other	607	19.0	
P29794	P29794	1	Training	3		Canis lupus familiaris	Metazoa	180	20.0	
Q9H5V8	Q9H5V8	1	Training	4		Homo sapiens	Metazoa	836	29.0	
P54660	P54660	1	Training	0		Dictyostelium discoideum	Other	143	22.0	
Q9GQV7	Q9GQV7	1	Training	1		Aedes aegypti	Metazoa	128	22.0	
Q9ZT66	Q9ZT66	1	Training	2		Zea mays	Plants	303	43.0	
P02672	P02672	1	Training	3		Bos taurus	Metazoa	615	19.0	
P02701	P02701	1	Training	4		Gallus gallus	Metazoa	152	24.0	
Q99435	Q99435	1	Training	0		Homo sapiens	Metazoa	816	21.0	
P81827	P81827	1	Training	1		Rattus norvegicus	Metazoa	101	21.0	
P08514	P08514	1	Training	2		Homo sapiens	Metazoa	1039	31.0	
Q6DWK3	Q6DWK3	1	Training	3		Colletotrichum lindemuthianum	Fungi	248	26.0	
P19594	P19594	1	Training	4		Glycine max	Plants	158	21.0	
P05059	P05059	1	Training	0		Bos taurus	Metazoa	449	18.0	
P05160	P05160	1	Training	1		Homo sapiens	Metazoa	661	20.0	
P81999	P81999	1	Training	2		Canis lupus familiaris	Metazoa	358	22.0	
P69770	P69770	1	Training	3		Conus marmoreus	Metazoa	94	25.0	
P0DL40	P0DL40	1	Training	4		Vespa magnifica	Metazoa	67	21.0	
O95866	O95866	1	Training	0		Homo sapiens	Metazoa	241	17.0	
P43174	P43174	1	Training	1		Ambrosia psilostachya	Plants	77	22.0	
P05113	P05113	1	Training	2		Homo sapiens	Metazoa	134	19.0	
Q8ISL8	Q8ISL8	1	Training	3		Apis mellifera	Metazoa	78	24.0	
Q78CF9	Q78CF9	1	Training	4		Notechis ater	Metazoa	200	19.0	
P62520	P62520	1	Training	0		Chilobrachys guangxiensis	Metazoa	63	27.0	
Q8NBJ9	Q8NBJ9	1	Training	1		Homo sapiens	Metazoa	832	18.0	
P00760	P00760	1	Training	2		Bos taurus	Metazoa	246	17.0	
P59665	P59665	1	Training	3		Homo sapiens	Metazoa	94	19.0	
P08796	P08796	1	Training	4		Dictyostelium discoideum	Other	514	19.0	
Q86Y34	Q86Y34	1	Training	0		Homo sapiens	Metazoa	549	20.0	
P20774	P20774	1	Training	1		Homo sapiens	Metazoa	298	20.0	
Q4V4I9	Q4V4I9	1	Training	2		Drosophila melanogaster	Metazoa	182	22.0	
P13691	P13691	1	Training	3		Hordeum vulgare	Plants	152	30.0	
Q60GF7	Q60GF7	1	Training	4		Rattus norvegicus	Metazoa	252	22.0	
Q9NPF0	Q9NPF0	1	Training	0		Homo sapiens	Metazoa	282	35.0	
P35613	P35613	1	Training	1		Homo sapiens	Metazoa	385	21.0	
P41271	P41271	1	Training	2		Homo sapiens	Metazoa	181	16.0	
P23142	P23142	1	Training	3		Homo sapiens	Metazoa	703	29.0	
Q9P2K2	Q9P2K2	1	Training	4		Homo sapiens	Metazoa	825	27.0	
Q5XM24	Q5XM24	1	Training	0		Dictyostelium discoideum	Other	494	18.0	
P25404	P25404	1	Training	1		Mirabilis jalapa	Plants	63	27.0	
Q03405	Q03405	1	Training	2		Homo sapiens	Metazoa	335	22.0	
P24821	P24821	1	Training	3		Homo sapiens	Metazoa	2201	22.0	
P20062	P20062	1	Training	4		Homo sapiens	Metazoa	427	18.0	
Q99969	Q99969	1	Training	0		Homo sapiens	Metazoa	163	20.0	
P22412	P22412	1	Training	1		Sus scrofa	Metazoa	409	16.0	
Q968Z6	Q968Z6	1	Training	2		Dictyostelium discoideum	Other	557	19.0	
P50448	P50448	1	Training	3		Bos taurus	Metazoa	468	23.0	
P19425	P19425	1	Training	4		Aedes aegypti	Metazoa	97	19.0	
P07712	P07712	1	Training	0		Aplysia californica	Metazoa	112	23.0	
P55203	P55203	1	Training	1		Bos taurus	Metazoa	1110	56.0	
P53616	P53616	1	Training	2		Saccharomyces cerevisiae (strain ATCC 204508 / S288c)	Fungi	420	24.0	
Q9GZX6	Q9GZX6	1	Training	3		Homo sapiens	Metazoa	179	33.0	
P28798	P28798	1	Training	4		Mus musculus	Metazoa	589	17.0	
Q29422	Q29422	1	Training	0		Ovis aries	Metazoa	333	20.0	
P07994	P07994	1	Training	1		Bos taurus	Metazoa	360	17.0	
Q86LE5	Q86LE5	1	Training	2		Rhipicephalus microplus	Metazoa	110	20.0	
O46162	O46162	1	Training	3		Schistocerca gregaria	Metazoa	92	19.0	
P48816	P48816	1	Training	4		Bombyx mori	Metazoa	137	18.0	
Q7TQN3	Q7TQN3	1	Training	0		Mus musculus	Metazoa	571	29.0	
P05164	P05164	1	Training	1		Homo sapiens	Metazoa	745	48.0	
Q13162	Q13162	1	Training	2		Homo sapiens	Metazoa	271	37.0	
	Q03214	0	Training	0	Q03214	Saccharomyces cerevisiae (strain ATCC 204508 / S288c)	Fungi	1411		False
	Q86BP6	0	Training	1	Q86BP6	Drosophila melanogaster	Metazoa	1162		False
	O94329	0	Training	2	O94329	Schizosaccharomyces pombe (strain 972 / ATCC 24843)	Fungi	183		False
	Q49AM1	0	Training	3	Q49AM1	Homo sapiens	Metazoa	385		False
	Q9D0Z3	0	Training	4	Q9D0Z3	Mus musculus	Metazoa	276		False
	Q9M280	0	Training	0	Q9M280	Arabidopsis thaliana	Plants	116		False
	Q07800	0	Training	1	Q07800	Saccharomyces cerevisiae (strain ATCC 204508 / S288c)	Fungi	427		False
	Q9H814	0	Training	2	Q9H814	Homo sapiens	Metazoa	394		False
	Q12338	0	Training	3	Q12338	Saccharomyces cerevisiae (strain ATCC 204508 / S288c)	Fungi	110		False
	Q8K0U3	0	Training	4	Q8K0U3	Mus musculus	Metazoa	198		True
	Q52LJ0	0	Training	0	Q52LJ0	Homo sapiens	Metazoa	433		False
	P38710	0	Training	1	P38710	Saccharomyces cerevisiae (strain ATCC 204508 / S288c)	Fungi	295		False
	P40473	0	Training	2	P40473	Saccharomyces cerevisiae (strain ATCC 204508 / S288c)	Fungi	351		False
	Q969F9	0	Training	3	Q969F9	Homo sapiens	Metazoa	1004		False
	P53142	0	Training	4	P53142	Saccharomyces cerevisiae (strain ATCC 204508 / S288c)	Fungi	486		True
	Q9N2W5	0	Training	0	Q9N2W5	Caenorhabditis elegans	Metazoa	301		False
	Q9HDZ6	0	Training	1	Q9HDZ6	Schizosaccharomyces pombe (strain 972 / ATCC 24843)	Fungi	155		False
	Q9XUB3	0	Training	2	Q9XUB3	Caenorhabditis elegans	Metazoa	781		False
	Q8C5Y2	0	Training	3	Q8C5Y2	Mus musculus	Metazoa	53		True
	Q10360	0	Training	4	Q10360	Schizosaccharomyces pombe (strain 972 / ATCC 24843)	Fungi	97		False
	Q9WVR8	0	Training	0	Q9WVR8	Rattus norvegicus	Metazoa	610		False
	Q8RWG2	0	Training	1	Q8RWG2	Arabidopsis thaliana	Plants	652		False
	Q8L4H0	0	Training	2	Q8L4H0	Arabidopsis thaliana	Plants	500		False
	Q08816	0	Training	3	Q08816	Saccharomyces cerevisiae (strain ATCC 204508 / S288c)	Fungi	343		False
	Q13535	0	Training	4	Q13535	Homo sapiens	Metazoa	2644		False
	E9Q5G7	0	Training	0	E9Q5G7	Mus musculus	Metazoa	496		False
	P38885	0	Training	1	P38885	Saccharomyces cerevisiae (strain ATCC 204508 / S288c)	Fungi	310		False
	O13999	0	Training	2	O13999	Schizosaccharomyces pombe (strain 972 / ATCC 24843)	Fungi	187		True
	P23225	0	Training	3	P23225	Zea mays	Plants	1616		False
	G4MWZ7	0	Training	4	G4MWZ7	Pyricularia oryzae (strain 70-15 / ATCC MYA-4617 / FGSC 8958)	Fungi	702		False
	Q96FC9	0	Training	0	Q96FC9	Homo sapiens	Metazoa	970		False
	Q12102	0	Training	1	Q12102	Saccharomyces cerevisiae (strain ATCC 204508 / S288c)	Fungi	859		False
	P47127	0	Training	2	P47127	Saccharomyces cerevisiae (strain ATCC 204508 / S288c)	Fungi	394		False
	Q8R1B8	0	Training	3	Q8R1B8	Mus musculus	Metazoa	470		False
	Q9Y6K9	0	Training	4	Q9Y6K9	Homo sapiens	Metazoa	419		False
	Q09750	0	Training	0	Q09750	Schizosaccharomyces pombe (strain 972 / ATCC 24843)	Fungi	1522		False
	O97101	0	Training	1	O97101	Dictyostelium discoideum	Other	1000		False
	Q9UL40	0	Training	2	Q9UL40	Homo sapiens	Metazoa	294		False
	Q4KMQ2	0	Training	3	Q4KMQ2	Homo sapiens	Metazoa	910		False
	Q9M394	0	Training	4	Q9M394	Arabidopsis thaliana	Plants	471		False
	Q9URT4	0	Training	0	Q9URT4	Schizosaccharomyces pombe (strain 972 / ATCC 24843)	Fungi	697		False
	A0A161CFW5	0	Training	1	A0A161CFW5	Trypanosoma brucei brucei	Other	305		False
	Q6AT90	0	Training	2	Q6AT90	Oryza sativa subsp. japonica	Plants	505		False
	O60044	0	Training	3	O60044	Neurospora crassa (strain ATCC 24698 / 74-OR23-1A / CBS 708.71 / DSM 1257 / FGSC 987)	Fungi	454		False
	O14311	0	Training	4	O14311	Schizosaccharomyces pombe (strain 972 / ATCC 24843)	Fungi	307		False
	P52566	0	Training	0	P52566	Homo sapiens	Metazoa	201		False
	Q8LDU4	0	Training	1	Q8LDU4	Arabidopsis thaliana	Plants	319		False
	Q9BT43	0	Training	2	Q9BT43	Homo sapiens	Metazoa	218		False
	Q53AQ4	0	Training	3	Q53AQ4	Rattus norvegicus	Metazoa	245		True
	Q9HB21	0	Training	4	Q9HB21	Homo sapiens	Metazoa	404		False
	P33751	0	Training	0	P33751	Saccharomyces cerevisiae (strain ATCC 204508 / S288c)	Fungi	242		False
	Q8LAC4	0	Training	1	Q8LAC4	Arabidopsis thaliana	Plants	322		False
	O74560	0	Training	2	O74560	Schizosaccharomyces pombe (strain 972 / ATCC 24843)	Fungi	636		False
	P40356	0	Training	3	P40356	Saccharomyces cerevisiae (strain ATCC 204508 / S288c)	Fungi	397		False
	Q86TU7	0	Training	4	Q86TU7	Homo sapiens	Metazoa	594		False
	Q92688	0	Training	0	Q92688	Homo sapiens	Metazoa	251		False
	Q584U2	0	Training	1	Q584U2	Trypanosoma brucei brucei (strain 927/4 GUTat10.1)	Other	267		False
	Q99LY9	0	Training	2	Q99LY9	Mus musculus	Metazoa	106		False
	Q5HZG9	0	Training	3	Q5HZG9	Mus musculus	Metazoa	337		False
	P38325	0	Training	4	P38325	Saccharomyces cerevisiae (strain ATCC 204508 / S288c)	Fungi	134		True
	Q08282	0	Training	0	Q08282	Saccharomyces cerevisiae (strain ATCC 204508 / S288c)	Fungi	695		False
	Q9VEA5	0	Training	1	Q9VEA5	Drosophila melanogaster	Metazoa	139		False
	Q8RWG1	0	Training	2	Q8RWG1	Arabidopsis thaliana	Plants	682		False
	Q3MJK5	0	Training	3	Q3MJK5	Rattus norvegicus	Metazoa	1484		False
	Q10204	0	Training	4	Q10204	Schizosaccharomyces pombe (strain 972 / ATCC 24843)	Fungi	250		False
	Q9Z0Y7	0	Training	0	Q9Z0Y7	Mus musculus	Metazoa	1216		False
	Q9Y584	0	Training	1	Q9Y584	Homo sapiens	Metazoa	194		True
	Q96SQ7	0	Training	2	Q96SQ7	Homo sapiens	Metazoa	321		False
	O54697	0	Training	3	O54697	Rattus norvegicus	Metazoa	745		True
	Q9HB58	0	Training	4	Q9HB58	Homo sapiens	Metazoa	689		False
	Q9H6E5	0	Training	0	Q9H6E5	Homo sapiens	Metazoa	874		False
	G5EDM7	0	Training	1	G5EDM7	Caenorhabditis elegans	Metazoa	627		False
	Q9XII1	0	Training	2	Q9XII1	Arabidopsis thaliana	Plants	307		False
	O13859	0	Training	3	O13859	Schizosaccharomyces pombe (strain 972 / ATCC 24843)	Fungi	285		False
	P21757	0	Training	4	P21757	Homo sapiens	Metazoa	451		True
	Q9Y5L0	0	Training	0	Q9Y5L0	Homo sapiens	Metazoa	923		False
	Q8AYS7	0	Training	1	Q8AYS7	Gallus gallus	Metazoa	753		False
	P18847	0	Training	2	P18847	Homo sapiens	Metazoa	181		False
	Q9N425	0	Training	3	Q9N425	Caenorhabditis elegans	Metazoa	501		False
	Q9NVU0	0	Training	4	Q9NVU0	Homo sapiens	Metazoa	708		False
	Q93560	0	Training	0	Q93560	Caenorhabditis elegans	Metazoa	817		False
	Q9NRP2	0	Training	1	Q9NRP2	Homo sapiens	Metazoa	79		False
	Q9P2D0	0	Training	2	Q9P2D0	Homo sapiens	Metazoa	1353		False
	Q9UBS8	0	Training	3	Q9UBS8	Homo sapiens	Metazoa	474		False
	O13978	0	Training	4	O13978	Schizosaccharomyces pombe (strain 972 / ATCC 24843)	Fungi	184		False
	G5DBJ0	0	Training	0	G5DBJ0	Nicotiana benthamiana	Plants	252		False
	Q07684	0	Training	1	Q07684	Saccharomyces cerevisiae (strain ATCC 204508 / S288c)	Fungi	458		False
	C6KST8	0	Training	2	C6KST8	Plasmodium falciparum (isolate 3D7)	Other	358		True
	Q9Y448	0	Training	3	Q9Y448	Homo sapiens	Metazoa	316		False
	Q03372	0	Training	4	Q03372	Drosophila melanogaster	Metazoa	515		False
	Q09902	0	Training	0	Q09902	Schizosaccharomyces pombe (strain 972 / ATCC 24843)	Fungi	85		False
	P43606	0	Training	1	P43606	Saccharomyces cerevisiae (strain ATCC 204508 / S288c)	Fungi	678		False
	Q9C9F5	0	Training	2	Q9C9F5	Arabidopsis thaliana	Plants	308		False
	Q91XW8	0	Training	3	Q91XW8	Mus musculus	Metazoa	327		False
	Q8LIY8	0	Training	4	Q8LIY8	Oryza sativa subsp. japonica	Plants	569		False
	G4SLH0	0	Training	0	G4SLH0	Caenorhabditis elegans	Metazoa	18562		False
	O20029	0	Training	1	O20029	Chlamydomonas reinhardtii	Plants	191		False
	O94358	0	Training	2	O94358	Schizosaccharomyces pombe (strain 972 / ATCC 24843)	Fungi	845		False
	A0A0S2UWC9	0	Training	3	A0A0S2UWC9	Petunia hybrida	Plants	249		False
	Q9H0V1	0	Training	4	Q9H0V1	Homo sapiens	Metazoa	697		True
	B0L3A2	0	Training	0	B0L3A2	Homo sapiens	Metazoa	85		True
	E9PRG8	0	Training	1	E9PRG8	Homo sapiens	Metazoa	123		False
	Q8WQX5	0	Training	2	Q8WQX5	Trypanosoma brucei brucei	Other	976		False
	Q86YN6	0	Training	3	Q86YN6	Homo sapiens	Metazoa	1023		False
	Q9FJL0	0	Training	4	Q9FJL0	Arabidopsis thaliana	Plants	1241		False
	F1QN48	0	Training	0	F1QN48	Danio rerio	Metazoa	379		False
	Q9H6R4	0	Training	1	Q9H6R4	Homo sapiens	Metazoa	1146		False
	Q93Y32	0	Training	2	Q93Y32	Arabidopsis thaliana	Plants	384		False
	Q9T6H8	0	Training	3	Q9T6H8	Arabidopsis thaliana	Plants	382		True
	O75426	0	Training	4	O75426	Homo sapiens	Metazoa	580		False
	Q8RWL4	0	Training	0	Q8RWL4	Arabidopsis thaliana	Plants	349		False
	Q9BQ65	0	Training	1	Q9BQ65	Homo sapiens	Metazoa	265		False
	Q9BQL6	0	Training	2	Q9BQL6	Homo sapiens	Metazoa	677		False
	Q9Y7Y6	0	Training	3	Q9Y7Y6	Schizosaccharomyces pombe (strain 972 / ATCC 24843)	Fungi	291		False
	Q8LEA8	0	Training	4	Q8LEA8	Arabidopsis thaliana	Plants	336		False
	Q8I397	0	Training	0	Q8I397	Plasmodium falciparum (isolate 3D7)	Other	1199		True
	O74946	0	Training	1	O74946	Schizosaccharomyces pombe (strain 972 / ATCC 24843)	Fungi	574		False
	G5EGA9	0	Training	2	G5EGA9	Caenorhabditis elegans	Metazoa	345		False
	Q6NVG5	0	Training	3	Q6NVG5	Mus musculus	Metazoa	214		False
	P25038	0	Training	4	P25038	Saccharomyces cerevisiae (strain ATCC 204508 / S288c)	Fungi	676		False
	S0DPL8	0	Training	0	S0DPL8	Gibberella fujikuroi (strain CBS 195.34 / IMI 58289 / NRRL A-6831)	Fungi	389		False
	Q9Y237	0	Training	1	Q9Y237	Homo sapiens	Metazoa	131		False
	J7M799	0	Training	2	J7M799	Ramazzottius varieornatus	Metazoa	237		False
	Q91VD9	0	Training	3	Q91VD9	Mus musculus	Metazoa	727		False
	Q96CU9	0	Training	4	Q96CU9	Homo sapiens	Metazoa	486		True
	F4HVG8	0	Training	0	F4HVG8	Arabidopsis thaliana	Plants	611		False
	Q5BKX6	0	Training	1	Q5BKX6	Homo sapiens	Metazoa	768		True
	P24499	0	Training	2	P24499	Trypanosoma brucei brucei	Other	229		True
	P14712	0	Training	3	P14712	Arabidopsis thaliana	Plants	1122		False
	Q24167	0	Training	4	Q24167	Drosophila melanogaster	Metazoa	1507		False
	P53885	0	Training	0	P53885	Saccharomyces cerevisiae (strain ATCC 204508 / S288c)	Fungi	366		False
	B0F481	0	Training	1	B0F481	Arabidopsis thaliana	Plants	833		False
	P56286	0	Training	2	P56286	Schizosaccharomyces pombe (strain 972 / ATCC 24843)	Fungi	306		False
	Q9BSK0	0	Training	3	Q9BSK0	Homo sapiens	Metazoa	173		True
	O65220	0	Training	4	O65220	Arabidopsis thaliana	Plants	281		False
	P07471	0	Training	0	P07471	Bos taurus	Metazoa	97		True
	Q9Y530	0	Training	1	Q9Y530	Homo sapiens	Metazoa	152		False
	Q29455	0	Training	2	Q29455	Bos taurus	Metazoa	198		False
	O13894	0	Training	3	O13894	Schizosaccharomyces pombe (strain 972 / ATCC 24843)	Fungi	124		False
	P29147	0	Training	4	P29147	Rattus norvegicus	Metazoa	343		False
	Q08887	0	Training	0	Q08887	Saccharomyces cerevisiae (strain ATCC 204508 / S288c)	Fungi	554		False
	P25420	0	Training	1	P25420	Heliothis virescens	Metazoa	569		False
	Q5PP51	0	Training	2	Q5PP51	Arabidopsis thaliana	Plants	362		False
	O88845	0	Training	3	O88845	Mus musculus	Metazoa	662		False
	P25638	0	Training	4	P25638	Saccharomyces cerevisiae (strain ATCC 204508 / S288c)	Fungi	111		False
	Q6P1L8	0	Training	0	Q6P1L8	Homo sapiens	Metazoa	145		False
	Q9NYQ3	0	Training	1	Q9NYQ3	Homo sapiens	Metazoa	351		False
	Q6UN15	0	Training	2	Q6UN15	Homo sapiens	Metazoa	594		False
	O13853	0	Training	3	O13853	Schizosaccharomyces pombe (strain 972 / ATCC 24843)	Fungi	742		False
	Q9VC45	0	Training	4	Q9VC45	Drosophila melanogaster	Metazoa	1954		False
	Q04751	0	Training	0	Q04751	Saccharomyces cerevisiae (strain ATCC 204508 / S288c)	Fungi	285		False
	P38198	0	Training	1	P38198	Saccharomyces cerevisiae (strain ATCC 204508 / S288c)	Fungi	1513		False
	Q05809	0	Training	2	Q05809	Saccharomyces cerevisiae (strain ATCC 204508 / S288c)	Fungi	96		False
	Q9FEN9	0	Training	3	Q9FEN9	Arabidopsis thaliana	Plants	228		False
	Q04341	0	Training	4	Q04341	Saccharomyces cerevisiae (strain ATCC 204508 / S288c)	Fungi	121		False
	Q9WVH3	0	Training	0	Q9WVH3	Mus musculus	Metazoa	505		False
	P53721	0	Training	1	P53721	Saccharomyces cerevisiae (strain ATCC 204508 / S288c)	Fungi	224		True
	Q12180	0	Training	2	Q12180	Saccharomyces cerevisiae (strain ATCC 204508 / S288c)	Fungi	1030		False
	Q9R269	0	Training	3	Q9R269	Mus musculus	Metazoa	1755		False
	Q1K8E0	0	Training	4	Q1K8E0	Neurospora crassa (strain ATCC 24698 / 74-OR23-1A / CBS 708.71 / DSM 1257 / FGSC 987)	Fungi	256		False
	P40568	0	Training	0	P40568	Saccharomyces cerevisiae (strain ATCC 204508 / S288c)	Fungi	576		False
	Q9QWH1	0	Training	1	Q9QWH1	Mus musculus	Metazoa	850		False
	P07276	0	Training	2	P07276	Saccharomyces cerevisiae (strain ATCC 204508 / S288c)	Fungi	1031		False
	P27864	0	Training	3	P27864	Drosophila melanogaster	Metazoa	679		False
	Q15172	0	Training	4	Q15172	Homo sapiens	Metazoa	486		False
	Q20924	0	Training	0	Q20924	Caenorhabditis elegans	Metazoa	473		False
	Q9DBN1	0	Training	1	Q9DBN1	Mus musculus	Metazoa	621		True
	Q9W6V6	0	Training	2	Q9W6V6	Gallus gallus	Metazoa	2705		False
	Q01453	0	Training	3	Q01453	Homo sapiens	Metazoa	160		True
	Q04264	0	Training	4	Q04264	Saccharomyces cerevisiae (strain ATCC 204508 / S288c)	Fungi	1277		False
	Q84JW1	0	Training	0	Q84JW1	Arabidopsis thaliana	Plants	231		False
	Q9CPR8	0	Training	1	Q9CPR8	Mus musculus	Metazoa	279		False
	Q9FEC1	0	Training	2	Q9FEC1	Arabidopsis thaliana	Plants	172		False
	Q9NWH2	0	Training	3	Q9NWH2	Homo sapiens	Metazoa	141		True
	P40159	0	Training	4	P40159	Saccharomyces cerevisiae (strain ATCC 204508 / S288c)	Fungi	199		False
	P38324	0	Training	0	P38324	Saccharomyces cerevisiae (strain ATCC 204508 / S288c)	Fungi	304		False
	O13294	0	Training	1	O13294	Candida tropicalis	Fungi	411		False
	Q02796	0	Training	2	Q02796	Saccharomyces cerevisiae (strain ATCC 204508 / S288c)	Fungi	332		False
	Q02794	0	Training	3	Q02794	Saccharomyces cerevisiae (strain ATCC 204508 / S288c)	Fungi	444		False
	P09543	0	Training	4	P09543	Homo sapiens	Metazoa	421		False
	Q8WTT2	0	Training	0	Q8WTT2	Homo sapiens	Metazoa	800		False
	F4JP43	0	Training	1	F4JP43	Arabidopsis thaliana	Plants	2037		False
	P63040	0	Training	2	P63040	Mus musculus	Metazoa	134		False
	O54963	0	Training	3	O54963	Rattus norvegicus	Metazoa	1069		False
	Q5T6F0	0	Training	4	Q5T6F0	Homo sapiens	Metazoa	453		False
	Q6IQ49	0	Training	0	Q6IQ49	Homo sapiens	Metazoa	451		False
	Q9H299	0	Training	1	Q9H299	Homo sapiens	Metazoa	93		False
	Q9C8Y3	0	Training	2	Q9C8Y3	Arabidopsis thaliana	Plants	511		False
	O74400	0	Training	3	O74400	Schizosaccharomyces pombe (strain 972 / ATCC 24843)	Fungi	674		False
	Q5ZEP9	0	Training	4	Q5ZEP9	Caenorhabditis elegans	Metazoa	281		False
	Q9USX8	0	Training	0	Q9USX8	Schizosaccharomyces pombe (strain 972 / ATCC 24843)	Fungi	237		False
	Q6P4A7	0	Training	1	Q6P4A7	Homo sapiens	Metazoa	337		False
	Q9FMW8	0	Training	2	Q9FMW8	Arabidopsis thaliana	Plants	354		False
	P34219	0	Training	3	P34219	Saccharomyces cerevisiae (strain ATCC 204508 / S288c)	Fungi	525		False
	P69851	0	Training	4	P69851	Saccharomyces cerevisiae (strain ATCC 204508 / S288c)	Fungi	72		False
	Q9H7D7	0	Training	0	Q9H7D7	Homo sapiens	Metazoa	661		False
	Q8R3C6	0	Training	1	Q8R3C6	Mus musculus	Metazoa	952		False
	Q6NKS4	0	Training	2	Q6NKS4	Arabidopsis thaliana	Plants	258		False
	Q43157	0	Training	3	Q43157	Spinacia oleracea	Plants	285		False
	Q96E09	0	Training	4	Q96E09	Homo sapiens	Metazoa	287		False
	C0LLJ0	0	Training	0	C0LLJ0	Mus musculus	Metazoa	499		False
	O76075	0	Training	1	O76075	Homo sapiens	Metazoa	338		False
	Q7XHR2	0	Training	2	Q7XHR2	Oryza sativa subsp. japonica	Plants	927		False
	P0DI83	0	Training	3	P0DI83	Homo sapiens	Metazoa	198		False
	Q0WUA3	0	Training	4	Q0WUA3	Arabidopsis thaliana	Plants	382		False
	Q08553	0	Training	0	Q08553	Saccharomyces cerevisiae (strain ATCC 204508 / S288c)	Fungi	188		False
	Q9C5Z3	0	Training	1	Q9C5Z3	Arabidopsis thaliana	Plants	441		False
	Q0PNE2	0	Training	2	Q0PNE2	Homo sapiens	Metazoa	266		False
	Q8W234	0	Training	3	Q8W234	Arabidopsis thaliana	Plants	877		False
	Q05543	0	Training	4	Q05543	Saccharomyces cerevisiae (strain ATCC 204508 / S288c)	Fungi	409		False
	Q9MBA2	0	Training	0	Q9MBA2	Arabidopsis thaliana	Plants	326		False
	P38818	0	Training	1	P38818	Saccharomyces cerevisiae (strain ATCC 204508 / S288c)	Fungi	585		False
	Q6P0N0	0	Training	2	Q6P0N0	Homo sapiens	Metazoa	1132		False
	Q53TQ3	0	Training	3	Q53TQ3	Homo sapiens	Metazoa	1027		False
	Q9VQ91	0	Training	4	Q9VQ91	Drosophila melanogaster	Metazoa	576		False
	Q9VDW6	0	Training	0	Q9VDW6	Drosophila melanogaster	Metazoa	3598		False
	O60306	0	Training	1	O60306	Homo sapiens	Metazoa	1485		False
	Q9H582	0	Training	2	Q9H582	Homo sapiens	Metazoa	1327		False
	Q19087	0	Training	3	Q19087	Caenorhabditis elegans	Metazoa	470		False
	Q24142	0	Training	4	Q24142	Drosophila melanogaster	Metazoa	601		False
	Q19LA2	0	Training	0	Q19LA2	Colocasia esculenta	Plants	84		False
	P46970	0	Training	1	P46970	Saccharomyces cerevisiae (strain ATCC 204508 / S288c)	Fungi	1048		False
	P0C5Y7	0	Training	2	P0C5Y7	Schizosaccharomyces pombe (strain 972 / ATCC 24843)	Fungi	102		False
	P57725	0	Training	3	P57725	Mus musculus	Metazoa	372		False
	Q60EN8	0	Training	4	Q60EN8	Oryza sativa subsp. japonica	Plants	151		True
	P82162	0	Training	0	P82162	Spinacia oleracea	Plants	195		False
	Q8VY15	0	Training	1	Q8VY15	Arabidopsis thaliana	Plants	899		False
	Q7Z6G8	0	Training	2	Q7Z6G8	Homo sapiens	Metazoa	1248		False
	O74975	0	Training	3	O74975	Schizosaccharomyces pombe (strain 972 / ATCC 24843)	Fungi	362		False
	Q80U87	0	Training	4	Q80U87	Mus musculus	Metazoa	1080		False
	Q5T7W0	0	Training	0	Q5T7W0	Homo sapiens	Metazoa	954		False
	Q9H467	0	Training	1	Q9H467	Homo sapiens	Metazoa	287		False
	O13699	0	Training	2	O13699	Schizosaccharomyces pombe (strain 972 / ATCC 24843)	Fungi	430		False
	Q8IDM6	0	Training	3	Q8IDM6	Plasmodium falciparum (isolate 3D7)	Other	422		True
	Q96CM3	0	Training	4	Q96CM3	Homo sapiens	Metazoa	377		False
	Q9P2Y4	0	Training	0	Q9P2Y4	Homo sapiens	Metazoa	722		False
	Q9GGE2	0	Training	1	Q9GGE2	Chlamydomonas reinhardtii	Plants	100		False
	P22224	0	Training	2	P22224	Saccharomyces cerevisiae (strain ATCC 204508 / S288c)	Fungi	910		False
	Q86U44	0	Training	3	Q86U44	Homo sapiens	Metazoa	580		False
	Q9M1E7	0	Training	4	Q9M1E7	Arabidopsis thaliana	Plants	285		True
	Q8I8U7	0	Training	0	Q8I8U7	Drosophila melanogaster	Metazoa	3790		False
	Q12748	0	Training	1	Q12748	Saccharomyces cerevisiae (strain ATCC 204508 / S288c)	Fungi	733		False
	F4JTE7	0	Training	2	F4JTE7	Arabidopsis thaliana	Plants	298		False
	Q9H7T9	0	Training	3	Q9H7T9	Homo sapiens	Metazoa	357		False
	B5TYT3	0	Training	4	B5TYT3	Arabidopsis thaliana	Plants	771		True
	Q9C9G6	0	Training	0	Q9C9G6	Arabidopsis thaliana	Plants	157		False
	P87133	0	Training	1	P87133	Schizosaccharomyces pombe (strain 972 / ATCC 24843)	Fungi	121		False
	Q584D1	0	Training	2	Q584D1	Trypanosoma brucei brucei (strain 927/4 GUTat10.1)	Other	639		False
	Q96VH4	0	Training	3	Q96VH4	Saccharomyces cerevisiae (strain ATCC 204508 / S288c)	Fungi	193		False
	Q8CI15	0	Training	4	Q8CI15	Mus musculus	Metazoa	382		False
	O14079	0	Training	0	O14079	Schizosaccharomyces pombe (strain 972 / ATCC 24843)	Fungi	624		False
	Q9UUK4	0	Training	1	Q9UUK4	Schizosaccharomyces pombe (strain 972 / ATCC 24843)	Fungi	202		False
	Q7TSZ8	0	Training	2	Q7TSZ8	Mus musculus	Metazoa	514		False
	Q9H1I8	0	Training	3	Q9H1I8	Homo sapiens	Metazoa	757		False
	Q3UQS8	0	Training	4	Q3UQS8	Mus musculus	Metazoa	1199		False
	O89091	0	Training	0	O89091	Mus musculus	Metazoa	479		False
	P36011	0	Training	1	P36011	Emericella nidulans (strain FGSC A4 / ATCC 38163 / CBS 112.46 / NRRL 194 / M139)	Fungi	622		False
	Q9CQR4	0	Training	2	Q9CQR4	Mus musculus	Metazoa	140		False
	Q12433	0	Training	3	Q12433	Saccharomyces cerevisiae (strain ATCC 204508 / S288c)	Fungi	566		False
	Q02099	0	Training	4	Q02099	Schizosaccharomyces pombe (strain 972 / ATCC 24843)	Fungi	2386		False
	Q6P2Q9	0	Training	0	Q6P2Q9	Homo sapiens	Metazoa	2335		False
	Q86X29	0	Training	1	Q86X29	Homo sapiens	Metazoa	649		False
	G5EDP2	0	Training	2	G5EDP2	Caenorhabditis elegans	Metazoa	412		False
	H3BKT1	0	Training	3	H3BKT1	Mus musculus	Metazoa	185		False
	Q9VPQ6	0	Training	4	Q9VPQ6	Drosophila melanogaster	Metazoa	1191		False
	P32388	0	Training	0	P32388	Saccharomyces cerevisiae (strain ATCC 204508 / S288c)	Fungi	137		False
	Q06011	0	Training	1	Q06011	Saccharomyces cerevisiae (strain ATCC 204508 / S288c)	Fungi	112		True
	P22572	0	Training	2	P22572	Neurospora crassa (strain ATCC 24698 / 74-OR23-1A / CBS 708.71 / DSM 1257 / FGSC 987)	Fungi	453		False
	P12686	0	Training	3	P12686	Saccharomyces cerevisiae (strain ATCC 204508 / S288c)	Fungi	339		False
	P32776	0	Training	4	P32776	Saccharomyces cerevisiae (strain ATCC 204508 / S288c)	Fungi	642		False
	Q8TAT5	0	Training	0	Q8TAT5	Homo sapiens	Metazoa	605		False
	Q8NF64	0	Training	1	Q8NF64	Homo sapiens	Metazoa	920		False
	P16383	0	Training	2	P16383	Homo sapiens	Metazoa	781		False
	Q08949	0	Training	3	Q08949	Saccharomyces cerevisiae (strain ATCC 204508 / S288c)	Fungi	612		False
	P41895	0	Training	4	P41895	Saccharomyces cerevisiae (strain ATCC 204508 / S288c)	Fungi	735		False
	Q924H7	0	Training	0	Q924H7	Mus musculus	Metazoa	646		False
	Q02199	0	Training	1	Q02199	Saccharomyces cerevisiae (strain ATCC 204508 / S288c)	Fungi	472		False
	Q9ASV5	0	Training	2	Q9ASV5	Arabidopsis thaliana	Plants	650		True
	Q9JKU3	0	Training	3	Q9JKU3	Rattus norvegicus	Metazoa	1749		False
	O14893	0	Training	4	O14893	Homo sapiens	Metazoa	280		False
	Q9C4Z7	0	Training	0	Q9C4Z7	Arabidopsis thaliana	Plants	229		False
	P81760	0	Training	1	P81760	Arabidopsis thaliana	Plants	236		False
	Q9D495	0	Training	2	Q9D495	Mus musculus	Metazoa	329		False
	F4JZY1	0	Training	3	F4JZY1	Arabidopsis thaliana	Plants	1586		False
	Q9U2Z0	0	Training	4	Q9U2Z0	Caenorhabditis elegans	Metazoa	391		False
	O13788	0	Training	0	O13788	Schizosaccharomyces pombe (strain 972 / ATCC 24843)	Fungi	527		False
	Q5PRF9	0	Training	1	Q5PRF9	Homo sapiens	Metazoa	694		False
	P14905	0	Training	2	P14905	Saccharomyces cerevisiae (strain ATCC 204508 / S288c)	Fungi	389		False
	Q9Y3V2	0	Training	3	Q9Y3V2	Homo sapiens	Metazoa	267		False
	P49957	0	Training	4	P49957	Saccharomyces cerevisiae (strain ATCC 204508 / S288c)	Fungi	279		False
	P28033	0	Training	0	P28033	Mus musculus	Metazoa	296		False
	Q3URU2	0	Training	1	Q3URU2	Mus musculus	Metazoa	1571		False
	Q99679	0	Training	2	Q99679	Homo sapiens	Metazoa	349		True
	Q7M750	0	Training	3	Q7M750	Mus musculus	Metazoa	143		True
	Q8WUX2	0	Training	4	Q8WUX2	Homo sapiens	Metazoa	184		False
	P0CH07	0	Training	0	P0CH07	Schizosaccharomyces pombe (strain 972 / ATCC 24843)	Fungi	128		False
	P0DH90	0	Training	1	P0DH90	Arabidopsis thaliana	Plants	609		False
	Q9BXC9	0	Training	2	Q9BXC9	Homo sapiens	Metazoa	721		False
	P39547	0	Training	3	P39547	Saccharomyces cerevisiae (strain ATCC 204508 / S288c)	Fungi	235		True
	P48608	0	Training	4	P48608	Drosophila melanogaster	Metazoa	1091		False
	Q8W4D8	0	Training	0	Q8W4D8	Arabidopsis thaliana	Plants	314		False
	P32786	0	Training	1	P32786	Saccharomyces cerevisiae (strain ATCC 204508 / S288c)	Fungi	894		False
	Q9SZD6	0	Training	2	Q9SZD6	Arabidopsis thaliana	Plants	953		False
	P48526	0	Training	3	P48526	Saccharomyces cerevisiae (strain ATCC 204508 / S288c)	Fungi	1002		False
	O08774	0	Training	4	O08774	Rattus norvegicus	Metazoa	1387		False
	Q24246	0	Training	0	Q24246	Drosophila melanogaster	Metazoa	663		False
	P27707	0	Training	1	P27707	Homo sapiens	Metazoa	260		False
	Q9V7P1	0	Training	2	Q9V7P1	Drosophila melanogaster	Metazoa	506		False
	P27216	0	Training	3	P27216	Homo sapiens	Metazoa	316		False
	Q9UTJ8	0	Training	4	Q9UTJ8	Schizosaccharomyces pombe (strain 972 / ATCC 24843)	Fungi	1285		False
	Q9C086	0	Training	0	Q9C086	Homo sapiens	Metazoa	356		False
	Q9NY74	0	Training	1	Q9NY74	Homo sapiens	Metazoa	926		False
	Q9UHV7	0	Training	2	Q9UHV7	Homo sapiens	Metazoa	2174		False
	Q22812	0	Training	3	Q22812	Caenorhabditis elegans	Metazoa	399		False
	Q03760	0	Training	4	Q03760	Saccharomyces cerevisiae (strain ATCC 204508 / S288c)	Fungi	334		False
	Q94BT9	0	Training	0	Q94BT9	Arabidopsis thaliana	Plants	76		False
	P25453	0	Training	1	P25453	Saccharomyces cerevisiae (strain ATCC 204508 / S288c)	Fungi	334		False
	Q674X7	0	Training	2	Q674X7	Homo sapiens	Metazoa	775		False
	Q12315	0	Training	3	Q12315	Saccharomyces cerevisiae (strain ATCC 204508 / S288c)	Fungi	538		False
	P08657	0	Training	4	P08657	Kluyveromyces lactis (strain ATCC 8585 / CBS 2359 / DSM 70799 / NBRC 1267 / NRRL Y-1140 / WM37)	Fungi	865		False
	Q8L7E5	0	Training	0	Q8L7E5	Arabidopsis thaliana	Plants	703		False
	O08773	0	Training	1	O08773	Rattus norvegicus	Metazoa	544		False
	Q9LRZ3	0	Training	2	Q9LRZ3	Arabidopsis thaliana	Plants	641		False
	Q9NPI6	0	Training	3	Q9NPI6	Homo sapiens	Metazoa	582		False
	Q9H6K1	0	Training	4	Q9H6K1	Homo sapiens	Metazoa	298		False
	A0A445AGS0	0	Training	0	A0A445AGS0	Arachis hypogaea	Plants	203		False
	P16658	0	Training	1	P16658	Saccharomyces cerevisiae (strain ATCC 204508 / S288c)	Fungi	377		False
	Q62796	0	Training	2	Q62796	Rattus norvegicus	Metazoa	647		False
	Q5A4H5	0	Training	3	Q5A4H5	Candida albicans (strain SC5314 / ATCC MYA-2876)	Fungi	731		False
	Q13342	0	Training	4	Q13342	Homo sapiens	Metazoa	867		False
	P51163	0	Training	0	P51163	Mus musculus	Metazoa	265		False
	A0A509AKT6	0	Training	1	A0A509AKT6	Plasmodium berghei (strain Anka)	Other	455		True
	Q94F00	0	Training	2	Q94F00	Arabidopsis thaliana	Plants	371		False
	Q15286	0	Training	3	Q15286	Homo sapiens	Metazoa	201		False
	Q9P0P8	0	Training	4	Q9P0P8	Homo sapiens	Metazoa	240		False
	Q8BVG4	0	Training	0	Q8BVG4	Mus musculus	Metazoa	862		False
	P19880	0	Training	1	P19880	Saccharomyces cerevisiae (strain ATCC 204508 / S288c)	Fungi	650		False
	Q94CD4	0	Training	2	Q94CD4	Arabidopsis thaliana	Plants	134		False
	P41002	0	Training	3	P41002	Homo sapiens	Metazoa	786		False
	P53875	0	Training	4	P53875	Saccharomyces cerevisiae (strain ATCC 204508 / S288c)	Fungi	158		False
	P0DW81	0	Training	0	P0DW81	Homo sapiens	Metazoa	44		False
	P17442	0	Training	1	P17442	Saccharomyces cerevisiae (strain ATCC 204508 / S288c)	Fungi	1178		False
	P53167	0	Training	2	P53167	Saccharomyces cerevisiae (strain ATCC 204508 / S288c)	Fungi	370		False
	U4PAZ9	0	Training	3	U4PAZ9	Caenorhabditis elegans	Metazoa	1112		False
	P53628	0	Training	4	P53628	Saccharomyces cerevisiae (strain ATCC 204508 / S288c)	Fungi	566		False
	Q8WZK3	0	Training	0	Q8WZK3	Schizosaccharomyces pombe (strain 972 / ATCC 24843)	Fungi	138		False
	O75004	0	Training	1	O75004	Schizosaccharomyces pombe (strain 972 / ATCC 24843)	Fungi	501		False
	Q75QN2	0	Training	2	Q75QN2	Homo sapiens	Metazoa	995		False
	O46385	0	Training	3	O46385	Bos taurus	Metazoa	2194		False
	Q91WW3	0	Training	4	Q91WW3	Mus musculus	Metazoa	302		True
	O49629	0	Training	0	O49629	Arabidopsis thaliana	Plants	310		False
	P82913	0	Training	1	P82913	Bos taurus	Metazoa	256		False
	Q7Z410	0	Training	2	Q7Z410	Homo sapiens	Metazoa	1059		True
	P46673	0	Training	3	P46673	Saccharomyces cerevisiae (strain ATCC 204508 / S288c)	Fungi	744		False
	Q3E785	0	Training	4	Q3E785	Saccharomyces cerevisiae (strain ATCC 204508 / S288c)	Fungi	79		False
	Q12373	0	Training	0	Q12373	Saccharomyces cerevisiae (strain ATCC 204508 / S288c)	Fungi	385		False
	O35250	0	Training	1	O35250	Mus musculus	Metazoa	697		False
	P60323	0	Training	2	P60323	Homo sapiens	Metazoa	173		False
	Q12283	0	Training	3	Q12283	Saccharomyces cerevisiae (strain ATCC 204508 / S288c)	Fungi	360		False
	P0CS82	0	Training	4	P0CS82	Saccharomyces cerevisiae	Fungi	1483		False
	O94494	0	Training	0	O94494	Schizosaccharomyces pombe (strain 972 / ATCC 24843)	Fungi	277		False
	Q02793	0	Training	1	Q02793	Saccharomyces cerevisiae (strain ATCC 204508 / S288c)	Fungi	397		False
	F4K933	0	Training	2	F4K933	Arabidopsis thaliana	Plants	483		False
	O94410	0	Training	3	O94410	Schizosaccharomyces pombe (strain 972 / ATCC 24843)	Fungi	186		False
	Q96CX2	0	Training	4	Q96CX2	Homo sapiens	Metazoa	325		False
	P47988	0	Training	0	P47988	Saccharomyces cerevisiae (strain ATCC 204508 / S288c)	Fungi	759		False
	Q08509	0	Training	1	Q08509	Mus musculus	Metazoa	821		False
	Q94545	0	Training	2	Q94545	Drosophila melanogaster	Metazoa	556		False
	Q17390	0	Training	3	Q17390	Caenorhabditis elegans	Metazoa	791		False
	Q682U6	0	Training	4	Q682U6	Arabidopsis thaliana	Plants	316		False
	Q9FVR6	0	Training	0	Q9FVR6	Arabidopsis thaliana	Plants	296		False
	P40164	0	Training	1	P40164	Saccharomyces cerevisiae (strain ATCC 204508 / S288c)	Fungi	858		False
	Q9Y2I8	0	Training	2	Q9Y2I8	Homo sapiens	Metazoa	494		False
	Q4VAE3	0	Training	3	Q4VAE3	Mus musculus	Metazoa	234		False
	G5EFY4	0	Training	4	G5EFY4	Caenorhabditis elegans	Metazoa	286		False
	P39952	0	Training	0	P39952	Saccharomyces cerevisiae (strain ATCC 204508 / S288c)	Fungi	402		False
	P11325	0	Training	1	P11325	Saccharomyces cerevisiae (strain ATCC 204508 / S288c)	Fungi	894		False
	Q12334	0	Training	2	Q12334	Saccharomyces cerevisiae (strain ATCC 204508 / S288c)	Fungi	223		False
	Q6IQ55	0	Training	3	Q6IQ55	Homo sapiens	Metazoa	1244		False
	A0A1D9BZF0	0	Training	4	A0A1D9BZF0	Mus musculus	Metazoa	507		False
	Q8N196	0	Training	0	Q8N196	Homo sapiens	Metazoa	739		False
	P53188	0	Training	1	P53188	Saccharomyces cerevisiae (strain ATCC 204508 / S288c)	Fungi	120		False
	P33203	0	Training	2	P33203	Saccharomyces cerevisiae (strain ATCC 204508 / S288c)	Fungi	583		False
	Q99575	0	Training	3	Q99575	Homo sapiens	Metazoa	1024		False
	Q9FEC4	0	Training	4	Q9FEC4	Chlamydomonas reinhardtii	Plants	1783		False
	P22134	0	Training	0	P22134	Saccharomyces cerevisiae (strain ATCC 204508 / S288c)	Fungi	296		False
	Q94BN0	0	Training	1	Q94BN0	Arabidopsis thaliana	Plants	364		False
	O15427	0	Training	2	O15427	Homo sapiens	Metazoa	465		True
	P27516	0	Training	3	P27516	Dunaliella salina	Plants	172		False
	A0A3Q7HWE4	0	Training	4	A0A3Q7HWE4	Solanum lycopersicum	Plants	165		False
	Q8GT66	0	Training	0	Q8GT66	Pisum sativum	Plants	436		False
	Q8NFG4	0	Training	1	Q8NFG4	Homo sapiens	Metazoa	579		False
	Q9HDZ3	0	Training	2	Q9HDZ3	Schizosaccharomyces pombe (strain 972 / ATCC 24843)	Fungi	182		False
	Q9Z2S7	0	Training	3	Q9Z2S7	Mus musculus	Metazoa	137		False
	Q9ULE6	0	Training	4	Q9ULE6	Homo sapiens	Metazoa	856		False
	Q6NZN1	0	Training	0	Q6NZN1	Mus musculus	Metazoa	1644		False
	A2ALU4	0	Training	1	A2ALU4	Mus musculus	Metazoa	1481		False
	O60141	0	Training	2	O60141	Schizosaccharomyces pombe (strain 972 / ATCC 24843)	Fungi	299		False
	P52868	0	Training	3	P52868	Saccharomyces cerevisiae (strain ATCC 204508 / S288c)	Fungi	283		False
	Q9STY4	0	Training	4	Q9STY4	Arabidopsis thaliana	Plants	599		False
	Q9P7L2	0	Training	0	Q9P7L2	Schizosaccharomyces pombe (strain 972 / ATCC 24843)	Fungi	425		False
	P47158	0	Training	1	P47158	Saccharomyces cerevisiae (strain ATCC 204508 / S288c)	Fungi	497		False
	Q920F5	0	Training	2	Q920F5	Rattus norvegicus	Metazoa	492		False
	Q9NGX9	0	Training	3	Q9NGX9	Drosophila melanogaster	Metazoa	489		False
	Q9SCR2	0	Training	4	Q9SCR2	Arabidopsis thaliana	Plants	209		False
	Q8GSJ6	0	Training	0	Q8GSJ6	Arabidopsis thaliana	Plants	154		True
	J9VQC4	0	Training	1	J9VQC4	Cryptococcus neoformans (strain H99 / ATCC 208821 / CBS 10515 / FGSC 9487)	Fungi	366		True
	P14908	0	Training	2	P14908	Saccharomyces cerevisiae (strain ATCC 204508 / S288c)	Fungi	341		False
	Q08702	0	Training	3	Q08702	Saccharomyces cerevisiae (strain ATCC 204508 / S288c)	Fungi	217		False
	Q8IWA0	0	Training	4	Q8IWA0	Homo sapiens	Metazoa	830		False
	Q69ZR9	0	Training	0	Q69ZR9	Mus musculus	Metazoa	1610		False
	Q68CP9	0	Training	1	Q68CP9	Homo sapiens	Metazoa	1835		False
	A0A075TRC0	0	Training	2	A0A075TRC0	Penicillium expansum	Fungi	1776		False
	Q0D2I5	0	Training	3	Q0D2I5	Homo sapiens	Metazoa	559		False
	Q9EPK5	0	Training	4	Q9EPK5	Mus musculus	Metazoa	395		False
	Q61127	0	Training	0	Q61127	Mus musculus	Metazoa	525		False
	P06100	0	Training	1	P06100	Saccharomyces cerevisiae (strain ATCC 204508 / S288c)	Fungi	191		False
	Q06148	0	Training	2	Q06148	Saccharomyces cerevisiae (strain ATCC 204508 / S288c)	Fungi	342		True
	O49570	0	Training	3	O49570	Arabidopsis thaliana	Plants	650		False
	Q0WQ41	0	Training	4	Q0WQ41	Arabidopsis thaliana	Plants	594		False
	Q5U623	0	Training	0	Q5U623	Homo sapiens	Metazoa	682		False
	Q9FLU1	0	Training	1	Q9FLU1	Arabidopsis thaliana	Plants	454		False
	Q14140	0	Training	2	Q14140	Homo sapiens	Metazoa	314		False
	O60674	0	Training	3	O60674	Homo sapiens	Metazoa	1132		False
	Q8RWD5	0	Training	4	Q8RWD5	Arabidopsis thaliana	Plants	577		False
	O94972	0	Training	0	O94972	Homo sapiens	Metazoa	964		False
	Q12361	0	Training	1	Q12361	Saccharomyces cerevisiae (strain ATCC 204508 / S288c)	Fungi	961		True
	P42900	0	Training	2	P42900	Saccharomyces cerevisiae (strain ATCC 204508 / S288c)	Fungi	643		False
	A2A288	0	Training	3	A2A288	Homo sapiens	Metazoa	527		False
	P47118	0	Training	4	P47118	Saccharomyces cerevisiae (strain ATCC 204508 / S288c)	Fungi	141		False
	Q1K548	0	Training	0	Q1K548	Neurospora crassa (strain ATCC 24698 / 74-OR23-1A / CBS 708.71 / DSM 1257 / FGSC 987)	Fungi	477		False
	O60921	0	Training	1	O60921	Homo sapiens	Metazoa	280		False
	P34241	0	Training	2	P34241	Saccharomyces cerevisiae (strain ATCC 204508 / S288c)	Fungi	1764		False
	P33759	0	Training	3	P33759	Saccharomyces cerevisiae (strain ATCC 204508 / S288c)	Fungi	307		False
	G5EEG9	0	Training	4	G5EEG9	Caenorhabditis elegans	Metazoa	399		False
	Q09184	0	Training	0	Q09184	Schizosaccharomyces pombe (strain 972 / ATCC 24843)	Fungi	381		False
	Q9VKV5	0	Training	1	Q9VKV5	Drosophila melanogaster	Metazoa	319		False
	Q6ZIV7	0	Training	2	Q6ZIV7	Oryza sativa subsp. japonica	Plants	284		False
	Q07938	0	Training	3	Q07938	Saccharomyces cerevisiae (strain ATCC 204508 / S288c)	Fungi	337		False
	P43557	0	Training	4	P43557	Saccharomyces cerevisiae (strain ATCC 204508 / S288c)	Fungi	207		False
	O61707	0	Training	0	O61707	Caenorhabditis elegans	Metazoa	523		False
	P38255	0	Training	1	P38255	Saccharomyces cerevisiae (strain ATCC 204508 / S288c)	Fungi	430		False
	Q9BWC9	0	Training	2	Q9BWC9	Homo sapiens	Metazoa	280		False
	Q8N6I1	0	Training	3	Q8N6I1	Homo sapiens	Metazoa	236		False
	Q10178	0	Training	4	Q10178	Schizosaccharomyces pombe (strain 972 / ATCC 24843)	Fungi	1205		False
	P14604	0	Training	0	P14604	Rattus norvegicus	Metazoa	290		False
	P40099	0	Training	1	P40099	Saccharomyces cerevisiae (strain ATCC 204508 / S288c)	Fungi	211		False
	Q9D011	0	Training	2	Q9D011	Mus musculus	Metazoa	178		False
	P82670	0	Training	3	P82670	Bos taurus	Metazoa	201		False
	Q5VTT2	0	Training	4	Q5VTT2	Homo sapiens	Metazoa	229		False
	Q9LES2	0	Training	0	Q9LES2	Arabidopsis thaliana	Plants	478		False
	O14161	0	Training	1	O14161	Schizosaccharomyces pombe (strain 972 / ATCC 24843)	Fungi	293		False
	Q76KJ5	0	Training	2	Q76KJ5	Mus musculus	Metazoa	399		False
	P14731	0	Training	3	P14731	Gallus gallus	Metazoa	584		False
	P19447	0	Training	4	P19447	Homo sapiens	Metazoa	782		False
	Q70CQ1	0	Training	0	Q70CQ1	Homo sapiens	Metazoa	688		False
	P00390	0	Training	1	P00390	Homo sapiens	Metazoa	522		False
	P46059	0	Training	2	P46059	Homo sapiens	Metazoa	708		True
	Q5VWN6	0	Training	3	Q5VWN6	Homo sapiens	Metazoa	2430		False
	D3Z7H4	0	Training	4	D3Z7H4	Mus musculus	Metazoa	322		True
	Q01750	0	Training	0	Q01750	Rattus norvegicus	Metazoa	249		False
	Q7ZT48	0	Training	1	Q7ZT48	Xenopus laevis	Metazoa	221		False
	Q9Y3F4	0	Training	2	Q9Y3F4	Homo sapiens	Metazoa	350		False
	Q8BVE8	0	Training	3	Q8BVE8	Mus musculus	Metazoa	1365		False
	Q6J9Q2	0	Training	4	Q6J9Q2	Arabidopsis thaliana	Plants	348		False
	Q96E29	0	Training	0	Q96E29	Homo sapiens	Metazoa	417		False
	P53808	0	Training	1	P53808	Mus musculus	Metazoa	214		False
	P32626	0	Training	2	P32626	Saccharomyces cerevisiae (strain ATCC 204508 / S288c)	Fungi	227		False
	Q15560	0	Training	3	Q15560	Homo sapiens	Metazoa	299		False
	P22354	0	Training	4	P22354	Saccharomyces cerevisiae (strain ATCC 204508 / S288c)	Fungi	195		False
	O94913	0	Training	0	O94913	Homo sapiens	Metazoa	1555		False
	O82204	0	Training	1	O82204	Arabidopsis thaliana	Plants	143		False
	P30316	0	Training	2	P30316	Schizosaccharomyces pombe (strain 972 / ATCC 24843)	Fungi	1086		False
	O22059	0	Training	3	O22059	Arabidopsis thaliana	Plants	94		False
	Q6ZQX7	0	Training	4	Q6ZQX7	Homo sapiens	Metazoa	453		False
	A0A0P0WQ90	0	Training	0	A0A0P0WQ90	Oryza sativa subsp. japonica	Plants	416		False
	P38193	0	Training	1	P38193	Saccharomyces cerevisiae (strain ATCC 204508 / S288c)	Fungi	441		False
	A0A5B9G902	0	Training	2	A0A5B9G902	Aureobasidium melanogenum	Fungi	521		False
	Q9D4H9	0	Training	3	Q9D4H9	Mus musculus	Metazoa	941		False
	Q02630	0	Training	4	Q02630	Saccharomyces cerevisiae (strain ATCC 204508 / S288c)	Fungi	1113		False
	Q9BXJ9	0	Training	0	Q9BXJ9	Homo sapiens	Metazoa	866		False
	Q09014	0	Training	1	Q09014	Mus musculus	Metazoa	390		False
	Q8NI36	0	Training	2	Q8NI36	Homo sapiens	Metazoa	895		False
	P25188	0	Training	3	P25188	Cavia porcellus	Metazoa	167		False
	Q9P7H5	0	Training	4	Q9P7H5	Schizosaccharomyces pombe (strain 972 / ATCC 24843)	Fungi	175		False
	Q9Y7K9	0	Training	0	Q9Y7K9	Schizosaccharomyces pombe (strain 972 / ATCC 24843)	Fungi	246		False
	Q8S4Q6	0	Training	1	Q8S4Q6	Arabidopsis thaliana	Plants	202		False
	Q9USM4	0	Training	2	Q9USM4	Schizosaccharomyces pombe (strain 972 / ATCC 24843)	Fungi	264		False
	P40360	0	Training	3	P40360	Saccharomyces cerevisiae (strain ATCC 204508 / S288c)	Fungi	574		False
	Q66GP9	0	Training	4	Q66GP9	Arabidopsis thaliana	Plants	561		False
	Q7S910	0	Training	0	Q7S910	Neurospora crassa (strain ATCC 24698 / 74-OR23-1A / CBS 708.71 / DSM 1257 / FGSC 987)	Fungi	263		False
	A8WFJ9	0	Training	1	A8WFJ9	Caenorhabditis elegans	Metazoa	463		False
	Q6ZYL4	0	Training	2	Q6ZYL4	Homo sapiens	Metazoa	71		False
	P22033	0	Training	3	P22033	Homo sapiens	Metazoa	750		False
	Q06678	0	Training	4	Q06678	Saccharomyces cerevisiae (strain ATCC 204508 / S288c)	Fungi	367		False
	Q08687	0	Training	0	Q08687	Saccharomyces cerevisiae (strain ATCC 204508 / S288c)	Fungi	178		False
	Q9H8E8	0	Training	1	Q9H8E8	Homo sapiens	Metazoa	782		False
	P53125	0	Training	2	P53125	Saccharomyces cerevisiae (strain ATCC 204508 / S288c)	Fungi	1264		False
	P40381	0	Training	3	P40381	Schizosaccharomyces pombe (strain 972 / ATCC 24843)	Fungi	328		False
	Q9NZZ3	0	Training	4	Q9NZZ3	Homo sapiens	Metazoa	219		False
	Q9NPD3	0	Training	0	Q9NPD3	Homo sapiens	Metazoa	245		False
	Q9D1F4	0	Training	1	Q9D1F4	Mus musculus	Metazoa	257		False
	Q96PN7	0	Training	2	Q96PN7	Homo sapiens	Metazoa	1200		False
	Q07163	0	Training	3	Q07163	Saccharomyces cerevisiae	Fungi	1755		False
	Q8IZD2	0	Training	4	Q8IZD2	Homo sapiens	Metazoa	1858		False
	P32505	0	Training	0	P32505	Saccharomyces cerevisiae (strain ATCC 204508 / S288c)	Fungi	525		False
	Q96GX5	0	Training	1	Q96GX5	Homo sapiens	Metazoa	879		False
	P41812	0	Training	2	P41812	Saccharomyces cerevisiae (strain ATCC 204508 / S288c)	Fungi	875		False
	Q9ZVA7	0	Training	3	Q9ZVA7	Arabidopsis thaliana	Plants	468		False
	Q8LDU1	0	Training	4	Q8LDU1	Arabidopsis thaliana	Plants	321		False
	Q9R0X4	0	Training	0	Q9R0X4	Mus musculus	Metazoa	439		False
	B6HQN4	0	Training	1	B6HQN4	Penicillium rubens (strain ATCC 28089 / DSM 1075 / NRRL 1951 / Wisconsin 54-1255)	Fungi	268		False
	O60287	0	Training	2	O60287	Homo sapiens	Metazoa	2271		False
	Q9HAV7	0	Training	3	Q9HAV7	Homo sapiens	Metazoa	217		False
	Q8TEC5	0	Training	4	Q8TEC5	Homo sapiens	Metazoa	729		False
	Q9HCC9	0	Training	0	Q9HCC9	Homo sapiens	Metazoa	887		False
	Q8NF50	0	Training	1	Q8NF50	Homo sapiens	Metazoa	2099		False
	Q8C624	0	Training	2	Q8C624	Mus musculus	Metazoa	132		False
	Q15038	0	Training	3	Q15038	Homo sapiens	Metazoa	168		False
	Q12393	0	Training	4	Q12393	Saccharomyces cerevisiae (strain ATCC 204508 / S288c)	Fungi	293		False
	O22267	0	Training	0	O22267	Arabidopsis thaliana	Plants	1122		True
	P16455	0	Training	1	P16455	Homo sapiens	Metazoa	207		False
	P43309	0	Training	2	P43309	Malus domestica	Plants	593		False
	O00463	0	Training	3	O00463	Homo sapiens	Metazoa	557		False
	P15771	0	Training	4	P15771	Gallus gallus	Metazoa	694		False
	Q9LY23	0	Training	0	Q9LY23	Arabidopsis thaliana	Plants	286		False
	P40084	0	Training	1	P40084	Saccharomyces cerevisiae (strain ATCC 204508 / S288c)	Fungi	226		False
	A2AMT1	0	Training	2	A2AMT1	Mus musculus	Metazoa	669		False
	Q557E7	0	Training	3	Q557E7	Dictyostelium discoideum	Other	665		False
	Q9W0I5	0	Training	4	Q9W0I5	Drosophila melanogaster	Metazoa	251		False
	Q9LV91	0	Training	0	Q9LV91	Arabidopsis thaliana	Plants	576		False
	Q9FNZ5	0	Training	1	Q9FNZ5	Arabidopsis thaliana	Plants	142		False
	Q12018	0	Training	2	Q12018	Saccharomyces cerevisiae (strain ATCC 204508 / S288c)	Fungi	815		False
	O74350	0	Training	3	O74350	Schizosaccharomyces pombe (strain 972 / ATCC 24843)	Fungi	299		False
	P11930	0	Training	4	P11930	Mus musculus	Metazoa	357		False
	Q9P2N6	0	Training	0	Q9P2N6	Homo sapiens	Metazoa	904		False
	Q9BUL9	0	Training	1	Q9BUL9	Homo sapiens	Metazoa	199		False
	P53251	0	Training	2	P53251	Saccharomyces cerevisiae (strain ATCC 204508 / S288c)	Fungi	210		False
	Q04477	0	Training	3	Q04477	Saccharomyces cerevisiae (strain ATCC 204508 / S288c)	Fungi	213		False
	Q6PR54	0	Training	4	Q6PR54	Mus musculus	Metazoa	2419		False
	E2RU10	0	Training	0	E2RU10	Giardia intestinalis (strain ATCC 50803 / WB clone C6)	Other	238		False
	P49756	0	Training	1	P49756	Homo sapiens	Metazoa	843		False
	Q6GPH4	0	Training	2	Q6GPH4	Homo sapiens	Metazoa	301		False
	Q06163	0	Training	3	Q06163	Saccharomyces cerevisiae (strain ATCC 204508 / S288c)	Fungi	884		False
	Q8N108	0	Training	4	Q8N108	Homo sapiens	Metazoa	512		False
	Q15326	0	Training	0	Q15326	Homo sapiens	Metazoa	602		False
	Q8VCM2	0	Training	1	Q8VCM2	Mus musculus	Metazoa	349		False
	Q9P267	0	Training	2	Q9P267	Homo sapiens	Metazoa	1494		False
	Q04149	0	Training	3	Q04149	Saccharomyces cerevisiae (strain ATCC 204508 / S288c)	Fungi	632		False
	Q04781	0	Training	4	Q04781	Saccharomyces cerevisiae (strain ATCC 204508 / S288c)	Fungi	1562		False
	A0A125S9M5	0	Training	0	A0A125S9M5	Hypsibius exemplaris	Metazoa	614		False
	Q5XIQ3	0	Training	1	Q5XIQ3	Rattus norvegicus	Metazoa	316		False
	P36517	0	Training	2	P36517	Saccharomyces cerevisiae (strain ATCC 204508 / S288c)	Fungi	319		False
	P16522	0	Training	3	P16522	Saccharomyces cerevisiae (strain ATCC 204508 / S288c)	Fungi	626		False
	P37263	0	Training	4	P37263	Saccharomyces cerevisiae (strain ATCC 204508 / S288c)	Fungi	153		False
	Q84N64	0	Training	0	Q84N64	Arabidopsis thaliana	Plants	777		False
	Q10PI9	0	Training	1	Q10PI9	Oryza sativa subsp. japonica	Plants	459		False
	P36136	0	Training	2	P36136	Saccharomyces cerevisiae (strain ATCC 204508 / S288c)	Fungi	271		False
	P41846	0	Training	3	P41846	Caenorhabditis elegans	Metazoa	1009		False
	Q86V15	0	Training	4	Q86V15	Homo sapiens	Metazoa	1759		False
	P47164	0	Training	0	P47164	Saccharomyces cerevisiae (strain ATCC 204508 / S288c)	Fungi	639		False
	Q14192	0	Training	1	Q14192	Homo sapiens	Metazoa	279		False
	K4C9E2	0	Training	2	K4C9E2	Solanum lycopersicum	Plants	498		False
	Q10666	0	Training	3	Q10666	Caenorhabditis elegans	Metazoa	438		False
	P40923	0	Training	4	P40923	Schizosaccharomyces pombe (strain 972 / ATCC 24843)	Fungi	201		False
	P51948	0	Training	0	P51948	Homo sapiens	Metazoa	309		False
	P49334	0	Training	1	P49334	Saccharomyces cerevisiae (strain ATCC 204508 / S288c)	Fungi	152		False
	Q6SKR2	0	Training	2	Q6SKR2	Mus musculus	Metazoa	214		False
	Q18490	0	Training	3	Q18490	Caenorhabditis elegans	Metazoa	142		False
	Q06142	0	Training	4	Q06142	Saccharomyces cerevisiae (strain ATCC 204508 / S288c)	Fungi	861		False
	Q9VWE6	0	Training	0	Q9VWE6	Drosophila melanogaster	Metazoa	2111		False
	P0DJH7	0	Training	1	P0DJH7	Gallus gallus	Metazoa	80		False
	Q80T69	0	Training	2	Q80T69	Mus musculus	Metazoa	795		False
	Q9NAD6	0	Training	3	Q9NAD6	Caenorhabditis elegans	Metazoa	706		False
	P39706	0	Training	4	P39706	Saccharomyces cerevisiae (strain ATCC 204508 / S288c)	Fungi	426		False
	K7W9N9	0	Training	0	K7W9N9	Solanum lycopersicum	Plants	285		False
	G5ED29	0	Training	1	G5ED29	Caenorhabditis elegans	Metazoa	959		False
	Q9LFQ9	0	Training	2	Q9LFQ9	Arabidopsis thaliana	Plants	359		False
	Q84MB6	0	Training	3	Q84MB6	Arabidopsis thaliana	Plants	332		False
	O13777	0	Training	4	O13777	Schizosaccharomyces pombe (strain 972 / ATCC 24843)	Fungi	217		False
	Q5XG73	0	Training	0	Q5XG73	Mus musculus	Metazoa	508		False
	Q96S44	0	Training	1	Q96S44	Homo sapiens	Metazoa	253		False
	D3YN49	0	Training	2	D3YN49	Xenopus laevis	Metazoa	316		False
	J9VP29	0	Training	3	J9VP29	Cryptococcus neoformans (strain H99 / ATCC 208821 / CBS 10515 / FGSC 9487)	Fungi	331		False
	Q8QFX1	0	Training	4	Q8QFX1	Gallus gallus	Metazoa	1325		False
	Q96JZ2	0	Training	0	Q96JZ2	Homo sapiens	Metazoa	352		False
	Q8MIR0	0	Training	1	Q8MIR0	Sus scrofa	Metazoa	373		False
	Q9JKL7	0	Training	2	Q9JKL7	Rattus norvegicus	Metazoa	494		False
	Q7ZYP6	0	Training	3	Q7ZYP6	Xenopus laevis	Metazoa	626		False
	Q7Z412	0	Training	4	Q7Z412	Homo sapiens	Metazoa	305		False
	Q9LU68	0	Training	0	Q9LU68	Arabidopsis thaliana	Plants	435		False
	A0A120KVR8	0	Training	1	A0A120KVR8	Trypanosoma brucei brucei	Other	1728		False
	P53540	0	Training	2	P53540	Saccharomyces cerevisiae (strain ATCC 204508 / S288c)	Fungi	846		False
	Q09406	0	Training	3	Q09406	Caenorhabditis elegans	Metazoa	534		False
	Q12149	0	Training	4	Q12149	Saccharomyces cerevisiae (strain ATCC 204508 / S288c)	Fungi	733		False
	Q944A6	0	Training	0	Q944A6	Arabidopsis thaliana	Plants	487		False
	Q9Z0W3	0	Training	1	Q9Z0W3	Mus musculus	Metazoa	1402		False
	A8J785	0	Training	2	A8J785	Chlamydomonas reinhardtii	Plants	209		True
	P53999	0	Training	3	P53999	Homo sapiens	Metazoa	127		False
	P92792	0	Training	4	P92792	Solanum tuberosum	Plants	204		False
	P13405	0	Training	0	P13405	Mus musculus	Metazoa	921		False
	P38727	0	Training	1	P38727	Saccharomyces cerevisiae (strain ATCC 204508 / S288c)	Fungi	235		True
	Q96GZ6	0	Training	2	Q96GZ6	Homo sapiens	Metazoa	507		True
	P25054	0	Training	3	P25054	Homo sapiens	Metazoa	2843		False
	Q23064	0	Training	4	Q23064	Caenorhabditis elegans	Metazoa	1041		False
	P82916	0	Training	0	P82916	Bos taurus	Metazoa	130		False
	P48382	0	Training	1	P48382	Homo sapiens	Metazoa	616		False
	Q8K4R8	0	Training	2	Q8K4R8	Rattus norvegicus	Metazoa	601		True
	Q8GZR2	0	Training	3	Q8GZR2	Euglena gracilis	Other	496		False
	L0R6Q1	0	Training	4	L0R6Q1	Homo sapiens	Metazoa	103		True
	Q23272	0	Training	0	Q23272	Caenorhabditis elegans	Metazoa	488		False
	Q9SAR5	0	Training	1	Q9SAR5	Arabidopsis thaliana	Plants	342		False
	Q04347	0	Training	2	Q04347	Saccharomyces cerevisiae (strain ATCC 204508 / S288c)	Fungi	519		False
	P40053	0	Training	3	P40053	Saccharomyces cerevisiae (strain ATCC 204508 / S288c)	Fungi	627		False
	P29539	0	Training	4	P29539	Saccharomyces cerevisiae (strain ATCC 204508 / S288c)	Fungi	1916		False
	Q9VBX2	0	Training	0	Q9VBX2	Drosophila melanogaster	Metazoa	367		False
	T2BMW7	0	Training	1	T2BMW7	Cryptococcus neoformans (strain H99 / ATCC 208821 / CBS 10515 / FGSC 9487)	Fungi	548		False
	Q9WV69	0	Training	2	Q9WV69	Mus musculus	Metazoa	405		False
	Q39083	0	Training	3	Q39083	Arabidopsis thaliana	Plants	206		False
	P17677	0	Training	4	P17677	Homo sapiens	Metazoa	238		False
	Q9GZS1	0	Training	0	Q9GZS1	Homo sapiens	Metazoa	419		False
	P39715	0	Training	1	P39715	Saccharomyces cerevisiae (strain ATCC 204508 / S288c)	Fungi	212		False
	Q96C01	0	Training	2	Q96C01	Homo sapiens	Metazoa	138		False
	Q06623	0	Training	3	Q06623	Saccharomyces cerevisiae (strain ATCC 204508 / S288c)	Fungi	655		False
	O43913	0	Training	4	O43913	Homo sapiens	Metazoa	435		False
	P25398	0	Training	0	P25398	Homo sapiens	Metazoa	132		False
	O43008	0	Training	1	O43008	Schizosaccharomyces pombe (strain 972 / ATCC 24843)	Fungi	300		False
	Q96I23	0	Training	2	Q96I23	Homo sapiens	Metazoa	114		False
	Q99741	0	Training	3	Q99741	Homo sapiens	Metazoa	560		False
	P21269	0	Training	4	P21269	Saccharomyces cerevisiae (strain ATCC 204508 / S288c)	Fungi	546		False
	Q9D494	0	Training	0	Q9D494	Mus musculus	Metazoa	218		False
	Q6PG16	0	Training	1	Q6PG16	Mus musculus	Metazoa	667		False
	Q6P8Z1	0	Training	2	Q6P8Z1	Mus musculus	Metazoa	170		False
	Q92922	0	Training	3	Q92922	Homo sapiens	Metazoa	1105		False
	Q7SCZ3	0	Training	4	Q7SCZ3	Neurospora crassa (strain ATCC 24698 / 74-OR23-1A / CBS 708.71 / DSM 1257 / FGSC 987)	Fungi	218		False
	P23326	0	Training	0	P23326	Spinacia oleracea	Plants	159		False
	Q9STY0	0	Training	1	Q9STY0	Arabidopsis thaliana	Plants	227		True
	O14925	0	Training	2	O14925	Homo sapiens	Metazoa	209		True
	Q96BQ5	0	Training	3	Q96BQ5	Homo sapiens	Metazoa	260		False
	Q8L773	0	Training	4	Q8L773	Arabidopsis thaliana	Plants	244		False
	Q9HCI7	0	Training	0	Q9HCI7	Homo sapiens	Metazoa	577		False
	P25963	0	Training	1	P25963	Homo sapiens	Metazoa	317		False
	Q9UBY9	0	Training	2	Q9UBY9	Homo sapiens	Metazoa	170		False
	Q12308	0	Training	3	Q12308	Saccharomyces cerevisiae (strain ATCC 204508 / S288c)	Fungi	588		False
	E9EWQ4	0	Training	4	E9EWQ4	Metarhizium robertsii (strain ARSEF 23 / ATCC MYA-3075)	Fungi	1004		False
	Q8CDY7	0	Training	0	Q8CDY7	Mus musculus	Metazoa	219		False
	Q8LD98	0	Training	1	Q8LD98	Arabidopsis thaliana	Plants	252		True
	P30414	0	Training	2	P30414	Homo sapiens	Metazoa	1462		False
	Q9Y6W5	0	Training	3	Q9Y6W5	Homo sapiens	Metazoa	498		False
	Q99L90	0	Training	4	Q99L90	Mus musculus	Metazoa	462		False
	Q96I59	0	Training	0	Q96I59	Homo sapiens	Metazoa	477		False
	Q8N7J2	0	Training	1	Q8N7J2	Homo sapiens	Metazoa	671		False
	P46940	0	Training	2	P46940	Homo sapiens	Metazoa	1657		False
	O00566	0	Training	3	O00566	Homo sapiens	Metazoa	681		False
	Q8IZL2	0	Training	4	Q8IZL2	Homo sapiens	Metazoa	1156		False
	P15343	0	Training	0	P15343	Equus caballus	Metazoa	58		False
	Q18237	0	Training	1	Q18237	Caenorhabditis elegans	Metazoa	1076		False
	Q86YI8	0	Training	2	Q86YI8	Homo sapiens	Metazoa	300		False
	Q8K3Y6	0	Training	3	Q8K3Y6	Rattus norvegicus	Metazoa	776		False
	Q96EV2	0	Training	4	Q96EV2	Homo sapiens	Metazoa	1170		False
	O65282	0	Training	0	O65282	Arabidopsis thaliana	Plants	253		False
	Q8NBZ0	0	Training	1	Q8NBZ0	Homo sapiens	Metazoa	244		False
	Q5FWF5	0	Training	2	Q5FWF5	Homo sapiens	Metazoa	840		False
	P38291	0	Training	3	P38291	Saccharomyces cerevisiae (strain ATCC 204508 / S288c)	Fungi	140		False
	P32862	0	Training	4	P32862	Saccharomyces cerevisiae (strain ATCC 204508 / S288c)	Fungi	1170		False
	K4PW38	0	Training	0	K4PW38	Oryza sativa subsp. japonica	Plants	458		False
	P49773	0	Training	1	P49773	Homo sapiens	Metazoa	126		False
	P32841	0	Training	2	P32841	Saccharomyces cerevisiae (strain ATCC 204508 / S288c)	Fungi	428		False
	Q02953	0	Training	3	Q02953	Schizosaccharomyces pombe (strain 972 / ATCC 24843)	Fungi	609		False
	Q9M2X3	0	Training	4	Q9M2X3	Arabidopsis thaliana	Plants	295		False
	Q6CLY8	0	Training	0	Q6CLY8	Kluyveromyces lactis (strain ATCC 8585 / CBS 2359 / DSM 70799 / NBRC 1267 / NRRL Y-1140 / WM37)	Fungi	368		False
	Q9VDE4	0	Training	1	Q9VDE4	Drosophila melanogaster	Metazoa	286		False
	P07255	0	Training	2	P07255	Saccharomyces cerevisiae (strain ATCC 204508 / S288c)	Fungi	59		True
	Q7M2P1	0	Training	3	Q7M2P1	Sus scrofa	Metazoa	76		False
	Q3E747	0	Training	4	Q3E747	Saccharomyces cerevisiae (strain ATCC 204508 / S288c)	Fungi	85		False
	S0DQI7	0	Training	0	S0DQI7	Gibberella fujikuroi (strain CBS 195.34 / IMI 58289 / NRRL A-6831)	Fungi	316		False
	P34234	0	Training	1	P34234	Saccharomyces cerevisiae (strain ATCC 204508 / S288c)	Fungi	306		False
	Q03694	0	Training	2	Q03694	Saccharomyces cerevisiae (strain ATCC 204508 / S288c)	Fungi	420		False
	K7WDL7	0	Training	3	K7WDL7	Catharanthus roseus	Plants	388		False
	Q7Z7K0	0	Training	4	Q7Z7K0	Homo sapiens	Metazoa	106		False
	Q11120	0	Training	0	Q11120	Schizosaccharomyces pombe (strain 972 / ATCC 24843)	Fungi	515		False
	Q12066	0	Training	1	Q12066	Saccharomyces cerevisiae (strain ATCC 204508 / S288c)	Fungi	484		False
	O43765	0	Training	2	O43765	Homo sapiens	Metazoa	313		False
	Q8VY52	0	Training	3	Q8VY52	Arabidopsis thaliana	Plants	232		False
	B6HU70	0	Training	4	B6HU70	Penicillium rubens (strain ATCC 28089 / DSM 1075 / NRRL 1951 / Wisconsin 54-1255)	Fungi	361		False
	Q7FAD5	0	Training	0	Q7FAD5	Oryza sativa subsp. japonica	Plants	869		False
	Q9NVR2	0	Training	1	Q9NVR2	Homo sapiens	Metazoa	710		False
	P46959	0	Training	2	P46959	Saccharomyces cerevisiae (strain ATCC 204508 / S288c)	Fungi	383		False
	P35435	0	Training	3	P35435	Rattus norvegicus	Metazoa	273		False
	P68350	0	Training	4	P68350	Arabidopsis thaliana	Plants	175		False
	P79937	0	Training	0	P79937	Xenopus laevis	Metazoa	390		False
	Q5SXA9	0	Training	1	Q5SXA9	Mus musculus	Metazoa	1104		False
	Q8RUN2	0	Training	2	Q8RUN2	Arabidopsis thaliana	Plants	213		False
	Q06109	0	Training	3	Q06109	Saccharomyces cerevisiae (strain ATCC 204508 / S288c)	Fungi	277		False
	B2RUZ4	0	Training	4	B2RUZ4	Homo sapiens	Metazoa	78		True
	Q8TAS1	0	Training	0	Q8TAS1	Homo sapiens	Metazoa	419		False
	P53277	0	Training	1	P53277	Saccharomyces cerevisiae (strain ATCC 204508 / S288c)	Fungi	215		False
	Q8IWU4	0	Training	2	Q8IWU4	Homo sapiens	Metazoa	369		True
	Q13015	0	Training	3	Q13015	Homo sapiens	Metazoa	90		False
	P00107	0	Training	4	P00107	Diacronema lutheri	Other	83		False
	P33441	0	Training	0	P33441	Saccharomyces cerevisiae (strain ATCC 204508 / S288c)	Fungi	392		False
	Q9NYJ1	0	Training	1	Q9NYJ1	Homo sapiens	Metazoa	87		False
	P32591	0	Training	2	P32591	Saccharomyces cerevisiae (strain ATCC 204508 / S288c)	Fungi	825		False
	Q9GZT3	0	Training	3	Q9GZT3	Homo sapiens	Metazoa	109		False
	Q14657	0	Training	4	Q14657	Homo sapiens	Metazoa	143		False
	Q15847	0	Training	0	Q15847	Homo sapiens	Metazoa	76		False
	Q6IBW4	0	Training	1	Q6IBW4	Homo sapiens	Metazoa	605		False
	Q9H3F6	0	Training	2	Q9H3F6	Homo sapiens	Metazoa	313		False
	P93025	0	Training	3	P93025	Arabidopsis thaliana	Plants	915		False
	Q27403	0	Training	4	Q27403	Drosophila melanogaster	Metazoa	504		False
	S8F0G9	0	Training	0	S8F0G9	Toxoplasma gondii (strain ATCC 50611 / Me49)	Other	920		False
	Q9BUH6	0	Training	1	Q9BUH6	Homo sapiens	Metazoa	204		False
	Q23243	0	Training	2	Q23243	Caenorhabditis elegans	Metazoa	845		False
	P10156	0	Training	3	P10156	Tetrahymena thermophila (strain SB210)	Other	164		False
	P40535	0	Training	4	P40535	Saccharomyces cerevisiae (strain ATCC 204508 / S288c)	Fungi	587		False
	Q5VWQ8	0	Training	0	Q5VWQ8	Homo sapiens	Metazoa	1189		False
	P63098	0	Training	1	P63098	Homo sapiens	Metazoa	170		False
	Q62209	0	Training	2	Q62209	Mus musculus	Metazoa	993		False
	Q9NX20	0	Training	3	Q9NX20	Homo sapiens	Metazoa	251		False
	Q8NDF8	0	Training	4	Q8NDF8	Homo sapiens	Metazoa	572		False
	Q06188	0	Training	0	Q06188	Saccharomyces cerevisiae (strain ATCC 204508 / S288c)	Fungi	304		False
	Q9LK76	0	Training	1	Q9LK76	Arabidopsis thaliana	Plants	389		False
	O43058	0	Training	2	O43058	Schizosaccharomyces pombe (strain 972 / ATCC 24843)	Fungi	663		False
	Q04377	0	Training	3	Q04377	Saccharomyces cerevisiae (strain ATCC 204508 / S288c)	Fungi	747		False
	P91278	0	Training	4	P91278	Caenorhabditis elegans	Metazoa	362		False
	P24919	0	Training	0	P24919	Neurospora crassa (strain ATCC 24698 / 74-OR23-1A / CBS 708.71 / DSM 1257 / FGSC 987)	Fungi	273		False
	Q9H6F5	0	Training	1	Q9H6F5	Homo sapiens	Metazoa	360		False
	P32569	0	Training	2	P32569	Saccharomyces cerevisiae (strain ATCC 204508 / S288c)	Fungi	687		False
	Q9M4B5	0	Training	3	Q9M4B5	Arabidopsis thaliana	Plants	129		False
	P32785	0	Training	4	P32785	Saccharomyces cerevisiae (strain ATCC 204508 / S288c)	Fungi	401		False
	Q9D818	0	Training	0	Q9D818	Mus musculus	Metazoa	391		False
	O74317	0	Training	1	O74317	Schizosaccharomyces pombe (strain 972 / ATCC 24843)	Fungi	113		False
	F4J7T2	0	Training	2	F4J7T2	Arabidopsis thaliana	Plants	1907		False
	Q03776	0	Training	3	Q03776	Saccharomyces cerevisiae (strain ATCC 204508 / S288c)	Fungi	544		False
	Q811H0	0	Training	4	Q811H0	Mus musculus	Metazoa	420		False
	Q9LZ08	0	Training	0	Q9LZ08	Arabidopsis thaliana	Plants	214		False
	O15226	0	Training	1	O15226	Homo sapiens	Metazoa	690		False
	A6QPQ5	0	Training	2	A6QPQ5	Bos taurus	Metazoa	325		False
	P47120	0	Training	3	P47120	Saccharomyces cerevisiae (strain ATCC 204508 / S288c)	Fungi	325		False
	Q92619	0	Training	4	Q92619	Homo sapiens	Metazoa	1136		False
	Q8RWE8	0	Training	0	Q8RWE8	Arabidopsis thaliana	Plants	442		False
	O13834	0	Training	1	O13834	Schizosaccharomyces pombe (strain 972 / ATCC 24843)	Fungi	3227		False
	Q0WUY1	0	Training	2	Q0WUY1	Arabidopsis thaliana	Plants	534		False
	Q9SCY2	0	Training	3	Q9SCY2	Arabidopsis thaliana	Plants	208		False
	Q9BXS1	0	Training	4	Q9BXS1	Homo sapiens	Metazoa	227		False
	Q08931	0	Training	0	Q08931	Saccharomyces cerevisiae (strain ATCC 204508 / S288c)	Fungi	133		False
	P25364	0	Training	1	P25364	Saccharomyces cerevisiae (strain ATCC 204508 / S288c)	Fungi	564		False
	O46101	0	Training	2	O46101	Drosophila melanogaster	Metazoa	244		True
	P54939	0	Training	3	P54939	Gallus gallus	Metazoa	2541		False
	Q86UA6	0	Training	4	Q86UA6	Homo sapiens	Metazoa	219		False
	P34708	0	Training	0	P34708	Caenorhabditis elegans	Metazoa	1110		False
	Q8K339	0	Training	1	Q8K339	Mus musculus	Metazoa	391		False
	P97303	0	Training	2	P97303	Mus musculus	Metazoa	839		False
	P28803	0	Training	3	P28803	Spinacia oleracea	Plants	128		False
	O74518	0	Training	4	O74518	Schizosaccharomyces pombe (strain 972 / ATCC 24843)	Fungi	336		False
	Q9FFK6	0	Training	0	Q9FFK6	Arabidopsis thaliana	Plants	810		False
	Q9BWU0	0	Training	1	Q9BWU0	Homo sapiens	Metazoa	742		False
	E1BUG7	0	Training	2	E1BUG7	Gallus gallus	Metazoa	690		False
	P10105	0	Training	3	P10105	Drosophila melanogaster	Metazoa	629		False
	P47141	0	Training	4	P47141	Saccharomyces cerevisiae (strain ATCC 204508 / S288c)	Fungi	266		False
	Q86YD1	0	Training	0	Q86YD1	Homo sapiens	Metazoa	416		False
	Q94JU3	0	Training	1	Q94JU3	Arabidopsis thaliana	Plants	260		False
	F4I2J8	0	Training	2	F4I2J8	Arabidopsis thaliana	Plants	716		False
	Q2TB10	0	Training	3	Q2TB10	Homo sapiens	Metazoa	664		False
	Q93VT9	0	Training	4	Q93VT9	Arabidopsis thaliana	Plants	220		False
	P18576	0	Training	0	P18576	Rattus norvegicus	Metazoa	341		False
	Q9P000	0	Training	1	Q9P000	Homo sapiens	Metazoa	198		False
	Q9H204	0	Training	2	Q9H204	Homo sapiens	Metazoa	178		False
	P38302	0	Training	3	P38302	Saccharomyces cerevisiae (strain ATCC 204508 / S288c)	Fungi	140		False
	Q6NWY9	0	Training	4	Q6NWY9	Homo sapiens	Metazoa	871		False
	Q12062	0	Training	0	Q12062	Aspergillus parasiticus (strain ATCC 56775 / NRRL 5862 / SRRC 143 / SU-1)	Fungi	643		False
	Q04749	0	Training	1	Q04749	Saccharomyces cerevisiae (strain ATCC 204508 / S288c)	Fungi	426		False
	Q06835	0	Training	2	Q06835	Saccharomyces cerevisiae (strain ATCC 204508 / S288c)	Fungi	107		False
	D4A4P4	0	Training	3	D4A4P4	Rattus norvegicus	Metazoa	490		False
	Q6NV75	0	Training	4	Q6NV75	Homo sapiens	Metazoa	609		True
	Q9C5H9	0	Training	0	Q9C5H9	Arabidopsis thaliana	Plants	678		False
	Q9HGP5	0	Training	1	Q9HGP5	Schizosaccharomyces pombe (strain 972 / ATCC 24843)	Fungi	268		False
	O15084	0	Training	2	O15084	Homo sapiens	Metazoa	1053		False
	Q9UUM2	0	Training	3	Q9UUM2	Schizosaccharomyces pombe (strain 972 / ATCC 24843)	Fungi	971		False
	O75506	0	Training	4	O75506	Homo sapiens	Metazoa	76		False
	P42847	0	Training	0	P42847	Saccharomyces cerevisiae (strain ATCC 204508 / S288c)	Fungi	217		False
	Q921G6	0	Training	1	Q921G6	Mus musculus	Metazoa	680		False
	Q06665	0	Training	2	Q06665	Saccharomyces cerevisiae (strain ATCC 204508 / S288c)	Fungi	692		False
	B9DGU7	0	Training	3	B9DGU7	Arabidopsis thaliana	Plants	267		False
	P87234	0	Training	4	P87234	Schizosaccharomyces pombe (strain 972 / ATCC 24843)	Fungi	635		False
	P82925	0	Training	0	P82925	Bos taurus	Metazoa	386		False
	Q1ZXU0	0	Training	1	Q1ZXU0	Caenorhabditis elegans	Metazoa	205		False
	Q12406	0	Training	2	Q12406	Saccharomyces cerevisiae (strain ATCC 204508 / S288c)	Fungi	477		False
	P10852	0	Training	3	P10852	Mus musculus	Metazoa	526		True
	P34260	0	Training	4	P34260	Caenorhabditis elegans	Metazoa	603		False
	G5EDT1	0	Training	0	G5EDT1	Caenorhabditis elegans	Metazoa	961		False
	Q5VWG9	0	Training	1	Q5VWG9	Homo sapiens	Metazoa	929		False
	P32494	0	Training	2	P32494	Saccharomyces cerevisiae (strain ATCC 204508 / S288c)	Fungi	702		False
	Q6PDS3	0	Training	3	Q6PDS3	Mus musculus	Metazoa	724		False
	Q9VAM5	0	Training	4	Q9VAM5	Drosophila melanogaster	Metazoa	872		False
	Q8SWR3	0	Training	0	Q8SWR3	Drosophila melanogaster	Metazoa	435		False
	O93295	0	Training	1	O93295	Gallus gallus	Metazoa	493		True
	P48437	0	Training	2	P48437	Mus musculus	Metazoa	737		False
	F1NPG5	0	Training	3	F1NPG5	Gallus gallus	Metazoa	639		False
	Q04867	0	Training	4	Q04867	Saccharomyces cerevisiae (strain ATCC 204508 / S288c)	Fungi	317		False
	O81852	0	Training	0	O81852	Arabidopsis thaliana	Plants	916		False
	Q9SIU2	0	Training	1	Q9SIU2	Arabidopsis thaliana	Plants	848		False
	Q62868	0	Training	2	Q62868	Rattus norvegicus	Metazoa	1388		False
	A0A0R4IMY7	0	Training	3	A0A0R4IMY7	Danio rerio	Metazoa	1470		False
	Q19203	0	Training	4	Q19203	Caenorhabditis elegans	Metazoa	310		False
	Q03782	0	Training	0	Q03782	Saccharomyces cerevisiae (strain ATCC 204508 / S288c)	Fungi	492		False
	Q9VBW6	0	Training	1	Q9VBW6	Drosophila melanogaster	Metazoa	678		False
	Q9HCJ1	0	Training	2	Q9HCJ1	Homo sapiens	Metazoa	492		True
	A0A486WWJ9	0	Training	3	A0A486WWJ9	Caenorhabditis elegans	Metazoa	582		False
	Q5XVF0	0	Training	4	Q5XVF0	Arabidopsis thaliana	Plants	666		False
	Q9Z2T2	0	Training	0	Q9Z2T2	Rattus norvegicus	Metazoa	336		True
	Q15058	0	Training	1	Q15058	Homo sapiens	Metazoa	1648		False
	Q7KRI2	0	Training	2	Q7KRI2	Drosophila melanogaster	Metazoa	127		False
	Q05131	0	Training	3	Q05131	Saccharomyces cerevisiae (strain ATCC 204508 / S288c)	Fungi	434		True
	Q8BMA5	0	Training	4	Q8BMA5	Mus musculus	Metazoa	1420		False
	B1AUS7	0	Training	0	B1AUS7	Mus musculus	Metazoa	101		False
	E9Q7G0	0	Training	1	E9Q7G0	Mus musculus	Metazoa	2094		False
	P54113	0	Training	2	P54113	Saccharomyces cerevisiae (strain ATCC 204508 / S288c)	Fungi	591		False
	Q37708	0	Training	3	Q37708	Artemia franciscana	Metazoa	219		True
	P46678	0	Training	4	P46678	Saccharomyces cerevisiae (strain ATCC 204508 / S288c)	Fungi	594		False
	P53233	0	Training	0	P53233	Saccharomyces cerevisiae (strain ATCC 204508 / S288c)	Fungi	369		False
	Q9UJ42	0	Training	1	Q9UJ42	Homo sapiens	Metazoa	338		True
	Q8T0D4	0	Training	2	Q8T0D4	Drosophila melanogaster	Metazoa	299		False
	Q4ZGE1	0	Training	3	Q4ZGE1	Schizosaccharomyces pombe (strain 972 / ATCC 24843)	Fungi	61		True
	Q9USR9	0	Training	4	Q9USR9	Schizosaccharomyces pombe (strain 972 / ATCC 24843)	Fungi	643		False
	F4JCX9	0	Training	0	F4JCX9	Arabidopsis thaliana	Plants	663		False
	P82281	0	Training	1	P82281	Arabidopsis thaliana	Plants	349		False
	B5X0I6	0	Training	2	B5X0I6	Arabidopsis thaliana	Plants	1091		False
	Q08278	0	Training	3	Q08278	Saccharomyces cerevisiae (strain ATCC 204508 / S288c)	Fungi	222		False
	Q8WYH8	0	Training	4	Q8WYH8	Homo sapiens	Metazoa	240		False
	Q8GXA4	0	Training	0	Q8GXA4	Arabidopsis thaliana	Plants	489		False
	Q1MTR4	0	Training	1	Q1MTR4	Schizosaccharomyces pombe (strain 972 / ATCC 24843)	Fungi	424		False
	Q10426	0	Training	2	Q10426	Schizosaccharomyces pombe (strain 972 / ATCC 24843)	Fungi	1040		False
	O94417	0	Training	3	O94417	Schizosaccharomyces pombe (strain 972 / ATCC 24843)	Fungi	301		False
	Q13285	0	Training	4	Q13285	Homo sapiens	Metazoa	461		False
	Q96IZ2	0	Training	0	Q96IZ2	Homo sapiens	Metazoa	230		True
	Q08959	0	Training	1	Q08959	Saccharomyces cerevisiae (strain ATCC 204508 / S288c)	Fungi	321		False
	Q6NZ36	0	Training	2	Q6NZ36	Homo sapiens	Metazoa	180		False
	Q06089	0	Training	3	Q06089	Saccharomyces cerevisiae (strain ATCC 204508 / S288c)	Fungi	161		True
	O08608	0	Training	4	O08608	Mus musculus	Metazoa	189		False
	P15340	0	Training	0	P15340	Gallus gallus	Metazoa	62		False
	P18412	0	Training	1	P18412	Saccharomyces cerevisiae (strain ATCC 204508 / S288c)	Fungi	486		False
	Q8CIN9	0	Training	2	Q8CIN9	Rattus norvegicus	Metazoa	362		False
	P38227	0	Training	3	P38227	Saccharomyces cerevisiae (strain ATCC 204508 / S288c)	Fungi	689		False
	Q09884	0	Training	4	Q09884	Schizosaccharomyces pombe (strain 972 / ATCC 24843)	Fungi	1374		False
	O14464	0	Training	0	O14464	Saccharomyces cerevisiae (strain ATCC 204508 / S288c)	Fungi	93		False
	W5U2K2	0	Training	1	W5U2K2	Catharanthus roseus	Plants	289		False
	Q9LF79	0	Training	2	Q9LF79	Arabidopsis thaliana	Plants	1074		False
	P38172	0	Training	3	P38172	Saccharomyces cerevisiae (strain ATCC 204508 / S288c)	Fungi	270		False
	O60150	0	Training	4	O60150	Schizosaccharomyces pombe (strain 972 / ATCC 24843)	Fungi	361		False
	Q4E657	0	Training	0	Q4E657	Trypanosoma cruzi (strain CL Brener)	Other	485		False
	Q9P7C8	0	Training	1	Q9P7C8	Schizosaccharomyces pombe (strain 972 / ATCC 24843)	Fungi	214		False
	O75478	0	Training	2	O75478	Homo sapiens	Metazoa	443		False
	Q96M32	0	Training	3	Q96M32	Homo sapiens	Metazoa	723		False
	Q7S4E7	0	Training	4	Q7S4E7	Neurospora crassa (strain ATCC 24698 / 74-OR23-1A / CBS 708.71 / DSM 1257 / FGSC 987)	Fungi	124		False
	A0A0D1E3S6	0	Training	0	A0A0D1E3S6	Mycosarcoma maydis	Fungi	591		False
	P38749	0	Training	1	P38749	Saccharomyces cerevisiae (strain ATCC 204508 / S288c)	Fungi	330		False
	P38282	0	Training	2	P38282	Saccharomyces cerevisiae (strain ATCC 204508 / S288c)	Fungi	291		False
	P14907	0	Training	3	P14907	Saccharomyces cerevisiae (strain ATCC 204508 / S288c)	Fungi	823		False
	Q8WXX7	0	Training	4	Q8WXX7	Homo sapiens	Metazoa	1259		False
	Q8TF40	0	Training	0	Q8TF40	Homo sapiens	Metazoa	1166		False
	P49842	0	Training	1	P49842	Homo sapiens	Metazoa	254		False
	Q9C829	0	Training	2	Q9C829	Arabidopsis thaliana	Plants	440		False
	P19634	0	Training	3	P19634	Homo sapiens	Metazoa	815		False
	O00488	0	Training	4	O00488	Homo sapiens	Metazoa	134		False
	Q8WVH0	0	Training	0	Q8WVH0	Homo sapiens	Metazoa	158		False
	P94077	0	Training	1	P94077	Arabidopsis thaliana	Plants	189		False
	Q673G8	0	Training	2	Q673G8	Danio rerio	Metazoa	837		False
	Q9HD34	0	Training	3	Q9HD34	Homo sapiens	Metazoa	91		False
	P60879	0	Training	4	P60879	Mus musculus	Metazoa	206		False
	Q94AI4	0	Training	0	Q94AI4	Arabidopsis thaliana	Plants	775		False
	Q9VS24	0	Training	1	Q9VS24	Drosophila melanogaster	Metazoa	994		False
	Q7SA88	0	Training	2	Q7SA88	Neurospora crassa (strain ATCC 24698 / 74-OR23-1A / CBS 708.71 / DSM 1257 / FGSC 987)	Fungi	439		False
	Q01517	0	Training	3	Q01517	Pisum sativum	Plants	349		False
	O74563	0	Training	4	O74563	Schizosaccharomyces pombe (strain 972 / ATCC 24843)	Fungi	680		False
	Q91YI6	0	Training	0	Q91YI6	Mus musculus	Metazoa	484		False
	O74844	0	Training	1	O74844	Schizosaccharomyces pombe (strain 972 / ATCC 24843)	Fungi	244		False
	P08417	0	Training	2	P08417	Saccharomyces cerevisiae (strain ATCC 204508 / S288c)	Fungi	488		False
	Q8R3H9	0	Training	3	Q8R3H9	Mus musculus	Metazoa	386		False
	O13395	0	Training	4	O13395	Mycosarcoma maydis	Fungi	1180		False
	A0A7J6K338	0	Training	0	A0A7J6K338	Toxoplasma gondii	Other	504		True
	Q12420	0	Training	1	Q12420	Saccharomyces cerevisiae (strain ATCC 204508 / S288c)	Fungi	587		False
	Q8L7F7	0	Training	2	Q8L7F7	Arabidopsis thaliana	Plants	739		False
	Q8IXW5	0	Training	3	Q8IXW5	Homo sapiens	Metazoa	612		False
	P14066	0	Training	4	P14066	Saccharomyces cerevisiae (strain ATCC 204508 / S288c)	Fungi	229		False
	Q9NZ63	0	Training	0	Q9NZ63	Homo sapiens	Metazoa	289		False
	Q80Z30	0	Training	1	Q80Z30	Rattus norvegicus	Metazoa	750		False
	Q23405	0	Training	2	Q23405	Caenorhabditis elegans	Metazoa	842		False
	P28066	0	Training	3	P28066	Homo sapiens	Metazoa	241		False
	Q9VEC1	0	Training	4	Q9VEC1	Drosophila melanogaster	Metazoa	642		False
	P32843	0	Training	0	P32843	Saccharomyces cerevisiae (strain ATCC 204508 / S288c)	Fungi	850		False
	Q10274	0	Training	1	Q10274	Schizosaccharomyces pombe (strain 972 / ATCC 24843)	Fungi	390		False
	Q9ESJ1	0	Training	2	Q9ESJ1	Mus musculus	Metazoa	568		False
	O78750	0	Training	3	O78750	Ovis aries	Metazoa	227		True
	Q9Y314	0	Training	4	Q9Y314	Homo sapiens	Metazoa	301		False
	Q9FFF5	0	Training	0	Q9FFF5	Arabidopsis thaliana	Plants	241		False
	Q80WB5	0	Training	1	Q80WB5	Mus musculus	Metazoa	209		False
	P22293	0	Training	2	P22293	Drosophila melanogaster	Metazoa	1325		False
	Q6P3S6	0	Training	3	Q6P3S6	Homo sapiens	Metazoa	717		False
	P0DPI2	0	Training	4	P0DPI2	Homo sapiens	Metazoa	268		False
	Q96DE5	0	Training	0	Q96DE5	Homo sapiens	Metazoa	110		False
	Q8NAV1	0	Training	1	Q8NAV1	Homo sapiens	Metazoa	312		False
	Q9UST6	0	Training	2	Q9UST6	Schizosaccharomyces pombe (strain 972 / ATCC 24843)	Fungi	198		False
	Q03654	0	Training	3	Q03654	Saccharomyces cerevisiae (strain ATCC 204508 / S288c)	Fungi	590		False
	P38169	0	Training	4	P38169	Saccharomyces cerevisiae (strain ATCC 204508 / S288c)	Fungi	460		False
	Q8GT74	0	Training	0	Q8GT74	Arabidopsis thaliana	Plants	241		True
	Q8L7E9	0	Training	1	Q8L7E9	Arabidopsis thaliana	Plants	421		False
	C6SZ50	0	Training	2	C6SZ50	Glycine max	Plants	211		False
	P53107	0	Training	3	P53107	Saccharomyces cerevisiae (strain ATCC 204508 / S288c)	Fungi	440		False
	Q99816	0	Training	4	Q99816	Homo sapiens	Metazoa	390		False
	Q5TAX3	0	Training	0	Q5TAX3	Homo sapiens	Metazoa	1644		False
	O35914	0	Training	1	O35914	Mus musculus	Metazoa	961		False
	Q8N9N2	0	Training	2	Q8N9N2	Homo sapiens	Metazoa	400		False
	Q9UDX5	0	Training	3	Q9UDX5	Homo sapiens	Metazoa	166		True
	Q96255	0	Training	4	Q96255	Arabidopsis thaliana	Plants	430		False
	P09114	0	Training	0	P09114	Nicotiana tabacum	Plants	664		False
	O60284	0	Training	1	O60284	Homo sapiens	Metazoa	1047		False
	Q99JT1	0	Training	2	Q99JT1	Mus musculus	Metazoa	557		False
	O94258	0	Training	3	O94258	Schizosaccharomyces pombe (strain 972 / ATCC 24843)	Fungi	978		False
	Q3HNG7	0	Training	4	Q3HNG7	Bos taurus	Metazoa	343		False
	Q15388	0	Training	0	Q15388	Homo sapiens	Metazoa	145		True
	Q6P4F7	0	Training	1	Q6P4F7	Homo sapiens	Metazoa	1023		False
	Q84TH4	0	Training	2	Q84TH4	Arabidopsis thaliana	Plants	382		False
	O94311	0	Training	3	O94311	Schizosaccharomyces pombe (strain 972 / ATCC 24843)	Fungi	180		False
	Q7SB95	0	Training	4	Q7SB95	Neurospora crassa (strain ATCC 24698 / 74-OR23-1A / CBS 708.71 / DSM 1257 / FGSC 987)	Fungi	117		False
	B2C6R6	0	Training	0	B2C6R6	Arabidopsis thaliana	Plants	681		False
	P05549	0	Training	1	P05549	Homo sapiens	Metazoa	437		False
	Q59H18	0	Training	2	Q59H18	Homo sapiens	Metazoa	835		False
	Q3E6R5	0	Training	3	Q3E6R5	Saccharomyces cerevisiae (strain ATCC 204508 / S288c)	Fungi	114		True
	Q27539	0	Training	4	Q27539	Caenorhabditis elegans	Metazoa	221		False
	O02751	0	Training	0	O02751	Bos taurus	Metazoa	592		False
	Q9BUE6	0	Training	1	Q9BUE6	Homo sapiens	Metazoa	129		False
	Q567V2	0	Training	2	Q567V2	Homo sapiens	Metazoa	206		True
	P43583	0	Training	3	P43583	Saccharomyces cerevisiae (strain ATCC 204508 / S288c)	Fungi	2143		False
	Q5JNS0	0	Training	4	Q5JNS0	Oryza sativa subsp. japonica	Plants	379		False
	P36159	0	Training	0	P36159	Saccharomyces cerevisiae (strain ATCC 204508 / S288c)	Fungi	838		False
	O82264	0	Training	1	O82264	Arabidopsis thaliana	Plants	413		False
	P42566	0	Training	2	P42566	Homo sapiens	Metazoa	896		False
	P35639	0	Training	3	P35639	Mus musculus	Metazoa	168		False
	Q9DCX2	0	Training	4	Q9DCX2	Mus musculus	Metazoa	161		False
	P56216	0	Training	0	P56216	Penicillium simplicissimum	Fungi	560		False
	O95696	0	Training	1	O95696	Homo sapiens	Metazoa	1058		False
	Q8N684	0	Training	2	Q8N684	Homo sapiens	Metazoa	471		False
	P46781	0	Training	3	P46781	Homo sapiens	Metazoa	194		False
	Q92766	0	Training	4	Q92766	Homo sapiens	Metazoa	1687		False
	Q9Y0E4	0	Training	0	Q9Y0E4	Drosophila melanogaster	Metazoa	2262		False
	Q8LLD0	0	Training	1	Q8LLD0	Arabidopsis thaliana	Plants	1046		False
	Q38AH0	0	Training	2	Q38AH0	Trypanosoma brucei brucei (strain 927/4 GUTat10.1)	Other	370		False
	Q9H633	0	Training	3	Q9H633	Homo sapiens	Metazoa	154		False
	Q08622	0	Training	4	Q08622	Saccharomyces cerevisiae (strain ATCC 204508 / S288c)	Fungi	556		False
	Q3TLD5	0	Training	0	Q3TLD5	Mus musculus	Metazoa	531		False
	A0A8I6ASZ5	0	Training	1	A0A8I6ASZ5	Rattus norvegicus	Metazoa	666		False
	Q96I36	0	Training	2	Q96I36	Homo sapiens	Metazoa	57		True
	Q9Y808	0	Training	3	Q9Y808	Schizosaccharomyces pombe (strain 972 / ATCC 24843)	Fungi	1063		False
	O80669	0	Training	4	O80669	Arabidopsis thaliana	Plants	141		False
	Q9JJK4	0	Training	0	Q9JJK4	Rattus norvegicus	Metazoa	372		True
	O95751	0	Training	1	O95751	Homo sapiens	Metazoa	146		False
	Q8H1D4	0	Training	2	Q8H1D4	Arabidopsis thaliana	Plants	355		False
	Q9SK71	0	Training	3	Q9SK71	Arabidopsis thaliana	Plants	430		False
	Q8WXE1	0	Training	4	Q8WXE1	Homo sapiens	Metazoa	791		False
	O75132	0	Training	0	O75132	Homo sapiens	Metazoa	1171		False
	Q9Z0P4	0	Training	1	Q9Z0P4	Mus musculus	Metazoa	383		False
	B3H5K9	0	Training	2	B3H5K9	Arabidopsis thaliana	Plants	782		False
	Q9GYS1	0	Training	3	Q9GYS1	Caenorhabditis elegans	Metazoa	459		False
	P40023	0	Training	4	P40023	Saccharomyces cerevisiae (strain ATCC 204508 / S288c)	Fungi	145		False
	Q9ZPX5	0	Training	0	Q9ZPX5	Arabidopsis thaliana	Plants	632		False
	Q8GWA2	0	Training	1	Q8GWA2	Arabidopsis thaliana	Plants	273		False
	Q53GL0	0	Training	2	Q53GL0	Homo sapiens	Metazoa	409		False
	P46962	0	Training	3	P46962	Saccharomyces cerevisiae (strain ATCC 204508 / S288c)	Fungi	323		False
	O96626	0	Training	4	O96626	Dictyostelium discoideum	Other	138		False
	Q8SX83	0	Training	0	Q8SX83	Drosophila melanogaster	Metazoa	5560		False
	Q94165	0	Training	1	Q94165	Caenorhabditis elegans	Metazoa	256		False
	Q01962	0	Training	2	Q01962	Komagataella pastoris	Fungi	713		False
	Q20591	0	Training	3	Q20591	Caenorhabditis elegans	Metazoa	86		True
	Q9H4M9	0	Training	4	Q9H4M9	Homo sapiens	Metazoa	534		False
	Q9CQE1	0	Training	0	Q9CQE1	Mus musculus	Metazoa	247		False
	Q96L08	0	Training	1	Q96L08	Homo sapiens	Metazoa	255		False
	Q9S7W5	0	Training	2	Q9S7W5	Arabidopsis thaliana	Plants	355		False
	P36543	0	Training	3	P36543	Homo sapiens	Metazoa	226		False
	Q8WW38	0	Training	4	Q8WW38	Homo sapiens	Metazoa	1151		False
	P35658	0	Training	0	P35658	Homo sapiens	Metazoa	2090		False
	Q18909	0	Training	1	Q18909	Caenorhabditis elegans	Metazoa	319		False
	Q9Y2K1	0	Training	2	Q9Y2K1	Homo sapiens	Metazoa	713		False
	Q6VNB8	0	Training	3	Q6VNB8	Mus musculus	Metazoa	3508		False
	P16547	0	Training	4	P16547	Saccharomyces cerevisiae (strain ATCC 204508 / S288c)	Fungi	393		True
	Q05979	0	Training	0	Q05979	Saccharomyces cerevisiae (strain ATCC 204508 / S288c)	Fungi	453		False
	Q9Y5U2	0	Training	1	Q9Y5U2	Homo sapiens	Metazoa	329		False
	Q6PB70	0	Training	2	Q6PB70	Mus musculus	Metazoa	1060		False
	Q15911	0	Training	3	Q15911	Homo sapiens	Metazoa	3703		False
	P18074	0	Training	4	P18074	Homo sapiens	Metazoa	760		False
	P18887	0	Training	0	P18887	Homo sapiens	Metazoa	633		False
	Q6NLQ7	0	Training	1	Q6NLQ7	Arabidopsis thaliana	Plants	476		False
	P47979	0	Training	2	P47979	Schizosaccharomyces pombe (strain 972 / ATCC 24843)	Fungi	404		False
	Q969V5	0	Training	3	Q969V5	Homo sapiens	Metazoa	352		True
	A8MQL1	0	Training	4	A8MQL1	Arabidopsis thaliana	Plants	1082		False
	G8B839	0	Training	0	G8B839	Candida parapsilosis (strain CDC 317 / ATCC MYA-4646)	Fungi	266		False
	P41814	0	Training	1	P41814	Saccharomyces cerevisiae (strain ATCC 204508 / S288c)	Fungi	478		False
	Q09823	0	Training	2	Q09823	Schizosaccharomyces pombe (strain 972 / ATCC 24843)	Fungi	791		False
	P03874	0	Training	3	P03874	Saccharomyces cerevisiae (strain ATCC 204508 / S288c)	Fungi	630		False
	Q9UDW3	0	Training	4	Q9UDW3	Homo sapiens	Metazoa	170		False
	Q9NWY4	0	Training	0	Q9NWY4	Homo sapiens	Metazoa	346		False
	Q9P1Z0	0	Training	1	Q9P1Z0	Homo sapiens	Metazoa	1013		False
	O80506	0	Training	2	O80506	Arabidopsis thaliana	Plants	93		False
	P0CU09	0	Training	3	P0CU09	Schizosaccharomyces pombe (strain 972 / ATCC 24843)	Fungi	235		False
	Q9SNC0	0	Training	4	Q9SNC0	Arabidopsis thaliana	Plants	182		False
	P01129	0	Training	0	P01129	Schizosaccharomyces pombe (strain 972 / ATCC 24843)	Fungi	767		False
	Q9XFT3	0	Training	1	Q9XFT3	Arabidopsis thaliana	Plants	224		False
	Q923S6	0	Training	2	Q923S6	Mus musculus	Metazoa	574		False
	Q91YJ3	0	Training	3	Q91YJ3	Mus musculus	Metazoa	226		False
	Q9LVI9	0	Training	4	Q9LVI9	Arabidopsis thaliana	Plants	426		False
	Q9UQ84	0	Training	0	Q9UQ84	Homo sapiens	Metazoa	846		False
	P38812	0	Training	1	P38812	Saccharomyces cerevisiae (strain ATCC 204508 / S288c)	Fungi	185		False
	Q9LG26	0	Training	2	Q9LG26	Arabidopsis thaliana	Plants	689		False
	Q20977	0	Training	3	Q20977	Caenorhabditis elegans	Metazoa	567		False
	Q96BY2	0	Training	4	Q96BY2	Homo sapiens	Metazoa	351		False
	O02219	0	Training	0	O02219	Caenorhabditis elegans	Metazoa	453		False
	P16371	0	Training	1	P16371	Drosophila melanogaster	Metazoa	730		False
	Q8IYM2	0	Training	2	Q8IYM2	Homo sapiens	Metazoa	578		False
	P87315	0	Training	3	P87315	Schizosaccharomyces pombe (strain 972 / ATCC 24843)	Fungi	1630		False
	A0A2K8FQU5	0	Training	4	A0A2K8FQU5	Catharanthus roseus	Plants	436		False
	P40364	0	Training	0	P40364	Saccharomyces cerevisiae (strain ATCC 204508 / S288c)	Fungi	252		False
	Q3EBC8	0	Training	1	Q3EBC8	Arabidopsis thaliana	Plants	1388		False
	Q9FIE3	0	Training	2	Q9FIE3	Arabidopsis thaliana	Plants	620		False
	Q9VXG1	0	Training	3	Q9VXG1	Drosophila melanogaster	Metazoa	1959		False
	P25637	0	Training	4	P25637	Saccharomyces cerevisiae (strain ATCC 204508 / S288c)	Fungi	258		False
	Q9SEL7	0	Training	0	Q9SEL7	Arabidopsis thaliana	Plants	323		False
	Q96IZ0	0	Training	1	Q96IZ0	Homo sapiens	Metazoa	340		False
	Q8N4Q1	0	Training	2	Q8N4Q1	Homo sapiens	Metazoa	142		False
	O42648	0	Training	3	O42648	Schizosaccharomyces pombe (strain 972 / ATCC 24843)	Fungi	341		False
	P49903	0	Training	4	P49903	Homo sapiens	Metazoa	392		False
	Q9GTP4	0	Training	0	Q9GTP4	Crithidia fasciculata	Other	502		True
	P34247	0	Training	1	P34247	Saccharomyces cerevisiae (strain ATCC 204508 / S288c)	Fungi	250		False
	P12354	0	Training	2	P12354	Spinacia oleracea	Plants	125		False
	Q9AYU1	0	Training	3	Q9AYU1	Triphysaria versicolor	Plants	329		False
	P53061	0	Training	4	P53061	Saccharomyces cerevisiae (strain ATCC 204508 / S288c)	Fungi	704		False
	Q96BI1	0	Training	0	Q96BI1	Homo sapiens	Metazoa	424		True
	P38874	0	Training	1	P38874	Saccharomyces cerevisiae (strain ATCC 204508 / S288c)	Fungi	309		False
	Q8N3V7	0	Training	2	Q8N3V7	Homo sapiens	Metazoa	929		False
	Q17990	0	Training	3	Q17990	Caenorhabditis elegans	Metazoa	439		True
	P20052	0	Training	4	P20052	Saccharomyces cerevisiae (strain ATCC 204508 / S288c)	Fungi	293		False
	Q12219	0	Training	0	Q12219	Saccharomyces cerevisiae (strain ATCC 204508 / S288c)	Fungi	294		False
	Q09904	0	Training	1	Q09904	Schizosaccharomyces pombe (strain 972 / ATCC 24843)	Fungi	1159		False
	A6NFN3	0	Training	2	A6NFN3	Homo sapiens	Metazoa	312		False
	O43812	0	Training	3	O43812	Homo sapiens	Metazoa	170		False
	O94585	0	Training	4	O94585	Schizosaccharomyces pombe (strain 972 / ATCC 24843)	Fungi	187		False
	P31228	0	Training	0	P31228	Bos taurus	Metazoa	341		False
	Q9CPP6	0	Training	1	Q9CPP6	Mus musculus	Metazoa	116		False
	O76906	0	Training	2	O76906	Drosophila melanogaster	Metazoa	982		False
	Q80ZQ9	0	Training	3	Q80ZQ9	Mus musculus	Metazoa	193		False
	Q07794	0	Training	4	Q07794	Saccharomyces cerevisiae (strain ATCC 204508 / S288c)	Fungi	436		False
	P46310	0	Training	0	P46310	Arabidopsis thaliana	Plants	446		False
	Q06324	0	Training	1	Q06324	Saccharomyces cerevisiae (strain ATCC 204508 / S288c)	Fungi	491		False
	Q8WW12	0	Training	2	Q8WW12	Homo sapiens	Metazoa	178		False
	Q8W4B1	0	Training	3	Q8W4B1	Arabidopsis thaliana	Plants	652		False
	Q8N5M1	0	Training	4	Q8N5M1	Homo sapiens	Metazoa	289		False
	Q03799	0	Training	0	Q03799	Saccharomyces cerevisiae (strain ATCC 204508 / S288c)	Fungi	155		False
	Q99L02	0	Training	1	Q99L02	Mus musculus	Metazoa	253		False
	P38870	0	Training	2	P38870	Saccharomyces cerevisiae (strain ATCC 204508 / S288c)	Fungi	785		False
	Q84LM4	0	Training	3	Q84LM4	Arabidopsis thaliana	Plants	764		False
	Q8L983	0	Training	4	Q8L983	Arabidopsis thaliana	Plants	218		False
	Q9LW00	0	Training	0	Q9LW00	Arabidopsis thaliana	Plants	254		False
	P21306	0	Training	1	P21306	Saccharomyces cerevisiae (strain ATCC 204508 / S288c)	Fungi	62		False
	Q84VQ4	0	Training	2	Q84VQ4	Arabidopsis thaliana	Plants	218		False
	Q8L9X2	0	Training	3	Q8L9X2	Arabidopsis thaliana	Plants	203		False
	Q99929	0	Training	4	Q99929	Homo sapiens	Metazoa	193		False
	Q9CWR0	0	Training	0	Q9CWR0	Mus musculus	Metazoa	618		False
	Q8N7A1	0	Training	1	Q8N7A1	Homo sapiens	Metazoa	406		False
	Q2TAK8	0	Training	2	Q2TAK8	Homo sapiens	Metazoa	710		False
	A0A509APT1	0	Training	3	A0A509APT1	Plasmodium berghei (strain Anka)	Other	258		True
	O23722	0	Training	4	O23722	Arabidopsis thaliana	Plants	412		False
	P46946	0	Training	0	P46946	Saccharomyces cerevisiae (strain ATCC 204508 / S288c)	Fungi	345		False
	Q13772	0	Training	1	Q13772	Homo sapiens	Metazoa	614		False
	O14894	0	Training	2	O14894	Homo sapiens	Metazoa	197		True
	O14336	0	Training	3	O14336	Schizosaccharomyces pombe (strain 972 / ATCC 24843)	Fungi	461		False
	Q02223	0	Training	4	Q02223	Homo sapiens	Metazoa	184		True
	Q14CB8	0	Training	0	Q14CB8	Homo sapiens	Metazoa	494		False
	Q3T9M1	0	Training	1	Q3T9M1	Mus musculus	Metazoa	494		False
	Q969V6	0	Training	2	Q969V6	Homo sapiens	Metazoa	931		False
	P28007	0	Training	3	P28007	Saccharomyces cerevisiae (strain ATCC 204508 / S288c)	Fungi	205		False
	Q02959	0	Training	4	Q02959	Saccharomyces cerevisiae (strain ATCC 204508 / S288c)	Fungi	697		False
	Q9FYS5	0	Training	0	Q9FYS5	Zea mays	Plants	193		False
	Q15916	0	Training	1	Q15916	Homo sapiens	Metazoa	424		False
	Q8IYL3	0	Training	2	Q8IYL3	Homo sapiens	Metazoa	243		False
	P53834	0	Training	3	P53834	Saccharomyces cerevisiae (strain ATCC 204508 / S288c)	Fungi	153		False
	O23813	0	Training	4	O23813	Zea mays	Plants	635		False
	Q86W54	0	Training	0	Q86W54	Homo sapiens	Metazoa	205		False
	Q9M8S7	0	Training	1	Q9M8S7	Arabidopsis thaliana	Plants	313		False
	P25008	0	Training	2	P25008	Drosophila melanogaster	Metazoa	267		False
	Q8CII8	0	Training	3	Q8CII8	Mus musculus	Metazoa	388		False
	P40467	0	Training	4	P40467	Saccharomyces cerevisiae (strain ATCC 204508 / S288c)	Fungi	964		False
	F4JRB0	0	Training	0	F4JRB0	Arabidopsis thaliana	Plants	363		False
	Q8ISM1	0	Training	1	Q8ISM1	Giardia intestinalis	Other	755		False
	Q80Z37	0	Training	2	Q80Z37	Mus musculus	Metazoa	1033		False
	P59382	0	Training	3	P59382	Rattus norvegicus	Metazoa	212		False
	Q7M6Y2	0	Training	4	Q7M6Y2	Mus musculus	Metazoa	395		False
	Q39056	0	Training	0	Q39056	Arabidopsis thaliana	Plants	270		False
	Q9SR77	0	Training	1	Q9SR77	Arabidopsis thaliana	Plants	309		False
	Q9ZQI7	0	Training	2	Q9ZQI7	Arabidopsis thaliana	Plants	456		False
	Q9VDV3	0	Training	3	Q9VDV3	Drosophila melanogaster	Metazoa	546		False
	Q6BDR8	0	Training	4	Q6BDR8	Schizosaccharomyces pombe (strain 972 / ATCC 24843)	Fungi	300		False
	Q9CAF5	0	Training	0	Q9CAF5	Arabidopsis thaliana	Plants	338		False
	P33749	0	Training	1	P33749	Saccharomyces cerevisiae (strain ATCC 204508 / S288c)	Fungi	630		False
	I1RC73	0	Training	2	I1RC73	Gibberella zeae (strain ATCC MYA-4620 / CBS 123657 / FGSC 9075 / NRRL 31084 / PH-1)	Fungi	492		False
	Q0QWG9	0	Training	3	Q0QWG9	Mus musculus	Metazoa	1203		False
	Q96IX5	0	Training	4	Q96IX5	Homo sapiens	Metazoa	58		True
	Q8CJ26	0	Training	0	Q8CJ26	Mus musculus	Metazoa	228		True
	Q0JHU5	0	Training	1	Q0JHU5	Oryza sativa subsp. japonica	Plants	159		False
	F4J284	0	Training	2	F4J284	Arabidopsis thaliana	Plants	860		False
	P83565	0	Training	3	P83565	Rattus norvegicus	Metazoa	206		False
	Q9VYX1	0	Training	4	Q9VYX1	Drosophila melanogaster	Metazoa	101		False
	Q9C103	0	Training	0	Q9C103	Schizosaccharomyces pombe (strain 972 / ATCC 24843)	Fungi	735		False
	Q9BW91	0	Training	1	Q9BW91	Homo sapiens	Metazoa	350		False
	Q03254	0	Training	2	Q03254	Saccharomyces cerevisiae (strain ATCC 204508 / S288c)	Fungi	732		False
	P40055	0	Training	3	P40055	Saccharomyces cerevisiae (strain ATCC 204508 / S288c)	Fungi	554		False
	Q9M390	0	Training	4	Q9M390	Arabidopsis thaliana	Plants	570		False
	O77408	0	Training	0	O77408	Lymnaea stagnalis	Metazoa	638		True
	Q5AJU7	0	Training	1	Q5AJU7	Candida albicans (strain SC5314 / ATCC MYA-2876)	Fungi	499		False
	G1UH28	0	Training	2	G1UH28	Punica granatum	Plants	299		False
	P14164	0	Training	3	P14164	Saccharomyces cerevisiae (strain ATCC 204508 / S288c)	Fungi	731		False
	Q9XI73	0	Training	4	Q9XI73	Arabidopsis thaliana	Plants	190		False
	Q53H47	0	Training	0	Q53H47	Homo sapiens	Metazoa	684		False
	Q9Y5S8	0	Training	1	Q9Y5S8	Homo sapiens	Metazoa	564		True
	Q8NDX5	0	Training	2	Q8NDX5	Homo sapiens	Metazoa	983		False
	Q8TDR4	0	Training	3	Q8TDR4	Homo sapiens	Metazoa	215		False
	Q7S5N0	0	Training	4	Q7S5N0	Neurospora crassa (strain ATCC 24698 / 74-OR23-1A / CBS 708.71 / DSM 1257 / FGSC 987)	Fungi	364		False
	P97376	0	Training	0	P97376	Mus musculus	Metazoa	258		False
	P38262	0	Training	1	P38262	Saccharomyces cerevisiae (strain ATCC 204508 / S288c)	Fungi	535		False
	Q9M1X2	0	Training	2	Q9M1X2	Arabidopsis thaliana	Plants	279		False
	Q8WWC4	0	Training	3	Q8WWC4	Homo sapiens	Metazoa	291		False
	Q9SU71	0	Training	4	Q9SU71	Arabidopsis thaliana	Plants	629		False
	Q9LRI8	0	Training	0	Q9LRI8	Spinacia oleracea	Plants	562		False
	Q9Y7N1	0	Training	1	Q9Y7N1	Schizosaccharomyces pombe (strain 972 / ATCC 24843)	Fungi	240		False
	P47035	0	Training	2	P47035	Saccharomyces cerevisiae (strain ATCC 204508 / S288c)	Fungi	1189		False
	Q9UU99	0	Training	3	Q9UU99	Schizosaccharomyces pombe (strain 972 / ATCC 24843)	Fungi	1008		False
	Q4KLP8	0	Training	4	Q4KLP8	Xenopus laevis	Metazoa	663		False
	A0A0N7KIY3	0	Training	0	A0A0N7KIY3	Oryza sativa subsp. japonica	Plants	352		False
	E5KBU3	0	Training	1	E5KBU3	Pinus taeda	Plants	354		False
	Q9V3H8	0	Training	2	Q9V3H8	Drosophila melanogaster	Metazoa	133		False
	Q12038	0	Training	3	Q12038	Saccharomyces cerevisiae (strain ATCC 204508 / S288c)	Fungi	1033		False
	F4HZG9	0	Training	4	F4HZG9	Arabidopsis thaliana	Plants	493		False
	Q09847	0	Training	0	Q09847	Schizosaccharomyces pombe (strain 972 / ATCC 24843)	Fungi	1325		False
	P91853	0	Training	1	P91853	Caenorhabditis elegans	Metazoa	356		False
	Q94AV5	0	Training	2	Q94AV5	Arabidopsis thaliana	Plants	459		False
	Q6ZRQ5	0	Training	3	Q6ZRQ5	Homo sapiens	Metazoa	1243		False
	P62277	0	Training	4	P62277	Homo sapiens	Metazoa	151		False
	Q8NI35	0	Training	0	Q8NI35	Homo sapiens	Metazoa	1801		False
	Q569Z6	0	Training	1	Q569Z6	Mus musculus	Metazoa	951		False
	Q9R1X4	0	Training	2	Q9R1X4	Mus musculus	Metazoa	1197		False
	H2KYU6	0	Training	3	H2KYU6	Caenorhabditis elegans	Metazoa	529		False
	Q9SID1	0	Training	4	Q9SID1	Arabidopsis thaliana	Plants	238		False
	Q03973	0	Training	0	Q03973	Saccharomyces cerevisiae (strain ATCC 204508 / S288c)	Fungi	246		False
	O82645	0	Training	1	O82645	Arabidopsis thaliana	Plants	488		False
	P32380	0	Training	2	P32380	Saccharomyces cerevisiae (strain ATCC 204508 / S288c)	Fungi	944		False
	O14503	0	Training	3	O14503	Homo sapiens	Metazoa	412		False
	O23945	0	Training	4	O23945	Fragaria vesca	Plants	556		False
	Q18412	0	Training	0	Q18412	Caenorhabditis elegans	Metazoa	309		False
	Q9FNZ4	0	Training	1	Q9FNZ4	Arabidopsis thaliana	Plants	112		False
	Q9M297	0	Training	2	Q9M297	Arabidopsis thaliana	Plants	1256		False
	Q9Y6G5	0	Training	3	Q9Y6G5	Homo sapiens	Metazoa	202		False
	P38848	0	Training	4	P38848	Saccharomyces cerevisiae (strain ATCC 204508 / S288c)	Fungi	579		False
	Q9JIX9	0	Training	0	Q9JIX9	Mus musculus	Metazoa	511		False
	O60053	0	Training	1	O60053	Schizosaccharomyces pombe (strain 972 / ATCC 24843)	Fungi	440		False
	Q8CD10	0	Training	2	Q8CD10	Mus musculus	Metazoa	432		False
	P09087	0	Training	3	P09087	Drosophila melanogaster	Metazoa	493		False
	Q8N8Q8	0	Training	4	Q8N8Q8	Homo sapiens	Metazoa	333		False
	Q9W3E2	0	Training	0	Q9W3E2	Drosophila melanogaster	Metazoa	1195		False
	P70444	0	Training	1	P70444	Mus musculus	Metazoa	195		False
	Q93VP3	0	Training	2	Q93VP3	Arabidopsis thaliana	Plants	159		False
	Q9NVT9	0	Training	3	Q9NVT9	Homo sapiens	Metazoa	282		False
	Q0WV90	0	Training	4	Q0WV90	Arabidopsis thaliana	Plants	1120		False
	Q86Y01	0	Training	0	Q86Y01	Homo sapiens	Metazoa	620		False
	Q86VI4	0	Training	1	Q86VI4	Homo sapiens	Metazoa	317		False
	Q6ZRS2	0	Training	2	Q6ZRS2	Homo sapiens	Metazoa	3230		False
	Q9SR62	0	Training	3	Q9SR62	Arabidopsis thaliana	Plants	309		False
	O95180	0	Training	4	O95180	Homo sapiens	Metazoa	2353		False
	Q9TYY7	0	Training	0	Q9TYY7	Caenorhabditis elegans	Metazoa	478		True
	Q6Q547	0	Training	1	Q6Q547	Saccharomyces cerevisiae (strain ATCC 204508 / S288c)	Fungi	58		False
	Q42687	0	Training	2	Q42687	Chlamydomonas reinhardtii	Plants	219		False
	Q0VGT2	0	Training	3	Q0VGT2	Mus musculus	Metazoa	1544		False
	Q1MTQ0	0	Training	4	Q1MTQ0	Schizosaccharomyces pombe (strain 972 / ATCC 24843)	Fungi	692		False
	P70399	0	Training	0	P70399	Mus musculus	Metazoa	1969		False
	P93203	0	Training	1	P93203	Solanum lycopersicum	Plants	697		False
	Q13426	0	Training	2	Q13426	Homo sapiens	Metazoa	336		False
	Q9VHI4	0	Training	3	Q9VHI4	Drosophila melanogaster	Metazoa	85		False
	P46947	0	Training	4	P46947	Saccharomyces cerevisiae (strain ATCC 204508 / S288c)	Fungi	266		False
	P32314	0	Training	0	P32314	Homo sapiens	Metazoa	431		False
	Q9LLC6	0	Training	1	Q9LLC6	Chlamydomonas reinhardtii	Plants	198		False
	P34226	0	Training	2	P34226	Saccharomyces cerevisiae (strain ATCC 204508 / S288c)	Fungi	696		False
	Q6ZBH6	0	Training	3	Q6ZBH6	Oryza sativa subsp. japonica	Plants	373		False
	Q96QF0	0	Training	4	Q96QF0	Homo sapiens	Metazoa	476		False
	A0A5K7RLP0	0	Training	0	A0A5K7RLP0	Mus musculus	Metazoa	589		False
	O04479	0	Training	1	O04479	Arabidopsis thaliana	Plants	199		False
	Q9D5U8	0	Training	2	Q9D5U8	Mus musculus	Metazoa	673		False
	Q9UGP4	0	Training	3	Q9UGP4	Homo sapiens	Metazoa	676		False
	Q9H2X8	0	Training	4	Q9H2X8	Homo sapiens	Metazoa	130		True
	Q9FY74	0	Training	0	Q9FY74	Arabidopsis thaliana	Plants	1007		False
	E9F591	0	Training	1	E9F591	Metarhizium robertsii (strain ARSEF 23 / ATCC MYA-3075)	Fungi	445		False
	P13804	0	Training	2	P13804	Homo sapiens	Metazoa	333		False
	Q94FY8	0	Training	3	Q94FY8	Zea mays	Plants	474		False
	Q9H9P5	0	Training	4	Q9H9P5	Homo sapiens	Metazoa	680		False
	P43558	0	Training	0	P43558	Saccharomyces cerevisiae (strain ATCC 204508 / S288c)	Fungi	301		False
	P19955	0	Training	1	P19955	Saccharomyces cerevisiae (strain ATCC 204508 / S288c)	Fungi	123		False
	P53208	0	Training	2	P53208	Saccharomyces cerevisiae (strain ATCC 204508 / S288c)	Fungi	328		False
	Q2EMV9	0	Training	3	Q2EMV9	Mus musculus	Metazoa	1817		False
	Q04779	0	Training	4	Q04779	Saccharomyces cerevisiae (strain ATCC 204508 / S288c)	Fungi	684		False
	Q9BWF2	0	Training	0	Q9BWF2	Homo sapiens	Metazoa	469		False
	Q9V4P1	0	Training	1	Q9V4P1	Drosophila melanogaster	Metazoa	1239		False
	G5EEH9	0	Training	2	G5EEH9	Caenorhabditis elegans	Metazoa	1678		False
	P58753	0	Training	3	P58753	Homo sapiens	Metazoa	221		False
	Q9FHK4	0	Training	4	Q9FHK4	Arabidopsis thaliana	Plants	615		False
	Q9FLD5	0	Training	0	Q9FLD5	Arabidopsis thaliana	Plants	514		True
	Q8R5A3	0	Training	1	Q8R5A3	Mus musculus	Metazoa	670		False
	Q05050	0	Training	2	Q05050	Saccharomyces cerevisiae (strain ATCC 204508 / S288c)	Fungi	843		False
	G5EEV2	0	Training	3	G5EEV2	Caenorhabditis elegans	Metazoa	4062		False
	P06813	0	Training	4	P06813	Oryctolagus cuniculus	Metazoa	266		False
	Q9SRP6	0	Training	0	Q9SRP6	Arabidopsis thaliana	Plants	194		False
	Q9SSE9	0	Training	1	Q9SSE9	Arabidopsis thaliana	Plants	1027		False
	Q6UWF3	0	Training	2	Q6UWF3	Homo sapiens	Metazoa	145		True
	O88291	0	Training	3	O88291	Mus musculus	Metazoa	580		False
	Q99LW6	0	Training	4	Q99LW6	Mus musculus	Metazoa	179		False
	Q12400	0	Training	0	Q12400	Saccharomyces cerevisiae (strain ATCC 204508 / S288c)	Fungi	293		False
	P53332	0	Training	1	P53332	Saccharomyces cerevisiae (strain ATCC 204508 / S288c)	Fungi	305		False
	Q8BZA9	0	Training	2	Q8BZA9	Mus musculus	Metazoa	269		False
	Q9BY27	0	Training	3	Q9BY27	Homo sapiens	Metazoa	220		False
	O13612	0	Training	4	O13612	Schizosaccharomyces pombe (strain 972 / ATCC 24843)	Fungi	415		False
	Q9I7K6	0	Training	0	Q9I7K6	Drosophila melanogaster	Metazoa	492		False
	Q6GYP7	0	Training	1	Q6GYP7	Mus musculus	Metazoa	2035		False
	Q8NBF2	0	Training	2	Q8NBF2	Homo sapiens	Metazoa	726		False
	Q13336	0	Training	3	Q13336	Homo sapiens	Metazoa	389		True
	P47821	0	Training	4	P47821	Saccharomyces cerevisiae (strain ATCC 204508 / S288c)	Fungi	323		False
	Q9NZQ3	0	Training	0	Q9NZQ3	Homo sapiens	Metazoa	722		False
	Q7XA78	0	Training	1	Q7XA78	Arabidopsis thaliana	Plants	264		False
	O42855	0	Training	2	O42855	Schizosaccharomyces pombe (strain 972 / ATCC 24843)	Fungi	303		False
	Q8IWL8	0	Training	3	Q8IWL8	Homo sapiens	Metazoa	128		False
	Q9H875	0	Training	4	Q9H875	Homo sapiens	Metazoa	184		False
	P34224	0	Training	0	P34224	Saccharomyces cerevisiae (strain ATCC 204508 / S288c)	Fungi	193		False
	Q9XZ34	0	Training	1	Q9XZ34	Drosophila melanogaster	Metazoa	1416		False
	P29692	0	Training	2	P29692	Homo sapiens	Metazoa	281		False
	Q15287	0	Training	3	Q15287	Homo sapiens	Metazoa	305		False
	Q5SNT2	0	Training	4	Q5SNT2	Homo sapiens	Metazoa	666		False
	Q9NYG5	0	Training	0	Q9NYG5	Homo sapiens	Metazoa	84		False
	P40063	0	Training	1	P40063	Saccharomyces cerevisiae (strain ATCC 204508 / S288c)	Fungi	208		False
	Q9BXL8	0	Training	2	Q9BXL8	Homo sapiens	Metazoa	241		False
	Q9SK50	0	Training	3	Q9SK50	Arabidopsis thaliana	Plants	539		False
	Q9LVA9	0	Training	4	Q9LVA9	Arabidopsis thaliana	Plants	420		False
	P06652	0	Training	0	P06652	Schizosaccharomyces pombe (strain 972 / ATCC 24843)	Fungi	596		False
	G2TRN4	0	Training	1	G2TRN4	Schizosaccharomyces pombe (strain 972 / ATCC 24843)	Fungi	104		False
	Q6C6R8	0	Training	2	Q6C6R8	Yarrowia lipolytica (strain CLIB 122 / E 150)	Fungi	417		False
	Q61464	0	Training	3	Q61464	Mus musculus	Metazoa	1960		False
	Q9BRT3	0	Training	4	Q9BRT3	Homo sapiens	Metazoa	115		False
	Q9LRB7	0	Training	0	Q9LRB7	Oryza sativa subsp. japonica	Plants	325		True
	Q70Z53	0	Training	1	Q70Z53	Homo sapiens	Metazoa	315		False
	O94468	0	Training	2	O94468	Schizosaccharomyces pombe (strain 972 / ATCC 24843)	Fungi	213		False
	Q6TA49	0	Training	3	Q6TA49	Sus scrofa	Metazoa	289		True
	Q8GWQ6	0	Training	4	Q8GWQ6	Arabidopsis thaliana	Plants	232		False
	O74387	0	Training	0	O74387	Schizosaccharomyces pombe (strain 972 / ATCC 24843)	Fungi	287		False
	O60356	0	Training	1	O60356	Homo sapiens	Metazoa	82		False
	Q10R09	0	Training	2	Q10R09	Oryza sativa subsp. japonica	Plants	310		False
	Q12507	0	Training	3	Q12507	Saccharomyces cerevisiae (strain ATCC 204508 / S288c)	Fungi	346		False
	Q9ULV3	0	Training	4	Q9ULV3	Homo sapiens	Metazoa	898		False
	Q9M3K7	0	Training	0	Q9M3K7	Spinacia oleracea	Plants	101		False
	P06774	0	Training	1	P06774	Saccharomyces cerevisiae (strain ATCC 204508 / S288c)	Fungi	265		False
	Q07799	0	Training	2	Q07799	Saccharomyces cerevisiae (strain ATCC 204508 / S288c)	Fungi	665		False
	Q7Z418	0	Training	3	Q7Z418	Homo sapiens	Metazoa	384		True
	Q9LVG4	0	Training	4	Q9LVG4	Arabidopsis thaliana	Plants	495		False
	Q8WVC0	0	Training	0	Q8WVC0	Homo sapiens	Metazoa	666		False
	Q14154	0	Training	1	Q14154	Homo sapiens	Metazoa	515		False
	Q80WE1	0	Training	2	Q80WE1	Rattus norvegicus	Metazoa	593		False
	P19263	0	Training	3	P19263	Saccharomyces cerevisiae (strain ATCC 204508 / S288c)	Fungi	1082		False
	Q9XIB5	0	Training	4	Q9XIB5	Arabidopsis thaliana	Plants	226		False
	Q9LMK5	0	Training	0	Q9LMK5	Arabidopsis thaliana	Plants	160		False
	Q9FQ08	0	Training	1	Q9FQ08	Arabidopsis thaliana	Plants	621		False
	Q5XF07	0	Training	2	Q5XF07	Arabidopsis thaliana	Plants	364		False
	Q9BQG0	0	Training	3	Q9BQG0	Homo sapiens	Metazoa	1328		False
	Q12080	0	Training	4	Q12080	Saccharomyces cerevisiae (strain ATCC 204508 / S288c)	Fungi	455		False
	P79015	0	Training	0	P79015	Schizosaccharomyces pombe (strain 972 / ATCC 24843)	Fungi	127		False
	P40757	0	Training	1	P40757	Aquarana catesbeiana	Metazoa	484		False
	Q12734	0	Training	2	Q12734	Saccharomyces cerevisiae (strain ATCC 204508 / S288c)	Fungi	1121		False
	Q8K0U4	0	Training	3	Q8K0U4	Mus musculus	Metazoa	675		False
	P23611	0	Training	4	P23611	Mus musculus	Metazoa	424		False
	O60164	0	Training	0	O60164	Schizosaccharomyces pombe (strain 972 / ATCC 24843)	Fungi	607		False
	Q9H5J8	0	Training	1	Q9H5J8	Homo sapiens	Metazoa	278		False
	O95477	0	Training	2	O95477	Homo sapiens	Metazoa	2261		True
	P70582	0	Training	3	P70582	Rattus norvegicus	Metazoa	510		False
	Q96QE3	0	Training	4	Q96QE3	Homo sapiens	Metazoa	1844		False
	Q9W603	0	Training	0	Q9W603	Xenopus laevis	Metazoa	1035		False
	Q9US52	0	Training	1	Q9US52	Schizosaccharomyces pombe (strain 972 / ATCC 24843)	Fungi	118		False
	Q680Q4	0	Training	2	Q680Q4	Arabidopsis thaliana	Plants	884		False
	Q03111	0	Training	3	Q03111	Homo sapiens	Metazoa	559		False
	Q9UJA2	0	Training	4	Q9UJA2	Homo sapiens	Metazoa	301		False
	P47002	0	Training	0	P47002	Saccharomyces cerevisiae (strain ATCC 204508 / S288c)	Fungi	699		False
	O75920	0	Training	1	O75920	Homo sapiens	Metazoa	110		False
	P39713	0	Training	2	P39713	Saccharomyces cerevisiae (strain ATCC 204508 / S288c)	Fungi	417		False
	Q9ULP9	0	Training	3	Q9ULP9	Homo sapiens	Metazoa	559		False
	Q96P16	0	Training	4	Q96P16	Homo sapiens	Metazoa	312		False
	Q03327	0	Training	0	Q03327	Saccharomyces cerevisiae (strain ATCC 204508 / S288c)	Fungi	502		False
	O59757	0	Training	1	O59757	Schizosaccharomyces pombe (strain 972 / ATCC 24843)	Fungi	1364		False
	P50479	0	Training	2	P50479	Homo sapiens	Metazoa	330		False
	Q07688	0	Training	3	Q07688	Saccharomyces cerevisiae (strain ATCC 204508 / S288c)	Fungi	167		False
	Q8NCN2	0	Training	4	Q8NCN2	Homo sapiens	Metazoa	500		False
	Q8N668	0	Training	0	Q8N668	Homo sapiens	Metazoa	190		False
	P82137	0	Training	1	P82137	Spinacia oleracea	Plants	165		False
	P40850	0	Training	2	P40850	Saccharomyces cerevisiae (strain ATCC 204508 / S288c)	Fungi	830		False
	Q9S9Z2	0	Training	3	Q9S9Z2	Arabidopsis thaliana	Plants	365		False
	P0CT69	0	Training	4	P0CT69	Schizosaccharomyces pombe (strain 972 / ATCC 24843)	Fungi	176		False
	O93956	0	Training	0	O93956	Emericella nidulans (strain FGSC A4 / ATCC 38163 / CBS 112.46 / NRRL 194 / M139)	Fungi	549		True
	Q06512	0	Training	1	Q06512	Saccharomyces cerevisiae (strain ATCC 204508 / S288c)	Fungi	552		False
	A0A5K1K8Y8	0	Training	2	A0A5K1K8Y8	Plasmodium falciparum (isolate 3D7)	Other	372		False
	Q8L627	0	Training	3	Q8L627	Arabidopsis thaliana	Plants	375		False
	Q8L5Z4	0	Training	4	Q8L5Z4	Arabidopsis thaliana	Plants	584		False
	Q9GZU8	0	Training	0	Q9GZU8	Homo sapiens	Metazoa	254		False
	Q5W0Q7	0	Training	1	Q5W0Q7	Homo sapiens	Metazoa	1092		False
	Q9NR21	0	Training	2	Q9NR21	Homo sapiens	Metazoa	338		False
	Q9H5P4	0	Training	3	Q9H5P4	Homo sapiens	Metazoa	1033		False
	P78811	0	Training	4	P78811	Schizosaccharomyces pombe (strain 972 / ATCC 24843)	Fungi	506		False
	Q03153	0	Training	0	Q03153	Saccharomyces cerevisiae (strain ATCC 204508 / S288c)	Fungi	612		False
	A4F267	0	Training	1	A4F267	Rattus norvegicus	Metazoa	308		False
	Q9BVS5	0	Training	2	Q9BVS5	Homo sapiens	Metazoa	477		False
	Q94234	0	Training	3	Q94234	Caenorhabditis elegans	Metazoa	204		False
	Q9W415	0	Training	4	Q9W415	Drosophila melanogaster	Metazoa	424		False
	Q9BXV9	0	Training	0	Q9BXV9	Homo sapiens	Metazoa	100		False
	O74736	0	Training	1	O74736	Schizosaccharomyces pombe (strain 972 / ATCC 24843)	Fungi	305		False
	O75179	0	Training	2	O75179	Homo sapiens	Metazoa	2603		False
	Q02775	0	Training	3	Q02775	Saccharomyces cerevisiae (strain ATCC 204508 / S288c)	Fungi	382		False
	Q05166	0	Training	4	Q05166	Saccharomyces cerevisiae (strain ATCC 204508 / S288c)	Fungi	528		False
	Q9LZP8	0	Training	0	Q9LZP8	Arabidopsis thaliana	Plants	146		False
	Q9NVV9	0	Training	1	Q9NVV9	Homo sapiens	Metazoa	213		False
	A1L167	0	Training	2	A1L167	Homo sapiens	Metazoa	161		False
	P97287	0	Training	3	P97287	Mus musculus	Metazoa	331		False
	Q9ULY5	0	Training	4	Q9ULY5	Homo sapiens	Metazoa	219		True
	Q91836	0	Training	0	Q91836	Xenopus laevis	Metazoa	298		False
	P42114	0	Training	1	P42114	Neurospora crassa (strain ATCC 24698 / 74-OR23-1A / CBS 708.71 / DSM 1257 / FGSC 987)	Fungi	124		False
	O95104	0	Training	2	O95104	Homo sapiens	Metazoa	1147		False
	Q8IH18	0	Training	3	Q8IH18	Drosophila melanogaster	Metazoa	1010		False
	Q8N3J3	0	Training	4	Q8N3J3	Homo sapiens	Metazoa	647		False
	Q9LKX9	0	Training	0	Q9LKX9	Zea mays	Plants	867		False
	Q7S1R6	0	Training	1	Q7S1R6	Neurospora crassa (strain ATCC 24698 / 74-OR23-1A / CBS 708.71 / DSM 1257 / FGSC 987)	Fungi	267		False
	P07199	0	Training	2	P07199	Homo sapiens	Metazoa	599		False
	Q9NZC4	0	Training	3	Q9NZC4	Homo sapiens	Metazoa	300		False
	Q10154	0	Training	4	Q10154	Schizosaccharomyces pombe (strain 972 / ATCC 24843)	Fungi	240		False
	Q7L0X2	0	Training	0	Q7L0X2	Homo sapiens	Metazoa	663		False
	P38182	0	Training	1	P38182	Saccharomyces cerevisiae (strain ATCC 204508 / S288c)	Fungi	117		False
	Q96BM1	0	Training	2	Q96BM1	Homo sapiens	Metazoa	317		False
	Q95QK3	0	Training	3	Q95QK3	Caenorhabditis elegans	Metazoa	1061		False
	P97452	0	Training	4	P97452	Mus musculus	Metazoa	732		False
	O23403	0	Training	0	O23403	Arabidopsis thaliana	Plants	287		False
	Q9Y2X0	0	Training	1	Q9Y2X0	Homo sapiens	Metazoa	877		False
	Q04170	0	Training	2	Q04170	Saccharomyces cerevisiae (strain ATCC 204508 / S288c)	Fungi	232		False
	P48240	0	Training	3	P48240	Saccharomyces cerevisiae (strain ATCC 204508 / S288c)	Fungi	250		False
	Q9SL94	0	Training	4	Q9SL94	Arabidopsis thaliana	Plants	324		False
	P10355	0	Training	0	P10355	Saccharomyces cerevisiae (strain ATCC 204508 / S288c)	Fungi	254		False
	P38936	0	Training	1	P38936	Homo sapiens	Metazoa	164		False
	Q9UL03	0	Training	2	Q9UL03	Homo sapiens	Metazoa	887		False
	Q6A078	0	Training	3	Q6A078	Mus musculus	Metazoa	2472		False
	P69850	0	Training	4	P69850	Saccharomyces cerevisiae (strain ATCC 204508 / S288c)	Fungi	94		False
	Q8NEZ2	0	Training	0	Q8NEZ2	Homo sapiens	Metazoa	397		False
	Q7JRE4	0	Training	1	Q7JRE4	Drosophila melanogaster	Metazoa	650		False
	Q13573	0	Training	2	Q13573	Homo sapiens	Metazoa	536		False
	A0A0K3AUE4	0	Training	3	A0A0K3AUE4	Caenorhabditis elegans	Metazoa	1968		False
	Q6NLC1	0	Training	4	Q6NLC1	Arabidopsis thaliana	Plants	706		True
	Q86X51	0	Training	0	Q86X51	Homo sapiens	Metazoa	503		False
	Q7SH52	0	Training	1	Q7SH52	Neurospora crassa (strain ATCC 24698 / 74-OR23-1A / CBS 708.71 / DSM 1257 / FGSC 987)	Fungi	1168		False
	Q5AP95	0	Training	2	Q5AP95	Candida albicans (strain SC5314 / ATCC MYA-2876)	Fungi	517		False
	Q9BQ48	0	Training	3	Q9BQ48	Homo sapiens	Metazoa	92		False
	P40458	0	Training	4	P40458	Saccharomyces cerevisiae (strain ATCC 204508 / S288c)	Fungi	529		False
	P39995	0	Training	0	P39995	Saccharomyces cerevisiae (strain ATCC 204508 / S288c)	Fungi	279		False
	Q9LFE0	0	Training	1	Q9LFE0	Arabidopsis thaliana	Plants	820		False
	Q14CZ7	0	Training	2	Q14CZ7	Homo sapiens	Metazoa	662		False
	Q9NUK0	0	Training	3	Q9NUK0	Homo sapiens	Metazoa	354		False
	D3Z6Q9	0	Training	4	D3Z6Q9	Mus musculus	Metazoa	489		False
	Q8INR6	0	Training	0	Q8INR6	Drosophila melanogaster	Metazoa	1848		False
	P15330	0	Training	1	P15330	Drosophila melanogaster	Metazoa	999		False
	Q9STG9	0	Training	2	Q9STG9	Arabidopsis thaliana	Plants	561		False
	Q9I9B9	0	Training	3	Q9I9B9	Torpedo marmorata	Metazoa	646		True
	Q6AT41	0	Training	4	Q6AT41	Oryza sativa subsp. japonica	Plants	451		False
	P16580	0	Training	0	P16580	Gallus gallus	Metazoa	373		False
	Q99LC3	0	Training	1	Q99LC3	Mus musculus	Metazoa	355		False
	P53159	0	Training	2	P53159	Saccharomyces cerevisiae (strain ATCC 204508 / S288c)	Fungi	387		False
	P10069	0	Training	3	P10069	Emericella nidulans (strain FGSC A4 / ATCC 38163 / CBS 112.46 / NRRL 194 / M139)	Fungi	432		False
	P80404	0	Training	4	P80404	Homo sapiens	Metazoa	500		False
	P37727	0	Training	0	P37727	Rattus norvegicus	Metazoa	650		False
	Q8GWA7	0	Training	1	Q8GWA7	Arabidopsis thaliana	Plants	349		False
	P08638	0	Training	2	P08638	Saccharomyces cerevisiae (strain ATCC 204508 / S288c)	Fungi	886		False
	Q9BVI4	0	Training	3	Q9BVI4	Homo sapiens	Metazoa	516		False
	O13600	0	Training	4	O13600	Schizosaccharomyces pombe (strain 972 / ATCC 24843)	Fungi	209		False
	Q9TVM2	0	Training	0	Q9TVM2	Drosophila melanogaster	Metazoa	1063		False
	Q8N4E7	0	Training	1	Q8N4E7	Homo sapiens	Metazoa	242		False
	Q95R35	0	Training	2	Q95R35	Drosophila melanogaster	Metazoa	524		False
	O01811	0	Training	3	O01811	Caenorhabditis elegans	Metazoa	377		True
	P38882	0	Training	4	P38882	Saccharomyces cerevisiae (strain ATCC 204508 / S288c)	Fungi	575		False
	Q15080	0	Training	0	Q15080	Homo sapiens	Metazoa	339		False
	Q0VD83	0	Training	1	Q0VD83	Homo sapiens	Metazoa	1097		False
	P35244	0	Training	2	P35244	Homo sapiens	Metazoa	121		False
	Q04179	0	Training	3	Q04179	Saccharomyces cerevisiae (strain ATCC 204508 / S288c)	Fungi	340		False
	B4DJY2	0	Training	4	B4DJY2	Homo sapiens	Metazoa	109		True
	Q9VUB5	0	Training	0	Q9VUB5	Drosophila melanogaster	Metazoa	3146		False
	Q8K3W2	0	Training	1	Q8K3W2	Mus musculus	Metazoa	274		False
	P82252	0	Training	2	P82252	Rattus norvegicus	Metazoa	487		True
	Q8S8K8	0	Training	3	Q8S8K8	Arabidopsis thaliana	Plants	152		True
	Q53GL7	0	Training	4	Q53GL7	Homo sapiens	Metazoa	1025		False
	Q12340	0	Training	0	Q12340	Saccharomyces cerevisiae (strain ATCC 204508 / S288c)	Fungi	786		False
	Q9UBP6	0	Training	1	Q9UBP6	Homo sapiens	Metazoa	276		False
	Q8BGS1	0	Training	2	Q8BGS1	Mus musculus	Metazoa	731		False
	Q01992	0	Training	3	Q01992	Rattus norvegicus	Metazoa	710		False
	Q13523	0	Training	4	Q13523	Homo sapiens	Metazoa	1007		False
	Q06493	0	Training	0	Q06493	Saccharomyces cerevisiae (strain ATCC 204508 / S288c)	Fungi	454		False
	Q93V66	0	Training	1	Q93V66	Arabidopsis thaliana	Plants	226		False
	Q9LVB9	0	Training	2	Q9LVB9	Arabidopsis thaliana	Plants	172		False
	P09940	0	Training	3	P09940	Cyberlindnera jadinii	Fungi	63		False
	P87074	0	Training	4	P87074	Schizosaccharomyces pombe (strain 972 / ATCC 24843)	Fungi	778		False
	O74958	0	Training	0	O74958	Schizosaccharomyces pombe (strain 972 / ATCC 24843)	Fungi	488		False
	O13722	0	Training	1	O13722	Schizosaccharomyces pombe (strain 972 / ATCC 24843)	Fungi	450		False
	Q9VFK6	0	Training	2	Q9VFK6	Drosophila melanogaster	Metazoa	691		False
	P16554	0	Training	3	P16554	Drosophila melanogaster	Metazoa	556		False
	Q67FY2	0	Training	4	Q67FY2	Mus musculus	Metazoa	1494		False
	P19956	0	Training	0	P19956	Saccharomyces cerevisiae (strain ATCC 204508 / S288c)	Fungi	98		False
	Q500V5	0	Training	1	Q500V5	Arabidopsis thaliana	Plants	517		False
	Q9CAF2	0	Training	2	Q9CAF2	Arabidopsis thaliana	Plants	216		False
	Q9CQT6	0	Training	3	Q9CQT6	Mus musculus	Metazoa	229		False
	Q99638	0	Training	4	Q99638	Homo sapiens	Metazoa	391		False
	Q8BMB0	0	Training	0	Q8BMB0	Mus musculus	Metazoa	1264		False
	O75762	0	Training	1	O75762	Homo sapiens	Metazoa	1119		False
	A3KPQ7	0	Training	2	A3KPQ7	Danio rerio	Metazoa	1378		True
	Q96AJ1	0	Training	3	Q96AJ1	Homo sapiens	Metazoa	413		False
	Q60949	0	Training	4	Q60949	Mus musculus	Metazoa	1255		False
	Q9P305	0	Training	0	Q9P305	Saccharomyces cerevisiae (strain ATCC 204508 / S288c)	Fungi	131		False
	Q8IY92	0	Training	1	Q8IY92	Homo sapiens	Metazoa	1834		False
	Q9VF30	0	Training	2	Q9VF30	Drosophila melanogaster	Metazoa	885		False
	Q9C7C4	0	Training	3	Q9C7C4	Arabidopsis thaliana	Plants	327		False
	P19387	0	Training	4	P19387	Homo sapiens	Metazoa	275		False
	O42636	0	Training	0	O42636	Neurospora crassa (strain ATCC 24698 / 74-OR23-1A / CBS 708.71 / DSM 1257 / FGSC 987)	Fungi	278		False
	O95163	0	Training	1	O95163	Homo sapiens	Metazoa	1332		False
	Q8BQR4	0	Training	2	Q8BQR4	Mus musculus	Metazoa	486		False
	A6NDU8	0	Training	3	A6NDU8	Homo sapiens	Metazoa	294		False
	Q8NBN7	0	Training	4	Q8NBN7	Homo sapiens	Metazoa	331		False
	P53034	0	Training	0	P53034	Drosophila melanogaster	Metazoa	331		False
	Q26366	0	Training	1	Q26366	Drosophila melanogaster	Metazoa	453		False
	P12853	0	Training	2	P12853	Chlamydomonas reinhardtii	Plants	291		False
	P21549	0	Training	3	P21549	Homo sapiens	Metazoa	392		False
	Q7Z7F0	0	Training	4	Q7Z7F0	Homo sapiens	Metazoa	614		False
	Q96KK5	0	Training	0	Q96KK5	Homo sapiens	Metazoa	128		False
	P53062	0	Training	1	P53062	Saccharomyces cerevisiae (strain ATCC 204508 / S288c)	Fungi	197		True
	P38279	0	Training	2	P38279	Saccharomyces cerevisiae (strain ATCC 204508 / S288c)	Fungi	296		True
	Q9Y5Z4	0	Training	3	Q9Y5Z4	Homo sapiens	Metazoa	205		False
	P17890	0	Training	4	P17890	Saccharomyces cerevisiae (strain ATCC 204508 / S288c)	Fungi	251		False
	Q9NQ92	0	Training	0	Q9NQ92	Homo sapiens	Metazoa	184		False
	P39207	0	Training	1	P39207	Arabidopsis thaliana	Plants	149		False
	Q8NFJ9	0	Training	2	Q8NFJ9	Homo sapiens	Metazoa	593		False
	P40096	0	Training	3	P40096	Saccharomyces cerevisiae (strain ATCC 204508 / S288c)	Fungi	142		False
	P38985	0	Training	4	P38985	Saccharomyces cerevisiae (strain ATCC 204508 / S288c)	Fungi	146		False
	A0A0D1CRC9	0	Training	0	A0A0D1CRC9	Mycosarcoma maydis	Fungi	534		False
	Q9DCR4	0	Training	1	Q9DCR4	Mus musculus	Metazoa	169		False
	Q3UZP0	0	Training	2	Q3UZP0	Mus musculus	Metazoa	555		False
	F4KFB3	0	Training	3	F4KFB3	Arabidopsis thaliana	Plants	598		False
	P53909	0	Training	4	P53909	Saccharomyces cerevisiae (strain ATCC 204508 / S288c)	Fungi	347		False
	Q08966	0	Training	0	Q08966	Saccharomyces cerevisiae (strain ATCC 204508 / S288c)	Fungi	492		False
	Q8WXD0	0	Training	1	Q8WXD0	Homo sapiens	Metazoa	754		False
	Q9US07	0	Training	2	Q9US07	Schizosaccharomyces pombe (strain 972 / ATCC 24843)	Fungi	662		False
	P11746	0	Training	3	P11746	Saccharomyces cerevisiae (strain ATCC 204508 / S288c)	Fungi	286		False
	Q9FN69	0	Training	4	Q9FN69	Arabidopsis thaliana	Plants	637		False
	Q03281	0	Training	0	Q03281	Saccharomyces cerevisiae (strain ATCC 204508 / S288c)	Fungi	663		False
	Q00597	0	Training	1	Q00597	Homo sapiens	Metazoa	558		False
	Q3MIT2	0	Training	2	Q3MIT2	Homo sapiens	Metazoa	529		False
	Q96F07	0	Training	3	Q96F07	Homo sapiens	Metazoa	1278		False
	Q76LB1	0	Training	4	Q76LB1	Triticum aestivum	Plants	459		True
	Q94131	0	Training	0	Q94131	Caenorhabditis elegans	Metazoa	335		False
	Q80T22	0	Training	1	Q80T22	Rattus norvegicus	Metazoa	484		True
	Q0E3V2	0	Training	2	Q0E3V2	Oryza sativa subsp. japonica	Plants	165		False
	Q8NE35	0	Training	3	Q8NE35	Homo sapiens	Metazoa	698		False
	Q84U09	0	Training	4	Q84U09	Brassica napus	Plants	215		False
	Q9CPU2	0	Training	0	Q9CPU2	Mus musculus	Metazoa	105		False
	P33399	0	Training	1	P33399	Saccharomyces cerevisiae (strain ATCC 204508 / S288c)	Fungi	275		False
	Q9UJX4	0	Training	2	Q9UJX4	Homo sapiens	Metazoa	755		False
	Q6PFX2	0	Training	3	Q6PFX2	Mus musculus	Metazoa	281		False
	Q9M9V9	0	Training	4	Q9M9V9	Arabidopsis thaliana	Plants	156		False
	Q5XET5	0	Training	0	Q5XET5	Arabidopsis thaliana	Plants	511		False
	Q92247	0	Training	1	Q92247	Neurospora crassa (strain ATCC 24698 / 74-OR23-1A / CBS 708.71 / DSM 1257 / FGSC 987)	Fungi	412		False
	Q03976	0	Training	2	Q03976	Saccharomyces cerevisiae (strain ATCC 204508 / S288c)	Fungi	319		False
	Q02038	0	Training	3	Q02038	Sus scrofa	Metazoa	704		False
	Q9VC61	0	Training	4	Q9VC61	Drosophila melanogaster	Metazoa	755		False
	Q961D9	0	Training	0	Q961D9	Drosophila melanogaster	Metazoa	1469		False
	Q8IYR2	0	Training	1	Q8IYR2	Homo sapiens	Metazoa	804		False
	P32828	0	Training	2	P32828	Saccharomyces cerevisiae (strain ATCC 204508 / S288c)	Fungi	619		False
	P60602	0	Training	3	P60602	Homo sapiens	Metazoa	79		True
	Q9SGA2	0	Training	4	Q9SGA2	Arabidopsis thaliana	Plants	361		False
	Q9SW31	0	Training	0	Q9SW31	Arabidopsis thaliana	Plants	157		False
	Q9UI43	0	Training	1	Q9UI43	Homo sapiens	Metazoa	246		False
	Q92351	0	Training	2	Q92351	Schizosaccharomyces pombe (strain 972 / ATCC 24843)	Fungi	1208		False
	P02381	0	Training	3	P02381	Saccharomyces cerevisiae (strain ATCC 204508 / S288c)	Fungi	398		False
	O14291	0	Training	4	O14291	Schizosaccharomyces pombe (strain 972 / ATCC 24843)	Fungi	313		False
	P34250	0	Training	0	P34250	Saccharomyces cerevisiae (strain ATCC 204508 / S288c)	Fungi	1132		False
	Q9LX93	0	Training	1	Q9LX93	Arabidopsis thaliana	Plants	301		True
	Q0ZCJ7	0	Training	2	Q0ZCJ7	Mus musculus	Metazoa	421		False
	Q9UU96	0	Training	3	Q9UU96	Schizosaccharomyces pombe (strain 972 / ATCC 24843)	Fungi	736		False
	P07663	0	Training	4	P07663	Drosophila melanogaster	Metazoa	1218		False
	P53203	0	Training	0	P53203	Saccharomyces cerevisiae (strain ATCC 204508 / S288c)	Fungi	462		False
	Q9LUA3	0	Training	1	Q9LUA3	Arabidopsis thaliana	Plants	122		False
	P25576	0	Training	2	P25576	Saccharomyces cerevisiae (strain ATCC 204508 / S288c)	Fungi	258		False
	Q8NFV4	0	Training	3	Q8NFV4	Homo sapiens	Metazoa	306		False
	P27472	0	Training	4	P27472	Saccharomyces cerevisiae (strain ATCC 204508 / S288c)	Fungi	705		False
	Q9USQ7	0	Training	0	Q9USQ7	Schizosaccharomyces pombe (strain 972 / ATCC 24843)	Fungi	606		False
	Q9D995	0	Training	1	Q9D995	Mus musculus	Metazoa	334		False
	Q9P7X2	0	Training	2	Q9P7X2	Schizosaccharomyces pombe (strain 972 / ATCC 24843)	Fungi	533		False
	Q9T0H9	0	Training	3	Q9T0H9	Arabidopsis thaliana	Plants	359		False
	Q12802	0	Training	4	Q12802	Homo sapiens	Metazoa	2813		False
	P38998	0	Training	0	P38998	Saccharomyces cerevisiae (strain ATCC 204508 / S288c)	Fungi	373		False
	P53088	0	Training	1	P53088	Saccharomyces cerevisiae (strain ATCC 204508 / S288c)	Fungi	359		False
	G5ED47	0	Training	2	G5ED47	Caenorhabditis elegans	Metazoa	413		False
	P07548	0	Training	3	P07548	Drosophila melanogaster	Metazoa	586		False
	Q9UUC7	0	Training	4	Q9UUC7	Schizosaccharomyces pombe (strain 972 / ATCC 24843)	Fungi	366		False
	Q01292	0	Training	0	Q01292	Spinacia oleracea	Plants	595		False
	Q61687	0	Training	1	Q61687	Mus musculus	Metazoa	2476		False
	Q8GWR1	0	Training	2	Q8GWR1	Arabidopsis thaliana	Plants	447		False
	Q9S9K9	0	Training	3	Q9S9K9	Arabidopsis thaliana	Plants	257		False
	P93740	0	Training	4	P93740	Arabidopsis thaliana	Plants	280		False
	Q67ZB6	0	Training	0	Q67ZB6	Arabidopsis thaliana	Plants	462		False
	P36152	0	Training	1	P36152	Saccharomyces cerevisiae (strain ATCC 204508 / S288c)	Fungi	348		False
	F4KHG6	0	Training	2	F4KHG6	Arabidopsis thaliana	Plants	489		False
	Q9BUZ4	0	Training	3	Q9BUZ4	Homo sapiens	Metazoa	470		False
	Q9ESC8	0	Training	4	Q9ESC8	Mus musculus	Metazoa	1160		False
	Q91Z31	0	Training	0	Q91Z31	Mus musculus	Metazoa	531		False
	Q9BXL5	0	Training	1	Q9BXL5	Homo sapiens	Metazoa	484		False
	P82926	0	Training	2	P82926	Bos taurus	Metazoa	106		False
	Q9LD43	0	Training	3	Q9LD43	Arabidopsis thaliana	Plants	769		False
	Q3ZN08	0	Training	4	Q3ZN08	Mus musculus	Metazoa	260		False
	Q9VTE2	0	Training	0	Q9VTE2	Drosophila melanogaster	Metazoa	962		False
	Q9LNE8	0	Training	1	Q9LNE8	Arabidopsis thaliana	Plants	200		False
	Q13794	0	Training	2	Q13794	Homo sapiens	Metazoa	54		False
	P39515	0	Training	3	P39515	Saccharomyces cerevisiae (strain ATCC 204508 / S288c)	Fungi	158		True
	P53063	0	Training	4	P53063	Saccharomyces cerevisiae (strain ATCC 204508 / S288c)	Fungi	387		False
	P28147	0	Training	0	P28147	Arabidopsis thaliana	Plants	200		False
	Q60EW9	0	Training	1	Q60EW9	Oryza sativa subsp. japonica	Plants	774		False
	P47085	0	Training	2	P47085	Saccharomyces cerevisiae (strain ATCC 204508 / S288c)	Fungi	338		False
	Q9UK99	0	Training	3	Q9UK99	Homo sapiens	Metazoa	471		False
	Q9BRS8	0	Training	4	Q9BRS8	Homo sapiens	Metazoa	491		False
	Q5VRM0	0	Training	0	Q5VRM0	Oryza sativa subsp. japonica	Plants	91		False
	Q05942	0	Training	1	Q05942	Saccharomyces cerevisiae (strain ATCC 204508 / S288c)	Fungi	220		False
	Q9FGV1	0	Training	2	Q9FGV1	Arabidopsis thaliana	Plants	811		False
	A1Z8F4	0	Training	3	A1Z8F4	Drosophila melanogaster	Metazoa	2577		False
	P0C5X8	0	Training	4	P0C5X8	Rattus norvegicus	Metazoa	450		True
	Q9HGK2	0	Training	0	Q9HGK2	Schizosaccharomyces pombe (strain 972 / ATCC 24843)	Fungi	216		False
	Q3ZBF6	0	Training	1	Q3ZBF6	Bos taurus	Metazoa	412		False
	Q14166	0	Training	2	Q14166	Homo sapiens	Metazoa	644		False
	Q13889	0	Training	3	Q13889	Homo sapiens	Metazoa	308		False
	J9VUG5	0	Training	4	J9VUG5	Cryptococcus neoformans (strain H99 / ATCC 208821 / CBS 10515 / FGSC 9487)	Fungi	684		False
	Q8BK30	0	Training	0	Q8BK30	Mus musculus	Metazoa	104		False
	P53330	0	Training	1	P53330	Saccharomyces cerevisiae (strain ATCC 204508 / S288c)	Fungi	157		False
	Q9SQR3	0	Training	2	Q9SQR3	Arabidopsis thaliana	Plants	267		False
	Q7Z3K3	0	Training	3	Q7Z3K3	Homo sapiens	Metazoa	1410		False
	Q09130	0	Training	4	Q09130	Schizosaccharomyces pombe (strain 972 / ATCC 24843)	Fungi	446		False
	Q8IYB3	0	Training	0	Q8IYB3	Homo sapiens	Metazoa	904		False
	P25379	0	Training	1	P25379	Saccharomyces cerevisiae (strain ATCC 204508 / S288c)	Fungi	360		False
	P42677	0	Training	2	P42677	Homo sapiens	Metazoa	84		False
	Q12457	0	Training	3	Q12457	Saccharomyces cerevisiae (strain ATCC 204508 / S288c)	Fungi	570		False
	Q9P7C9	0	Training	4	Q9P7C9	Schizosaccharomyces pombe (strain 972 / ATCC 24843)	Fungi	304		False
	Q9HAW0	0	Training	0	Q9HAW0	Homo sapiens	Metazoa	419		False
	Q20646	0	Training	1	Q20646	Caenorhabditis elegans	Metazoa	644		False
	P09932	0	Training	2	P09932	Saccharomyces cerevisiae (strain ATCC 204508 / S288c)	Fungi	586		False
	O42254	0	Training	3	O42254	Gallus gallus	Metazoa	576		False
	Q8VWG3	0	Training	4	Q8VWG3	Arabidopsis thaliana	Plants	303		False
	P10914	0	Training	0	P10914	Homo sapiens	Metazoa	325		False
	Q9P0U4	0	Training	1	Q9P0U4	Homo sapiens	Metazoa	656		False
	Q07980	0	Training	2	Q07980	Saccharomyces cerevisiae (strain ATCC 204508 / S288c)	Fungi	695		False
	O75324	0	Training	3	O75324	Homo sapiens	Metazoa	88		True
	O74381	0	Training	4	O74381	Schizosaccharomyces pombe (strain 972 / ATCC 24843)	Fungi	467		False
	Q9NJP9	0	Training	0	Q9NJP9	Trypanosoma brucei brucei	Other	512		False
	J3QMY9	0	Training	1	J3QMY9	Mus musculus	Metazoa	579		False
	Q9P382	0	Training	2	Q9P382	Schizosaccharomyces pombe (strain 972 / ATCC 24843)	Fungi	798		False
	Q8NAG6	0	Training	3	Q8NAG6	Homo sapiens	Metazoa	615		False
	Q949Q5	0	Training	4	Q949Q5	Arabidopsis thaliana	Plants	140		True
	P40692	0	Training	0	P40692	Homo sapiens	Metazoa	756		False
	Q4WJ81	0	Training	1	Q4WJ81	Aspergillus fumigatus (strain ATCC MYA-4609 / CBS 101355 / FGSC A1100 / Af293)	Fungi	754		False
	Q8T053	0	Training	2	Q8T053	Drosophila melanogaster	Metazoa	434		False
	Q3E7A3	0	Training	3	Q3E7A3	Saccharomyces cerevisiae (strain ATCC 204508 / S288c)	Fungi	74		True
	P34122	0	Training	4	P34122	Dictyostelium discoideum	Other	287		False
	A0A0B5L781	0	Training	0	A0A0B5L781	Penicillium brevicompactum	Fungi	398		False
	Q9CQ29	0	Training	1	Q9CQ29	Mus musculus	Metazoa	239		False
	Q9V4C8	0	Training	2	Q9V4C8	Drosophila melanogaster	Metazoa	1500		False
	O74361	0	Training	3	O74361	Schizosaccharomyces pombe (strain 972 / ATCC 24843)	Fungi	356		False
	O76054	0	Training	4	O76054	Homo sapiens	Metazoa	403		False
	G5EBV0	0	Training	0	G5EBV0	Caenorhabditis elegans	Metazoa	723		False
	Q09856	0	Training	1	Q09856	Schizosaccharomyces pombe (strain 972 / ATCC 24843)	Fungi	542		False
	Q9Z0Z7	0	Training	2	Q9Z0Z7	Mus musculus	Metazoa	446		False
	Q92934	0	Training	3	Q92934	Homo sapiens	Metazoa	168		False
	P33895	0	Training	4	P33895	Saccharomyces cerevisiae (strain ATCC 204508 / S288c)	Fungi	451		False
	Q96B77	0	Training	0	Q96B77	Homo sapiens	Metazoa	213		True
	Q9Y3C4	0	Training	1	Q9Y3C4	Homo sapiens	Metazoa	175		False
	P07978	0	Training	2	P07978	Mus musculus	Metazoa	107		False
	Q9NX70	0	Training	3	Q9NX70	Homo sapiens	Metazoa	200		False
	P38204	0	Training	4	P38204	Saccharomyces cerevisiae (strain ATCC 204508 / S288c)	Fungi	145		False
	Q71RC2	0	Training	0	Q71RC2	Homo sapiens	Metazoa	724		False
	Q8GXL3	0	Training	1	Q8GXL3	Arabidopsis thaliana	Plants	333		False
	Q8II12	0	Training	2	Q8II12	Plasmodium falciparum (isolate 3D7)	Other	409		True
	F8VPJ6	0	Training	3	F8VPJ6	Mus musculus	Metazoa	1459		False
	O15047	0	Training	4	O15047	Homo sapiens	Metazoa	1707		False
	Q02486	0	Training	0	Q02486	Saccharomyces cerevisiae (strain ATCC 204508 / S288c)	Fungi	183		False
	Q9URX9	0	Training	1	Q9URX9	Schizosaccharomyces pombe (strain 972 / ATCC 24843)	Fungi	284		False
	Q6ASS9	0	Training	2	Q6ASS9	Oryza sativa subsp. japonica	Plants	123		False
	Q8GXD9	0	Training	3	Q8GXD9	Arabidopsis thaliana	Plants	644		False
	Q7KWJ5	0	Training	4	Q7KWJ5	Plasmodium falciparum (isolate 3D7)	Other	504		True
	Q99PP2	0	Training	0	Q99PP2	Mus musculus	Metazoa	2237		False
	Q9NV06	0	Training	1	Q9NV06	Homo sapiens	Metazoa	445		False
	F4JAU2	0	Training	2	F4JAU2	Arabidopsis thaliana	Plants	1697		False
	Q9UBK9	0	Training	3	Q9UBK9	Homo sapiens	Metazoa	157		False
	O74409	0	Training	4	O74409	Schizosaccharomyces pombe (strain 972 / ATCC 24843)	Fungi	296		False
	Q8N2C7	0	Training	0	Q8N2C7	Homo sapiens	Metazoa	3258		False
	Q9P0R6	0	Training	1	Q9P0R6	Homo sapiens	Metazoa	139		False
	Q95XQ1	0	Training	2	Q95XQ1	Caenorhabditis elegans	Metazoa	578		False
	P53256	0	Training	3	P53256	Saccharomyces cerevisiae (strain ATCC 204508 / S288c)	Fungi	223		False
	Q9VTL1	0	Training	4	Q9VTL1	Drosophila melanogaster	Metazoa	395		False
	Q9LUI2	0	Training	0	Q9LUI2	Arabidopsis thaliana	Plants	1728		False
	P36177	0	Training	1	P36177	Euglena gracilis	Other	538		False
	Q55GJ6	0	Training	2	Q55GJ6	Dictyostelium discoideum	Other	214		False
	Q0WVF8	0	Training	3	Q0WVF8	Arabidopsis thaliana	Plants	1134		False
	O13329	0	Training	4	O13329	Saccharomyces cerevisiae (strain ATCC 204508 / S288c)	Fungi	566		False
	Q96PE3	0	Training	0	Q96PE3	Homo sapiens	Metazoa	977		False
	P61326	0	Training	1	P61326	Homo sapiens	Metazoa	146		False
	P34164	0	Training	2	P34164	Saccharomyces cerevisiae (strain ATCC 204508 / S288c)	Fungi	415		False
	O94225	0	Training	3	O94225	Penicillium rubens (strain ATCC 28089 / DSM 1075 / NRRL 1951 / Wisconsin 54-1255)	Fungi	474		False
	Q92624	0	Training	4	Q92624	Homo sapiens	Metazoa	585		False
	Q5JTH9	0	Training	0	Q5JTH9	Homo sapiens	Metazoa	1297		False
	Q9SLB9	0	Training	1	Q9SLB9	Arabidopsis thaliana	Plants	450		False
	Q8IZT9	0	Training	2	Q8IZT9	Homo sapiens	Metazoa	166		False
	Q86U28	0	Training	3	Q86U28	Homo sapiens	Metazoa	154		False
	P50748	0	Training	4	P50748	Homo sapiens	Metazoa	2209		False
	Q9SRN4	0	Training	0	Q9SRN4	Arabidopsis thaliana	Plants	117		False
	Q9CAI2	0	Training	1	Q9CAI2	Arabidopsis thaliana	Plants	414		False
	Q14690	0	Training	2	Q14690	Homo sapiens	Metazoa	1871		False
	Q5JPI9	0	Training	3	Q5JPI9	Homo sapiens	Metazoa	236		False
	P53688	0	Training	4	P53688	Saccharomyces cerevisiae (strain ATCC 204508 / S288c)	Fungi	370		False
	Q9LD83	0	Training	0	Q9LD83	Arabidopsis thaliana	Plants	556		False
	Q9P1Z3	0	Training	1	Q9P1Z3	Homo sapiens	Metazoa	774		False
	Q8VC04	0	Training	2	Q8VC04	Mus musculus	Metazoa	261		False
	Q06211	0	Training	3	Q06211	Saccharomyces cerevisiae (strain ATCC 204508 / S288c)	Fungi	1407		False
	Q02931	0	Training	4	Q02931	Saccharomyces cerevisiae (strain ATCC 204508 / S288c)	Fungi	896		False
	Q9UL49	0	Training	0	Q9UL49	Homo sapiens	Metazoa	500		False
	Q9Z2A5	0	Training	1	Q9Z2A5	Mus musculus	Metazoa	516		False
	O13684	0	Training	2	O13684	Schizosaccharomyces pombe (strain 972 / ATCC 24843)	Fungi	261		False
	Q156A1	0	Training	3	Q156A1	Homo sapiens	Metazoa	80		False
	Q9TY84	0	Training	4	Q9TY84	Crithidia fasciculata	Other	130		False
	Q12298	0	Training	0	Q12298	Saccharomyces cerevisiae (strain ATCC 204508 / S288c)	Fungi	539		False
	Q9SWW6	0	Training	1	Q9SWW6	Arabidopsis thaliana	Plants	1026		False
	O13998	0	Training	2	O13998	Schizosaccharomyces pombe (strain 972 / ATCC 24843)	Fungi	392		False
	Q92621	0	Training	3	Q92621	Homo sapiens	Metazoa	2012		False
	Q08963	0	Training	4	Q08963	Saccharomyces cerevisiae (strain ATCC 204508 / S288c)	Fungi	238		False
	Q9ULR3	0	Training	0	Q9ULR3	Homo sapiens	Metazoa	514		False
	G5EC86	0	Training	1	G5EC86	Caenorhabditis elegans	Metazoa	407		False
	Q23529	0	Training	2	Q23529	Caenorhabditis elegans	Metazoa	777		False
	Q12297	0	Training	3	Q12297	Saccharomyces cerevisiae (strain ATCC 204508 / S288c)	Fungi	353		False
	P54103	0	Training	4	P54103	Mus musculus	Metazoa	621		False
	Q9C8L2	0	Training	0	Q9C8L2	Arabidopsis thaliana	Plants	287		False
	Q10067	0	Training	1	Q10067	Schizosaccharomyces pombe (strain 972 / ATCC 24843)	Fungi	690		False
	O00841	0	Training	2	O00841	Dictyostelium discoideum	Other	802		False
	P43596	0	Training	3	P43596	Saccharomyces cerevisiae (strain ATCC 204508 / S288c)	Fungi	787		False
	Q5T4T1	0	Training	4	Q5T4T1	Homo sapiens	Metazoa	132		True
	Q09666	0	Training	0	Q09666	Homo sapiens	Metazoa	5890		False
	Q96HY7	0	Training	1	Q96HY7	Homo sapiens	Metazoa	919		False
	Q9Y804	0	Training	2	Q9Y804	Schizosaccharomyces pombe (strain 972 / ATCC 24843)	Fungi	703		False
	Q9FG61	0	Training	3	Q9FG61	Arabidopsis thaliana	Plants	448		False
	O94875	0	Training	4	O94875	Homo sapiens	Metazoa	1100		False
	O14328	0	Training	0	O14328	Schizosaccharomyces pombe (strain 972 / ATCC 24843)	Fungi	474		False
	P22813	0	Training	1	P22813	Drosophila melanogaster	Metazoa	691		False
	O75626	0	Training	2	O75626	Homo sapiens	Metazoa	825		False
	Q9WUU9	0	Training	3	Q9WUU9	Mus musculus	Metazoa	1971		False
	P38162	0	Training	4	P38162	Saccharomyces cerevisiae (strain ATCC 204508 / S288c)	Fungi	196		False
	Q9U221	0	Training	0	Q9U221	Caenorhabditis elegans	Metazoa	282		False
	H9G301	0	Training	1	H9G301	Caenorhabditis elegans	Metazoa	202		False
	Q6FI81	0	Training	2	Q6FI81	Homo sapiens	Metazoa	312		False
	A0PK05	0	Training	3	A0PK05	Homo sapiens	Metazoa	275		True
	Q69YH5	0	Training	4	Q69YH5	Homo sapiens	Metazoa	1023		False
	P11115	0	Training	0	P11115	Neurospora crassa (strain ATCC 24698 / 74-OR23-1A / CBS 708.71 / DSM 1257 / FGSC 987)	Fungi	270		False
	Q8IRW8	0	Training	1	Q8IRW8	Drosophila melanogaster	Metazoa	2431		False
	P04386	0	Training	2	P04386	Saccharomyces cerevisiae (strain ATCC 204508 / S288c)	Fungi	881		False
	Q8N183	0	Training	3	Q8N183	Homo sapiens	Metazoa	169		False
	Q0P5N6	0	Training	4	Q0P5N6	Homo sapiens	Metazoa	173		False
	Q9VM71	0	Training	0	Q9VM71	Drosophila melanogaster	Metazoa	908		False
	Q8WZJ8	0	Training	1	Q8WZJ8	Schizosaccharomyces pombe (strain 972 / ATCC 24843)	Fungi	210		False
	P0DJI6	0	Training	2	P0DJI6	Mus musculus	Metazoa	106		False
	Q9SKT0	0	Training	3	Q9SKT0	Arabidopsis thaliana	Plants	300		False
	P13788	0	Training	4	P13788	Spinacia oleracea	Plants	201		False
	O74991	0	Training	0	O74991	Schizosaccharomyces pombe (strain 972 / ATCC 24843)	Fungi	577		False
	P34909	0	Training	1	P34909	Saccharomyces cerevisiae (strain ATCC 204508 / S288c)	Fungi	587		False
	Q9NUJ1	0	Training	2	Q9NUJ1	Homo sapiens	Metazoa	306		False
	O70343	0	Training	3	O70343	Mus musculus	Metazoa	797		False
	P87176	0	Training	4	P87176	Schizosaccharomyces pombe (strain 972 / ATCC 24843)	Fungi	269		False
	Q25423	0	Training	0	Q25423	Leishmania tarentolae	Other	187		False
	Q09293	0	Training	1	Q09293	Caenorhabditis elegans	Metazoa	367		False
	P56785	0	Training	2	P56785	Arabidopsis thaliana	Plants	1786		True
	Q9FGW9	0	Training	3	Q9FGW9	Arabidopsis thaliana	Plants	1061		False
	P52927	0	Training	4	P52927	Mus musculus	Metazoa	108		False
	Q63430	0	Training	0	Q63430	Rattus norvegicus	Metazoa	154		False
	Q7TP54	0	Training	1	Q7TP54	Rattus norvegicus	Metazoa	1310		False
	Q9V629	0	Training	2	Q9V629	Drosophila melanogaster	Metazoa	384		False
	P40515	0	Training	3	P40515	Saccharomyces cerevisiae (strain ATCC 204508 / S288c)	Fungi	155		False
	Q7Z419	0	Training	4	Q7Z419	Homo sapiens	Metazoa	303		False
	O94603	0	Training	0	O94603	Schizosaccharomyces pombe (strain 972 / ATCC 24843)	Fungi	948		False
	Q9SCL7	0	Training	1	Q9SCL7	Arabidopsis thaliana	Plants	347		False
	Q9URT8	0	Training	2	Q9URT8	Schizosaccharomyces pombe (strain 972 / ATCC 24843)	Fungi	111		False
	Q84VG7	0	Training	3	Q84VG7	Arabidopsis thaliana	Plants	587		False
	Q9VHJ6	0	Training	4	Q9VHJ6	Drosophila melanogaster	Metazoa	592		False
	P50416	0	Training	0	P50416	Homo sapiens	Metazoa	773		True
	Q9USY3	0	Training	1	Q9USY3	Schizosaccharomyces pombe (strain 972 / ATCC 24843)	Fungi	708		False
	P10834	0	Training	2	P10834	Saccharomyces cerevisiae (strain ATCC 204508 / S288c)	Fungi	293		False
	Q14164	0	Training	3	Q14164	Homo sapiens	Metazoa	716		False
	P33416	0	Training	4	P33416	Saccharomyces cerevisiae (strain ATCC 204508 / S288c)	Fungi	811		False
	Q9N5A8	0	Training	0	Q9N5A8	Caenorhabditis elegans	Metazoa	228		False
	P38398	0	Training	1	P38398	Homo sapiens	Metazoa	1863		False
	Q6EPN6	0	Training	2	Q6EPN6	Oryza sativa subsp. japonica	Plants	222		False
	Q8LGI2	0	Training	3	Q8LGI2	Arabidopsis thaliana	Plants	454		False
	Q09858	0	Training	4	Q09858	Schizosaccharomyces pombe (strain 972 / ATCC 24843)	Fungi	205		False
	Q9BXP2	0	Training	0	Q9BXP2	Homo sapiens	Metazoa	914		True
	Q07534	0	Training	1	Q07534	Saccharomyces cerevisiae (strain ATCC 204508 / S288c)	Fungi	307		True
	Q60698	0	Training	2	Q60698	Mus musculus	Metazoa	725		False
	P40366	0	Training	3	P40366	Saccharomyces cerevisiae (strain ATCC 204508 / S288c)	Fungi	167		False
	Q04083	0	Training	4	Q04083	Saccharomyces cerevisiae (strain ATCC 204508 / S288c)	Fungi	370		True
	Q12476	0	Training	0	Q12476	Saccharomyces cerevisiae (strain ATCC 204508 / S288c)	Fungi	344		False
	Q8MXU4	0	Training	1	Q8MXU4	Caenorhabditis elegans	Metazoa	107		False
	P40012	0	Training	2	P40012	Saccharomyces cerevisiae (strain ATCC 204508 / S288c)	Fungi	539		False
	P58557	0	Training	3	P58557	Homo sapiens	Metazoa	167		False
	Q9UTP3	0	Training	4	Q9UTP3	Schizosaccharomyces pombe (strain 972 / ATCC 24843)	Fungi	59		False
	S8ESV1	0	Training	0	S8ESV1	Toxoplasma gondii (strain ATCC 50611 / Me49)	Other	325		False
	Q9FL44	0	Training	1	Q9FL44	Arabidopsis thaliana	Plants	235		False
	Q969F1	0	Training	2	Q969F1	Homo sapiens	Metazoa	213		False
	Q8RXA7	0	Training	3	Q8RXA7	Arabidopsis thaliana	Plants	1187		False
	Q86NP2	0	Training	4	Q86NP2	Drosophila melanogaster	Metazoa	1251		False
	Q8L5W8	0	Training	0	Q8L5W8	Arabidopsis thaliana	Plants	416		False
	P26188	0	Training	1	P26188	Saccharomyces cerevisiae (strain ATCC 204508 / S288c)	Fungi	188		False
	P36118	0	Training	2	P36118	Saccharomyces cerevisiae (strain ATCC 204508 / S288c)	Fungi	322		False
	Q9BSJ6	0	Training	3	Q9BSJ6	Homo sapiens	Metazoa	248		False
	P22091	0	Training	4	P22091	Mus musculus	Metazoa	329		False
	Q9BRA0	0	Training	0	Q9BRA0	Homo sapiens	Metazoa	125		False
	Q01080	0	Training	1	Q01080	Saccharomyces cerevisiae (strain ATCC 204508 / S288c)	Fungi	415		False
	P93758	0	Training	2	P93758	Arabidopsis thaliana	Plants	274		False
	O00291	0	Training	3	O00291	Homo sapiens	Metazoa	1037		False
	Q9FJV5	0	Training	4	Q9FJV5	Arabidopsis thaliana	Plants	276		False
	Q9W3M3	0	Training	0	Q9W3M3	Drosophila melanogaster	Metazoa	2219		False
	Q9Y5N6	0	Training	1	Q9Y5N6	Homo sapiens	Metazoa	252		False
	O75204	0	Training	2	O75204	Homo sapiens	Metazoa	238		False
	Q7Z4T9	0	Training	3	Q7Z4T9	Homo sapiens	Metazoa	767		False
	Q84Q77	0	Training	4	Q84Q77	Oryza sativa subsp. japonica	Plants	161		False
	O65680	0	Training	0	O65680	Arabidopsis thaliana	Plants	279		False
	Q8VWK0	0	Training	1	Q8VWK0	Arabidopsis thaliana	Plants	442		False
	P13498	0	Training	2	P13498	Homo sapiens	Metazoa	195		True
	Q9H5Z6	0	Training	3	Q9H5Z6	Homo sapiens	Metazoa	455		False
	Q22618	0	Training	4	Q22618	Caenorhabditis elegans	Metazoa	495		False
	Q9ZST4	0	Training	0	Q9ZST4	Arabidopsis thaliana	Plants	196		False
	Q9NPL8	0	Training	1	Q9NPL8	Homo sapiens	Metazoa	285		True
	Q9SAH8	0	Training	2	Q9SAH8	Arabidopsis thaliana	Plants	532		True
	Q6PCT2	0	Training	3	Q6PCT2	Homo sapiens	Metazoa	694		False
	P42166	0	Training	4	P42166	Homo sapiens	Metazoa	694		False
	P38803	0	Training	0	P38803	Saccharomyces cerevisiae (strain ATCC 204508 / S288c)	Fungi	334		False
	Q04178	0	Training	1	Q04178	Saccharomyces cerevisiae (strain ATCC 204508 / S288c)	Fungi	221		False
	Q9V466	0	Training	2	Q9V466	Drosophila melanogaster	Metazoa	845		False
	P53287	0	Training	3	P53287	Saccharomyces cerevisiae (strain ATCC 204508 / S288c)	Fungi	111		False
	O42716	0	Training	4	O42716	Aspergillus parasiticus (strain ATCC 56775 / NRRL 5862 / SRRC 143 / SU-1)	Fungi	438		False
	Q9ZNT1	0	Training	0	Q9ZNT1	Arabidopsis thaliana	Plants	281		True
	P24345	0	Training	1	P24345	Zea mays	Plants	359		False
	Q8VI67	0	Training	2	Q8VI67	Mus musculus	Metazoa	428		False
	Q0ZLH2	0	Training	3	Q0ZLH2	Mus musculus	Metazoa	352		False
	P62952	0	Training	4	P62952	Homo sapiens	Metazoa	87		True
	G5EC89	0	Training	0	G5EC89	Caenorhabditis elegans	Metazoa	237		False
	Q9SW18	0	Training	1	Q9SW18	Arabidopsis thaliana	Plants	312		False
	Q9JLR5	0	Training	2	Q9JLR5	Mus musculus	Metazoa	209		False
	O14113	0	Training	3	O14113	Schizosaccharomyces pombe (strain 972 / ATCC 24843)	Fungi	263		False
	Q99LG4	0	Training	4	Q99LG4	Mus musculus	Metazoa	440		False
	A0A0U2UYC4	0	Training	0	A0A0U2UYC4	Mycosarcoma maydis	Fungi	493		False
	Q9VM92	0	Training	1	Q9VM92	Drosophila melanogaster	Metazoa	756		False
	Q9VJL6	0	Training	2	Q9VJL6	Drosophila melanogaster	Metazoa	138		False
	Q9H869	0	Training	3	Q9H869	Homo sapiens	Metazoa	796		False
	Q07589	0	Training	4	Q07589	Saccharomyces cerevisiae (strain ATCC 204508 / S288c)	Fungi	356		False
	Q9Y7M6	0	Training	0	Q9Y7M6	Schizosaccharomyces pombe (strain 972 / ATCC 24843)	Fungi	217		False
	Q08047	0	Training	1	Q08047	Zea mays	Plants	799		False
	Q7YTB0	0	Training	2	Q7YTB0	Bombyx mori	Metazoa	661		False
	Q68DK7	0	Training	3	Q68DK7	Homo sapiens	Metazoa	614		False
	F4JZC2	0	Training	4	F4JZC2	Arabidopsis thaliana	Plants	680		False
	P27716	0	Training	0	P27716	Drosophila melanogaster	Metazoa	362		True
	Q01981	0	Training	1	Q01981	Emericella nidulans (strain FGSC A4 / ATCC 38163 / CBS 112.46 / NRRL 194 / M139)	Fungi	416		False
	O60729	0	Training	2	O60729	Homo sapiens	Metazoa	498		False
	P34447	0	Training	3	P34447	Caenorhabditis elegans	Metazoa	867		False
	Q1K6U7	0	Training	4	Q1K6U7	Neurospora crassa (strain ATCC 24698 / 74-OR23-1A / CBS 708.71 / DSM 1257 / FGSC 987)	Fungi	225		False
	O43805	0	Training	0	O43805	Homo sapiens	Metazoa	119		False
	Q6PCD5	0	Training	1	Q6PCD5	Homo sapiens	Metazoa	774		False
	O23300	0	Training	2	O23300	Arabidopsis thaliana	Plants	238		False
	O94326	0	Training	3	O94326	Schizosaccharomyces pombe (strain 972 / ATCC 24843)	Fungi	609		False
	B4XT64	0	Training	4	B4XT64	Oryza sativa subsp. japonica	Plants	582		False
	Q38885	0	Training	0	Q38885	Arabidopsis thaliana	Plants	551		False
	Q9FMM3	0	Training	1	Q9FMM3	Arabidopsis thaliana	Plants	1714		False
	Q9LU21	0	Training	2	Q9LU21	Arabidopsis thaliana	Plants	204		False
	Q69TW5	0	Training	3	Q69TW5	Oryza sativa subsp. japonica	Plants	324		False
	Q06506	0	Training	4	Q06506	Saccharomyces cerevisiae (strain ATCC 204508 / S288c)	Fungi	573		False
	A0A140LI88	0	Training	0	A0A140LI88	Mus musculus	Metazoa	1857		False
	Q99JZ7	0	Training	1	Q99JZ7	Mus musculus	Metazoa	461		False
	Q9BSF0	0	Training	2	Q9BSF0	Homo sapiens	Metazoa	95		False
	Q06010	0	Training	3	Q06010	Saccharomyces cerevisiae (strain ATCC 204508 / S288c)	Fungi	1027		False
	Q99590	0	Training	4	Q99590	Homo sapiens	Metazoa	1463		False
	O74499	0	Training	0	O74499	Schizosaccharomyces pombe (strain 972 / ATCC 24843)	Fungi	113		False
	Q57X81	0	Training	1	Q57X81	Trypanosoma brucei brucei (strain 927/4 GUTat10.1)	Other	1077		False
	Q22707	0	Training	2	Q22707	Caenorhabditis elegans	Metazoa	233		False
	Q9NRR8	0	Training	3	Q9NRR8	Homo sapiens	Metazoa	79		False
	Q8ND76	0	Training	4	Q8ND76	Homo sapiens	Metazoa	341		False
	P81909	0	Training	0	P81909	Drosophila melanogaster	Metazoa	397		True
	Q04231	0	Training	1	Q04231	Saccharomyces cerevisiae (strain ATCC 204508 / S288c)	Fungi	177		False
	P32179	0	Training	2	P32179	Saccharomyces cerevisiae (strain ATCC 204508 / S288c)	Fungi	357		False
	P38883	0	Training	3	P38883	Saccharomyces cerevisiae (strain ATCC 204508 / S288c)	Fungi	763		False
	Q9VCX1	0	Training	4	Q9VCX1	Drosophila melanogaster	Metazoa	1541		False
	Q6UXV4	0	Training	0	Q6UXV4	Homo sapiens	Metazoa	268		False
	Q13309	0	Training	1	Q13309	Homo sapiens	Metazoa	424		False
	A4D1E9	0	Training	2	A4D1E9	Homo sapiens	Metazoa	387		False
	Q99417	0	Training	3	Q99417	Homo sapiens	Metazoa	103		False
	Q90578	0	Training	4	Q90578	Gallus gallus	Metazoa	464		False
	Q9EQW6	0	Training	0	Q9EQW6	Mus musculus	Metazoa	323		False
	O94614	0	Training	1	O94614	Schizosaccharomyces pombe (strain 972 / ATCC 24843)	Fungi	633		False
	P0C2C1	0	Training	2	P0C2C1	Rattus norvegicus	Metazoa	160		False
	Q15543	0	Training	3	Q15543	Homo sapiens	Metazoa	124		False
	Q969T9	0	Training	4	Q969T9	Homo sapiens	Metazoa	261		False
	Q86WX3	0	Training	0	Q86WX3	Homo sapiens	Metazoa	136		False
	Q12386	0	Training	1	Q12386	Saccharomyces cerevisiae (strain ATCC 204508 / S288c)	Fungi	881		False
	Q06596	0	Training	2	Q06596	Saccharomyces cerevisiae (strain ATCC 204508 / S288c)	Fungi	294		False
	P32354	0	Training	3	P32354	Saccharomyces cerevisiae (strain ATCC 204508 / S288c)	Fungi	571		False
	Q9UIS9	0	Training	4	Q9UIS9	Homo sapiens	Metazoa	605		False
	Q0D9C4	0	Training	0	Q0D9C4	Oryza sativa subsp. japonica	Plants	492		False
	P25651	0	Training	1	P25651	Saccharomyces cerevisiae (strain ATCC 204508 / S288c)	Fungi	190		False
	Q08580	0	Training	2	Q08580	Saccharomyces cerevisiae (strain ATCC 204508 / S288c)	Fungi	376		False
	O09130	0	Training	3	O09130	Mus musculus	Metazoa	412		False
	Q9S7R7	0	Training	4	Q9S7R7	Arabidopsis thaliana	Plants	460		False
	Q12486	0	Training	0	Q12486	Saccharomyces cerevisiae (strain ATCC 204508 / S288c)	Fungi	218		False
	P20433	0	Training	1	P20433	Saccharomyces cerevisiae (strain ATCC 204508 / S288c)	Fungi	221		False
	P42951	0	Training	2	P42951	Saccharomyces cerevisiae (strain ATCC 204508 / S288c)	Fungi	607		False
	Q5THR3	0	Training	3	Q5THR3	Homo sapiens	Metazoa	1501		False
	Q9SX77	0	Training	4	Q9SX77	Arabidopsis thaliana	Plants	257		False
	Q700C7	0	Training	0	Q700C7	Arabidopsis thaliana	Plants	364		False
	P36626	0	Training	1	P36626	Schizosaccharomyces pombe (strain 972 / ATCC 24843)	Fungi	561		False
	Q19555	0	Training	2	Q19555	Caenorhabditis elegans	Metazoa	1096		False
	Q91WK7	0	Training	3	Q91WK7	Mus musculus	Metazoa	299		False
	P56931	0	Training	4	P56931	Mus musculus	Metazoa	443		False
	O80575	0	Training	0	O80575	Arabidopsis thaliana	Plants	227		False
	Q07139	0	Training	1	Q07139	Mus musculus	Metazoa	913		False
	P27680	0	Training	2	P27680	Saccharomyces cerevisiae (strain ATCC 204508 / S288c)	Fungi	312		False
	Q92733	0	Training	3	Q92733	Homo sapiens	Metazoa	491		False
	O96759	0	Training	4	O96759	Dictyostelium discoideum	Other	611		False
	Q9M9F0	0	Training	0	Q9M9F0	Arabidopsis thaliana	Plants	311		False
	Q9H0F6	0	Training	1	Q9H0F6	Homo sapiens	Metazoa	387		False
	P09007	0	Training	2	P09007	Saccharomyces cerevisiae (strain ATCC 204508 / S288c)	Fungi	221		False
	Q12374	0	Training	3	Q12374	Saccharomyces cerevisiae (strain ATCC 204508 / S288c)	Fungi	616		False
	G5ECD9	0	Training	4	G5ECD9	Caenorhabditis elegans	Metazoa	321		True
	Q69ZK0	0	Training	0	Q69ZK0	Mus musculus	Metazoa	1650		False
	B7SXM5	0	Training	1	B7SXM5	Danio rerio	Metazoa	180		False
	A0A7J6KE60	0	Training	2	A0A7J6KE60	Toxoplasma gondii	Other	652		True
	Q38CL4	0	Training	3	Q38CL4	Trypanosoma brucei brucei (strain 927/4 GUTat10.1)	Other	366		False
	Q969H6	0	Training	4	Q969H6	Homo sapiens	Metazoa	163		False
	Q08058	0	Training	0	Q08058	Saccharomyces cerevisiae (strain ATCC 204508 / S288c)	Fungi	207		False
	A0MES8	0	Training	1	A0MES8	Arabidopsis thaliana	Plants	328		False
	P49640	0	Training	2	P49640	Homo sapiens	Metazoa	407		False
	Q9NBD7	0	Training	3	Q9NBD7	Drosophila melanogaster	Metazoa	1491		False
	Q0VAA5	0	Training	4	Q0VAA5	Homo sapiens	Metazoa	305		False
	D3ZGZ6	0	Training	0	D3ZGZ6	Rattus norvegicus	Metazoa	127		True
	Q99K24	0	Training	1	Q99K24	Mus musculus	Metazoa	317		True
	O60231	0	Training	2	O60231	Homo sapiens	Metazoa	1041		False
	P17655	0	Training	3	P17655	Homo sapiens	Metazoa	700		False
	Q65ZG8	0	Training	4	Q65ZG8	Caenorhabditis elegans	Metazoa	597		False
	Q08231	0	Training	0	Q08231	Saccharomyces cerevisiae (strain ATCC 204508 / S288c)	Fungi	455		False
	Q8C886	0	Training	1	Q8C886	Mus musculus	Metazoa	610		False
	P32529	0	Training	2	P32529	Saccharomyces cerevisiae (strain ATCC 204508 / S288c)	Fungi	125		False
	Q9VL76	0	Training	3	Q9VL76	Drosophila melanogaster	Metazoa	613		False
	Q04002	0	Training	4	Q04002	Saccharomyces cerevisiae (strain ATCC 204508 / S288c)	Fungi	1493		False
	P52739	0	Training	0	P52739	Homo sapiens	Metazoa	623		False
	O15164	0	Training	1	O15164	Homo sapiens	Metazoa	1050		False
	D3ZXW3	0	Training	2	D3ZXW3	Rattus norvegicus	Metazoa	298		False
	Q57UZ7	0	Training	3	Q57UZ7	Trypanosoma brucei brucei (strain 927/4 GUTat10.1)	Other	550		False
	O65312	0	Training	4	O65312	Arabidopsis thaliana	Plants	689		False
	P53004	0	Training	0	P53004	Homo sapiens	Metazoa	296		False
	O70239	0	Training	1	O70239	Rattus norvegicus	Metazoa	827		False
	Q8K337	0	Training	2	Q8K337	Mus musculus	Metazoa	993		False
	O17679	0	Training	3	O17679	Caenorhabditis elegans	Metazoa	708		False
	Q9NZM5	0	Training	4	Q9NZM5	Homo sapiens	Metazoa	478		False
	Q60707	0	Training	0	Q60707	Mus musculus	Metazoa	711		False
	P55197	0	Training	1	P55197	Homo sapiens	Metazoa	1068		False
	Q9VHY5	0	Training	2	Q9VHY5	Drosophila melanogaster	Metazoa	479		False
	O95568	0	Training	3	O95568	Homo sapiens	Metazoa	372		False
	P0CT67	0	Training	4	P0CT67	Schizosaccharomyces pombe (strain 972 / ATCC 24843)	Fungi	152		False
	O43325	0	Training	0	O43325	Homo sapiens	Metazoa	122		False
	G5EGF8	0	Training	1	G5EGF8	Caenorhabditis elegans	Metazoa	354		False
	P54074	0	Training	2	P54074	Saccharomyces cerevisiae (strain ATCC 204508 / S288c)	Fungi	624		True
	Q3U5Q7	0	Training	3	Q3U5Q7	Mus musculus	Metazoa	447		False
	Q9VL14	0	Training	4	Q9VL14	Drosophila melanogaster	Metazoa	118		False
	Q9LK29	0	Training	0	Q9LK29	Arabidopsis thaliana	Plants	307		False
	Q8GYC1	0	Training	1	Q8GYC1	Arabidopsis thaliana	Plants	516		False
	Q13061	0	Training	2	Q13061	Homo sapiens	Metazoa	729		True
	Q9UTT1	0	Training	3	Q9UTT1	Schizosaccharomyces pombe (strain 972 / ATCC 24843)	Fungi	1129		False
	P29418	0	Training	4	P29418	Rattus norvegicus	Metazoa	51		False
	P40028	0	Training	0	P40028	Saccharomyces cerevisiae (strain ATCC 204508 / S288c)	Fungi	759		False
	Q8BHS6	0	Training	1	Q8BHS6	Mus musculus	Metazoa	379		True
	B6HLU1	0	Training	2	B6HLU1	Penicillium rubens (strain ATCC 28089 / DSM 1075 / NRRL 1951 / Wisconsin 54-1255)	Fungi	3746		False
	Q8R010	0	Training	3	Q8R010	Mus musculus	Metazoa	320		False
	O44548	0	Training	4	O44548	Caenorhabditis elegans	Metazoa	877		False
	Q8BH70	0	Training	0	Q8BH70	Mus musculus	Metazoa	621		False
	O43670	0	Training	1	O43670	Homo sapiens	Metazoa	478		False
	Q9SSW0	0	Training	2	Q9SSW0	Arabidopsis thaliana	Plants	193		False
	O74846	0	Training	3	O74846	Schizosaccharomyces pombe (strain 972 / ATCC 24843)	Fungi	752		False
	Q96QC0	0	Training	4	Q96QC0	Homo sapiens	Metazoa	940		False
	F4IDB2	0	Training	0	F4IDB2	Arabidopsis thaliana	Plants	1325		False
	P40037	0	Training	1	P40037	Saccharomyces cerevisiae (strain ATCC 204508 / S288c)	Fungi	129		False
	Q91ZE0	0	Training	2	Q91ZE0	Mus musculus	Metazoa	421		False
	P47057	0	Training	3	P47057	Saccharomyces cerevisiae (strain ATCC 204508 / S288c)	Fungi	423		False
	O82277	0	Training	4	O82277	Arabidopsis thaliana	Plants	361		False
	Q8K4V4	0	Training	0	Q8K4V4	Rattus norvegicus	Metazoa	539		False
	Q9Z110	0	Training	1	Q9Z110	Mus musculus	Metazoa	795		False
	O80860	0	Training	2	O80860	Arabidopsis thaliana	Plants	695		False
	Q8BTW8	0	Training	3	Q8BTW8	Mus musculus	Metazoa	588		False
	Q9UUH6	0	Training	4	Q9UUH6	Schizosaccharomyces pombe (strain 972 / ATCC 24843)	Fungi	188		False
	Q96GE9	0	Training	0	Q96GE9	Homo sapiens	Metazoa	116		True
	Q54BW5	0	Training	1	Q54BW5	Dictyostelium discoideum	Other	179		False
	Q5PQZ7	0	Training	2	Q5PQZ7	Danio rerio	Metazoa	352		True
	Q9ZQH0	0	Training	3	Q9ZQH0	Arabidopsis thaliana	Plants	232		False
	P51998	0	Training	4	P51998	Saccharomyces cerevisiae (strain ATCC 204508 / S288c)	Fungi	286		False
	Q94AX2	0	Training	0	Q94AX2	Arabidopsis thaliana	Plants	277		False
	P53276	0	Training	1	P53276	Saccharomyces cerevisiae (strain ATCC 204508 / S288c)	Fungi	713		False
	P57081	0	Training	2	P57081	Homo sapiens	Metazoa	412		False
	A0A087X1C5	0	Training	3	A0A087X1C5	Homo sapiens	Metazoa	515		True
	O74835	0	Training	4	O74835	Schizosaccharomyces pombe (strain 972 / ATCC 24843)	Fungi	1690		False
	Q5SY16	0	Training	0	Q5SY16	Homo sapiens	Metazoa	702		False
	Q9VW47	0	Training	1	Q9VW47	Drosophila melanogaster	Metazoa	2531		False
	Q13216	0	Training	2	Q13216	Homo sapiens	Metazoa	396		False
	O94664	0	Training	3	O94664	Schizosaccharomyces pombe (strain 972 / ATCC 24843)	Fungi	234		False
	Q05021	0	Training	4	Q05021	Saccharomyces cerevisiae (strain ATCC 204508 / S288c)	Fungi	590		False
	P06180	0	Training	0	P06180	Xenopus laevis	Metazoa	590		False
	Q96T23	0	Training	1	Q96T23	Homo sapiens	Metazoa	1441		False
	Q5ICL9	0	Training	2	Q5ICL9	Arabidopsis thaliana	Plants	574		False
	Q8TC26	0	Training	3	Q8TC26	Homo sapiens	Metazoa	289		True
	Q8WV28	0	Training	4	Q8WV28	Homo sapiens	Metazoa	456		False
	M9MRD1	0	Training	0	M9MRD1	Drosophila melanogaster	Metazoa	12345		False
	O00154	0	Training	1	O00154	Homo sapiens	Metazoa	380		False
	Q12341	0	Training	2	Q12341	Saccharomyces cerevisiae (strain ATCC 204508 / S288c)	Fungi	374		False
	Q22323	0	Training	3	Q22323	Caenorhabditis elegans	Metazoa	283		False
	Q8QFR4	0	Training	4	Q8QFR4	Xenopus laevis	Metazoa	211		False
	Q8LAM0	0	Training	0	Q8LAM0	Arabidopsis thaliana	Plants	365		False
	P53972	0	Training	1	P53972	Saccharomyces cerevisiae (strain ATCC 204508 / S288c)	Fungi	490		False
	Q92913	0	Training	2	Q92913	Homo sapiens	Metazoa	245		False
	P11155	0	Training	3	P11155	Zea mays	Plants	947		False
	P34440	0	Training	4	P34440	Caenorhabditis elegans	Metazoa	261		False
	Q13228	0	Training	0	Q13228	Homo sapiens	Metazoa	472		False
	Q12774	0	Training	1	Q12774	Homo sapiens	Metazoa	1597		False
	O88801	0	Training	2	O88801	Rattus norvegicus	Metazoa	354		False
	Q08245	0	Training	3	Q08245	Saccharomyces cerevisiae (strain ATCC 204508 / S288c)	Fungi	113		False
	F4JYE9	0	Training	4	F4JYE9	Arabidopsis thaliana	Plants	530		False
	Q9Y3C1	0	Training	0	Q9Y3C1	Homo sapiens	Metazoa	178		False
	Q8IVH4	0	Training	1	Q8IVH4	Homo sapiens	Metazoa	418		False
	Q84JU6	0	Training	2	Q84JU6	Arabidopsis thaliana	Plants	927		False
	Q8VHT6	0	Training	3	Q8VHT6	Rattus norvegicus	Metazoa	369		False
	Q9P7J2	0	Training	4	Q9P7J2	Schizosaccharomyces pombe (strain 972 / ATCC 24843)	Fungi	203		False
	Q5SWY8	0	Training	0	Q5SWY8	Mus musculus	Metazoa	596		True
	Q9H790	0	Training	1	Q9H790	Homo sapiens	Metazoa	373		False
	Q2VLK6	0	Training	2	Q2VLK6	Trypanosoma cruzi (strain CL Brener)	Other	358		False
	Q9NYT0	0	Training	3	Q9NYT0	Homo sapiens	Metazoa	353		False
	Q9JJG9	0	Training	4	Q9JJG9	Mus musculus	Metazoa	693		False
	Q949P2	0	Training	0	Q949P2	Arabidopsis thaliana	Plants	701		False
	F4IMQ0	0	Training	1	F4IMQ0	Arabidopsis thaliana	Plants	288		False
	Q3KN41	0	Training	2	Q3KN41	Drosophila melanogaster	Metazoa	1840		False
	Q8GWP5	0	Training	3	Q8GWP5	Arabidopsis thaliana	Plants	426		False
	P36954	0	Training	4	P36954	Homo sapiens	Metazoa	125		False
	Q8LAP6	0	Training	0	Q8LAP6	Arabidopsis thaliana	Plants	409		False
	Q8VY77	0	Training	1	Q8VY77	Arabidopsis thaliana	Plants	91		True
	A8K830	0	Training	2	A8K830	Homo sapiens	Metazoa	251		False
	P91645	0	Training	3	P91645	Drosophila melanogaster	Metazoa	1851		True
	Q15464	0	Training	4	Q15464	Homo sapiens	Metazoa	509		False
	Q9XIN0	0	Training	0	Q9XIN0	Arabidopsis thaliana	Plants	650		False
	O17850	0	Training	1	O17850	Caenorhabditis elegans	Metazoa	317		False
	P16521	0	Training	2	P16521	Saccharomyces cerevisiae (strain ATCC 204508 / S288c)	Fungi	1044		False
	Q9XI46	0	Training	3	Q9XI46	Arabidopsis thaliana	Plants	159		True
	P34706	0	Training	4	P34706	Caenorhabditis elegans	Metazoa	2150		False
	Q86LG1	0	Training	0	Q86LG1	Drosophila melanogaster	Metazoa	606		True
	O49621	0	Training	1	O49621	Arabidopsis thaliana	Plants	526		True
	Q99188	0	Training	2	Q99188	Saccharomyces cerevisiae (strain ATCC 204508 / S288c)	Fungi	309		False
	P38289	0	Training	3	P38289	Saccharomyces cerevisiae (strain ATCC 204508 / S288c)	Fungi	585		False
	E9QDC5	0	Training	4	E9QDC5	Danio rerio	Metazoa	294		True
	Q12098	0	Training	0	Q12098	Saccharomyces cerevisiae (strain ATCC 204508 / S288c)	Fungi	748		False
	O75486	0	Training	1	O75486	Homo sapiens	Metazoa	317		False
	Q8WXC6	0	Training	2	Q8WXC6	Homo sapiens	Metazoa	57		False
	P57105	0	Training	3	P57105	Homo sapiens	Metazoa	145		False
	Q06810	0	Training	4	Q06810	Saccharomyces cerevisiae (strain ATCC 204508 / S288c)	Fungi	360		False
	P0CY15	0	Training	0	P0CY15	Schizosaccharomyces pombe (strain 972 / ATCC 24843)	Fungi	42		False
	Q5BPF3	0	Training	1	Q5BPF3	Arabidopsis thaliana	Plants	262		False
	Q9JLI8	0	Training	2	Q9JLI8	Mus musculus	Metazoa	962		False
	P18870	0	Training	3	P18870	Gallus gallus	Metazoa	314		False
	Q9ULJ3	0	Training	4	Q9ULJ3	Homo sapiens	Metazoa	1066		False
	Q2MHN3	0	Training	0	Q2MHN3	Mus musculus	Metazoa	2562		False
	Q15424	0	Training	1	Q15424	Homo sapiens	Metazoa	915		False
	A0A075TXZ8	0	Training	2	A0A075TXZ8	Penicillium expansum	Fungi	799		False
	Q10135	0	Training	3	Q10135	Schizosaccharomyces pombe (strain 972 / ATCC 24843)	Fungi	1235		False
	Q08465	0	Training	4	Q08465	Saccharomyces cerevisiae (strain ATCC 204508 / S288c)	Fungi	219		False
	O23193	0	Training	0	O23193	Arabidopsis thaliana	Plants	236		False
	Q63707	0	Training	1	Q63707	Rattus norvegicus	Metazoa	395		True
	Q02521	0	Training	2	Q02521	Saccharomyces cerevisiae (strain ATCC 204508 / S288c)	Fungi	185		False
	P42073	0	Training	3	P42073	Saccharomyces cerevisiae (strain ATCC 204508 / S288c)	Fungi	533		False
	Q9VQ89	0	Training	4	Q9VQ89	Drosophila melanogaster	Metazoa	867		False
	Q18616	0	Training	0	Q18616	Caenorhabditis elegans	Metazoa	537		False
	Q969F2	0	Training	1	Q969F2	Homo sapiens	Metazoa	451		False
	Q9C900	0	Training	2	Q9C900	Arabidopsis thaliana	Plants	193		False
	P15384	0	Training	3	P15384	Rattus norvegicus	Metazoa	525		False
	Q924W6	0	Training	4	Q924W6	Mus musculus	Metazoa	1344		False
	Q09685	0	Training	0	Q09685	Schizosaccharomyces pombe (strain 972 / ATCC 24843)	Fungi	411		False
	Q9BZJ7	0	Training	1	Q9BZJ7	Homo sapiens	Metazoa	368		True
	Q9VX31	0	Training	2	Q9VX31	Drosophila melanogaster	Metazoa	1105		False
	O14215	0	Training	3	O14215	Schizosaccharomyces pombe (strain 972 / ATCC 24843)	Fungi	454		False
	O59793	0	Training	4	O59793	Schizosaccharomyces pombe (strain 972 / ATCC 24843)	Fungi	384		False
	Q708Y0	0	Training	0	Q708Y0	Arabidopsis thaliana	Plants	623		False
	P11183	0	Training	1	P11183	Gallus gallus	Metazoa	164		False
	Q7S300	0	Training	2	Q7S300	Neurospora crassa (strain ATCC 24698 / 74-OR23-1A / CBS 708.71 / DSM 1257 / FGSC 987)	Fungi	138		False
	Q03063	0	Training	3	Q03063	Saccharomyces cerevisiae (strain ATCC 204508 / S288c)	Fungi	452		False
	Q13769	0	Training	4	Q13769	Homo sapiens	Metazoa	683		False
	Q9CPZ1	0	Training	0	Q9CPZ1	Mus musculus	Metazoa	294		False
	P38768	0	Training	1	P38768	Saccharomyces cerevisiae (strain ATCC 204508 / S288c)	Fungi	344		False
	Q9LYB9	0	Training	2	Q9LYB9	Arabidopsis thaliana	Plants	186		False
	A8CEI3	0	Training	3	A8CEI3	Leucaena leucocephala	Plants	443		False
	P24329	0	Training	4	P24329	Rattus norvegicus	Metazoa	297		False
	Q08913	0	Training	0	Q08913	Saccharomyces cerevisiae (strain ATCC 204508 / S288c)	Fungi	375		True
	O74547	0	Training	1	O74547	Schizosaccharomyces pombe (strain 972 / ATCC 24843)	Fungi	422		False
	Q9UBI1	0	Training	2	Q9UBI1	Homo sapiens	Metazoa	195		False
	P00560	0	Training	3	P00560	Saccharomyces cerevisiae (strain ATCC 204508 / S288c)	Fungi	416		False
	Q0DEC8	0	Training	4	Q0DEC8	Oryza sativa subsp. japonica	Plants	641		False
	O09053	0	Training	0	O09053	Mus musculus	Metazoa	1401		False
	B8BDQ4	0	Training	1	B8BDQ4	Oryza sativa subsp. indica	Plants	696		False
	P21657	0	Training	2	P21657	Saccharomyces cerevisiae (strain ATCC 204508 / S288c)	Fungi	970		False
	P32121	0	Training	3	P32121	Homo sapiens	Metazoa	409		False
	Q86VZ6	0	Training	4	Q86VZ6	Homo sapiens	Metazoa	243		False
	Q9SS80	0	Training	0	Q9SS80	Arabidopsis thaliana	Plants	685		False
	P40316	0	Training	1	P40316	Saccharomyces cerevisiae (strain ATCC 204508 / S288c)	Fungi	373		False
	Q9LSD0	0	Training	2	Q9LSD0	Arabidopsis thaliana	Plants	332		False
	Q6P2D8	0	Training	3	Q6P2D8	Homo sapiens	Metazoa	792		False
	M0R7Z9	0	Training	4	M0R7Z9	Rattus norvegicus	Metazoa	475		False
	Q9ULR0	0	Training	0	Q9ULR0	Homo sapiens	Metazoa	285		False
	P04842	0	Training	1	P04842	Komagataella phaffii (strain GS115 / ATCC 20864)	Fungi	663		False
	Q10164	0	Training	2	Q10164	Schizosaccharomyces pombe (strain 972 / ATCC 24843)	Fungi	1229		False
	Q925J9	0	Training	3	Q925J9	Mus musculus	Metazoa	1575		False
	Q02204	0	Training	4	Q02204	Saccharomyces cerevisiae (strain ATCC 204508 / S288c)	Fungi	264		False
	P51826	0	Training	0	P51826	Homo sapiens	Metazoa	1226		False
	Q9VGL8	0	Training	1	Q9VGL8	Drosophila melanogaster	Metazoa	363		False
	O14212	0	Training	2	O14212	Schizosaccharomyces pombe (strain 972 / ATCC 24843)	Fungi	470		False
	Q9JIB0	0	Training	3	Q9JIB0	Mus musculus	Metazoa	185		False
	Q52KF3	0	Training	4	Q52KF3	Mus musculus	Metazoa	598		False
	Q92540	0	Training	0	Q92540	Homo sapiens	Metazoa	1137		False
	Q9U1H0	0	Training	1	Q9U1H0	Drosophila melanogaster	Metazoa	1832		False
	A1A519	0	Training	2	A1A519	Homo sapiens	Metazoa	330		False
	P10080	0	Training	3	P10080	Saccharomyces cerevisiae (strain ATCC 204508 / S288c)	Fungi	294		False
	Q9VLD6	0	Training	4	Q9VLD6	Drosophila melanogaster	Metazoa	315		False
	P53846	0	Training	0	P53846	Saccharomyces cerevisiae (strain ATCC 204508 / S288c)	Fungi	162		False
	Q9Z351	0	Training	1	Q9Z351	Mus musculus	Metazoa	759		False
	Q9BSF4	0	Training	2	Q9BSF4	Homo sapiens	Metazoa	260		True
	Q01454	0	Training	3	Q01454	Saccharomyces cerevisiae (strain ATCC 204508 / S288c)	Fungi	927		False
	Q940H2	0	Training	4	Q940H2	Arabidopsis thaliana	Plants	237		False
	Q9Y2L1	0	Training	0	Q9Y2L1	Homo sapiens	Metazoa	958		False
	Q5T5X7	0	Training	1	Q5T5X7	Homo sapiens	Metazoa	828		False
	Q9VBX1	0	Training	2	Q9VBX1	Drosophila melanogaster	Metazoa	992		False
	Q08230	0	Training	3	Q08230	Saccharomyces cerevisiae (strain ATCC 204508 / S288c)	Fungi	162		False
	Q9C9U5	0	Training	4	Q9C9U5	Arabidopsis thaliana	Plants	1030		False
	O81836	0	Training	0	O81836	Arabidopsis thaliana	Plants	314		False
	Q9UT91	0	Training	1	Q9UT91	Schizosaccharomyces pombe (strain 972 / ATCC 24843)	Fungi	211		True
	Q96P67	0	Training	2	Q96P67	Homo sapiens	Metazoa	336		True
	Q6Y685	0	Training	3	Q6Y685	Mus musculus	Metazoa	774		False
	Q10148	0	Training	4	Q10148	Schizosaccharomyces pombe (strain 972 / ATCC 24843)	Fungi	254		False
	P31414	0	Training	0	P31414	Arabidopsis thaliana	Plants	770		True
	P13468	0	Training	1	P13468	Drosophila melanogaster	Metazoa	463		False
	P38313	0	Training	2	P38313	Saccharomyces cerevisiae (strain ATCC 204508 / S288c)	Fungi	324		False
	Q8R4C2	0	Training	3	Q8R4C2	Mus musculus	Metazoa	606		False
	Q8TDB4	0	Training	4	Q8TDB4	Homo sapiens	Metazoa	240		True
	Q9FGR0	0	Training	0	Q9FGR0	Arabidopsis thaliana	Plants	1442		False
	Q9FIC3	0	Training	1	Q9FIC3	Arabidopsis thaliana	Plants	93		False
	P0CW70	0	Training	2	P0CW70	Mus musculus	Metazoa	773		False
	A1Z9P3	0	Training	3	A1Z9P3	Drosophila melanogaster	Metazoa	1576		False
	G5EFF5	0	Training	4	G5EFF5	Caenorhabditis elegans	Metazoa	753		False
	Q9NXF7	0	Training	0	Q9NXF7	Homo sapiens	Metazoa	216		False
	Q99359	0	Training	1	Q99359	Saccharomyces cerevisiae (strain ATCC 204508 / S288c)	Fungi	647		False
	A8MUP2	0	Training	2	A8MUP2	Homo sapiens	Metazoa	240		False
	Q9ES53	0	Training	3	Q9ES53	Rattus norvegicus	Metazoa	307		False
	Q9AT00	0	Training	4	Q9AT00	Arabidopsis thaliana	Plants	345		False
	Q9LSC4	0	Training	0	Q9LSC4	Arabidopsis thaliana	Plants	344		False
	Q5JTC6	0	Training	1	Q5JTC6	Homo sapiens	Metazoa	1135		False
	Q9Y4F1	0	Training	2	Q9Y4F1	Homo sapiens	Metazoa	1045		False
	Q80VM7	0	Training	3	Q80VM7	Mus musculus	Metazoa	985		False
	Q945P0	0	Training	4	Q945P0	Nicotiana tabacum	Plants	209		False
	P04160	0	Training	0	P04160	Spinacia oleracea	Plants	508		True
	Q93WK5	0	Training	1	Q93WK5	Arabidopsis thaliana	Plants	727		False
	Q9UU79	0	Training	2	Q9UU79	Schizosaccharomyces pombe (strain 972 / ATCC 24843)	Fungi	260		False
	Q8TDV5	0	Training	3	Q8TDV5	Homo sapiens	Metazoa	335		True
	Q6NTE8	0	Training	4	Q6NTE8	Homo sapiens	Metazoa	343		False
	P41695	0	Training	0	P41695	Saccharomyces cerevisiae (strain ATCC 204508 / S288c)	Fungi	1021		False
	O00712	0	Training	1	O00712	Homo sapiens	Metazoa	420		False
	P16862	0	Training	2	P16862	Saccharomyces cerevisiae (strain ATCC 204508 / S288c)	Fungi	959		False
	Q9SYM0	0	Training	3	Q9SYM0	Arabidopsis thaliana	Plants	333		False
	P47977	0	Training	4	P47977	Saccharomyces cerevisiae (strain ATCC 204508 / S288c)	Fungi	285		False
	Q9PVF7	0	Training	0	Q9PVF7	Danio rerio	Metazoa	729		False
	P54258	0	Training	1	P54258	Rattus norvegicus	Metazoa	1183		False
	Q9LTS6	0	Training	2	Q9LTS6	Arabidopsis thaliana	Plants	135		False
	Q03172	0	Training	3	Q03172	Mus musculus	Metazoa	2688		False
	P55199	0	Training	4	P55199	Homo sapiens	Metazoa	621		False
	P38863	0	Training	0	P38863	Saccharomyces cerevisiae (strain ATCC 204508 / S288c)	Fungi	823		False
	Q9NVI1	0	Training	1	Q9NVI1	Homo sapiens	Metazoa	1328		False
	Q96330	0	Training	2	Q96330	Arabidopsis thaliana	Plants	336		False
	P53246	0	Training	3	P53246	Saccharomyces cerevisiae (strain ATCC 204508 / S288c)	Fungi	860		False
	P55264	0	Training	4	P55264	Mus musculus	Metazoa	361		False
	P53196	0	Training	0	P53196	Saccharomyces cerevisiae (strain ATCC 204508 / S288c)	Fungi	417		False
	Q55D99	0	Training	1	Q55D99	Dictyostelium discoideum	Other	1197		False
	Q9DAG5	0	Training	2	Q9DAG5	Mus musculus	Metazoa	247		False
	Q8BVN9	0	Training	3	Q8BVN9	Mus musculus	Metazoa	434		False
	Q09779	0	Training	4	Q09779	Schizosaccharomyces pombe (strain 972 / ATCC 24843)	Fungi	1628		False
	Q9SMH4	0	Training	0	Q9SMH4	Chlamydomonas reinhardtii	Plants	410		False
	Q07362	0	Training	1	Q07362	Saccharomyces cerevisiae (strain ATCC 204508 / S288c)	Fungi	185		False
	Q197W8	0	Training	2	Q197W8	Arabidopsis thaliana	Plants	473		False
	Q9FK23	0	Training	3	Q9FK23	Arabidopsis thaliana	Plants	500		False
	P40571	0	Training	4	P40571	Saccharomyces cerevisiae (strain ATCC 204508 / S288c)	Fungi	144		False
	O00287	0	Training	0	O00287	Homo sapiens	Metazoa	272		False
	P38783	0	Training	1	P38783	Saccharomyces cerevisiae (strain ATCC 204508 / S288c)	Fungi	130		False
	Q9UJQ4	0	Training	2	Q9UJQ4	Homo sapiens	Metazoa	1053		False
	Q9HCC0	0	Training	3	Q9HCC0	Homo sapiens	Metazoa	563		False
	O94606	0	Training	4	O94606	Schizosaccharomyces pombe (strain 972 / ATCC 24843)	Fungi	473		False
	P06733	0	Training	0	P06733	Homo sapiens	Metazoa	434		False
	Q9H777	0	Training	1	Q9H777	Homo sapiens	Metazoa	363		False
	Q9C685	0	Training	2	Q9C685	Arabidopsis thaliana	Plants	211		False
	Q8LPQ5	0	Training	3	Q8LPQ5	Arabidopsis thaliana	Plants	1254		False
	O49290	0	Training	4	O49290	Arabidopsis thaliana	Plants	339		False
	P33748	0	Training	0	P33748	Saccharomyces cerevisiae (strain ATCC 204508 / S288c)	Fungi	704		False
	P0CY08	0	Training	1	P0CY08	Saccharomyces cerevisiae (strain ATCC 204508 / S288c)	Fungi	210		False
	Q99288	0	Training	2	Q99288	Saccharomyces cerevisiae (strain ATCC 204508 / S288c)	Fungi	334		False
	Q9H0U6	0	Training	3	Q9H0U6	Homo sapiens	Metazoa	180		False
	Q42529	0	Training	4	Q42529	Arabidopsis thaliana	Plants	312		False
	Q8TF63	0	Training	0	Q8TF63	Homo sapiens	Metazoa	244		False
	P53335	0	Training	1	P53335	Saccharomyces cerevisiae (strain ATCC 204508 / S288c)	Fungi	271		False
	D4AEP3	0	Training	2	D4AEP3	Rattus norvegicus	Metazoa	194		True
	Q23794	0	Training	3	Q23794	Chironomus tentans	Metazoa	99		False
	Q94CV1	0	Training	4	Q94CV1	Oryza sativa subsp. japonica	Plants	228		False
	Q05728	0	Training	0	Q05728	Arabidopsis thaliana	Plants	389		False
	P38852	0	Training	1	P38852	Saccharomyces cerevisiae (strain ATCC 204508 / S288c)	Fungi	340		False
	O43542	0	Training	2	O43542	Homo sapiens	Metazoa	346		False
	Q9LLY4	0	Training	3	Q9LLY4	Brassica napus	Plants	344		False
	Q96NW4	0	Training	4	Q96NW4	Homo sapiens	Metazoa	1050		False
	Q3UMU9	0	Training	0	Q3UMU9	Mus musculus	Metazoa	669		False
	Q84TI7	0	Training	1	Q84TI7	Arabidopsis thaliana	Plants	506		True
	Q08050	0	Training	2	Q08050	Homo sapiens	Metazoa	763		False
	A0A0D1E6B3	0	Training	3	A0A0D1E6B3	Mycosarcoma maydis	Fungi	435		True
	Q84JH7	0	Training	4	Q84JH7	Arabidopsis thaliana	Plants	225		False
	Q8S9K3	0	Training	0	Q8S9K3	Arabidopsis thaliana	Plants	758		False
	O55035	0	Training	1	O55035	Rattus norvegicus	Metazoa	752		False
	Q8K480	0	Training	2	Q8K480	Mus musculus	Metazoa	584		True
	P20618	0	Training	3	P20618	Homo sapiens	Metazoa	241		False
	Q99383	0	Training	4	Q99383	Saccharomyces cerevisiae (strain ATCC 204508 / S288c)	Fungi	534		False
	Q9NTK1	0	Training	0	Q9NTK1	Homo sapiens	Metazoa	212		False
	Q8TE02	0	Training	1	Q8TE02	Homo sapiens	Metazoa	300		False
	Q9UF56	0	Training	2	Q9UF56	Homo sapiens	Metazoa	701		False
	Q9NQT4	0	Training	3	Q9NQT4	Homo sapiens	Metazoa	235		False
	Q9BXU7	0	Training	4	Q9BXU7	Homo sapiens	Metazoa	913		False
	Q86WB7	0	Training	0	Q86WB7	Homo sapiens	Metazoa	457		True
	O08816	0	Training	1	O08816	Rattus norvegicus	Metazoa	501		False
	Q9I9L7	0	Training	2	Q9I9L7	Danio rerio	Metazoa	383		False
	P49379	0	Training	3	P49379	Kluyveromyces lactis (strain ATCC 8585 / CBS 2359 / DSM 70799 / NBRC 1267 / NRRL Y-1140 / WM37)	Fungi	359		False
	Q9BTF0	0	Training	4	Q9BTF0	Homo sapiens	Metazoa	503		False
	Q9UT03	0	Training	0	Q9UT03	Schizosaccharomyces pombe (strain 972 / ATCC 24843)	Fungi	677		False
	Q9ZVJ3	0	Training	1	Q9ZVJ3	Arabidopsis thaliana	Plants	550		False
	P11171	0	Training	2	P11171	Homo sapiens	Metazoa	864		False
	E3SCZ8	0	Training	3	E3SCZ8	Cavia porcellus	Metazoa	142		False
	O94687	0	Training	4	O94687	Schizosaccharomyces pombe (strain 972 / ATCC 24843)	Fungi	549		False
	Q96GM8	0	Training	0	Q96GM8	Homo sapiens	Metazoa	510		False
	A0PJW6	0	Training	1	A0PJW6	Homo sapiens	Metazoa	202		True
	O74309	0	Training	2	O74309	Schizosaccharomyces pombe (strain 972 / ATCC 24843)	Fungi	807		False
	O14114	0	Training	3	O14114	Schizosaccharomyces pombe (strain 972 / ATCC 24843)	Fungi	1190		False
	P49728	0	Training	4	P49728	Chlamydomonas reinhardtii	Plants	206		True
	P86452	0	Training	0	P86452	Homo sapiens	Metazoa	979		False
	Q96CW1	0	Training	1	Q96CW1	Homo sapiens	Metazoa	435		False
	Q53EK2	0	Training	2	Q53EK2	Schizosaccharomyces pombe (strain 972 / ATCC 24843)	Fungi	232		False
	Q86SP6	0	Training	3	Q86SP6	Homo sapiens	Metazoa	731		True
	Q9NZI6	0	Training	4	Q9NZI6	Homo sapiens	Metazoa	479		False
	Q3UMZ3	0	Training	0	Q3UMZ3	Mus musculus	Metazoa	260		True
	Q9SQU2	0	Training	1	Q9SQU2	Arabidopsis thaliana	Plants	199		True
	P40465	0	Training	2	P40465	Saccharomyces cerevisiae (strain ATCC 204508 / S288c)	Fungi	213		False
	Q9Y3U8	0	Training	3	Q9Y3U8	Homo sapiens	Metazoa	105		False
	Q03124	0	Training	4	Q03124	Saccharomyces cerevisiae (strain ATCC 204508 / S288c)	Fungi	581		False
	Q9NZ81	0	Training	0	Q9NZ81	Homo sapiens	Metazoa	148		False
	Q09725	0	Training	1	Q09725	Schizosaccharomyces pombe (strain 972 / ATCC 24843)	Fungi	1587		False
	O96622	0	Training	2	O96622	Dictyostelium discoideum	Other	369		False
	Q8GZ52	0	Training	3	Q8GZ52	Arabidopsis thaliana	Plants	1400		False
	P53930	0	Training	4	P53930	Saccharomyces cerevisiae (strain ATCC 204508 / S288c)	Fungi	226		False
	Q6UWZ7	0	Training	0	Q6UWZ7	Homo sapiens	Metazoa	409		False
	Q9NPJ1	0	Training	1	Q9NPJ1	Homo sapiens	Metazoa	570		False
	Q9P6M0	0	Training	2	Q9P6M0	Schizosaccharomyces pombe (strain 972 / ATCC 24843)	Fungi	419		False
	Q12318	0	Training	3	Q12318	Saccharomyces cerevisiae (strain ATCC 204508 / S288c)	Fungi	242		False
	Q07930	0	Training	4	Q07930	Saccharomyces cerevisiae (strain ATCC 204508 / S288c)	Fungi	204		False
	Q9NQW7	0	Training	0	Q9NQW7	Homo sapiens	Metazoa	623		False
	P97577	0	Training	1	P97577	Rattus norvegicus	Metazoa	393		False
	Q5JWF2	0	Training	2	Q5JWF2	Homo sapiens	Metazoa	1037		False
	P40502	0	Training	3	P40502	Saccharomyces cerevisiae (strain ATCC 204508 / S288c)	Fungi	157		True
	P78417	0	Training	4	P78417	Homo sapiens	Metazoa	241		False
	Q12416	0	Training	0	Q12416	Saccharomyces cerevisiae (strain ATCC 204508 / S288c)	Fungi	295		False
	Q9VAW5	0	Training	1	Q9VAW5	Drosophila melanogaster	Metazoa	1673		False
	Q652K4	0	Training	2	Q652K4	Oryza sativa subsp. japonica	Plants	315		False
	Q9FLT9	0	Training	3	Q9FLT9	Arabidopsis thaliana	Plants	259		True
	Q92629	0	Training	4	Q92629	Homo sapiens	Metazoa	289		True
	Q8GZ79	0	Training	0	Q8GZ79	Arabidopsis thaliana	Plants	274		False
	Q9VAH9	0	Training	1	Q9VAH9	Drosophila melanogaster	Metazoa	597		False
	Q9VR38	0	Training	2	Q9VR38	Drosophila melanogaster	Metazoa	528		False
	Q6PEM8	0	Training	3	Q6PEM8	Mus musculus	Metazoa	459		True
	E9EXC4	0	Training	4	E9EXC4	Metarhizium robertsii (strain ARSEF 23 / ATCC MYA-3075)	Fungi	1005		False
	Q8S1D9	0	Training	0	Q8S1D9	Oryza sativa subsp. japonica	Plants	435		False
	P30419	0	Training	1	P30419	Homo sapiens	Metazoa	496		False
	Q96AH0	0	Training	2	Q96AH0	Homo sapiens	Metazoa	204		False
	Q0IGK1	0	Training	3	Q0IGK1	Arabidopsis thaliana	Plants	445		False
	B2RWS6	0	Training	4	B2RWS6	Mus musculus	Metazoa	2412		False
	F4ITM1	0	Training	0	F4ITM1	Arabidopsis thaliana	Plants	398		False
	Q9SY88	0	Training	1	Q9SY88	Arabidopsis thaliana	Plants	310		False
	Q6PRD7	0	Training	2	Q6PRD7	Homo sapiens	Metazoa	247		False
	Q9HEV5	0	Training	3	Q9HEV5	Neurospora crassa (strain ATCC 24698 / 74-OR23-1A / CBS 708.71 / DSM 1257 / FGSC 987)	Fungi	426		False
	Q8W4B2	0	Training	4	Q8W4B2	Arabidopsis thaliana	Plants	333		False
	Q0WP44	0	Training	0	Q0WP44	Arabidopsis thaliana	Plants	1202		False
	P38297	0	Training	1	P38297	Saccharomyces cerevisiae (strain ATCC 204508 / S288c)	Fungi	855		False
	Q0VG06	0	Training	2	Q0VG06	Homo sapiens	Metazoa	881		False
	Q99315	0	Training	3	Q99315	Saccharomyces cerevisiae (strain ATCC 204508 / S288c)	Fungi	1547		False
	P38199	0	Training	4	P38199	Saccharomyces cerevisiae (strain ATCC 204508 / S288c)	Fungi	381		False
	Q5IBH7	0	Training	0	Q5IBH7	Mus musculus	Metazoa	310		False
	Q8NEY8	0	Training	1	Q8NEY8	Homo sapiens	Metazoa	458		False
	Q1MTN9	0	Training	2	Q1MTN9	Schizosaccharomyces pombe (strain 972 / ATCC 24843)	Fungi	544		False
	Q39249	0	Training	3	Q39249	Arabidopsis thaliana	Plants	462		False
	Q5SFM8	0	Training	4	Q5SFM8	Mus musculus	Metazoa	1060		False
	P79005	0	Training	0	P79005	Schizosaccharomyces pombe (strain 972 / ATCC 24843)	Fungi	663		False
	Q6DBA5	0	Training	1	Q6DBA5	Arabidopsis thaliana	Plants	205		False
	Q6PCN7	0	Training	2	Q6PCN7	Mus musculus	Metazoa	1003		False
	Q01593	0	Training	3	Q01593	Arabidopsis thaliana	Plants	720		False
	Q21691	0	Training	4	Q21691	Caenorhabditis elegans	Metazoa	1057		False
	Q969X0	0	Training	0	Q969X0	Homo sapiens	Metazoa	211		False
	P07253	0	Training	1	P07253	Saccharomyces cerevisiae (strain ATCC 204508 / S288c)	Fungi	162		False
	A0A096MJY4	0	Training	2	A0A096MJY4	Rattus norvegicus	Metazoa	473		False
	P27895	0	Training	3	P27895	Saccharomyces cerevisiae (strain ATCC 204508 / S288c)	Fungi	1000		False
	Q9ZWA1	0	Training	4	Q9ZWA1	Arabidopsis thaliana	Plants	393		False
	P60002	0	Training	0	P60002	Homo sapiens	Metazoa	83		False
	Q94AC8	0	Training	1	Q94AC8	Arabidopsis thaliana	Plants	274		False
	O62090	0	Training	2	O62090	Caenorhabditis elegans	Metazoa	586		False
	P32318	0	Training	3	P32318	Saccharomyces cerevisiae (strain ATCC 204508 / S288c)	Fungi	326		False
	Q8HTL5	0	Training	4	Q8HTL5	Chlamydomonas reinhardtii	Plants	175		True
	Q9USZ4	0	Training	0	Q9USZ4	Schizosaccharomyces pombe (strain 972 / ATCC 24843)	Fungi	251		False
	O74954	0	Training	1	O74954	Schizosaccharomyces pombe (strain 972 / ATCC 24843)	Fungi	613		False
	Q4V8P4	0	Training	2	Q4V8P4	Rattus norvegicus	Metazoa	168		False
	Q9HB75	0	Training	3	Q9HB75	Homo sapiens	Metazoa	910		False
	Q9XI19	0	Training	4	Q9XI19	Arabidopsis thaliana	Plants	328		False
	P42844	0	Training	0	P42844	Saccharomyces cerevisiae (strain ATCC 204508 / S288c)	Fungi	174		False
	P40065	0	Training	1	P40065	Saccharomyces cerevisiae (strain ATCC 204508 / S288c)	Fungi	302		False
	Q9H2W6	0	Training	2	Q9H2W6	Homo sapiens	Metazoa	279		False
	Q811D2	0	Training	3	Q811D2	Mus musculus	Metazoa	1581		False
	B2D6M2	0	Training	4	B2D6M2	Caenorhabditis elegans	Metazoa	612		False
	Q8IWS0	0	Training	0	Q8IWS0	Homo sapiens	Metazoa	365		False
	P87052	0	Training	1	P87052	Schizosaccharomyces pombe (strain 972 / ATCC 24843)	Fungi	344		False
	P13637	0	Training	2	P13637	Homo sapiens	Metazoa	1013		False
	P29350	0	Training	3	P29350	Homo sapiens	Metazoa	595		False
	O02696	0	Training	4	O02696	Sus scrofa	Metazoa	877		False
	P53568	0	Training	0	P53568	Mus musculus	Metazoa	150		False
	Q9UTI3	0	Training	1	Q9UTI3	Schizosaccharomyces pombe (strain 972 / ATCC 24843)	Fungi	177		False
	Q5AMH6	0	Training	2	Q5AMH6	Candida albicans (strain SC5314 / ATCC MYA-2876)	Fungi	821		False
	Q96FX2	0	Training	3	Q96FX2	Homo sapiens	Metazoa	82		False
	Q14061	0	Training	4	Q14061	Homo sapiens	Metazoa	63		False
	P48995	0	Training	0	P48995	Homo sapiens	Metazoa	793		False
	P46939	0	Training	1	P46939	Homo sapiens	Metazoa	3433		False
	Q9FNN6	0	Training	2	Q9FNN6	Arabidopsis thaliana	Plants	298		False
	Q6P5E8	0	Training	3	Q6P5E8	Mus musculus	Metazoa	934		False
	Q0DRX6	0	Training	4	Q0DRX6	Oryza sativa subsp. japonica	Plants	902		False
	Q9UU83	0	Training	0	Q9UU83	Schizosaccharomyces pombe (strain 972 / ATCC 24843)	Fungi	425		False
	Q04226	0	Training	1	Q04226	Saccharomyces cerevisiae (strain ATCC 204508 / S288c)	Fungi	346		False
	Q62417	0	Training	2	Q62417	Mus musculus	Metazoa	1290		False
	O42936	0	Training	3	O42936	Schizosaccharomyces pombe (strain 972 / ATCC 24843)	Fungi	470		False
	Q02873	0	Training	4	Q02873	Saccharomyces cerevisiae (strain ATCC 204508 / S288c)	Fungi	248		False
	Q8IWL3	0	Training	0	Q8IWL3	Homo sapiens	Metazoa	235		False
	Q9UID6	0	Training	1	Q9UID6	Homo sapiens	Metazoa	485		False
	G5EE01	0	Training	2	G5EE01	Caenorhabditis elegans	Metazoa	962		False
	P53913	0	Training	3	P53913	Saccharomyces cerevisiae (strain ATCC 204508 / S288c)	Fungi	173		False
	Q9Y512	0	Training	4	Q9Y512	Homo sapiens	Metazoa	469		False
	Q9Z1B8	0	Training	0	Q9Z1B8	Mus musculus	Metazoa	559		False
	Q9UPX6	0	Training	1	Q9UPX6	Homo sapiens	Metazoa	916		False
	O75817	0	Training	2	O75817	Homo sapiens	Metazoa	140		False
	Q1MTQ7	0	Training	3	Q1MTQ7	Schizosaccharomyces pombe (strain 972 / ATCC 24843)	Fungi	633		False
	P54790	0	Training	4	P54790	Saccharomyces cerevisiae (strain ATCC 204508 / S288c)	Fungi	616		False
	Q41811	0	Training	0	Q41811	Zea mays	Plants	103		False
	Q9U3D6	0	Training	1	Q9U3D6	Caenorhabditis elegans	Metazoa	964		False
	P53869	0	Training	2	P53869	Saccharomyces cerevisiae (strain ATCC 204508 / S288c)	Fungi	86		False
	Q8N6F7	0	Training	3	Q8N6F7	Homo sapiens	Metazoa	178		False
	P28005	0	Training	4	P28005	Saccharomyces cerevisiae (strain ATCC 204508 / S288c)	Fungi	173		False
	Q04087	0	Training	0	Q04087	Saccharomyces cerevisiae (strain ATCC 204508 / S288c)	Fungi	347		False
	O94418	0	Training	1	O94418	Schizosaccharomyces pombe (strain 972 / ATCC 24843)	Fungi	851		False
	Q96EB1	0	Training	2	Q96EB1	Homo sapiens	Metazoa	424		False
	Q9C108	0	Training	3	Q9C108	Schizosaccharomyces pombe (strain 972 / ATCC 24843)	Fungi	163		False
	Q9UKN8	0	Training	4	Q9UKN8	Homo sapiens	Metazoa	822		False
	O94653	0	Training	0	O94653	Schizosaccharomyces pombe (strain 972 / ATCC 24843)	Fungi	1121		False
	P47140	0	Training	1	P47140	Saccharomyces cerevisiae (strain ATCC 204508 / S288c)	Fungi	327		False
	O94993	0	Training	2	O94993	Homo sapiens	Metazoa	753		False
	P53352	0	Training	3	P53352	Gallus gallus	Metazoa	877		False
	Q56Y52	0	Training	4	Q56Y52	Arabidopsis thaliana	Plants	467		False
	O23077	0	Training	0	O23077	Arabidopsis thaliana	Plants	319		False
	G5EF48	0	Training	1	G5EF48	Caenorhabditis elegans	Metazoa	350		True
	P48552	0	Training	2	P48552	Homo sapiens	Metazoa	1158		False
	Q8RWV8	0	Training	3	Q8RWV8	Arabidopsis thaliana	Plants	442		False
	Q9BSI4	0	Training	4	Q9BSI4	Homo sapiens	Metazoa	451		False
	Q03112	0	Training	0	Q03112	Homo sapiens	Metazoa	1230		False
	O36024	0	Training	1	O36024	Schizosaccharomyces pombe (strain 972 / ATCC 24843)	Fungi	280		False
	C8KI33	0	Training	2	C8KI33	Arabidopsis thaliana	Plants	646		False
	Q04603	0	Training	3	Q04603	Saccharomyces cerevisiae (strain ATCC 204508 / S288c)	Fungi	196		False
	Q10414	0	Training	4	Q10414	Schizosaccharomyces pombe (strain 972 / ATCC 24843)	Fungi	561		False
	Q9Y6J0	0	Training	0	Q9Y6J0	Homo sapiens	Metazoa	2220		False
	P08659	0	Training	1	P08659	Photinus pyralis	Metazoa	550		False
	Q06182	0	Training	2	Q06182	Schizosaccharomyces pombe (strain 972 / ATCC 24843)	Fungi	252		False
	Q12510	0	Training	3	Q12510	Saccharomyces cerevisiae (strain ATCC 204508 / S288c)	Fungi	522		False
	Q8IHY1	0	Training	4	Q8IHY1	Plasmodium falciparum (isolate 3D7)	Other	4226		False
	Q15785	0	Training	0	Q15785	Homo sapiens	Metazoa	309		False
	Q9BQS6	0	Training	1	Q9BQS6	Homo sapiens	Metazoa	159		False
	P62750	0	Training	2	P62750	Homo sapiens	Metazoa	156		False
	Q3UHF7	0	Training	3	Q3UHF7	Mus musculus	Metazoa	2430		False
	A0A0D2Y5A7	0	Training	4	A0A0D2Y5A7	Fusarium oxysporum f. sp. lycopersici (strain 4287 / CBS 123668 / FGSC 9935 / NRRL 34936)	Fungi	457		False
	F4I9G2	0	Training	0	F4I9G2	Arabidopsis thaliana	Plants	426		False
	Q94BU8	0	Training	1	Q94BU8	Arabidopsis thaliana	Plants	185		False
	P32851	0	Training	2	P32851	Rattus norvegicus	Metazoa	288		False
	Q3SXM5	0	Training	3	Q3SXM5	Homo sapiens	Metazoa	330		False
	Q14973	0	Training	4	Q14973	Homo sapiens	Metazoa	349		True
	Q04839	0	Training	0	Q04839	Saccharomyces cerevisiae (strain ATCC 204508 / S288c)	Fungi	188		False
	O81775	0	Training	1	O81775	Arabidopsis thaliana	Plants	158		True
	O45952	0	Training	2	O45952	Caenorhabditis elegans	Metazoa	249		False
	Q95ZL9	0	Training	3	Q95ZL9	Caenorhabditis elegans	Metazoa	152		False
	Q3V0B4	0	Training	4	Q3V0B4	Mus musculus	Metazoa	1847		False
	P53298	0	Training	0	P53298	Saccharomyces cerevisiae (strain ATCC 204508 / S288c)	Fungi	406		False
	Q8RWH9	0	Training	1	Q8RWH9	Arabidopsis thaliana	Plants	513		False
	Q64727	0	Training	2	Q64727	Mus musculus	Metazoa	1066		False
	Q9S850	0	Training	3	Q9S850	Arabidopsis thaliana	Plants	393		False
	Q9S7Z2	0	Training	4	Q9S7Z2	Arabidopsis thaliana	Plants	319		False
	Q14694	0	Training	0	Q14694	Homo sapiens	Metazoa	798		False
	P40997	0	Training	1	P40997	Schizosaccharomyces pombe (strain 972 / ATCC 24843)	Fungi	402		False
	Q8R4U1	0	Training	2	Q8R4U1	Mus musculus	Metazoa	393		False
	P13618	0	Training	3	P13618	Sus scrofa	Metazoa	76		False
	Q9NZM4	0	Training	4	Q9NZM4	Homo sapiens	Metazoa	1560		False
	Q8R4T5	0	Training	0	Q8R4T5	Rattus norvegicus	Metazoa	394		False
	P23351	0	Training	1	P23351	Neurospora crassa (strain ATCC 24698 / 74-OR23-1A / CBS 708.71 / DSM 1257 / FGSC 987)	Fungi	508		False
	Q6C354	0	Training	2	Q6C354	Yarrowia lipolytica (strain CLIB 122 / E 150)	Fungi	520		False
	A9JRD8	0	Training	3	A9JRD8	Danio rerio	Metazoa	540		False
	A2A884	0	Training	4	A2A884	Mus musculus	Metazoa	2348		False
	Q8GYD9	0	Training	0	Q8GYD9	Arabidopsis thaliana	Plants	1002		False
	P50077	0	Training	1	P50077	Saccharomyces cerevisiae (strain ATCC 204508 / S288c)	Fungi	2039		False
	Q8L794	0	Training	2	Q8L794	Arabidopsis thaliana	Plants	478		False
	O14880	0	Training	3	O14880	Homo sapiens	Metazoa	152		True
	Q9SYD8	0	Training	4	Q9SYD8	Arabidopsis thaliana	Plants	210		False
	Q9H4I3	0	Training	0	Q9H4I3	Homo sapiens	Metazoa	376		False
	P34427	0	Training	1	P34427	Caenorhabditis elegans	Metazoa	962		False
	A0A075TMP0	0	Training	2	A0A075TMP0	Penicillium expansum	Fungi	340		False
	V5IQE0	0	Training	3	V5IQE0	Neurospora crassa (strain ATCC 24698 / 74-OR23-1A / CBS 708.71 / DSM 1257 / FGSC 987)	Fungi	202		False
	P08153	0	Training	4	P08153	Saccharomyces cerevisiae (strain ATCC 204508 / S288c)	Fungi	709		False
	Q09146	0	Training	0	Q09146	Schizosaccharomyces pombe (strain 972 / ATCC 24843)	Fungi	399		False
	Q27607	0	Training	1	Q27607	Drosophila melanogaster	Metazoa	1145		False
	O24164	0	Training	2	O24164	Nicotiana tabacum	Plants	504		False
	P56378	0	Training	3	P56378	Homo sapiens	Metazoa	58		True
	O60104	0	Training	4	O60104	Schizosaccharomyces pombe (strain 972 / ATCC 24843)	Fungi	376		False
	Q9UHH9	0	Training	0	Q9UHH9	Homo sapiens	Metazoa	426		False
	P14284	0	Training	1	P14284	Saccharomyces cerevisiae (strain ATCC 204508 / S288c)	Fungi	1504		False
	P18491	0	Training	2	P18491	Drosophila melanogaster	Metazoa	199		False
	Q9Y421	0	Training	3	Q9Y421	Homo sapiens	Metazoa	112		False
	P22265	0	Training	4	P22265	Drosophila melanogaster	Metazoa	954		False
	Q8NCG7	0	Training	0	Q8NCG7	Homo sapiens	Metazoa	672		True
	O80536	0	Training	1	O80536	Arabidopsis thaliana	Plants	524		False
	Q9U2M1	0	Training	2	Q9U2M1	Caenorhabditis elegans	Metazoa	1499		False
	Q15834	0	Training	3	Q15834	Homo sapiens	Metazoa	202		False
	P29144	0	Training	4	P29144	Homo sapiens	Metazoa	1249		False
	Q9Y118	0	Training	0	Q9Y118	Drosophila melanogaster	Metazoa	431		False
	P53239	0	Training	1	P53239	Saccharomyces cerevisiae (strain ATCC 204508 / S288c)	Fungi	316		False
	P10795	0	Training	2	P10795	Arabidopsis thaliana	Plants	180		False
	Q56VL3	0	Training	3	Q56VL3	Homo sapiens	Metazoa	154		False
	O94580	0	Training	4	O94580	Schizosaccharomyces pombe (strain 972 / ATCC 24843)	Fungi	282		False
	Q92794	0	Training	0	Q92794	Homo sapiens	Metazoa	2004		False
	Q9BRG1	0	Training	1	Q9BRG1	Homo sapiens	Metazoa	176		False
	O43918	0	Training	2	O43918	Homo sapiens	Metazoa	545		False
	P25032	0	Training	3	P25032	Triticum aestivum	Plants	354		False
	P03888	0	Training	4	P03888	Mus musculus	Metazoa	318		True
	Q91XT6	0	Training	0	Q91XT6	Mus musculus	Metazoa	489		False
	F4KBW6	0	Training	1	F4KBW6	Arabidopsis thaliana	Plants	1838		False
	Q91YE8	0	Training	2	Q91YE8	Mus musculus	Metazoa	1087		False
	Q8WUF5	0	Training	3	Q8WUF5	Homo sapiens	Metazoa	828		False
	Q4L180	0	Training	4	Q4L180	Homo sapiens	Metazoa	1135		False
	Q8VY21	0	Training	0	Q8VY21	Arabidopsis thaliana	Plants	406		False
	P40087	0	Training	1	P40087	Saccharomyces cerevisiae (strain ATCC 204508 / S288c)	Fungi	428		False
	P38283	0	Training	2	P38283	Saccharomyces cerevisiae (strain ATCC 204508 / S288c)	Fungi	698		False
	Q06991	0	Training	3	Q06991	Saccharomyces cerevisiae (strain ATCC 204508 / S288c)	Fungi	263		True
	Q62384	0	Training	4	Q62384	Mus musculus	Metazoa	459		False
	Q9BUV0	0	Training	0	Q9BUV0	Homo sapiens	Metazoa	290		False
	Q06338	0	Training	1	Q06338	Saccharomyces cerevisiae (strain ATCC 204508 / S288c)	Fungi	283		False
	Q09967	0	Training	2	Q09967	Caenorhabditis elegans	Metazoa	551		True
	A0A2I0C2C6	0	Training	3	A0A2I0C2C6	Plasmodium falciparum (isolate NF54)	Other	3078		False
	P07246	0	Training	4	P07246	Saccharomyces cerevisiae (strain ATCC 204508 / S288c)	Fungi	375		False
	Q9ERH4	0	Training	0	Q9ERH4	Mus musculus	Metazoa	427		False
	O43813	0	Training	1	O43813	Homo sapiens	Metazoa	399		False
	P28776	0	Training	2	P28776	Mus musculus	Metazoa	407		False
	Q3KNY0	0	Training	3	Q3KNY0	Mus musculus	Metazoa	2849		False
	Q02884	0	Training	4	Q02884	Saccharomyces cerevisiae (strain ATCC 204508 / S288c)	Fungi	456		False
	P20084	0	Training	0	P20084	Saccharomyces cerevisiae (strain ATCC 204508 / S288c)	Fungi	86		False
	Q3TN34	0	Training	1	Q3TN34	Mus musculus	Metazoa	1009		False
	Q76NM6	0	Training	2	Q76NM6	Plasmodium falciparum (isolate 3D7)	Other	611		False
	Q84LG2	0	Training	3	Q84LG2	Arabidopsis thaliana	Plants	389		False
	P33418	0	Training	4	P33418	Saccharomyces cerevisiae (strain ATCC 204508 / S288c)	Fungi	1100		False
	Q99MZ3	0	Training	0	Q99MZ3	Mus musculus	Metazoa	864		False
	P0CJ62	0	Training	1	P0CJ62	Xenopus laevis	Metazoa	239		False
	Q2NNE0	0	Training	2	Q2NNE0	Arabidopsis thaliana	Plants	484		False
	P36144	0	Training	3	P36144	Saccharomyces cerevisiae (strain ATCC 204508 / S288c)	Fungi	274		False
	O43396	0	Training	4	O43396	Homo sapiens	Metazoa	289		False
	Q04748	0	Training	0	Q04748	Saccharomyces cerevisiae (strain ATCC 204508 / S288c)	Fungi	898		False
	P00480	0	Training	1	P00480	Homo sapiens	Metazoa	354		False
	P28715	0	Training	2	P28715	Homo sapiens	Metazoa	1186		False
	Q32P44	0	Training	3	Q32P44	Homo sapiens	Metazoa	896		False
	Q04110	0	Training	4	Q04110	Saccharomyces cerevisiae (strain ATCC 204508 / S288c)	Fungi	302		False
	O94643	0	Training	0	O94643	Schizosaccharomyces pombe (strain 972 / ATCC 24843)	Fungi	441		False
	Q8WVM0	0	Training	1	Q8WVM0	Homo sapiens	Metazoa	346		False
	Q6PCM1	0	Training	2	Q6PCM1	Mus musculus	Metazoa	1323		False
	Q9FZ89	0	Training	3	Q9FZ89	Arabidopsis thaliana	Plants	123		False
	Q99ML0	0	Training	4	Q99ML0	Mus musculus	Metazoa	440		False
	O94259	0	Training	0	O94259	Schizosaccharomyces pombe (strain 972 / ATCC 24843)	Fungi	327		False
	A0A0D1CVS5	0	Training	1	A0A0D1CVS5	Mycosarcoma maydis	Fungi	624		False
	P07248	0	Training	2	P07248	Saccharomyces cerevisiae (strain ATCC 204508 / S288c)	Fungi	1323		False
	Q9C666	0	Training	3	Q9C666	Arabidopsis thaliana	Plants	197		False
	Q15723	0	Training	4	Q15723	Homo sapiens	Metazoa	593		False
	Q7S711	0	Training	0	Q7S711	Neurospora crassa (strain ATCC 24698 / 74-OR23-1A / CBS 708.71 / DSM 1257 / FGSC 987)	Fungi	443		False
	O81098	0	Training	1	O81098	Arabidopsis thaliana	Plants	205		False
	Q8BGW0	0	Training	2	Q8BGW0	Mus musculus	Metazoa	636		False
	Q07897	0	Training	3	Q07897	Saccharomyces cerevisiae (strain ATCC 204508 / S288c)	Fungi	291		False
	Q9W4N2	0	Training	4	Q9W4N2	Drosophila melanogaster	Metazoa	788		False
	Q8BX46	0	Training	0	Q8BX46	Mus musculus	Metazoa	964		False
	P30989	0	Training	1	P30989	Homo sapiens	Metazoa	418		True
	Q10429	0	Training	2	Q10429	Schizosaccharomyces pombe (strain 972 / ATCC 24843)	Fungi	875		False
	O94888	0	Training	3	O94888	Homo sapiens	Metazoa	489		False
	Q96L50	0	Training	4	Q96L50	Homo sapiens	Metazoa	414		False
	Q5SYB0	0	Training	0	Q5SYB0	Homo sapiens	Metazoa	1578		False
	Q6DGH9	0	Training	1	Q6DGH9	Danio rerio	Metazoa	315		False
	Q8K0E1	0	Training	2	Q8K0E1	Mus musculus	Metazoa	283		False
	Q9SU05	0	Training	3	Q9SU05	Arabidopsis thaliana	Plants	382		False
	Q55FB8	0	Training	4	Q55FB8	Dictyostelium discoideum	Other	1272		False
	P35201	0	Training	0	P35201	Saccharomyces cerevisiae (strain ATCC 204508 / S288c)	Fungi	549		False
	Q1ENB6	0	Training	1	Q1ENB6	Arabidopsis thaliana	Plants	484		False
	Q3MK94	0	Training	2	Q3MK94	Arabidopsis thaliana	Plants	428		False
	P15924	0	Training	3	P15924	Homo sapiens	Metazoa	2871		False
	Q9NWW0	0	Training	4	Q9NWW0	Homo sapiens	Metazoa	138		False
	O15014	0	Training	0	O15014	Homo sapiens	Metazoa	1411		False
	Q9QZU4	0	Training	1	Q9QZU4	Mus musculus	Metazoa	167		False
	P48268	0	Training	2	P48268	Chlamydomonas reinhardtii	Plants	82		True
	Q96EY5	0	Training	3	Q96EY5	Homo sapiens	Metazoa	273		False
	O75056	0	Training	4	O75056	Homo sapiens	Metazoa	442		False
	Q9H9P8	0	Training	0	Q9H9P8	Homo sapiens	Metazoa	463		False
	Q7ZW57	0	Training	1	Q7ZW57	Xenopus laevis	Metazoa	334		False
	Q6ZVD7	0	Training	2	Q6ZVD7	Homo sapiens	Metazoa	989		False
	Q9FZF1	0	Training	3	Q9FZF1	Arabidopsis thaliana	Plants	248		False
	P60896	0	Training	4	P60896	Homo sapiens	Metazoa	70		False
	P81449	0	Training	0	P81449	Saccharomyces cerevisiae (strain ATCC 204508 / S288c)	Fungi	96		False
	Q8GY61	0	Training	1	Q8GY61	Arabidopsis thaliana	Plants	335		False
	O49687	0	Training	2	O49687	Arabidopsis thaliana	Plants	589		False
	A1Z830	0	Training	3	A1Z830	Drosophila melanogaster	Metazoa	485		False
	P27338	0	Training	4	P27338	Homo sapiens	Metazoa	520		False
	A4D2B0	0	Training	0	A4D2B0	Homo sapiens	Metazoa	266		False
	Q08558	0	Training	1	Q08558	Saccharomyces cerevisiae (strain ATCC 204508 / S288c)	Fungi	271		False
	P36036	0	Training	2	P36036	Saccharomyces cerevisiae (strain ATCC 204508 / S288c)	Fungi	203		False
	Q9LJG6	0	Training	3	Q9LJG6	Arabidopsis thaliana	Plants	193		False
	F4JZG9	0	Training	4	F4JZG9	Arabidopsis thaliana	Plants	384		False
	Q8GUL2	0	Training	0	Q8GUL2	Arabidopsis thaliana	Plants	958		False
	Q5VZK9	0	Training	1	Q5VZK9	Homo sapiens	Metazoa	1371		False
	Q04922	0	Training	2	Q04922	Saccharomyces cerevisiae (strain ATCC 204508 / S288c)	Fungi	465		False
	Q9BRP8	0	Training	3	Q9BRP8	Homo sapiens	Metazoa	204		False
	Q8I615	0	Training	4	Q8I615	Plasmodium falciparum (isolate 3D7)	Other	1189		False
	O75127	0	Training	0	O75127	Homo sapiens	Metazoa	700		False
	Q9NTM9	0	Training	1	Q9NTM9	Homo sapiens	Metazoa	273		False
	P34766	0	Training	2	P34766	Caenorhabditis elegans	Metazoa	270		False
	P17341	0	Training	3	P17341	Petroselinum crispum	Plants	97		False
	Q6VAK4	0	Training	4	Q6VAK4	Oryza sativa subsp. japonica	Plants	149		False
	Q00497	0	Training	0	Q00497	Solanum lycopersicum	Plants	300		False
	Q7Z6G3	0	Training	1	Q7Z6G3	Homo sapiens	Metazoa	386		False
	Q9SM57	0	Training	2	Q9SM57	Pisum sativum	Plants	177		True
	P11498	0	Training	3	P11498	Homo sapiens	Metazoa	1178		False
	O60934	0	Training	4	O60934	Homo sapiens	Metazoa	754		False
	Q96HW7	0	Training	0	Q96HW7	Homo sapiens	Metazoa	963		False
	P32800	0	Training	1	P32800	Saccharomyces cerevisiae (strain ATCC 204508 / S288c)	Fungi	271		True
	P32792	0	Training	2	P32792	Saccharomyces cerevisiae (strain ATCC 204508 / S288c)	Fungi	385		False
	Q3E7A8	0	Training	3	Q3E7A8	Saccharomyces cerevisiae (strain ATCC 204508 / S288c)	Fungi	72		False
	Q8CC88	0	Training	4	Q8CC88	Mus musculus	Metazoa	1905		False
	Q42564	0	Training	0	Q42564	Arabidopsis thaliana	Plants	287		False
	Q9VK33	0	Training	1	Q9VK33	Drosophila melanogaster	Metazoa	1220		False
	Q05048	0	Training	2	Q05048	Homo sapiens	Metazoa	431		False
	Q8N328	0	Training	3	Q8N328	Homo sapiens	Metazoa	593		False
	Q94JV5	0	Training	4	Q94JV5	Arabidopsis thaliana	Plants	307		False
	P40999	0	Training	0	P40999	Schizosaccharomyces pombe (strain 972 / ATCC 24843)	Fungi	330		False
	P05982	0	Training	1	P05982	Rattus norvegicus	Metazoa	274		False
	P39979	0	Training	2	P39979	Saccharomyces cerevisiae (strain ATCC 204508 / S288c)	Fungi	161		False
	Q96IL0	0	Training	3	Q96IL0	Homo sapiens	Metazoa	206		False
	O23875	0	Training	4	O23875	Oryza sativa subsp. japonica	Plants	183		False
	P49815	0	Training	0	P49815	Homo sapiens	Metazoa	1807		False
	Q9Y5W9	0	Training	1	Q9Y5W9	Homo sapiens	Metazoa	270		False
	Q45VK7	0	Training	2	Q45VK7	Mus musculus	Metazoa	4306		False
	Q6NZQ4	0	Training	3	Q6NZQ4	Mus musculus	Metazoa	1056		False
	Q8IV76	0	Training	4	Q8IV76	Homo sapiens	Metazoa	773		False
	Q08421	0	Training	0	Q08421	Saccharomyces cerevisiae (strain ATCC 204508 / S288c)	Fungi	412		False
	Q8IUR7	0	Training	1	Q8IUR7	Homo sapiens	Metazoa	673		False
	Q8BMA3	0	Training	2	Q8BMA3	Mus musculus	Metazoa	555		False
	Q5BAH2	0	Training	3	Q5BAH2	Emericella nidulans (strain FGSC A4 / ATCC 38163 / CBS 112.46 / NRRL 194 / M139)	Fungi	1041		False
	Q9NRN7	0	Training	4	Q9NRN7	Homo sapiens	Metazoa	309		False
	Q9NQ31	0	Training	0	Q9NQ31	Homo sapiens	Metazoa	210		False
	Q2NL27	0	Training	1	Q2NL27	Bos taurus	Metazoa	190		False
	P53119	0	Training	2	P53119	Saccharomyces cerevisiae (strain ATCC 204508 / S288c)	Fungi	910		False
	Q6L5B5	0	Training	3	Q6L5B5	Oryza sativa subsp. japonica	Plants	248		False
	Q03834	0	Training	4	Q03834	Saccharomyces cerevisiae (strain ATCC 204508 / S288c)	Fungi	1242		False
	Q6P589	0	Training	0	Q6P589	Homo sapiens	Metazoa	184		False
	Q9XI84	0	Training	1	Q9XI84	Arabidopsis thaliana	Plants	482		False
	O14843	0	Training	2	O14843	Homo sapiens	Metazoa	346		True
	P49793	0	Training	3	P49793	Rattus norvegicus	Metazoa	1816		False
	O13563	0	Training	4	O13563	Saccharomyces cerevisiae (strain ATCC 204508 / S288c)	Fungi	156		False
	Q965W2	0	Training	0	Q965W2	Caenorhabditis elegans	Metazoa	407		False
	P07236	0	Training	1	P07236	Saccharomyces cerevisiae (strain ATCC 204508 / S288c)	Fungi	462		False
	Q9MAM4	0	Training	2	Q9MAM4	Arabidopsis thaliana	Plants	527		False
	P42696	0	Training	3	P42696	Homo sapiens	Metazoa	430		False
	P33448	0	Training	4	P33448	Saccharomyces cerevisiae (strain ATCC 204508 / S288c)	Fungi	61		True
	Q8WZK0	0	Training	0	Q8WZK0	Schizosaccharomyces pombe (strain 972 / ATCC 24843)	Fungi	695		False
	P36631	0	Training	1	P36631	Schizosaccharomyces pombe (strain 972 / ATCC 24843)	Fungi	468		False
	Q9NQW8	0	Training	2	Q9NQW8	Homo sapiens	Metazoa	809		False
	Q13428	0	Training	3	Q13428	Homo sapiens	Metazoa	1488		False
	Q9FNK4	0	Training	4	Q9FNK4	Arabidopsis thaliana	Plants	475		False
	Q9BTL3	0	Training	0	Q9BTL3	Homo sapiens	Metazoa	118		False
	Q14686	0	Training	1	Q14686	Homo sapiens	Metazoa	2063		False
	Q8IWZ6	0	Training	2	Q8IWZ6	Homo sapiens	Metazoa	715		False
	Q9NV70	0	Training	3	Q9NV70	Homo sapiens	Metazoa	894		False
	Q93VR9	0	Training	4	Q93VR9	Arabidopsis thaliana	Plants	326		False
	Q9NR90	0	Training	0	Q9NR90	Homo sapiens	Metazoa	486		False
	Q9P287	0	Training	1	Q9P287	Homo sapiens	Metazoa	314		False
	Q9H307	0	Training	2	Q9H307	Homo sapiens	Metazoa	717		False
	P41920	0	Training	3	P41920	Saccharomyces cerevisiae (strain ATCC 204508 / S288c)	Fungi	201		False
	A2AG58	0	Training	4	A2AG58	Mus musculus	Metazoa	752		False
	O88484	0	Training	0	O88484	Rattus norvegicus	Metazoa	530		False
	Q15014	0	Training	1	Q15014	Homo sapiens	Metazoa	288		False
	P43122	0	Training	2	P43122	Saccharomyces cerevisiae (strain ATCC 204508 / S288c)	Fungi	407		False
	P36052	0	Training	3	P36052	Saccharomyces cerevisiae (strain ATCC 204508 / S288c)	Fungi	402		False
	Q9SD11	0	Training	4	Q9SD11	Arabidopsis thaliana	Plants	103		False
	A9Y0K8	0	Training	0	A9Y0K8	Medicago truncatula	Plants	313		False
	O13826	0	Training	1	O13826	Schizosaccharomyces pombe (strain 972 / ATCC 24843)	Fungi	254		False
	P83369	0	Training	2	P83369	Homo sapiens	Metazoa	360		False
	A2RVJ8	0	Training	3	A2RVJ8	Arabidopsis thaliana	Plants	434		False
	Q6RI63	0	Training	4	Q6RI63	Mus musculus	Metazoa	786		False
	Q9Y2G0	0	Training	0	Q9Y2G0	Homo sapiens	Metazoa	817		False
	P06703	0	Training	1	P06703	Homo sapiens	Metazoa	90		False
	P36080	0	Training	2	P36080	Saccharomyces cerevisiae (strain ATCC 204508 / S288c)	Fungi	434		False
	Q6GKV1	0	Training	3	Q6GKV1	Arabidopsis thaliana	Plants	324		False
	Q9XI00	0	Training	4	Q9XI00	Arabidopsis thaliana	Plants	328		False
	Q15811	0	Training	0	Q15811	Homo sapiens	Metazoa	1721		False
	P53218	0	Training	1	P53218	Saccharomyces cerevisiae (strain ATCC 204508 / S288c)	Fungi	158		False
	Q12036	0	Training	2	Q12036	Saccharomyces cerevisiae (strain ATCC 204508 / S288c)	Fungi	173		False
	Q8IXH6	0	Training	3	Q8IXH6	Homo sapiens	Metazoa	220		False
	O94916	0	Training	4	O94916	Homo sapiens	Metazoa	1531		False
	Q149B8	0	Training	0	Q149B8	Mus musculus	Metazoa	807		False
	Q96IY1	0	Training	1	Q96IY1	Homo sapiens	Metazoa	281		False
	P46997	0	Training	2	P46997	Saccharomyces cerevisiae (strain ATCC 204508 / S288c)	Fungi	583		False
	Q12487	0	Training	3	Q12487	Saccharomyces cerevisiae (strain ATCC 204508 / S288c)	Fungi	163		False
	P06786	0	Training	4	P06786	Saccharomyces cerevisiae (strain ATCC 204508 / S288c)	Fungi	1428		False
	P98192	0	Training	0	P98192	Mus musculus	Metazoa	678		False
	Q23500	0	Training	1	Q23500	Caenorhabditis elegans	Metazoa	887		False
	P28004	0	Training	2	P28004	Saccharomyces cerevisiae (strain ATCC 204508 / S288c)	Fungi	379		False
	Q8K459	0	Training	3	Q8K459	Mus musculus	Metazoa	51		False
	Q04408	0	Training	4	Q04408	Saccharomyces cerevisiae (strain ATCC 204508 / S288c)	Fungi	483		False
	Q05498	0	Training	0	Q05498	Saccharomyces cerevisiae (strain ATCC 204508 / S288c)	Fungi	189		False
	Q6MG82	0	Training	1	Q6MG82	Rattus norvegicus	Metazoa	306		False
	Q9D742	0	Training	2	Q9D742	Mus musculus	Metazoa	170		False
	Q9Y7R3	0	Training	3	Q9Y7R3	Schizosaccharomyces pombe (strain 972 / ATCC 24843)	Fungi	742		False
	F4HXU3	0	Training	4	F4HXU3	Arabidopsis thaliana	Plants	142		False
	A0A1W2P872	0	Training	0	A0A1W2P872	Mus musculus	Metazoa	492		False
	Q9H4A3	0	Training	1	Q9H4A3	Homo sapiens	Metazoa	2382		False
	Q56Y74	0	Training	2	Q56Y74	Arabidopsis thaliana	Plants	663		False
	Q6RFH5	0	Training	3	Q6RFH5	Homo sapiens	Metazoa	385		False
	Q01448	0	Training	4	Q01448	Saccharomyces cerevisiae (strain ATCC 204508 / S288c)	Fungi	625		False
	P29033	0	Training	0	P29033	Homo sapiens	Metazoa	226		True
	P06746	0	Training	1	P06746	Homo sapiens	Metazoa	335		False
	Q38890	0	Training	2	Q38890	Arabidopsis thaliana	Plants	621		True
	Q09961	0	Training	3	Q09961	Caenorhabditis elegans	Metazoa	148		False
	Q9LZF1	0	Training	4	Q9LZF1	Arabidopsis thaliana	Plants	392		False
	P40019	0	Training	0	P40019	Saccharomyces cerevisiae (strain ATCC 204508 / S288c)	Fungi	153		False
	Q9XH37	0	Training	1	Q9XH37	Oryza sativa subsp. indica	Plants	277		False
	Q6F6B5	0	Training	2	Q6F6B5	Arabidopsis thaliana	Plants	741		False
	Q8GXN9	0	Training	3	Q8GXN9	Arabidopsis thaliana	Plants	930		False
	P32500	0	Training	4	P32500	Saccharomyces cerevisiae (strain ATCC 204508 / S288c)	Fungi	655		True
	Q38946	0	Training	0	Q38946	Arabidopsis thaliana	Plants	411		False
	Q9SYQ0	0	Training	1	Q9SYQ0	Arabidopsis thaliana	Plants	463		False
	P53067	0	Training	2	P53067	Saccharomyces cerevisiae (strain ATCC 204508 / S288c)	Fungi	1004		False
	P49435	0	Training	3	P49435	Saccharomyces cerevisiae (strain ATCC 204508 / S288c)	Fungi	187		False
	O82239	0	Training	4	O82239	Arabidopsis thaliana	Plants	358		False
	O09174	0	Training	0	O09174	Mus musculus	Metazoa	381		False
	Q80VR2	0	Training	1	Q80VR2	Mus musculus	Metazoa	395		False
	Q96DG6	0	Training	2	Q96DG6	Homo sapiens	Metazoa	245		False
	P38826	0	Training	3	P38826	Saccharomyces cerevisiae (strain ATCC 204508 / S288c)	Fungi	435		False
	Q9GZN7	0	Training	4	Q9GZN7	Homo sapiens	Metazoa	287		False
	Q337M4	0	Training	0	Q337M4	Oryza sativa subsp. japonica	Plants	364		False
	Q93ZM9	0	Training	1	Q93ZM9	Arabidopsis thaliana	Plants	197		False
	Q0P5I5	0	Training	2	Q0P5I5	Bos taurus	Metazoa	327		False
	Q924C5	0	Training	3	Q924C5	Mus musculus	Metazoa	1680		False
	Q9JKL5	0	Training	4	Q9JKL5	Mus musculus	Metazoa	214		False
	Q9DB96	0	Training	0	Q9DB96	Mus musculus	Metazoa	315		False
	P53123	0	Training	1	P53123	Saccharomyces cerevisiae (strain ATCC 204508 / S288c)	Fungi	320		False
	Q8WV24	0	Training	2	Q8WV24	Homo sapiens	Metazoa	401		False
	F4I443	0	Training	3	F4I443	Arabidopsis thaliana	Plants	714		False
	P47167	0	Training	4	P47167	Saccharomyces cerevisiae (strain ATCC 204508 / S288c)	Fungi	239		False
	Q96MH2	0	Training	0	Q96MH2	Homo sapiens	Metazoa	286		False
	P25270	0	Training	1	P25270	Saccharomyces cerevisiae (strain ATCC 204508 / S288c)	Fungi	412		False
	Q95748	0	Training	2	Q95748	Arabidopsis thaliana	Plants	190		False
	A2AKX3	0	Training	3	A2AKX3	Mus musculus	Metazoa	2646		False
	Q9FFY9	0	Training	4	Q9FFY9	Arabidopsis thaliana	Plants	640		False
	Q9LF24	0	Training	0	Q9LF24	Arabidopsis thaliana	Plants	927		False
	Q8W4F1	0	Training	1	Q8W4F1	Arabidopsis thaliana	Plants	284		False
	Q12136	0	Training	2	Q12136	Saccharomyces cerevisiae (strain ATCC 204508 / S288c)	Fungi	610		False
	P38281	0	Training	3	P38281	Saccharomyces cerevisiae (strain ATCC 204508 / S288c)	Fungi	316		False
	P05423	0	Training	4	P05423	Homo sapiens	Metazoa	398		False
	O95800	0	Training	0	O95800	Homo sapiens	Metazoa	540		True
	Q10432	0	Training	1	Q10432	Schizosaccharomyces pombe (strain 972 / ATCC 24843)	Fungi	735		False
	Q9SKT1	0	Training	2	Q9SKT1	Arabidopsis thaliana	Plants	336		False
	Q39033	0	Training	3	Q39033	Arabidopsis thaliana	Plants	581		False
	Q15004	0	Training	4	Q15004	Homo sapiens	Metazoa	111		False
	P98170	0	Training	0	P98170	Homo sapiens	Metazoa	497		False
	Q969P6	0	Training	1	Q969P6	Homo sapiens	Metazoa	601		False
	P09547	0	Training	2	P09547	Saccharomyces cerevisiae (strain ATCC 204508 / S288c)	Fungi	1314		False
	Q9VMD0	0	Training	3	Q9VMD0	Drosophila melanogaster	Metazoa	1659		False
	Q05863	0	Training	4	Q05863	Saccharomyces cerevisiae (strain ATCC 204508 / S288c)	Fungi	155		False
	Q8TD19	0	Training	0	Q8TD19	Homo sapiens	Metazoa	979		False
	P39749	0	Training	1	P39749	Mus musculus	Metazoa	378		False
	P35348	0	Training	2	P35348	Homo sapiens	Metazoa	466		True
	A2A5K6	0	Training	3	A2A5K6	Mus musculus	Metazoa	1337		False
	Q9UUB5	0	Training	4	Q9UUB5	Schizosaccharomyces pombe (strain 972 / ATCC 24843)	Fungi	329		False
	Q9DB00	0	Training	0	Q9DB00	Mus musculus	Metazoa	2260		False
	Q09739	0	Training	1	Q09739	Schizosaccharomyces pombe (strain 972 / ATCC 24843)	Fungi	210		False
	Q13156	0	Training	2	Q13156	Homo sapiens	Metazoa	261		False
	P34784	0	Training	3	P34784	Aglaothamnion neglectum	Other	317		False
	Q9UBU9	0	Training	4	Q9UBU9	Homo sapiens	Metazoa	619		False
	Q9CQC7	0	Training	0	Q9CQC7	Mus musculus	Metazoa	129		True
	Q63377	0	Training	1	Q63377	Rattus norvegicus	Metazoa	279		True
	Q12285	0	Training	2	Q12285	Saccharomyces cerevisiae (strain ATCC 204508 / S288c)	Fungi	212		False
	Q01842	0	Training	3	Q01842	Drosophila melanogaster	Metazoa	732		False
	P40038	0	Training	4	P40038	Saccharomyces cerevisiae (strain ATCC 204508 / S288c)	Fungi	420		False
	Q22795	0	Training	0	Q22795	Caenorhabditis elegans	Metazoa	242		False
	Q04636	0	Training	1	Q04636	Saccharomyces cerevisiae (strain ATCC 204508 / S288c)	Fungi	552		False
	Q8R515	0	Training	2	Q8R515	Rattus norvegicus	Metazoa	873		False
	Q67Y93	0	Training	3	Q67Y93	Arabidopsis thaliana	Plants	191		False
	Q99LM3	0	Training	4	Q99LM3	Mus musculus	Metazoa	459		False
	A6NND4	0	Training	0	A6NND4	Homo sapiens	Metazoa	320		True
	P41903	0	Training	1	P41903	Saccharomyces cerevisiae (strain ATCC 204508 / S288c)	Fungi	349		False
	P40492	0	Training	2	P40492	Saccharomyces cerevisiae (strain ATCC 204508 / S288c)	Fungi	516		False
	P47045	0	Training	3	P47045	Saccharomyces cerevisiae (strain ATCC 204508 / S288c)	Fungi	478		True
	Q9FFZ1	0	Training	4	Q9FFZ1	Arabidopsis thaliana	Plants	484		False
	Q9NQC7	0	Training	0	Q9NQC7	Homo sapiens	Metazoa	956		False
	Q80WK2	0	Training	1	Q80WK2	Mus musculus	Metazoa	128		True
	Q10572	0	Training	2	Q10572	Caenorhabditis elegans	Metazoa	429		False
	Q0IIM8	0	Training	3	Q0IIM8	Homo sapiens	Metazoa	1120		False
	P53720	0	Training	4	P53720	Saccharomyces cerevisiae (strain ATCC 204508 / S288c)	Fungi	384		False
	Q9SJ50	0	Training	0	Q9SJ50	Arabidopsis thaliana	Plants	333		False
	Q62847	0	Training	1	Q62847	Rattus norvegicus	Metazoa	705		False
	P25359	0	Training	2	P25359	Saccharomyces cerevisiae (strain ATCC 204508 / S288c)	Fungi	394		False
	P50531	0	Training	3	P50531	Schizosaccharomyces pombe (strain 972 / ATCC 24843)	Fungi	606		False
	P40574	0	Training	4	P40574	Saccharomyces cerevisiae (strain ATCC 204508 / S288c)	Fungi	245		False
	P19440	0	Training	0	P19440	Homo sapiens	Metazoa	569		True
	Q12032	0	Training	1	Q12032	Saccharomyces cerevisiae (strain ATCC 204508 / S288c)	Fungi	185		False
	Q9H161	0	Training	2	Q9H161	Homo sapiens	Metazoa	411		False
	Q8N543	0	Training	3	Q8N543	Homo sapiens	Metazoa	542		False
	P52503	0	Training	4	P52503	Mus musculus	Metazoa	116		False
	Q14202	0	Training	0	Q14202	Homo sapiens	Metazoa	1370		False
	Q9NVI7	0	Training	1	Q9NVI7	Homo sapiens	Metazoa	586		False
	Q8CJ27	0	Training	2	Q8CJ27	Mus musculus	Metazoa	3122		False
	Q9P7U2	0	Training	3	Q9P7U2	Schizosaccharomyces pombe (strain 972 / ATCC 24843)	Fungi	351		False
	P11703	0	Training	4	P11703	Spinacia oleracea	Plants	1070		False
	P99028	0	Training	0	P99028	Mus musculus	Metazoa	89		False
	Q9SRW7	0	Training	1	Q9SRW7	Arabidopsis thaliana	Plants	208		False
	Q3UN04	0	Training	2	Q3UN04	Mus musculus	Metazoa	517		True
	Q20745	0	Training	3	Q20745	Caenorhabditis elegans	Metazoa	1111		False
	B3EWF7	0	Training	4	B3EWF7	Homo sapiens	Metazoa	344		False
	A0A5F8MPU3	0	Training	0	A0A5F8MPU3	Mus musculus	Metazoa	2282		False
	Q86W26	0	Training	1	Q86W26	Homo sapiens	Metazoa	655		False
	Q8IVE3	0	Training	2	Q8IVE3	Homo sapiens	Metazoa	1493		False
	P82923	0	Training	3	P82923	Bos taurus	Metazoa	293		False
	O04983	0	Training	4	O04983	Arabidopsis thaliana	Plants	537		False
	Q9SIW2	0	Training	0	Q9SIW2	Arabidopsis thaliana	Plants	888		False
	P03880	0	Training	1	P03880	Emericella nidulans	Fungi	488		False
	Q8VZV9	0	Training	2	Q8VZV9	Arabidopsis thaliana	Plants	161		False
	Q9FFH0	0	Training	3	Q9FFH0	Arabidopsis thaliana	Plants	386		False
	Q9FDW8	0	Training	4	Q9FDW8	Arabidopsis thaliana	Plants	135		False
	Q04545	0	Training	0	Q04545	Saccharomyces cerevisiae (strain ATCC 204508 / S288c)	Fungi	1251		False
	P38111	0	Training	1	P38111	Saccharomyces cerevisiae (strain ATCC 204508 / S288c)	Fungi	2368		False
	P38855	0	Training	2	P38855	Saccharomyces cerevisiae (strain ATCC 204508 / S288c)	Fungi	283		False
	P49222	0	Training	3	P49222	Mus musculus	Metazoa	691		False
	Q39261	0	Training	4	Q39261	Arabidopsis thaliana	Plants	150		False
	Q5ND04	0	Training	0	Q5ND04	Mus musculus	Metazoa	624		False
	P08708	0	Training	1	P08708	Homo sapiens	Metazoa	135		False
	Q96AQ6	0	Training	2	Q96AQ6	Homo sapiens	Metazoa	731		False
	V6CLN5	0	Training	3	V6CLN5	Caenorhabditis elegans	Metazoa	1615		False
	P83183	0	Training	4	P83183	Eledone cirrhosa	Metazoa	84		False
	Q9P0U1	0	Training	0	Q9P0U1	Homo sapiens	Metazoa	55		True
	Q96GX8	0	Training	1	Q96GX8	Homo sapiens	Metazoa	76		False
	Q9LDE4	0	Training	2	Q9LDE4	Arabidopsis thaliana	Plants	244		False
	Q86VP6	0	Training	3	Q86VP6	Homo sapiens	Metazoa	1230		False
	O23680	0	Training	4	O23680	Arabidopsis thaliana	Plants	297		True
	O70531	0	Training	0	O70531	Rattus norvegicus	Metazoa	739		False
	P23023	0	Training	1	P23023	Drosophila melanogaster	Metazoa	549		False
	O14492	0	Training	2	O14492	Homo sapiens	Metazoa	632		False
	Q01501	0	Training	3	Q01501	Dictyostelium discoideum	Other	275		True
	Q0JFZ0	0	Training	4	Q0JFZ0	Oryza sativa subsp. japonica	Plants	247		False
	Q9NSP4	0	Training	0	Q9NSP4	Homo sapiens	Metazoa	180		False
	P06506	0	Training	1	P06506	Spinacia oleracea	Plants	138		False
	Q90ZS6	0	Training	2	Q90ZS6	Xenopus laevis	Metazoa	1271		False
	Q2V2P9	0	Training	3	Q2V2P9	Saccharomyces cerevisiae (strain ATCC 204508 / S288c)	Fungi	66		True
	P22194	0	Training	4	P22194	Schizosaccharomyces pombe (strain 972 / ATCC 24843)	Fungi	332		False
	Q08683	0	Training	0	Q08683	Saccharomyces cerevisiae (strain ATCC 204508 / S288c)	Fungi	685		False
	Q10214	0	Training	1	Q10214	Schizosaccharomyces pombe (strain 972 / ATCC 24843)	Fungi	131		False
	Q92552	0	Training	2	Q92552	Homo sapiens	Metazoa	414		False
	Q9ULU4	0	Training	3	Q9ULU4	Homo sapiens	Metazoa	1186		False
	Q9CQT2	0	Training	4	Q9CQT2	Mus musculus	Metazoa	265		False
	Q9C552	0	Training	0	Q9C552	Arabidopsis thaliana	Plants	753		False
	Q9M0S5	0	Training	1	Q9M0S5	Arabidopsis thaliana	Plants	764		False
	Q9UNQ2	0	Training	2	Q9UNQ2	Homo sapiens	Metazoa	313		False
	O60447	0	Training	3	O60447	Homo sapiens	Metazoa	810		False
	D3ZX63	0	Training	4	D3ZX63	Rattus norvegicus	Metazoa	334		False
	Q8W191	0	Training	0	Q8W191	Arabidopsis thaliana	Plants	149		False
	O49929	0	Training	1	O49929	Pisum sativum	Plants	213		True
	P06267	0	Training	2	P06267	Marchantia polymorpha	Plants	289		False
	Q9UUG9	0	Training	3	Q9UUG9	Schizosaccharomyces pombe (strain 972 / ATCC 24843)	Fungi	1339		False
	Q9Y239	0	Training	4	Q9Y239	Homo sapiens	Metazoa	953		False
	Q96C12	0	Training	0	Q96C12	Homo sapiens	Metazoa	935		False
	Q9NZC9	0	Training	1	Q9NZC9	Homo sapiens	Metazoa	954		False
	Q6W2J9	0	Training	2	Q6W2J9	Homo sapiens	Metazoa	1755		False
	Q8R331	0	Training	3	Q8R331	Mus musculus	Metazoa	154		False
	Q7Z5Q5	0	Training	4	Q7Z5Q5	Homo sapiens	Metazoa	900		False
	Q9VFG8	0	Training	0	Q9VFG8	Drosophila melanogaster	Metazoa	1288		False
	P25368	0	Training	1	P25368	Saccharomyces cerevisiae (strain ATCC 204508 / S288c)	Fungi	297		False
	Q6UB98	0	Training	2	Q6UB98	Homo sapiens	Metazoa	2062		False
	P28519	0	Training	3	P28519	Saccharomyces cerevisiae (strain ATCC 204508 / S288c)	Fungi	371		False
	O63075	0	Training	4	O63075	Chlamydomonas reinhardtii	Plants	238		True
	Q9SYM5	0	Training	0	Q9SYM5	Arabidopsis thaliana	Plants	669		False
	P18888	0	Training	1	P18888	Saccharomyces cerevisiae (strain ATCC 204508 / S288c)	Fungi	332		False
	Q14DK4	0	Training	2	Q14DK4	Mus musculus	Metazoa	801		False
	Q61233	0	Training	3	Q61233	Mus musculus	Metazoa	627		False
	O95625	0	Training	4	O95625	Homo sapiens	Metazoa	1053		False
	Q9Y226	0	Training	0	Q9Y226	Homo sapiens	Metazoa	551		True
	Q9SIV2	0	Training	1	Q9SIV2	Arabidopsis thaliana	Plants	891		False
	P49021	0	Training	2	P49021	Drosophila melanogaster	Metazoa	1398		False
	O76039	0	Training	3	O76039	Homo sapiens	Metazoa	960		False
	O24463	0	Training	4	O24463	Zea mays	Plants	328		False
	Q99PU7	0	Training	0	Q99PU7	Mus musculus	Metazoa	728		False
	P36130	0	Training	1	P36130	Saccharomyces cerevisiae (strain ATCC 204508 / S288c)	Fungi	643		False
	P47054	0	Training	2	P47054	Saccharomyces cerevisiae (strain ATCC 204508 / S288c)	Fungi	1683		False
	Q8N699	0	Training	3	Q8N699	Homo sapiens	Metazoa	235		False
	P58234	0	Training	4	P58234	Schizosaccharomyces pombe (strain 972 / ATCC 24843)	Fungi	144		False
	Q8N3F8	0	Training	0	Q8N3F8	Homo sapiens	Metazoa	863		False
	P40382	0	Training	1	P40382	Schizosaccharomyces pombe (strain 972 / ATCC 24843)	Fungi	422		False
	Q9NPB1	0	Training	2	Q9NPB1	Homo sapiens	Metazoa	228		False
	Q9P6I9	0	Training	3	Q9P6I9	Schizosaccharomyces pombe (strain 972 / ATCC 24843)	Fungi	618		False
	Q9ST63	0	Training	4	Q9ST63	Solanum tuberosum	Plants	495		False
	Q969Y2	0	Training	0	Q969Y2	Homo sapiens	Metazoa	492		False
	F1MH24	0	Training	1	F1MH24	Bos taurus	Metazoa	957		False
	P59055	0	Training	2	P59055	Mus musculus	Metazoa	597		False
	Q9H0C3	0	Training	3	Q9H0C3	Homo sapiens	Metazoa	514		True
	Q93YN0	0	Training	4	Q93YN0	Arabidopsis thaliana	Plants	187		False
	Q00613	0	Training	0	Q00613	Homo sapiens	Metazoa	529		False
	Q8IWV1	0	Training	1	Q8IWV1	Homo sapiens	Metazoa	398		True
	Q13562	0	Training	2	Q13562	Homo sapiens	Metazoa	356		False
	Q12146	0	Training	3	Q12146	Saccharomyces cerevisiae (strain ATCC 204508 / S288c)	Fungi	194		False
	Q12216	0	Training	4	Q12216	Saccharomyces cerevisiae (strain ATCC 204508 / S288c)	Fungi	726		False
	Q8LDV3	0	Training	0	Q8LDV3	Arabidopsis thaliana	Plants	185		False
	Q07349	0	Training	1	Q07349	Saccharomyces cerevisiae (strain ATCC 204508 / S288c)	Fungi	420		False
	Q15047	0	Training	2	Q15047	Homo sapiens	Metazoa	1291		False
	Q9ZUT3	0	Training	3	Q9ZUT3	Arabidopsis thaliana	Plants	273		True
	P39705	0	Training	4	P39705	Saccharomyces cerevisiae (strain ATCC 204508 / S288c)	Fungi	539		False
	Q84K96	0	Training	0	Q84K96	Crocus sativus	Plants	369		False
	Q5M731	0	Training	1	Q5M731	Arabidopsis thaliana	Plants	522		False
	O22802	0	Training	2	O22802	Arabidopsis thaliana	Plants	97		True
	Q9WVM1	0	Training	3	Q9WVM1	Mus musculus	Metazoa	628		False
	P87238	0	Training	4	P87238	Schizosaccharomyces pombe (strain 972 / ATCC 24843)	Fungi	215		False
	O73622	0	Training	0	O73622	Xenopus laevis	Metazoa	293		False
	Q9SLJ2	0	Training	1	Q9SLJ2	Arabidopsis thaliana	Plants	98		False
	Q9EQR5	0	Training	2	Q9EQR5	Mus musculus	Metazoa	269		True
	Q8GY65	0	Training	3	Q8GY65	Arabidopsis thaliana	Plants	343		False
	P46060	0	Training	4	P46060	Homo sapiens	Metazoa	587		False
	P12787	0	Training	0	P12787	Mus musculus	Metazoa	146		False
	Q38FI2	0	Training	1	Q38FI2	Trypanosoma brucei brucei (strain 927/4 GUTat10.1)	Other	143		False
	Q5EAJ7	0	Training	2	Q5EAJ7	Strongylocentrotus purpuratus	Metazoa	857		False
	Q3YEC7	0	Training	3	Q3YEC7	Homo sapiens	Metazoa	729		False
	Q8L999	0	Training	4	Q8L999	Arabidopsis thaliana	Plants	342		False
	Q8IVS2	0	Training	0	Q8IVS2	Homo sapiens	Metazoa	390		False
	P10898	0	Training	1	P10898	Chlamydomonas reinhardtii	Plants	461		True
	Q9NQV6	0	Training	2	Q9NQV6	Homo sapiens	Metazoa	1147		False
	P42842	0	Training	3	P42842	Saccharomyces cerevisiae (strain ATCC 204508 / S288c)	Fungi	904		False
	Q8BWT5	0	Training	4	Q8BWT5	Mus musculus	Metazoa	1523		False
	Q5ND34	0	Training	0	Q5ND34	Mus musculus	Metazoa	1934		False
	Q19872	0	Training	1	Q19872	Caenorhabditis elegans	Metazoa	268		False
	Q680B9	0	Training	2	Q680B9	Arabidopsis thaliana	Plants	528		False
	Q6K678	0	Training	3	Q6K678	Oryza sativa subsp. japonica	Plants	210		False
	Q9V8P9	0	Training	4	Q9V8P9	Drosophila melanogaster	Metazoa	1038		False
	Q8L8M9	0	Training	0	Q8L8M9	Arabidopsis thaliana	Plants	442		False
	P48732	0	Training	1	P48732	Arabidopsis thaliana	Plants	543		False
	Q9ES73	0	Training	2	Q9ES73	Rattus norvegicus	Metazoa	775		False
	O94397	0	Training	3	O94397	Schizosaccharomyces pombe (strain 972 / ATCC 24843)	Fungi	344		False
	F4J8G7	0	Training	4	F4J8G7	Arabidopsis thaliana	Plants	2138		False
	Q04005	0	Training	0	Q04005	Saccharomyces cerevisiae (strain ATCC 204508 / S288c)	Fungi	294		False
	Q3SZ86	0	Training	1	Q3SZ86	Bos taurus	Metazoa	205		False
	P36078	0	Training	2	P36078	Saccharomyces cerevisiae (strain ATCC 204508 / S288c)	Fungi	116		False
	Q3U0V2	0	Training	3	Q3U0V2	Mus musculus	Metazoa	310		False
	Q9UPW6	0	Training	4	Q9UPW6	Homo sapiens	Metazoa	733		False
	Q2KIR7	0	Training	0	Q2KIR7	Bos taurus	Metazoa	295		False
	Q9HCS7	0	Training	1	Q9HCS7	Homo sapiens	Metazoa	855		False
	P30047	0	Training	2	P30047	Homo sapiens	Metazoa	84		False
	Q9USQ4	0	Training	3	Q9USQ4	Schizosaccharomyces pombe (strain 972 / ATCC 24843)	Fungi	396		False
	Q9Z1P6	0	Training	4	Q9Z1P6	Mus musculus	Metazoa	113		False
	Q9SKZ1	0	Training	0	Q9SKZ1	Arabidopsis thaliana	Plants	296		False
	Q9H444	0	Training	1	Q9H444	Homo sapiens	Metazoa	224		False
	O94864	0	Training	2	O94864	Homo sapiens	Metazoa	414		False
	Q9NRY2	0	Training	3	Q9NRY2	Homo sapiens	Metazoa	104		False
	O74374	0	Training	4	O74374	Schizosaccharomyces pombe (strain 972 / ATCC 24843)	Fungi	554		False
	P46951	0	Training	0	P46951	Saccharomyces cerevisiae (strain ATCC 204508 / S288c)	Fungi	817		False
	P52172	0	Training	1	P52172	Drosophila melanogaster	Metazoa	1264		False
	P03872	0	Training	2	P03872	Saccharomyces cerevisiae (strain ATCC 204508 / S288c)	Fungi	296		False
	Q9Y6K5	0	Training	3	Q9Y6K5	Homo sapiens	Metazoa	1087		False
	Q12277	0	Training	4	Q12277	Saccharomyces cerevisiae (strain ATCC 204508 / S288c)	Fungi	265		False
	Q15233	0	Training	0	Q15233	Homo sapiens	Metazoa	471		False
	Q08B36	0	Training	1	Q08B36	Xenopus laevis	Metazoa	374		False
	P83456	0	Training	2	P83456	Gadus morhua	Metazoa	477		False
	Q8LGJ5	0	Training	3	Q8LGJ5	Arabidopsis thaliana	Plants	276		False
	Q7ZT47	0	Training	4	Q7ZT47	Xenopus laevis	Metazoa	196		False
	Q84W56	0	Training	0	Q84W56	Arabidopsis thaliana	Plants	911		False
	Q8K330	0	Training	1	Q8K330	Mus musculus	Metazoa	649		False
	P52890	0	Training	2	P52890	Schizosaccharomyces pombe (strain 972 / ATCC 24843)	Fungi	566		False
	Q9R061	0	Training	3	Q9R061	Mus musculus	Metazoa	275		False
	Q8GZA8	0	Training	4	Q8GZA8	Arabidopsis thaliana	Plants	237		False
	Q7KMJ6	0	Training	0	Q7KMJ6	Drosophila melanogaster	Metazoa	793		False
	Q5H943	0	Training	1	Q5H943	Homo sapiens	Metazoa	113		True
	P51587	0	Training	2	P51587	Homo sapiens	Metazoa	3418		False
	Q6T938	0	Training	3	Q6T938	Danio rerio	Metazoa	355		False
	Q9LQK7	0	Training	4	Q9LQK7	Arabidopsis thaliana	Plants	475		False
	Q3MV14	0	Training	0	Q3MV14	Arabidopsis thaliana	Plants	386		False
	Q20024	0	Training	1	Q20024	Caenorhabditis elegans	Metazoa	306		False
	Q08287	0	Training	2	Q08287	Saccharomyces cerevisiae (strain ATCC 204508 / S288c)	Fungi	484		False
	Q9UIG0	0	Training	3	Q9UIG0	Homo sapiens	Metazoa	1483		False
	P36516	0	Training	4	P36516	Saccharomyces cerevisiae (strain ATCC 204508 / S288c)	Fungi	390		False
	Q0WX00	0	Training	0	Q0WX00	Arabidopsis thaliana	Plants	460		False
	P36532	0	Training	1	P36532	Saccharomyces cerevisiae (strain ATCC 204508 / S288c)	Fungi	105		False
	Q3URK3	0	Training	2	Q3URK3	Mus musculus	Metazoa	2039		False
	Q8N165	0	Training	3	Q8N165	Homo sapiens	Metazoa	341		False
	Q6W0C5	0	Training	4	Q6W0C5	Homo sapiens	Metazoa	159		False
	Q8MLV1	0	Training	0	Q8MLV1	Drosophila melanogaster	Metazoa	741		False
	Q9H5U6	0	Training	1	Q9H5U6	Homo sapiens	Metazoa	513		False
	P23615	0	Training	2	P23615	Saccharomyces cerevisiae (strain ATCC 204508 / S288c)	Fungi	1451		False
	A0A2R8VHF7	0	Training	3	A0A2R8VHF7	Mus musculus	Metazoa	171		True
	Q54TN2	0	Training	4	Q54TN2	Dictyostelium discoideum	Other	580		False
	G4LTX4	0	Training	0	G4LTX4	Castanea sativa	Plants	375		False
	Q9H227	0	Training	1	Q9H227	Homo sapiens	Metazoa	469		False
	Q9ULX3	0	Training	2	Q9ULX3	Homo sapiens	Metazoa	412		False
	Q38893	0	Training	3	Q38893	Arabidopsis thaliana	Plants	558		False
	Q80WJ1	0	Training	4	Q80WJ1	Mus musculus	Metazoa	673		False
	Q03385	0	Training	0	Q03385	Mus musculus	Metazoa	852		False
	P32347	0	Training	1	P32347	Saccharomyces cerevisiae (strain ATCC 204508 / S288c)	Fungi	362		False
	Q39129	0	Training	2	Q39129	Arabidopsis thaliana	Plants	120		False
	Q9USP9	0	Training	3	Q9USP9	Schizosaccharomyces pombe (strain 972 / ATCC 24843)	Fungi	589		False
	Q9FYB5	0	Training	4	Q9FYB5	Arabidopsis thaliana	Plants	161		False
	Q8BT35	0	Training	0	Q8BT35	Mus musculus	Metazoa	56		True
	P07390	0	Training	1	P07390	Saccharomyces cerevisiae (strain ATCC 204508 / S288c)	Fungi	489		False
	Q9C000	0	Training	2	Q9C000	Homo sapiens	Metazoa	1473		False
	Q3KP66	0	Training	3	Q3KP66	Homo sapiens	Metazoa	663		False
	Q9Y508	0	Training	4	Q9Y508	Homo sapiens	Metazoa	228		False
	Q63HN8	0	Training	0	Q63HN8	Homo sapiens	Metazoa	5207		False
	P82869	0	Training	1	P82869	Arabidopsis thaliana	Plants	466		False
	Q9UKV3	0	Training	2	Q9UKV3	Homo sapiens	Metazoa	1341		False
	Q9BY77	0	Training	3	Q9BY77	Homo sapiens	Metazoa	421		False
	P38687	0	Training	4	P38687	Saccharomyces cerevisiae (strain ATCC 204508 / S288c)	Fungi	599		False
	Q80YF9	0	Training	0	Q80YF9	Mus musculus	Metazoa	1305		False
	Q03433	0	Training	1	Q03433	Saccharomyces cerevisiae (strain ATCC 204508 / S288c)	Fungi	280		False
	P49792	0	Training	2	P49792	Homo sapiens	Metazoa	3224		False
	O74792	0	Training	3	O74792	Schizosaccharomyces pombe (strain 972 / ATCC 24843)	Fungi	515		False
	Q8WYK0	0	Training	4	Q8WYK0	Homo sapiens	Metazoa	555		False
	P09959	0	Training	0	P09959	Saccharomyces cerevisiae (strain ATCC 204508 / S288c)	Fungi	803		False
	P11978	0	Training	1	P11978	Saccharomyces cerevisiae (strain ATCC 204508 / S288c)	Fungi	1358		False
	Q8WXX5	0	Training	2	Q8WXX5	Homo sapiens	Metazoa	260		False
	Q94BS2	0	Training	3	Q94BS2	Arabidopsis thaliana	Plants	335		False
	A1ZAW0	0	Training	4	A1ZAW0	Drosophila melanogaster	Metazoa	1722		False
	P15919	0	Training	0	P15919	Mus musculus	Metazoa	1040		False
	O17286	0	Training	1	O17286	Caenorhabditis elegans	Metazoa	403		False
	Q1K6Q3	0	Training	2	Q1K6Q3	Neurospora crassa (strain ATCC 24698 / 74-OR23-1A / CBS 708.71 / DSM 1257 / FGSC 987)	Fungi	236		False
	Q9STS7	0	Training	3	Q9STS7	Arabidopsis thaliana	Plants	353		False
	Q9P797	0	Training	4	Q9P797	Schizosaccharomyces pombe (strain 972 / ATCC 24843)	Fungi	1142		False
	Q9U213	0	Training	0	Q9U213	Caenorhabditis elegans	Metazoa	425		False
	G5EFQ5	0	Training	1	G5EFQ5	Caenorhabditis elegans	Metazoa	301		False
	Q99M04	0	Training	2	Q99M04	Mus musculus	Metazoa	373		False
	P38771	0	Training	3	P38771	Saccharomyces cerevisiae (strain ATCC 204508 / S288c)	Fungi	230		False
	Q9CQT7	0	Training	4	Q9CQT7	Mus musculus	Metazoa	168		False
	Q5I0X4	0	Training	0	Q5I0X4	Homo sapiens	Metazoa	101		False
	P07261	0	Training	1	P07261	Saccharomyces cerevisiae (strain ATCC 204508 / S288c)	Fungi	785		False
	P78563	0	Training	2	P78563	Homo sapiens	Metazoa	741		False
	A1A6M1	0	Training	3	A1A6M1	Arabidopsis thaliana	Plants	387		False
	Q5SU73	0	Training	4	Q5SU73	Mus musculus	Metazoa	570		False
	Q9UI30	0	Training	0	Q9UI30	Homo sapiens	Metazoa	125		False
	Q86WA8	0	Training	1	Q86WA8	Homo sapiens	Metazoa	852		False
	P40154	0	Training	2	P40154	Saccharomyces cerevisiae (strain ATCC 204508 / S288c)	Fungi	320		False
	O94826	0	Training	3	O94826	Homo sapiens	Metazoa	608		True
	Q9VRP5	0	Training	4	Q9VRP5	Drosophila melanogaster	Metazoa	1038		False
	Q92917	0	Training	0	Q92917	Homo sapiens	Metazoa	476		False
	Q8GYU3	0	Training	1	Q8GYU3	Arabidopsis thaliana	Plants	1465		False
	Q06683	0	Training	2	Q06683	Saccharomyces cerevisiae (strain ATCC 204508 / S288c)	Fungi	689		False
	Q9Z2N6	0	Training	3	Q9Z2N6	Rattus norvegicus	Metazoa	79		False
	O62203	0	Training	4	O62203	Caenorhabditis elegans	Metazoa	1073		False
	Q12349	0	Training	0	Q12349	Saccharomyces cerevisiae (strain ATCC 204508 / S288c)	Fungi	124		False
	P38319	0	Training	1	P38319	Saccharomyces cerevisiae (strain ATCC 204508 / S288c)	Fungi	544		False
	Q00453	0	Training	2	Q00453	Saccharomyces cerevisiae (strain ATCC 204508 / S288c)	Fungi	211		False
	P53297	0	Training	3	P53297	Saccharomyces cerevisiae (strain ATCC 204508 / S288c)	Fungi	722		False
	Q8VCF0	0	Training	4	Q8VCF0	Mus musculus	Metazoa	503		False
	Q9USY4	0	Training	0	Q9USY4	Schizosaccharomyces pombe (strain 972 / ATCC 24843)	Fungi	527		False
	Q9H6D3	0	Training	1	Q9H6D3	Homo sapiens	Metazoa	395		True
	Q920G9	0	Training	2	Q920G9	Mus musculus	Metazoa	524		False
	P82924	0	Training	3	P82924	Bos taurus	Metazoa	435		False
	O74517	0	Training	4	O74517	Schizosaccharomyces pombe (strain 972 / ATCC 24843)	Fungi	278		False
	C4QM85	0	Training	0	C4QM85	Schistosoma mansoni	Metazoa	419		True
	Q9SJX7	0	Training	1	Q9SJX7	Arabidopsis thaliana	Plants	433		False
	Q6ZT62	0	Training	2	Q6ZT62	Homo sapiens	Metazoa	677		False
	O88466	0	Training	3	O88466	Mus musculus	Metazoa	1888		False
	A0A386CAB9	0	Training	4	A0A386CAB9	Danio rerio	Metazoa	1355		False
	Q5AL36	0	Training	0	Q5AL36	Candida albicans (strain SC5314 / ATCC MYA-2876)	Fungi	269		False
	Q7SA60	0	Training	1	Q7SA60	Neurospora crassa (strain ATCC 24698 / 74-OR23-1A / CBS 708.71 / DSM 1257 / FGSC 987)	Fungi	228		False
	Q9W4S7	0	Training	2	Q9W4S7	Drosophila melanogaster	Metazoa	717		False
	Q9SU56	0	Training	3	Q9SU56	Arabidopsis thaliana	Plants	610		True
	Q38834	0	Training	4	Q38834	Arabidopsis thaliana	Plants	852		False
	J9VI03	0	Training	0	J9VI03	Cryptococcus neoformans (strain H99 / ATCC 208821 / CBS 10515 / FGSC 9487)	Fungi	2377		False
	Q06344	0	Training	1	Q06344	Saccharomyces cerevisiae (strain ATCC 204508 / S288c)	Fungi	628		False
	Q9VBB3	0	Training	2	Q9VBB3	Drosophila melanogaster	Metazoa	328		False
	Q9CQY9	0	Training	3	Q9CQY9	Mus musculus	Metazoa	76		True
	Q6ZTU2	0	Training	4	Q6ZTU2	Homo sapiens	Metazoa	488		False
	Q6PE84	0	Training	0	Q6PE84	Mus musculus	Metazoa	287		True
	P35228	0	Training	1	P35228	Homo sapiens	Metazoa	1153		False
	P45974	0	Training	2	P45974	Homo sapiens	Metazoa	858		False
	P53260	0	Training	3	P53260	Saccharomyces cerevisiae (strain ATCC 204508 / S288c)	Fungi	183		False
	P83214	0	Training	4	P83214	Octopus vulgaris	Metazoa	56		False
	P32336	0	Training	0	P32336	Saccharomyces cerevisiae (strain ATCC 204508 / S288c)	Fungi	851		False
	P09798	0	Training	1	P09798	Saccharomyces cerevisiae (strain ATCC 204508 / S288c)	Fungi	840		False
	Q9SE43	0	Training	2	Q9SE43	Arabidopsis thaliana	Plants	842		False
	Q04613	0	Training	3	Q04613	Arabidopsis thaliana	Plants	192		True
	O82392	0	Training	4	O82392	Arabidopsis thaliana	Plants	644		False
	Q13487	0	Training	0	Q13487	Homo sapiens	Metazoa	334		False
	Q99177	0	Training	1	Q99177	Saccharomyces cerevisiae (strain ATCC 204508 / S288c)	Fungi	341		False
	Q6NVF4	0	Training	2	Q6NVF4	Mus musculus	Metazoa	1074		False
	O49660	0	Training	3	O49660	Arabidopsis thaliana	Plants	491		True
	Q62769	0	Training	4	Q62769	Rattus norvegicus	Metazoa	1622		False
	H9JBU5	0	Training	0	H9JBU5	Bombyx mori	Metazoa	157		True
	Q967U1	0	Training	1	Q967U1	Dictyostelium discoideum	Other	225		False
	P53136	0	Training	2	P53136	Saccharomyces cerevisiae (strain ATCC 204508 / S288c)	Fungi	463		False
	P70423	0	Training	3	P70423	Mus musculus	Metazoa	618		True
	Q06632	0	Training	4	Q06632	Saccharomyces cerevisiae (strain ATCC 204508 / S288c)	Fungi	1357		False
	Q8TEK3	0	Training	0	Q8TEK3	Homo sapiens	Metazoa	1537		False
	Q8N140	0	Training	1	Q8N140	Homo sapiens	Metazoa	333		False
	Q9NP98	0	Training	2	Q9NP98	Homo sapiens	Metazoa	299		False
	P40387	0	Training	3	P40387	Schizosaccharomyces pombe (strain 972 / ATCC 24843)	Fungi	513		False
	Q12020	0	Training	4	Q12020	Saccharomyces cerevisiae (strain ATCC 204508 / S288c)	Fungi	392		False
	O94428	0	Training	0	O94428	Schizosaccharomyces pombe (strain 972 / ATCC 24843)	Fungi	115		False
	P47041	0	Training	1	P47041	Saccharomyces cerevisiae (strain ATCC 204508 / S288c)	Fungi	543		False
	Q96WW2	0	Training	2	Q96WW2	Schizosaccharomyces pombe (strain 972 / ATCC 24843)	Fungi	383		False
	P82192	0	Training	3	P82192	Spinacia oleracea	Plants	258		False
	Q6XP49	0	Training	4	Q6XP49	Mus musculus	Metazoa	780		False
	Q9UN81	0	Training	0	Q9UN81	Homo sapiens	Metazoa	338		False
	Q23973	0	Training	1	Q23973	Drosophila melanogaster	Metazoa	217		False
	Q07540	0	Training	2	Q07540	Saccharomyces cerevisiae (strain ATCC 204508 / S288c)	Fungi	174		False
	Q90941	0	Training	3	Q90941	Gallus gallus	Metazoa	1633		False
	Q9VNS0	0	Training	4	Q9VNS0	Drosophila melanogaster	Metazoa	459		False
	O18017	0	Training	0	O18017	Caenorhabditis elegans	Metazoa	988		False
	Q93ZF6	0	Training	1	Q93ZF6	Arabidopsis thaliana	Plants	153		False
	Q5FWH3	0	Training	2	Q5FWH3	Mus musculus	Metazoa	603		False
	Q8TEA8	0	Training	3	Q8TEA8	Homo sapiens	Metazoa	209		False
	Q8NFU0	0	Training	4	Q8NFU0	Homo sapiens	Metazoa	473		True
	P53114	0	Training	0	P53114	Saccharomyces cerevisiae (strain ATCC 204508 / S288c)	Fungi	1132		False
	Q9ERG0	0	Training	1	Q9ERG0	Mus musculus	Metazoa	753		False
	Q03338	0	Training	2	Q03338	Saccharomyces cerevisiae (strain ATCC 204508 / S288c)	Fungi	469		False
	A0A1D8PRB7	0	Training	3	A0A1D8PRB7	Candida albicans (strain SC5314 / ATCC MYA-2876)	Fungi	1105		False
	O95630	0	Training	4	O95630	Homo sapiens	Metazoa	424		False
	P82920	0	Training	0	P82920	Bos taurus	Metazoa	87		False
	Q8LGD5	0	Training	1	Q8LGD5	Arabidopsis thaliana	Plants	222		False
	B7Z0X7	0	Training	2	B7Z0X7	Drosophila melanogaster	Metazoa	61		True
	Q20060	0	Training	3	Q20060	Caenorhabditis elegans	Metazoa	1549		False
	P16622	0	Training	4	P16622	Saccharomyces cerevisiae (strain ATCC 204508 / S288c)	Fungi	393		False
	Q9VUF8	0	Training	0	Q9VUF8	Drosophila melanogaster	Metazoa	540		False
	P34223	0	Training	1	P34223	Saccharomyces cerevisiae (strain ATCC 204508 / S288c)	Fungi	423		False
	Q06162	0	Training	2	Q06162	Saccharomyces cerevisiae (strain ATCC 204508 / S288c)	Fungi	153		False
	Q84JG2	0	Training	3	Q84JG2	Arabidopsis thaliana	Plants	469		False
	F4I902	0	Training	4	F4I902	Arabidopsis thaliana	Plants	420		False
	Q9UPV0	0	Training	0	Q9UPV0	Homo sapiens	Metazoa	1460		False
	Q9JKX3	0	Training	1	Q9JKX3	Mus musculus	Metazoa	798		True
	A0A1D6IEG9	0	Training	2	A0A1D6IEG9	Zea mays	Plants	668		False
	Q06639	0	Training	3	Q06639	Saccharomyces cerevisiae (strain ATCC 204508 / S288c)	Fungi	885		False
	Q8WXG6	0	Training	4	Q8WXG6	Homo sapiens	Metazoa	1647		False
	P82979	0	Training	0	P82979	Homo sapiens	Metazoa	210		False
	Q9H190	0	Training	1	Q9H190	Homo sapiens	Metazoa	292		False
	P51577	0	Training	2	P51577	Rattus norvegicus	Metazoa	388		True
	P53850	0	Training	3	P53850	Saccharomyces cerevisiae (strain ATCC 204508 / S288c)	Fungi	401		False
	Q05930	0	Training	4	Q05930	Saccharomyces cerevisiae (strain ATCC 204508 / S288c)	Fungi	598		False
	Q5SSJ5	0	Training	0	Q5SSJ5	Homo sapiens	Metazoa	553		False
	Q940L4	0	Training	1	Q940L4	Arabidopsis thaliana	Plants	649		False
	P16451	0	Training	2	P16451	Saccharomyces cerevisiae (strain ATCC 204508 / S288c)	Fungi	410		False
	Q9LPZ4	0	Training	3	Q9LPZ4	Arabidopsis thaliana	Plants	204		False
	P38996	0	Training	4	P38996	Saccharomyces cerevisiae (strain ATCC 204508 / S288c)	Fungi	802		False
	Q8L6Z4	0	Training	0	Q8L6Z4	Arabidopsis thaliana	Plants	430		False
	Q4ADV7	0	Training	1	Q4ADV7	Homo sapiens	Metazoa	1423		False
	Q12184	0	Training	2	Q12184	Saccharomyces cerevisiae (strain ATCC 204508 / S288c)	Fungi	172		False
	Q9FFS4	0	Training	3	Q9FFS4	Arabidopsis thaliana	Plants	101		False
	P34225	0	Training	4	P34225	Saccharomyces cerevisiae (strain ATCC 204508 / S288c)	Fungi	687		False
	Q84K35	0	Training	0	Q84K35	Arabidopsis thaliana	Plants	330		False
	Q580X6	0	Training	1	Q580X6	Trypanosoma brucei brucei (strain 927/4 GUTat10.1)	Other	928		False
	P35790	0	Training	2	P35790	Homo sapiens	Metazoa	457		False
	P31115	0	Training	3	P31115	Saccharomyces cerevisiae (strain ATCC 204508 / S288c)	Fungi	442		False
	Q9DBR0	0	Training	4	Q9DBR0	Mus musculus	Metazoa	687		False
	Q8WXD5	0	Training	0	Q8WXD5	Homo sapiens	Metazoa	167		False
	Q99733	0	Training	1	Q99733	Homo sapiens	Metazoa	375		False
	Q03770	0	Training	2	Q03770	Saccharomyces cerevisiae (strain ATCC 204508 / S288c)	Fungi	852		False
	Q13901	0	Training	3	Q13901	Homo sapiens	Metazoa	141		False
	P53725	0	Training	4	P53725	Saccharomyces cerevisiae (strain ATCC 204508 / S288c)	Fungi	186		False
	Q1ZXQ0	0	Training	0	Q1ZXQ0	Dictyostelium discoideum	Other	1019		False
	P09596	0	Training	1	P09596	Spinacia oleracea	Plants	121		False
	P09597	0	Training	2	P09597	Spinacia oleracea	Plants	134		False
	Q8IWZ4	0	Training	3	Q8IWZ4	Homo sapiens	Metazoa	224		False
	Q0JEB7	0	Training	4	Q0JEB7	Oryza sativa subsp. japonica	Plants	310		False
	P53127	0	Training	0	P53127	Saccharomyces cerevisiae (strain ATCC 204508 / S288c)	Fungi	1403		False
	P50874	0	Training	1	P50874	Saccharomyces cerevisiae (strain ATCC 204508 / S288c)	Fungi	479		False
	Q6YUS3	0	Training	2	Q6YUS3	Oryza sativa subsp. japonica	Plants	552		False
	Q84JF5	0	Training	3	Q84JF5	Arabidopsis thaliana	Plants	483		False
	Q8WWM9	0	Training	4	Q8WWM9	Homo sapiens	Metazoa	190		False
	P40897	0	Training	0	P40897	Saccharomyces cerevisiae (strain ATCC 204508 / S288c)	Fungi	799		False
	P53921	0	Training	1	P53921	Saccharomyces cerevisiae (strain ATCC 204508 / S288c)	Fungi	115		False
	O94704	0	Training	2	O94704	Schizosaccharomyces pombe (strain 972 / ATCC 24843)	Fungi	168		False
	Q96LT9	0	Training	3	Q96LT9	Homo sapiens	Metazoa	517		False
	Q09142	0	Training	4	Q09142	Schizosaccharomyces pombe (strain 972 / ATCC 24843)	Fungi	499		False
	Q21209	0	Training	0	Q21209	Caenorhabditis elegans	Metazoa	702		False
	F4KH86	0	Training	1	F4KH86	Arabidopsis thaliana	Plants	400		False
	P03898	0	Training	2	P03898	Bos taurus	Metazoa	115		True
	Q5ZEF1	0	Training	3	Q5ZEF1	Oryza sativa subsp. japonica	Plants	127		False
	Q12497	0	Training	4	Q12497	Saccharomyces cerevisiae (strain ATCC 204508 / S288c)	Fungi	93		False
	Q9ZV24	0	Training	0	Q9ZV24	Arabidopsis thaliana	Plants	148		True
	Q12166	0	Training	1	Q12166	Saccharomyces cerevisiae (strain ATCC 204508 / S288c)	Fungi	604		False
	Q5AP80	0	Training	2	Q5AP80	Candida albicans (strain SC5314 / ATCC MYA-2876)	Fungi	785		False
	Q8IM30	0	Training	3	Q8IM30	Plasmodium falciparum (isolate 3D7)	Other	608		False
	P03911	0	Training	4	P03911	Mus musculus	Metazoa	459		True
	Q12040	0	Training	0	Q12040	Saccharomyces cerevisiae (strain ATCC 204508 / S288c)	Fungi	230		False
	Q71SY5	0	Training	1	Q71SY5	Homo sapiens	Metazoa	747		False
	Q96T21	0	Training	2	Q96T21	Homo sapiens	Metazoa	854		False
	P25348	0	Training	3	P25348	Saccharomyces cerevisiae (strain ATCC 204508 / S288c)	Fungi	183		False
	Q92349	0	Training	4	Q92349	Schizosaccharomyces pombe (strain 972 / ATCC 24843)	Fungi	1318		False
	Q8H1U5	0	Training	0	Q8H1U5	Arabidopsis thaliana	Plants	865		False
	O49292	0	Training	1	O49292	Arabidopsis thaliana	Plants	260		False
	Q9Y3S1	0	Training	2	Q9Y3S1	Homo sapiens	Metazoa	2297		False
	Q3SYG4	0	Training	3	Q3SYG4	Homo sapiens	Metazoa	887		False
	Q5EU90	0	Training	4	Q5EU90	Euglena gracilis	Other	539		False
	P22035	0	Training	0	P22035	Saccharomyces cerevisiae (strain ATCC 204508 / S288c)	Fungi	811		False
	O94522	0	Training	1	O94522	Schizosaccharomyces pombe (strain 972 / ATCC 24843)	Fungi	390		False
	Q86TB9	0	Training	2	Q86TB9	Homo sapiens	Metazoa	770		False
	Q9H0Z9	0	Training	3	Q9H0Z9	Homo sapiens	Metazoa	239		False
	Q9NYV6	0	Training	4	Q9NYV6	Homo sapiens	Metazoa	651		False
	Q6PI26	0	Training	0	Q6PI26	Homo sapiens	Metazoa	577		False
	Q9H7Z3	0	Training	1	Q9H7Z3	Homo sapiens	Metazoa	1164		False
	Q9M9Y4	0	Training	2	Q9M9Y4	Arabidopsis thaliana	Plants	421		False
	Q94JY0	0	Training	3	Q94JY0	Arabidopsis thaliana	Plants	330		False
	Q06405	0	Training	4	Q06405	Saccharomyces cerevisiae (strain ATCC 204508 / S288c)	Fungi	101		False
	Q94A41	0	Training	0	Q94A41	Arabidopsis thaliana	Plants	887		False
	Q9BPX3	0	Training	1	Q9BPX3	Homo sapiens	Metazoa	1015		False
	Q9LXI8	0	Training	2	Q9LXI8	Arabidopsis thaliana	Plants	67		False
	Q9CAF4	0	Training	3	Q9CAF4	Arabidopsis thaliana	Plants	1309		False
	Q91XU0	0	Training	4	Q91XU0	Mus musculus	Metazoa	660		False
	P49677	0	Training	0	P49677	Arabidopsis thaliana	Plants	168		False
	Q99MR6	0	Training	1	Q99MR6	Mus musculus	Metazoa	875		False
	Q9P2H5	0	Training	2	Q9P2H5	Homo sapiens	Metazoa	1018		False
	Q4WSD1	0	Training	3	Q4WSD1	Aspergillus fumigatus (strain ATCC MYA-4609 / CBS 101355 / FGSC A1100 / Af293)	Fungi	523		False
	Q08062	0	Training	4	Q08062	Zea mays	Plants	332		False
	Q9JKY0	0	Training	0	Q9JKY0	Mus musculus	Metazoa	299		False
	P67870	0	Training	1	P67870	Homo sapiens	Metazoa	215		False
	Q9LEZ1	0	Training	2	Q9LEZ1	Arabidopsis thaliana	Plants	144		False
	P25583	0	Training	3	P25583	Saccharomyces cerevisiae (strain ATCC 204508 / S288c)	Fungi	335		False
	Q64MA3	0	Training	4	Q64MA3	Oryza sativa subsp. japonica	Plants	629		False
	Q8BY35	0	Training	0	Q8BY35	Mus musculus	Metazoa	655		False
	Q1K7L7	0	Training	1	Q1K7L7	Neurospora crassa (strain ATCC 24698 / 74-OR23-1A / CBS 708.71 / DSM 1257 / FGSC 987)	Fungi	219		False
	Q9W1R4	0	Training	2	Q9W1R4	Drosophila melanogaster	Metazoa	1395		False
	P29617	0	Training	3	P29617	Drosophila melanogaster	Metazoa	1703		False
	Q9C7I5	0	Training	4	Q9C7I5	Arabidopsis thaliana	Plants	189		False
	Q12247	0	Training	0	Q12247	Saccharomyces cerevisiae (strain ATCC 204508 / S288c)	Fungi	151		False
	P32773	0	Training	1	P32773	Saccharomyces cerevisiae (strain ATCC 204508 / S288c)	Fungi	286		False
	Q12094	0	Training	2	Q12094	Saccharomyces cerevisiae (strain ATCC 204508 / S288c)	Fungi	313		False
	P17987	0	Training	3	P17987	Homo sapiens	Metazoa	556		False
	D3KY99	0	Training	4	D3KY99	Carapichea ipecacuanha	Plants	350		False
	Q24174	0	Training	0	Q24174	Drosophila melanogaster	Metazoa	904		False
	P27705	0	Training	1	P27705	Saccharomyces cerevisiae (strain ATCC 204508 / S288c)	Fungi	504		False
	Q9FNC7	0	Training	2	Q9FNC7	Arabidopsis thaliana	Plants	717		False
	P40167	0	Training	3	P40167	Saccharomyces cerevisiae (strain ATCC 204508 / S288c)	Fungi	298		False
	O74511	0	Training	4	O74511	Schizosaccharomyces pombe (strain 972 / ATCC 24843)	Fungi	838		False
	P34341	0	Training	0	P34341	Caenorhabditis elegans	Metazoa	821		False
	Q8VDS3	0	Training	1	Q8VDS3	Mus musculus	Metazoa	158		False
	P60709	0	Training	2	P60709	Homo sapiens	Metazoa	375		False
	O65370	0	Training	3	O65370	Arabidopsis thaliana	Plants	138		False
	Q945K7	0	Training	4	Q945K7	Arabidopsis thaliana	Plants	374		False
	P19735	0	Training	0	P19735	Saccharomyces cerevisiae (strain ATCC 204508 / S288c)	Fungi	899		False
	P21675	0	Training	1	P21675	Homo sapiens	Metazoa	1893		False
	Q15022	0	Training	2	Q15022	Homo sapiens	Metazoa	739		False
	Q64442	0	Training	3	Q64442	Mus musculus	Metazoa	357		False
	P41698	0	Training	4	P41698	Saccharomyces cerevisiae (strain ATCC 204508 / S288c)	Fungi	603		False
	Q62315	0	Training	0	Q62315	Mus musculus	Metazoa	1234		False
	Q9Y315	0	Training	1	Q9Y315	Homo sapiens	Metazoa	318		False
	P40688	0	Training	2	P40688	Drosophila melanogaster	Metazoa	548		False
	P53327	0	Training	3	P53327	Saccharomyces cerevisiae (strain ATCC 204508 / S288c)	Fungi	1967		False
	G5EED4	0	Training	4	G5EED4	Caenorhabditis elegans	Metazoa	655		False
	P22289	0	Training	0	P22289	Saccharomyces cerevisiae (strain ATCC 204508 / S288c)	Fungi	66		True
	Q92546	0	Training	1	Q92546	Homo sapiens	Metazoa	391		False
	O13911	0	Training	2	O13911	Schizosaccharomyces pombe (strain 972 / ATCC 24843)	Fungi	408		False
	P40060	0	Training	3	P40060	Saccharomyces cerevisiae (strain ATCC 204508 / S288c)	Fungi	125		False
	A0A2K3DZC4	0	Training	4	A0A2K3DZC4	Chlamydomonas reinhardtii	Plants	156		False
	Q8S4F6	0	Training	0	Q8S4F6	Arabidopsis thaliana	Plants	510		False
	Q8IRB5	0	Training	1	Q8IRB5	Drosophila melanogaster	Metazoa	1465		False
	Q10SU5	0	Training	2	Q10SU5	Oryza sativa subsp. japonica	Plants	598		False
	Q9VT04	0	Training	3	Q9VT04	Drosophila melanogaster	Metazoa	471		True
	P06602	0	Training	4	P06602	Drosophila melanogaster	Metazoa	376		False
	Q8R3K3	0	Training	0	Q8R3K3	Mus musculus	Metazoa	381		False
	Q9CA67	0	Training	1	Q9CA67	Arabidopsis thaliana	Plants	467		False
	P14064	0	Training	2	P14064	Saccharomyces cerevisiae (strain ATCC 204508 / S288c)	Fungi	554		False
	Q6SKR5	0	Training	3	Q6SKR5	Xenopus laevis	Metazoa	228		False
	G5EGK6	0	Training	4	G5EGK6	Caenorhabditis elegans	Metazoa	2407		False
	Q3E764	0	Training	0	Q3E764	Saccharomyces cerevisiae (strain ATCC 204508 / S288c)	Fungi	64		False
	Q06892	0	Training	1	Q06892	Saccharomyces cerevisiae (strain ATCC 204508 / S288c)	Fungi	414		False
	P40554	0	Training	2	P40554	Saccharomyces cerevisiae (strain ATCC 204508 / S288c)	Fungi	99		False
	Q8TC90	0	Training	3	Q8TC90	Homo sapiens	Metazoa	406		False
	Q7JM44	0	Training	4	Q7JM44	Caenorhabditis elegans	Metazoa	2242		False
	U9W8F2	0	Training	0	U9W8F2	Neurospora crassa (strain ATCC 24698 / 74-OR23-1A / CBS 708.71 / DSM 1257 / FGSC 987)	Fungi	110		False
	Q9VZM7	0	Training	1	Q9VZM7	Drosophila melanogaster	Metazoa	631		False
	Q04199	0	Training	2	Q04199	Saccharomyces cerevisiae (strain ATCC 204508 / S288c)	Fungi	468		False
	Q6A028	0	Training	3	Q6A028	Mus musculus	Metazoa	585		False
	Q01329	0	Training	4	Q01329	Saccharomyces cerevisiae (strain ATCC 204508 / S288c)	Fungi	785		False
	Q13315	0	Training	0	Q13315	Homo sapiens	Metazoa	3056		False
	Q9FKP4	0	Training	1	Q9FKP4	Arabidopsis thaliana	Plants	1264		False
	Q9LR64	0	Training	2	Q9LR64	Arabidopsis thaliana	Plants	174		False
	Q6KCD5	0	Training	3	Q6KCD5	Mus musculus	Metazoa	2798		False
	Q9BZJ8	0	Training	4	Q9BZJ8	Homo sapiens	Metazoa	451		True
	Q23238	0	Training	0	Q23238	Caenorhabditis elegans	Metazoa	893		False
	Q9LJ97	0	Training	1	Q9LJ97	Arabidopsis thaliana	Plants	262		False
	Q00873	0	Training	2	Q00873	Saccharomyces cerevisiae (strain ATCC 204508 / S288c)	Fungi	224		False
	Q19972	0	Training	3	Q19972	Caenorhabditis elegans	Metazoa	270		False
	A0A7P0TBJ1	0	Training	4	A0A7P0TBJ1	Homo sapiens	Metazoa	273		False
	P46014	0	Training	0	P46014	Arabidopsis thaliana	Plants	581		True
	P32790	0	Training	1	P32790	Saccharomyces cerevisiae (strain ATCC 204508 / S288c)	Fungi	1244		False
	O14388	0	Training	2	O14388	Schizosaccharomyces pombe (strain 972 / ATCC 24843)	Fungi	136		False
	G5EC32	0	Training	3	G5EC32	Caenorhabditis elegans	Metazoa	1005		False
	O77264	0	Training	4	O77264	Drosophila melanogaster	Metazoa	361		False
	P36523	0	Training	0	P36523	Saccharomyces cerevisiae (strain ATCC 204508 / S288c)	Fungi	253		False
	Q9VV74	0	Training	1	Q9VV74	Drosophila melanogaster	Metazoa	226		False
	Q38998	0	Training	2	Q38998	Arabidopsis thaliana	Plants	857		True
	Q9FE46	0	Training	3	Q9FE46	Arabidopsis thaliana	Plants	214		False
	Q9Y2R0	0	Training	4	Q9Y2R0	Homo sapiens	Metazoa	106		True
	P0DKH5	0	Training	0	P0DKH5	Arabidopsis thaliana	Plants	1288		False
	Q24322	0	Training	1	Q24322	Drosophila melanogaster	Metazoa	899		True
	A0A143ZZK9	0	Training	2	A0A143ZZK9	Plasmodium falciparum (isolate 3D7)	Other	1264		False
	Q10198	0	Training	3	Q10198	Schizosaccharomyces pombe (strain 972 / ATCC 24843)	Fungi	624		False
	Q94B35	0	Training	4	Q94B35	Arabidopsis thaliana	Plants	466		False
	Q86W42	0	Training	0	Q86W42	Homo sapiens	Metazoa	341		False
	P87169	0	Training	1	P87169	Schizosaccharomyces pombe (strain 972 / ATCC 24843)	Fungi	676		False
	O74356	0	Training	2	O74356	Schizosaccharomyces pombe (strain 972 / ATCC 24843)	Fungi	585		False
	Q8LFH5	0	Training	3	Q8LFH5	Arabidopsis thaliana	Plants	239		True
	Q9VKB9	0	Training	4	Q9VKB9	Drosophila melanogaster	Metazoa	1341		False
	P03920	0	Training	0	P03920	Bos taurus	Metazoa	606		True
	Q7Y0F6	0	Training	1	Q7Y0F6	Oryza sativa subsp. japonica	Plants	247		False
	Q9FKQ7	0	Training	2	Q9FKQ7	Arabidopsis thaliana	Plants	150		False
	P38127	0	Training	3	P38127	Saccharomyces cerevisiae (strain ATCC 204508 / S288c)	Fungi	377		True
	F4IDJ0	0	Training	4	F4IDJ0	Arabidopsis thaliana	Plants	830		False
	Q1K730	0	Training	0	Q1K730	Neurospora crassa (strain ATCC 24698 / 74-OR23-1A / CBS 708.71 / DSM 1257 / FGSC 987)	Fungi	447		False
	P24473	0	Training	1	P24473	Rattus norvegicus	Metazoa	226		False
	Q9CPQ8	0	Training	2	Q9CPQ8	Mus musculus	Metazoa	103		False
	Q9H5Q4	0	Training	3	Q9H5Q4	Homo sapiens	Metazoa	396		False
	Q96MT3	0	Training	4	Q96MT3	Homo sapiens	Metazoa	831		False
	Q9CQ75	0	Training	0	Q9CQ75	Mus musculus	Metazoa	99		False
	Q8N5C6	0	Training	1	Q8N5C6	Homo sapiens	Metazoa	995		False
	P38175	0	Training	2	P38175	Saccharomyces cerevisiae (strain ATCC 204508 / S288c)	Fungi	177		False
	Q8TEW0	0	Training	3	Q8TEW0	Homo sapiens	Metazoa	1356		False
	Q9VGE2	0	Training	4	Q9VGE2	Drosophila melanogaster	Metazoa	384		False
	Q9NYY8	0	Training	0	Q9NYY8	Homo sapiens	Metazoa	710		False
	O44783	0	Training	1	O44783	Drosophila melanogaster	Metazoa	589		False
	Q505B8	0	Training	2	Q505B8	Mus musculus	Metazoa	171		False
	Q02614	0	Training	3	Q02614	Mus musculus	Metazoa	308		False
	Q9FPW4	0	Training	4	Q9FPW4	Arabidopsis thaliana	Plants	614		False
	Q9H1J1	0	Training	0	Q9H1J1	Homo sapiens	Metazoa	476		False
	Q8TAE8	0	Training	1	Q8TAE8	Homo sapiens	Metazoa	222		False
	Q9C5S1	0	Training	2	Q9C5S1	Arabidopsis thaliana	Plants	784		False
	O13807	0	Training	3	O13807	Schizosaccharomyces pombe (strain 972 / ATCC 24843)	Fungi	1072		False
	Q12788	0	Training	4	Q12788	Homo sapiens	Metazoa	808		False
	A0A7J6K629	0	Training	0	A0A7J6K629	Toxoplasma gondii	Other	547		True
	Q99P21	0	Training	1	Q99P21	Mus musculus	Metazoa	515		False
	Q80UF9	0	Training	2	Q80UF9	Mus musculus	Metazoa	577		True
	Q05043	0	Training	3	Q05043	Saccharomyces cerevisiae (strain ATCC 204508 / S288c)	Fungi	376		False
	Q96NE9	0	Training	4	Q96NE9	Homo sapiens	Metazoa	622		False
	Q9M022	0	Training	0	Q9M022	Arabidopsis thaliana	Plants	242		False
	Q96BY6	0	Training	1	Q96BY6	Homo sapiens	Metazoa	2186		False
	P24309	0	Training	2	P24309	Saccharomyces cerevisiae (strain ATCC 204508 / S288c)	Fungi	405		False
	Q6P2C8	0	Training	3	Q6P2C8	Homo sapiens	Metazoa	311		False
	Q86WR6	0	Training	4	Q86WR6	Homo sapiens	Metazoa	236		False
	Q923Q2	0	Training	0	Q923Q2	Mus musculus	Metazoa	1113		False
	Q9NPJ4	0	Training	1	Q9NPJ4	Homo sapiens	Metazoa	139		False
	P00522	0	Training	2	P00522	Drosophila melanogaster	Metazoa	1620		False
	Q9C7A2	0	Training	3	Q9C7A2	Arabidopsis thaliana	Plants	590		False
	Q9H0W9	0	Training	4	Q9H0W9	Homo sapiens	Metazoa	315		False
	O14423	0	Training	0	O14423	Schizosaccharomyces pombe (strain 972 / ATCC 24843)	Fungi	514		False
	O82286	0	Training	1	O82286	Arabidopsis thaliana	Plants	226		False
	Q6NUA1	0	Training	2	Q6NUA1	Xenopus laevis	Metazoa	633		False
	P50749	0	Training	3	P50749	Homo sapiens	Metazoa	326		False
	P28661	0	Training	4	P28661	Mus musculus	Metazoa	478		False
	Q9H8W5	0	Training	0	Q9H8W5	Homo sapiens	Metazoa	580		False
	O35484	0	Training	1	O35484	Mus musculus	Metazoa	448		False
	P43605	0	Training	2	P43605	Saccharomyces cerevisiae (strain ATCC 204508 / S288c)	Fungi	281		False
	P38137	0	Training	3	P38137	Saccharomyces cerevisiae (strain ATCC 204508 / S288c)	Fungi	543		False
	B7WN96	0	Training	4	B7WN96	Caenorhabditis elegans	Metazoa	317		False
	Q5BJZ6	0	Training	0	Q5BJZ6	Rattus norvegicus	Metazoa	400		False
	O94740	0	Training	1	O94740	Schizosaccharomyces pombe (strain 972 / ATCC 24843)	Fungi	466		False
	P34253	0	Training	2	P34253	Saccharomyces cerevisiae (strain ATCC 204508 / S288c)	Fungi	313		False
	Q8VYJ1	0	Training	3	Q8VYJ1	Arabidopsis thaliana	Plants	560		True
	Q5N829	0	Training	4	Q5N829	Oryza sativa subsp. japonica	Plants	953		False
	Q9BU61	0	Training	0	Q9BU61	Homo sapiens	Metazoa	184		False
	P0CY10	0	Training	1	P0CY10	Saccharomyces cerevisiae	Fungi	126		False
	O75695	0	Training	2	O75695	Homo sapiens	Metazoa	350		False
	Q9FK13	0	Training	3	Q9FK13	Arabidopsis thaliana	Plants	272		False
	Q02888	0	Training	4	Q02888	Saccharomyces cerevisiae (strain ATCC 204508 / S288c)	Fungi	182		False
	P36531	0	Training	0	P36531	Saccharomyces cerevisiae (strain ATCC 204508 / S288c)	Fungi	177		False
	Q8VIH1	0	Training	1	Q8VIH1	Mus musculus	Metazoa	527		False
	Q9V727	0	Training	2	Q9V727	Drosophila melanogaster	Metazoa	1669		False
	Q9V9W8	0	Training	3	Q9V9W8	Drosophila melanogaster	Metazoa	815		False
	Q10Q07	0	Training	4	Q10Q07	Oryza sativa subsp. japonica	Plants	401		False
	Q9VVV9	0	Training	0	Q9VVV9	Drosophila melanogaster	Metazoa	928		False
	Q80ZG2	0	Training	1	Q80ZG2	Rattus norvegicus	Metazoa	678		False
	Q03862	0	Training	2	Q03862	Saccharomyces cerevisiae (strain ATCC 204508 / S288c)	Fungi	593		False
	Q6P1X5	0	Training	3	Q6P1X5	Homo sapiens	Metazoa	1199		False
	O95503	0	Training	4	O95503	Homo sapiens	Metazoa	412		False
	P0DYC3	0	Training	0	P0DYC3	Talaromyces sp	Fungi	665		False
	Q9Y2Q9	0	Training	1	Q9Y2Q9	Homo sapiens	Metazoa	187		False
	Q32SG5	0	Training	2	Q32SG5	Zea mays	Plants	616		False
	O74469	0	Training	3	O74469	Schizosaccharomyces pombe (strain 972 / ATCC 24843)	Fungi	133		False
	P32451	0	Training	4	P32451	Saccharomyces cerevisiae (strain ATCC 204508 / S288c)	Fungi	375		False
	Q9BSD3	0	Training	0	Q9BSD3	Homo sapiens	Metazoa	238		False
	O59744	0	Training	1	O59744	Schizosaccharomyces pombe (strain 972 / ATCC 24843)	Fungi	815		False
	Q9HBL7	0	Training	2	Q9HBL7	Homo sapiens	Metazoa	147		True
	P08679	0	Training	3	P08679	Saccharomyces cerevisiae (strain ATCC 204508 / S288c)	Fungi	460		False
	O49937	0	Training	4	O49937	Spinacia oleracea	Plants	293		False
	Q8IVI9	0	Training	0	Q8IVI9	Homo sapiens	Metazoa	506		False
	Q9MBA1	0	Training	1	Q9MBA1	Arabidopsis thaliana	Plants	536		False
	Q9XIP2	0	Training	2	Q9XIP2	Arabidopsis thaliana	Plants	505		False
	P40368	0	Training	3	P40368	Saccharomyces cerevisiae (strain ATCC 204508 / S288c)	Fungi	713		False
	P36088	0	Training	4	P36088	Saccharomyces cerevisiae (strain ATCC 204508 / S288c)	Fungi	180		False
	P47108	0	Training	0	P47108	Saccharomyces cerevisiae (strain ATCC 204508 / S288c)	Fungi	1174		False
	P53150	0	Training	1	P53150	Saccharomyces cerevisiae (strain ATCC 204508 / S288c)	Fungi	421		False
	Q01663	0	Training	2	Q01663	Schizosaccharomyces pombe (strain 972 / ATCC 24843)	Fungi	552		False
	Q9SEE9	0	Training	3	Q9SEE9	Arabidopsis thaliana	Plants	414		False
	P38804	0	Training	4	P38804	Saccharomyces cerevisiae (strain ATCC 204508 / S288c)	Fungi	111		False
	Q12143	0	Training	0	Q12143	Saccharomyces cerevisiae (strain ATCC 204508 / S288c)	Fungi	216		False
	Q9LTW4	0	Training	1	Q9LTW4	Arabidopsis thaliana	Plants	461		False
	Q8LDL0	0	Training	2	Q8LDL0	Arabidopsis thaliana	Plants	231		False
	Q02890	0	Training	3	Q02890	Saccharomyces cerevisiae (strain ATCC 204508 / S288c)	Fungi	363		False
	Q9VPM5	0	Training	4	Q9VPM5	Drosophila melanogaster	Metazoa	539		False
	O74388	0	Training	0	O74388	Schizosaccharomyces pombe (strain 972 / ATCC 24843)	Fungi	301		False
	P36094	0	Training	1	P36094	Saccharomyces cerevisiae (strain ATCC 204508 / S288c)	Fungi	363		False
	Q9VMA3	0	Training	2	Q9VMA3	Drosophila melanogaster	Metazoa	1117		False
	Q56A73	0	Training	3	Q56A73	Homo sapiens	Metazoa	249		False
	Q03305	0	Training	4	Q03305	Saccharomyces cerevisiae (strain ATCC 204508 / S288c)	Fungi	412		False
	Q05958	0	Training	0	Q05958	Saccharomyces cerevisiae (strain ATCC 204508 / S288c)	Fungi	814		False
	P52901	0	Training	1	P52901	Arabidopsis thaliana	Plants	389		False
	O17386	0	Training	2	O17386	Caenorhabditis elegans	Metazoa	458		True
	Q9VPH8	0	Training	3	Q9VPH8	Drosophila melanogaster	Metazoa	489		False
	Q03213	0	Training	4	Q03213	Saccharomyces cerevisiae (strain ATCC 204508 / S288c)	Fungi	719		False
	Q93015	0	Training	0	Q93015	Homo sapiens	Metazoa	286		False
	F4K687	0	Training	1	F4K687	Arabidopsis thaliana	Plants	238		False
	P53692	0	Training	2	P53692	Schizosaccharomyces pombe (strain 972 / ATCC 24843)	Fungi	1140		False
	Q6VMQ6	0	Training	3	Q6VMQ6	Homo sapiens	Metazoa	1270		False
	Q8CCG4	0	Training	4	Q8CCG4	Mus musculus	Metazoa	296		False
	P38880	0	Training	0	P38880	Saccharomyces cerevisiae (strain ATCC 204508 / S288c)	Fungi	579		False
	P22138	0	Training	1	P22138	Saccharomyces cerevisiae (strain ATCC 204508 / S288c)	Fungi	1203		False
	Q9N658	0	Training	2	Q9N658	Drosophila melanogaster	Metazoa	541		False
	O74458	0	Training	3	O74458	Schizosaccharomyces pombe (strain 972 / ATCC 24843)	Fungi	1006		False
	P51959	0	Training	4	P51959	Homo sapiens	Metazoa	295		False
	A0A509AFM3	0	Training	0	A0A509AFM3	Plasmodium berghei (strain Anka)	Other	304		True
	P35192	0	Training	1	P35192	Saccharomyces cerevisiae (strain ATCC 204508 / S288c)	Fungi	417		False
	P46655	0	Training	2	P46655	Saccharomyces cerevisiae (strain ATCC 204508 / S288c)	Fungi	708		False
	Q3URS9	0	Training	3	Q3URS9	Mus musculus	Metazoa	406		False
	Q9ESK9	0	Training	4	Q9ESK9	Mus musculus	Metazoa	1588		False
	P19474	0	Training	0	P19474	Homo sapiens	Metazoa	475		False
	Q09838	0	Training	1	Q09838	Schizosaccharomyces pombe (strain 972 / ATCC 24843)	Fungi	681		False
	O22793	0	Training	2	O22793	Arabidopsis thaliana	Plants	219		False
	Q8WUU5	0	Training	3	Q8WUU5	Homo sapiens	Metazoa	269		False
	P16467	0	Training	4	P16467	Saccharomyces cerevisiae (strain ATCC 204508 / S288c)	Fungi	563		False
	P23368	0	Training	0	P23368	Homo sapiens	Metazoa	584		False
	Q10665	0	Training	1	Q10665	Caenorhabditis elegans	Metazoa	754		False
	O70405	0	Training	2	O70405	Mus musculus	Metazoa	1051		False
	P38889	0	Training	3	P38889	Saccharomyces cerevisiae (strain ATCC 204508 / S288c)	Fungi	622		False
	Q12188	0	Training	4	Q12188	Saccharomyces cerevisiae (strain ATCC 204508 / S288c)	Fungi	680		False
	Q8VZE7	0	Training	0	Q8VZE7	Arabidopsis thaliana	Plants	671		False
	Q9LLC1	0	Training	1	Q9LLC1	Arabidopsis thaliana	Plants	255		False
	Q07953	0	Training	2	Q07953	Saccharomyces cerevisiae (strain ATCC 204508 / S288c)	Fungi	250		False
	P38110	0	Training	3	P38110	Saccharomyces cerevisiae (strain ATCC 204508 / S288c)	Fungi	2787		False
	Q3UZ39	0	Training	4	Q3UZ39	Mus musculus	Metazoa	729		False
	P06894	0	Training	0	P06894	Platynereis dumerilii	Metazoa	121		False
	P59540	0	Training	1	P59540	Homo sapiens	Metazoa	309		True
	O43299	0	Training	2	O43299	Homo sapiens	Metazoa	807		False
	O13936	0	Training	3	O13936	Schizosaccharomyces pombe (strain 972 / ATCC 24843)	Fungi	990		False
	P53207	0	Training	4	P53207	Saccharomyces cerevisiae (strain ATCC 204508 / S288c)	Fungi	620		False
	Q9UKT7	0	Training	0	Q9UKT7	Homo sapiens	Metazoa	428		False
	Q8BVN3	0	Training	1	Q8BVN3	Mus musculus	Metazoa	442		True
	Q12343	0	Training	2	Q12343	Saccharomyces cerevisiae (strain ATCC 204508 / S288c)	Fungi	284		False
	Q00757	0	Training	3	Q00757	Emericella nidulans (strain FGSC A4 / ATCC 38163 / CBS 112.46 / NRRL 194 / M139)	Fungi	916		False
	P20436	0	Training	4	P20436	Saccharomyces cerevisiae (strain ATCC 204508 / S288c)	Fungi	146		False
	Q9WU12	0	Training	0	Q9WU12	Mus musculus	Metazoa	71		False
	P09017	0	Training	1	P09017	Homo sapiens	Metazoa	264		False
	Q12887	0	Training	2	Q12887	Homo sapiens	Metazoa	443		False
	Q9VWF2	0	Training	3	Q9VWF2	Drosophila melanogaster	Metazoa	2006		False
	Q02100	0	Training	4	Q02100	Saccharomyces cerevisiae (strain ATCC 204508 / S288c)	Fungi	647		False
	Q9HAV4	0	Training	0	Q9HAV4	Homo sapiens	Metazoa	1204		False
	Q61234	0	Training	1	Q61234	Mus musculus	Metazoa	503		False
	P25573	0	Training	2	P25573	Saccharomyces cerevisiae (strain ATCC 204508 / S288c)	Fungi	417		True
	Q12354	0	Training	3	Q12354	Saccharomyces cerevisiae (strain ATCC 204508 / S288c)	Fungi	227		False
	F4KAV2	0	Training	4	F4KAV2	Arabidopsis thaliana	Plants	442		False
	Q9ZQZ6	0	Training	0	Q9ZQZ6	Arabidopsis thaliana	Plants	263		False
	Q9Y6H6	0	Training	1	Q9Y6H6	Homo sapiens	Metazoa	103		True
	A2RTF1	0	Training	2	A2RTF1	Mus musculus	Metazoa	1109		False
	P62249	0	Training	3	P62249	Homo sapiens	Metazoa	146		False
	Q9Y802	0	Training	4	Q9Y802	Schizosaccharomyces pombe (strain 972 / ATCC 24843)	Fungi	1000		False
	B5KM66	0	Training	0	B5KM66	Mus musculus	Metazoa	88		False
	Q8VIM4	0	Training	1	Q8VIM4	Mus musculus	Metazoa	307		True
	O13683	0	Training	2	O13683	Schizosaccharomyces pombe (strain 972 / ATCC 24843)	Fungi	1237		False
	P47802	0	Training	3	P47802	Mus musculus	Metazoa	317		False
	Q19AV6	0	Training	4	Q19AV6	Homo sapiens	Metazoa	140		False
	Q02783	0	Training	0	Q02783	Saccharomyces cerevisiae (strain ATCC 204508 / S288c)	Fungi	413		False
	P40073	0	Training	1	P40073	Saccharomyces cerevisiae (strain ATCC 204508 / S288c)	Fungi	367		True
	Q86WR0	0	Training	2	Q86WR0	Homo sapiens	Metazoa	208		True
	Q9P804	0	Training	3	Q9P804	Schizosaccharomyces pombe (strain 972 / ATCC 24843)	Fungi	548		False
	Q6Q5X2	0	Training	4	Q6Q5X2	Saccharomyces cerevisiae (strain ATCC 204508 / S288c)	Fungi	51		False
	P98083	0	Training	0	P98083	Mus musculus	Metazoa	579		False
	Q12359	0	Training	1	Q12359	Saccharomyces cerevisiae (strain ATCC 204508 / S288c)	Fungi	275		True
	O14730	0	Training	2	O14730	Homo sapiens	Metazoa	519		False
	P06007	0	Training	3	P06007	Chlamydomonas reinhardtii	Plants	352		True
	Q5H9S7	0	Training	4	Q5H9S7	Homo sapiens	Metazoa	520		False
	Q9VMD6	0	Training	0	Q9VMD6	Drosophila melanogaster	Metazoa	659		False
	Q91XJ0	0	Training	1	Q91XJ0	Rattus norvegicus	Metazoa	401		False
	O23174	0	Training	2	O23174	Arabidopsis thaliana	Plants	536		False
	Q95749	0	Training	3	Q95749	Arabidopsis thaliana	Plants	556		False
	P47084	0	Training	4	P47084	Saccharomyces cerevisiae (strain ATCC 204508 / S288c)	Fungi	519		False
	Q9BZE1	0	Training	0	Q9BZE1	Homo sapiens	Metazoa	423		False
	Q9R085	0	Training	1	Q9R085	Rattus norvegicus	Metazoa	952		False
	A0A1D8PJ01	0	Training	2	A0A1D8PJ01	Candida albicans (strain SC5314 / ATCC MYA-2876)	Fungi	895		False
	O22161	0	Training	3	O22161	Arabidopsis thaliana	Plants	930		False
	Q5D869	0	Training	4	Q5D869	Arabidopsis thaliana	Plants	1976		False
	P04053	0	Training	0	P04053	Homo sapiens	Metazoa	509		False
	Q10290	0	Training	1	Q10290	Schizosaccharomyces pombe (strain 972 / ATCC 24843)	Fungi	303		False
	P04840	0	Training	2	P04840	Saccharomyces cerevisiae (strain ATCC 204508 / S288c)	Fungi	283		True
	O74895	0	Training	3	O74895	Schizosaccharomyces pombe (strain 972 / ATCC 24843)	Fungi	201		False
	Q9ZQ19	0	Training	4	Q9ZQ19	Arabidopsis thaliana	Plants	279		False
	O02326	0	Training	0	O02326	Caenorhabditis elegans	Metazoa	467		False
	P53983	0	Training	1	P53983	Saccharomyces cerevisiae (strain ATCC 204508 / S288c)	Fungi	676		True
	Q9JJN6	0	Training	2	Q9JJN6	Mus musculus	Metazoa	81		False
	Q8R151	0	Training	3	Q8R151	Mus musculus	Metazoa	1909		False
	P70278	0	Training	4	P70278	Mus musculus	Metazoa	393		False
	O14368	0	Training	0	O14368	Schizosaccharomyces pombe (strain 972 / ATCC 24843)	Fungi	143		False
	Q8NCE0	0	Training	1	Q8NCE0	Homo sapiens	Metazoa	465		False
	Q8GXR9	0	Training	2	Q8GXR9	Arabidopsis thaliana	Plants	519		False
	Q9ERS2	0	Training	3	Q9ERS2	Mus musculus	Metazoa	144		True
	Q149M9	0	Training	4	Q149M9	Homo sapiens	Metazoa	1564		False
	Q9ERV1	0	Training	0	Q9ERV1	Mus musculus	Metazoa	416		False
	P19824	0	Training	1	P19824	Chlamydomonas reinhardtii	Plants	375		False
	Q9HAB3	0	Training	2	Q9HAB3	Homo sapiens	Metazoa	445		True
	Q9C7G6	0	Training	3	Q9C7G6	Arabidopsis thaliana	Plants	256		False
	Q9UIA0	0	Training	4	Q9UIA0	Homo sapiens	Metazoa	394		False
	P34418	0	Training	0	P34418	Caenorhabditis elegans	Metazoa	943		False
	Q9BWW7	0	Training	1	Q9BWW7	Homo sapiens	Metazoa	348		False
	Q6A037	0	Training	2	Q6A037	Mus musculus	Metazoa	893		False
	O36030	0	Training	3	O36030	Schizosaccharomyces pombe (strain 972 / ATCC 24843)	Fungi	391		False
	Q8NHY2	0	Training	4	Q8NHY2	Homo sapiens	Metazoa	731		False
	Q08932	0	Training	0	Q08932	Saccharomyces cerevisiae (strain ATCC 204508 / S288c)	Fungi	381		False
	P62483	0	Training	1	P62483	Rattus norvegicus	Metazoa	367		False
	P53507	0	Training	2	P53507	Saccharomyces cerevisiae (strain ATCC 204508 / S288c)	Fungi	60		True
	O24629	0	Training	3	O24629	Arabidopsis thaliana	Plants	502		False
	P52654	0	Training	4	P52654	Drosophila melanogaster	Metazoa	366		False
	F4KFT7	0	Training	0	F4KFT7	Arabidopsis thaliana	Plants	617		False
	Q86TL0	0	Training	1	Q86TL0	Homo sapiens	Metazoa	474		False
	Q8IYW5	0	Training	2	Q8IYW5	Homo sapiens	Metazoa	571		False
	P49588	0	Training	3	P49588	Homo sapiens	Metazoa	968		False
	P09119	0	Training	4	P09119	Saccharomyces cerevisiae (strain ATCC 204508 / S288c)	Fungi	513		False
	Q9USY8	0	Training	0	Q9USY8	Schizosaccharomyces pombe (strain 972 / ATCC 24843)	Fungi	166		False
	Q9UTT2	0	Training	1	Q9UTT2	Schizosaccharomyces pombe (strain 972 / ATCC 24843)	Fungi	1206		False
	Q9QZM5	0	Training	2	Q9QZM5	Rattus norvegicus	Metazoa	476		False
	Q07807	0	Training	3	Q07807	Saccharomyces cerevisiae (strain ATCC 204508 / S288c)	Fungi	879		False
	A0A0D1CRD0	0	Training	4	A0A0D1CRD0	Mycosarcoma maydis	Fungi	550		False
	Q06682	0	Training	0	Q06682	Saccharomyces cerevisiae (strain ATCC 204508 / S288c)	Fungi	500		False
	Q9GZR1	0	Training	1	Q9GZR1	Homo sapiens	Metazoa	1112		False
	Q96HA7	0	Training	2	Q96HA7	Homo sapiens	Metazoa	1378		False
	Q04675	0	Training	3	Q04675	Saccharomyces cerevisiae (strain ATCC 204508 / S288c)	Fungi	128		False
	Q12333	0	Training	4	Q12333	Saccharomyces cerevisiae (strain ATCC 204508 / S288c)	Fungi	620		True
	Q76PC4	0	Training	0	Q76PC4	Schizosaccharomyces pombe (strain 972 / ATCC 24843)	Fungi	562		False
	Q3E823	0	Training	1	Q3E823	Saccharomyces cerevisiae (strain ATCC 204508 / S288c)	Fungi	68		False
	P82352	0	Training	2	P82352	Oryctolagus cuniculus	Metazoa	238		True
	P51530	0	Training	3	P51530	Homo sapiens	Metazoa	1060		False
	Q9LSA9	0	Training	4	Q9LSA9	Arabidopsis thaliana	Plants	339		False
	Q4WGS5	0	Training	0	Q4WGS5	Aspergillus fumigatus (strain ATCC MYA-4609 / CBS 101355 / FGSC A1100 / Af293)	Fungi	577		True
	P40014	0	Training	1	P40014	Saccharomyces cerevisiae (strain ATCC 204508 / S288c)	Fungi	221		False
	Q05568	0	Training	2	Q05568	Saccharomyces cerevisiae (strain ATCC 204508 / S288c)	Fungi	337		True
	Q6VN19	0	Training	3	Q6VN19	Mus musculus	Metazoa	620		False
	Q5I0E9	0	Training	4	Q5I0E9	Rattus norvegicus	Metazoa	566		True
	J4UQC2	0	Training	0	J4UQC2	Beauveria bassiana (strain ARSEF 2860)	Fungi	682		False
	P38170	0	Training	1	P38170	Saccharomyces cerevisiae (strain ATCC 204508 / S288c)	Fungi	754		False
	Q13868	0	Training	2	Q13868	Homo sapiens	Metazoa	293		False
	O14329	0	Training	3	O14329	Schizosaccharomyces pombe (strain 972 / ATCC 24843)	Fungi	386		False
	Q9SU25	0	Training	4	Q9SU25	Arabidopsis thaliana	Plants	649		False
	Q09228	0	Training	0	Q09228	Caenorhabditis elegans	Metazoa	1129		False
	O59748	0	Training	1	O59748	Schizosaccharomyces pombe (strain 972 / ATCC 24843)	Fungi	331		False
	P53264	0	Training	2	P53264	Saccharomyces cerevisiae (strain ATCC 204508 / S288c)	Fungi	445		False
	Q9UBC0	0	Training	3	Q9UBC0	Homo sapiens	Metazoa	465		False
	P50091	0	Training	4	P50091	Saccharomyces cerevisiae (strain ATCC 204508 / S288c)	Fungi	288		False
	P78953	0	Training	0	P78953	Schizosaccharomyces pombe (strain 972 / ATCC 24843)	Fungi	920		False
	Q86YA3	0	Training	1	Q86YA3	Homo sapiens	Metazoa	2104		False
	A6NKF2	0	Training	2	A6NKF2	Homo sapiens	Metazoa	412		False
	Q39057	0	Training	3	Q39057	Arabidopsis thaliana	Plants	373		False
	O14174	0	Training	4	O14174	Schizosaccharomyces pombe (strain 972 / ATCC 24843)	Fungi	473		False
	Q504Q3	0	Training	0	Q504Q3	Homo sapiens	Metazoa	1202		False
	Q810H6	0	Training	1	Q810H6	Rattus norvegicus	Metazoa	846		False
	Q9BZV1	0	Training	2	Q9BZV1	Homo sapiens	Metazoa	441		False
	O23310	0	Training	3	O23310	Arabidopsis thaliana	Plants	161		False
	E3Q1H1	0	Training	4	E3Q1H1	Trypanosoma brucei brucei	Other	147		False
	Q6ZQN7	0	Training	0	Q6ZQN7	Homo sapiens	Metazoa	724		False
	Q12511	0	Training	1	Q12511	Saccharomyces cerevisiae (strain ATCC 204508 / S288c)	Fungi	572		False
	O42250	0	Training	2	O42250	Danio rerio	Metazoa	344		False
	Q5XKL5	0	Training	3	Q5XKL5	Homo sapiens	Metazoa	1792		False
	Q8WV22	0	Training	4	Q8WV22	Homo sapiens	Metazoa	266		False
	Q9C5J3	0	Training	0	Q9C5J3	Arabidopsis thaliana	Plants	946		False
	P36093	0	Training	1	P36093	Saccharomyces cerevisiae (strain ATCC 204508 / S288c)	Fungi	366		False
	C6TCZ5	0	Training	2	C6TCZ5	Glycine max	Plants	232		False
	Q7Z602	0	Training	3	Q7Z602	Homo sapiens	Metazoa	305		True
	Q99547	0	Training	4	Q99547	Homo sapiens	Metazoa	160		False
	Q60864	0	Training	0	Q60864	Mus musculus	Metazoa	543		False
	P42948	0	Training	1	P42948	Saccharomyces cerevisiae (strain ATCC 204508 / S288c)	Fungi	560		False
	P25457	0	Training	2	P25457	Schizosaccharomyces pombe (strain 972 / ATCC 24843)	Fungi	250		False
	Q4PSK3	0	Training	3	Q4PSK3	Arabidopsis thaliana	Plants	124		False
	Q10302	0	Training	4	Q10302	Schizosaccharomyces pombe (strain 972 / ATCC 24843)	Fungi	646		False
	O74880	0	Training	0	O74880	Schizosaccharomyces pombe (strain 972 / ATCC 24843)	Fungi	360		False
	O74418	0	Training	1	O74418	Schizosaccharomyces pombe (strain 972 / ATCC 24843)	Fungi	244		False
	G5ECG2	0	Training	2	G5ECG2	Caenorhabditis elegans	Metazoa	467		False
	P12904	0	Training	3	P12904	Saccharomyces cerevisiae (strain ATCC 204508 / S288c)	Fungi	322		False
	Q9M0A5	0	Training	4	Q9M0A5	Arabidopsis thaliana	Plants	249		False
	P23610	0	Training	0	P23610	Homo sapiens	Metazoa	371		False
	Q69T99	0	Training	1	Q69T99	Oryza sativa subsp. japonica	Plants	500		False
	Q8L8Z1	0	Training	2	Q8L8Z1	Arabidopsis thaliana	Plants	190		True
	Q8VEH6	0	Training	3	Q8VEH6	Mus musculus	Metazoa	393		False
	P40061	0	Training	4	P40061	Saccharomyces cerevisiae (strain ATCC 204508 / S288c)	Fungi	1430		False
	Q8IVG5	0	Training	0	Q8IVG5	Homo sapiens	Metazoa	1584		False
	P87310	0	Training	1	P87310	Schizosaccharomyces pombe (strain 972 / ATCC 24843)	Fungi	144		False
	P53255	0	Training	2	P53255	Saccharomyces cerevisiae (strain ATCC 204508 / S288c)	Fungi	507		False
	Q6PCP7	0	Training	3	Q6PCP7	Mus musculus	Metazoa	798		True
	Q53GS7	0	Training	4	Q53GS7	Homo sapiens	Metazoa	698		False
	B2RW88	0	Training	0	B2RW88	Mus musculus	Metazoa	366		False
	Q32NR9	0	Training	1	Q32NR9	Xenopus laevis	Metazoa	708		False
	Q7SAJ1	0	Training	2	Q7SAJ1	Neurospora crassa (strain ATCC 24698 / 74-OR23-1A / CBS 708.71 / DSM 1257 / FGSC 987)	Fungi	236		False
	Q9LK88	0	Training	3	Q9LK88	Arabidopsis thaliana	Plants	196		False
	Q03375	0	Training	4	Q03375	Saccharomyces cerevisiae (strain ATCC 204508 / S288c)	Fungi	135		False
	Q96D98	0	Training	0	Q96D98	Homo sapiens	Metazoa	161		False
	O96693	0	Training	1	O96693	Plasmodium falciparum (isolate HB3)	Other	488		False
	Q91X44	0	Training	2	Q91X44	Mus musculus	Metazoa	623		False
	Q9JJL0	0	Training	3	Q9JJL0	Mus musculus	Metazoa	238		False
	Q9BXW9	0	Training	4	Q9BXW9	Homo sapiens	Metazoa	1451		False
	O75607	0	Training	0	O75607	Homo sapiens	Metazoa	178		False
	P46062	0	Training	1	P46062	Mus musculus	Metazoa	1037		False
	Q22829	0	Training	2	Q22829	Caenorhabditis elegans	Metazoa	470		False
	P41223	0	Training	3	P41223	Homo sapiens	Metazoa	144		False
	Q96FF9	0	Training	4	Q96FF9	Homo sapiens	Metazoa	252		False
	P53267	0	Training	0	P53267	Saccharomyces cerevisiae (strain ATCC 204508 / S288c)	Fungi	343		False
	Q9UKA1	0	Training	1	Q9UKA1	Homo sapiens	Metazoa	691		False
	Q9VPH0	0	Training	2	Q9VPH0	Drosophila melanogaster	Metazoa	869		False
	Q1K8F6	0	Training	3	Q1K8F6	Neurospora crassa (strain ATCC 24698 / 74-OR23-1A / CBS 708.71 / DSM 1257 / FGSC 987)	Fungi	712		False
	P53102	0	Training	4	P53102	Saccharomyces cerevisiae (strain ATCC 204508 / S288c)	Fungi	219		False
	Q9Y3E1	0	Training	0	Q9Y3E1	Homo sapiens	Metazoa	203		False
	O15304	0	Training	1	O15304	Homo sapiens	Metazoa	175		False
	P48237	0	Training	2	P48237	Saccharomyces cerevisiae (strain ATCC 204508 / S288c)	Fungi	864		False
	Q9JMB1	0	Training	3	Q9JMB1	Mus musculus	Metazoa	375		False
	Q8WVF1	0	Training	4	Q8WVF1	Homo sapiens	Metazoa	389		False
	Q9Y4R8	0	Training	0	Q9Y4R8	Homo sapiens	Metazoa	837		False
	Q9H668	0	Training	1	Q9H668	Homo sapiens	Metazoa	368		False
	Q12947	0	Training	2	Q12947	Homo sapiens	Metazoa	444		False
	F6TQD1	0	Training	3	F6TQD1	Mus musculus	Metazoa	307		False
	Q8R2K4	0	Training	4	Q8R2K4	Mus musculus	Metazoa	616		False
	Q9H0R1	0	Training	0	Q9H0R1	Homo sapiens	Metazoa	490		False
	Q9FJF4	0	Training	1	Q9FJF4	Arabidopsis thaliana	Plants	306		False
	Q9NYP3	0	Training	2	Q9NYP3	Homo sapiens	Metazoa	566		False
	Q9FJY5	0	Training	3	Q9FJY5	Arabidopsis thaliana	Plants	524		False
	P13631	0	Training	4	P13631	Homo sapiens	Metazoa	454		False
	Q9VX12	0	Training	0	Q9VX12	Drosophila melanogaster	Metazoa	359		False
	Q8R2H7	0	Training	1	Q8R2H7	Rattus norvegicus	Metazoa	913		False
	P46435	0	Training	2	P46435	Schistosoma mansoni	Metazoa	259		False
	D3YZI9	0	Training	3	D3YZI9	Mus musculus	Metazoa	523		False
	O82279	0	Training	4	O82279	Arabidopsis thaliana	Plants	350		False
	Q16186	0	Training	0	Q16186	Homo sapiens	Metazoa	407		False
	P42526	0	Training	1	P42526	Dictyostelium discoideum	Other	118		False
	P57080	0	Training	2	P57080	Mus musculus	Metazoa	1055		False
	Q58DZ9	0	Training	3	Q58DZ9	Rattus norvegicus	Metazoa	258		False
	C4QWS8	0	Training	4	C4QWS8	Komagataella phaffii (strain GS115 / ATCC 20864)	Fungi	363		False
	A0A076FFM5	0	Training	0	A0A076FFM5	Ocimum basilicum	Plants	523		False
	P00856	0	Training	1	P00856	Saccharomyces cerevisiae (strain ATCC 204508 / S288c)	Fungi	48		True
	Q6ZI01	0	Training	2	Q6ZI01	Oryza sativa subsp. japonica	Plants	213		False
	Q19404	0	Training	3	Q19404	Caenorhabditis elegans	Metazoa	442		False
	Q1KPV0	0	Training	4	Q1KPV0	Arabidopsis thaliana	Plants	912		False
	Q940U6	0	Training	0	Q940U6	Arabidopsis thaliana	Plants	316		False
	Q969Z3	0	Training	1	Q969Z3	Homo sapiens	Metazoa	335		False
	P09211	0	Training	2	P09211	Homo sapiens	Metazoa	210		False
	Q9BZL1	0	Training	3	Q9BZL1	Homo sapiens	Metazoa	73		False
	Q7TN79	0	Training	4	Q7TN79	Mus musculus	Metazoa	314		False
	Q9H079	0	Training	0	Q9H079	Homo sapiens	Metazoa	304		False
	Q91ZR5	0	Training	1	Q91ZR5	Mus musculus	Metazoa	686		False
	O04209	0	Training	2	O04209	Arabidopsis thaliana	Plants	258		False
	Q9WTJ6	0	Training	3	Q9WTJ6	Mus musculus	Metazoa	475		False
	Q8W1E3	0	Training	4	Q8W1E3	Arabidopsis thaliana	Plants	298		False
	Q6IDA6	0	Training	0	Q6IDA6	Arabidopsis thaliana	Plants	162		False
	Q9UQY9	0	Training	1	Q9UQY9	Schizosaccharomyces pombe (strain 972 / ATCC 24843)	Fungi	429		False
	Q05921	0	Training	2	Q05921	Mus musculus	Metazoa	735		False
	P50106	0	Training	3	P50106	Saccharomyces cerevisiae (strain ATCC 204508 / S288c)	Fungi	137		False
	Q29RF7	0	Training	4	Q29RF7	Homo sapiens	Metazoa	1337		False
	P0C7P0	0	Training	0	P0C7P0	Homo sapiens	Metazoa	127		False
	F4IN23	0	Training	1	F4IN23	Arabidopsis thaliana	Plants	321		False
	Q10252	0	Training	2	Q10252	Schizosaccharomyces pombe (strain 972 / ATCC 24843)	Fungi	358		True
	Q12291	0	Training	3	Q12291	Saccharomyces cerevisiae (strain ATCC 204508 / S288c)	Fungi	365		False
	Q92979	0	Training	4	Q92979	Homo sapiens	Metazoa	244		False
	O13725	0	Training	0	O13725	Schizosaccharomyces pombe (strain 972 / ATCC 24843)	Fungi	242		False
	Q03824	0	Training	1	Q03824	Saccharomyces cerevisiae (strain ATCC 204508 / S288c)	Fungi	705		False
	Q8NBA8	0	Training	2	Q8NBA8	Homo sapiens	Metazoa	298		False
	Q9U1K1	0	Training	3	Q9U1K1	Drosophila melanogaster	Metazoa	1020		False
	P38208	0	Training	4	P38208	Saccharomyces cerevisiae (strain ATCC 204508 / S288c)	Fungi	133		False
	Q9VLL3	0	Training	0	Q9VLL3	Drosophila melanogaster	Metazoa	753		False
	Q9LDY5	0	Training	1	Q9LDY5	Arabidopsis thaliana	Plants	247		False
	Q9BWX1	0	Training	2	Q9BWX1	Homo sapiens	Metazoa	381		False
	Q5GH62	0	Training	3	Q5GH62	Mus musculus	Metazoa	373		True
	P0DJ07	0	Training	4	P0DJ07	Homo sapiens	Metazoa	73		True
	Q69P94	0	Training	0	Q69P94	Oryza sativa subsp. japonica	Plants	232		False
	Q9WTK8	0	Training	1	Q9WTK8	Mus musculus	Metazoa	396		False
	O00625	0	Training	2	O00625	Homo sapiens	Metazoa	290		False
	Q06411	0	Training	3	Q06411	Saccharomyces cerevisiae (strain ATCC 204508 / S288c)	Fungi	708		False
	Q91YR5	0	Training	4	Q91YR5	Mus musculus	Metazoa	698		False
	Q8BG87	0	Training	0	Q8BG87	Mus musculus	Metazoa	1803		False
	O95997	0	Training	1	O95997	Homo sapiens	Metazoa	202		False
	Q86TC9	0	Training	2	Q86TC9	Homo sapiens	Metazoa	1320		False
	Q06340	0	Training	3	Q06340	Saccharomyces cerevisiae (strain ATCC 204508 / S288c)	Fungi	456		False
	G5EEM0	0	Training	4	G5EEM0	Caenorhabditis elegans	Metazoa	418		False
	P56645	0	Training	0	P56645	Homo sapiens	Metazoa	1201		False
	P38557	0	Training	1	P38557	Arabidopsis thaliana	Plants	474		False
	Q9Z0X1	0	Training	2	Q9Z0X1	Mus musculus	Metazoa	612		False
	Q15646	0	Training	3	Q15646	Homo sapiens	Metazoa	514		False
	Q9SAC6	0	Training	4	Q9SAC6	Arabidopsis thaliana	Plants	1399		False
	E1JIT7	0	Training	0	E1JIT7	Drosophila melanogaster	Metazoa	1601		False
	O15360	0	Training	1	O15360	Homo sapiens	Metazoa	1455		False
	O88843	0	Training	2	O88843	Mus musculus	Metazoa	199		False
	Q9NY27	0	Training	3	Q9NY27	Homo sapiens	Metazoa	417		False
	A9UHW6	0	Training	4	A9UHW6	Homo sapiens	Metazoa	222		False
	Q3E798	0	Training	0	Q3E798	Saccharomyces cerevisiae (strain ATCC 204508 / S288c)	Fungi	87		True
	A0A8I5ZT12	0	Training	1	A0A8I5ZT12	Rattus norvegicus	Metazoa	1484		False
	P46998	0	Training	2	P46998	Saccharomyces cerevisiae (strain ATCC 204508 / S288c)	Fungi	180		True
	Q06568	0	Training	3	Q06568	Saccharomyces cerevisiae (strain ATCC 204508 / S288c)	Fungi	189		False
	Q6S591	0	Training	4	Q6S591	Arabidopsis thaliana	Plants	253		False
	O78310	0	Training	0	O78310	Arabidopsis thaliana	Plants	216		False
	P06738	0	Training	1	P06738	Saccharomyces cerevisiae (strain ATCC 204508 / S288c)	Fungi	902		False
	P91943	0	Training	2	P91943	Drosophila melanogaster	Metazoa	751		False
	Q8N1G0	0	Training	3	Q8N1G0	Homo sapiens	Metazoa	1237		False
	Q1H5E9	0	Training	4	Q1H5E9	Arabidopsis thaliana	Plants	397		False
	Q7TMF3	0	Training	0	Q7TMF3	Mus musculus	Metazoa	145		False
	Q16342	0	Training	1	Q16342	Homo sapiens	Metazoa	344		False
	P10664	0	Training	2	P10664	Saccharomyces cerevisiae (strain ATCC 204508 / S288c)	Fungi	362		False
	B9EJG8	0	Training	3	B9EJG8	Homo sapiens	Metazoa	249		True
	P70434	0	Training	4	P70434	Mus musculus	Metazoa	457		False
	Q92565	0	Training	0	Q92565	Homo sapiens	Metazoa	580		False
	Q96PY6	0	Training	1	Q96PY6	Homo sapiens	Metazoa	1258		False
	Q92989	0	Training	2	Q92989	Homo sapiens	Metazoa	425		False
	F4JTS8	0	Training	3	F4JTS8	Arabidopsis thaliana	Plants	2729		False
	Q61115	0	Training	4	Q61115	Mus musculus	Metazoa	1434		True
	Q5Z8R1	0	Training	0	Q5Z8R1	Oryza sativa subsp. japonica	Plants	455		False
	P82675	0	Training	1	P82675	Homo sapiens	Metazoa	430		False
	J4KNE4	0	Training	2	J4KNE4	Beauveria bassiana (strain ARSEF 2860)	Fungi	810		False
	Q9BQA5	0	Training	3	Q9BQA5	Homo sapiens	Metazoa	517		False
	Q10LI1	0	Training	4	Q10LI1	Oryza sativa subsp. japonica	Plants	260		False
	Q9C6T1	0	Training	0	Q9C6T1	Arabidopsis thaliana	Plants	505		False
	Q6PCZ4	0	Training	1	Q6PCZ4	Mus musculus	Metazoa	918		False
	P25582	0	Training	2	P25582	Saccharomyces cerevisiae (strain ATCC 204508 / S288c)	Fungi	841		False
	P21375	0	Training	3	P21375	Saccharomyces cerevisiae (strain ATCC 204508 / S288c)	Fungi	501		False
	Q922R5	0	Training	4	Q922R5	Mus musculus	Metazoa	820		False
	Q06672	0	Training	0	Q06672	Saccharomyces cerevisiae (strain ATCC 204508 / S288c)	Fungi	205		False
	Q1EHW4	0	Training	1	Q1EHW4	Mus musculus	Metazoa	186		False
	P10862	0	Training	2	P10862	Saccharomyces cerevisiae (strain ATCC 204508 / S288c)	Fungi	487		False
	Q9SJH0	0	Training	3	Q9SJH0	Arabidopsis thaliana	Plants	118		False
	Q9NX52	0	Training	4	Q9NX52	Homo sapiens	Metazoa	303		True
	H2L056	0	Training	0	H2L056	Caenorhabditis elegans	Metazoa	613		False
	Q05541	0	Training	1	Q05541	Saccharomyces cerevisiae (strain ATCC 204508 / S288c)	Fungi	303		False
	Q9W2I4	0	Training	2	Q9W2I4	Drosophila melanogaster	Metazoa	289		False
	Q8R3P9	0	Training	3	Q8R3P9	Mus musculus	Metazoa	1054		False
	Q0J995	0	Training	4	Q0J995	Oryza sativa subsp. japonica	Plants	424		False
	O59740	0	Training	0	O59740	Schizosaccharomyces pombe (strain 972 / ATCC 24843)	Fungi	522		False
	Q9ZW85	0	Training	1	Q9ZW85	Arabidopsis thaliana	Plants	251		False
	A0A0D1DMJ6	0	Training	2	A0A0D1DMJ6	Mycosarcoma maydis	Fungi	757		False
	P50110	0	Training	3	P50110	Saccharomyces cerevisiae (strain ATCC 204508 / S288c)	Fungi	327		True
	O13688	0	Training	4	O13688	Schizosaccharomyces pombe (strain 972 / ATCC 24843)	Fungi	522		False
	P32874	0	Training	0	P32874	Saccharomyces cerevisiae (strain ATCC 204508 / S288c)	Fungi	2273		False
	P53201	0	Training	1	P53201	Saccharomyces cerevisiae (strain ATCC 204508 / S288c)	Fungi	476		False
	O55230	0	Training	2	O55230	Mus musculus	Metazoa	329		False
	Q69YN2	0	Training	3	Q69YN2	Homo sapiens	Metazoa	538		False
	P78527	0	Training	4	P78527	Homo sapiens	Metazoa	4128		False
	Q54XG7	0	Training	0	Q54XG7	Dictyostelium discoideum	Other	1230		False
	Q945P1	0	Training	1	Q945P1	Arabidopsis thaliana	Plants	317		False
	Q9SZ15	0	Training	2	Q9SZ15	Arabidopsis thaliana	Plants	421		False
	Q9VWS0	0	Training	3	Q9VWS0	Drosophila melanogaster	Metazoa	686		False
	Q6AXT7	0	Training	4	Q6AXT7	Rattus norvegicus	Metazoa	478		False
	Q08605	0	Training	0	Q08605	Drosophila melanogaster	Metazoa	582		False
	B9DHG0	0	Training	1	B9DHG0	Arabidopsis thaliana	Plants	301		True
	Q8IXP5	0	Training	2	Q8IXP5	Homo sapiens	Metazoa	288		False
	Q92373	0	Training	3	Q92373	Schizosaccharomyces pombe (strain 972 / ATCC 24843)	Fungi	279		False
	P14618	0	Training	4	P14618	Homo sapiens	Metazoa	531		False
	Q6P6N5	0	Training	0	Q6P6N5	Mus musculus	Metazoa	408		False
	O13851	0	Training	1	O13851	Schizosaccharomyces pombe (strain 972 / ATCC 24843)	Fungi	294		False
	Q9BSF8	0	Training	2	Q9BSF8	Homo sapiens	Metazoa	475		False
	Q6E434	0	Training	3	Q6E434	Schizosaccharomyces pombe (strain 972 / ATCC 24843)	Fungi	485		False
	Q9VH36	0	Training	4	Q9VH36	Drosophila melanogaster	Metazoa	585		False
	O35683	0	Training	0	O35683	Mus musculus	Metazoa	70		True
	Q9P7M3	0	Training	1	Q9P7M3	Schizosaccharomyces pombe (strain 972 / ATCC 24843)	Fungi	271		False
	W2SDE2	0	Training	2	W2SDE2	Cyphellophora europaea (strain CBS 101466)	Fungi	346		False
	Q9H8K7	0	Training	3	Q9H8K7	Homo sapiens	Metazoa	445		False
	A1YKT1	0	Training	4	A1YKT1	Arabidopsis thaliana	Plants	433		False
	Q9NVU7	0	Training	0	Q9NVU7	Homo sapiens	Metazoa	687		False
	Q5TAQ9	0	Training	1	Q5TAQ9	Homo sapiens	Metazoa	597		False
	Q1MTS0	0	Training	2	Q1MTS0	Schizosaccharomyces pombe (strain 972 / ATCC 24843)	Fungi	597		False
	Q9UT31	0	Training	3	Q9UT31	Schizosaccharomyces pombe (strain 972 / ATCC 24843)	Fungi	241		False
	Q9NX08	0	Training	4	Q9NX08	Homo sapiens	Metazoa	183		False
	O94851	0	Training	0	O94851	Homo sapiens	Metazoa	1957		False
	Q8NEM7	0	Training	1	Q8NEM7	Homo sapiens	Metazoa	779		False
	Q9FL12	0	Training	2	Q9FL12	Arabidopsis thaliana	Plants	592		False
	P03069	0	Training	3	P03069	Saccharomyces cerevisiae (strain ATCC 204508 / S288c)	Fungi	281		False
	P15884	0	Training	4	P15884	Homo sapiens	Metazoa	667		False
	P46604	0	Training	0	P46604	Arabidopsis thaliana	Plants	278		False
	Q9D5P4	0	Training	1	Q9D5P4	Mus musculus	Metazoa	561		False
	Q4V7K4	0	Training	2	Q4V7K4	Xenopus laevis	Metazoa	733		False
	Q06697	0	Training	3	Q06697	Saccharomyces cerevisiae (strain ATCC 204508 / S288c)	Fungi	393		False
	P40008	0	Training	4	P40008	Saccharomyces cerevisiae (strain ATCC 204508 / S288c)	Fungi	231		False
	Q9HCU9	0	Training	0	Q9HCU9	Homo sapiens	Metazoa	246		False
	Q7YUD6	0	Training	1	Q7YUD6	Plasmodium falciparum	Other	669		True
	Q9QXK9	0	Training	2	Q9QXK9	Mus musculus	Metazoa	374		False
	Q91YT7	0	Training	3	Q91YT7	Mus musculus	Metazoa	579		False
	Q8IN94	0	Training	4	Q8IN94	Drosophila melanogaster	Metazoa	2716		False
	P53309	0	Training	0	P53309	Saccharomyces cerevisiae (strain ATCC 204508 / S288c)	Fungi	568		False
	P62072	0	Training	1	P62072	Homo sapiens	Metazoa	90		False
	P07257	0	Training	2	P07257	Saccharomyces cerevisiae (strain ATCC 204508 / S288c)	Fungi	368		False
	E9Q2Z1	0	Training	3	E9Q2Z1	Mus musculus	Metazoa	1453		False
	Q96EH3	0	Training	4	Q96EH3	Homo sapiens	Metazoa	234		False
	Q12275	0	Training	0	Q12275	Saccharomyces cerevisiae (strain ATCC 204508 / S288c)	Fungi	1648		False
	P30987	0	Training	1	P30987	Mus musculus	Metazoa	341		True
	P48634	0	Training	2	P48634	Homo sapiens	Metazoa	2157		False
	P58281	0	Training	3	P58281	Mus musculus	Metazoa	960		False
	Q10325	0	Training	4	Q10325	Schizosaccharomyces pombe (strain 972 / ATCC 24843)	Fungi	407		False
	Q9Y253	0	Training	0	Q9Y253	Homo sapiens	Metazoa	713		False
	Q00055	0	Training	1	Q00055	Saccharomyces cerevisiae (strain ATCC 204508 / S288c)	Fungi	391		False
	K4D3V7	0	Training	2	K4D3V7	Solanum lycopersicum	Plants	475		False
	Q70EL2	0	Training	3	Q70EL2	Homo sapiens	Metazoa	814		False
	Q9FGN8	0	Training	4	Q9FGN8	Arabidopsis thaliana	Plants	639		False
	Q9Y4E5	0	Training	0	Q9Y4E5	Homo sapiens	Metazoa	1061		False
	Q924K8	0	Training	1	Q924K8	Mus musculus	Metazoa	591		False
	P40166	0	Training	2	P40166	Saccharomyces cerevisiae (strain ATCC 204508 / S288c)	Fungi	100		False
	Q9VPF9	0	Training	3	Q9VPF9	Drosophila melanogaster	Metazoa	373		False
	Q9Y7J1	0	Training	4	Q9Y7J1	Schizosaccharomyces pombe (strain 972 / ATCC 24843)	Fungi	474		False
	P35732	0	Training	0	P35732	Saccharomyces cerevisiae (strain ATCC 204508 / S288c)	Fungi	738		False
	O74354	0	Training	1	O74354	Schizosaccharomyces pombe (strain 972 / ATCC 24843)	Fungi	599		False
	P50539	0	Training	2	P50539	Homo sapiens	Metazoa	228		False
	U3H042	0	Training	3	U3H042	Schizosaccharomyces pombe (strain 972 / ATCC 24843)	Fungi	264		False
	Q12204	0	Training	4	Q12204	Saccharomyces cerevisiae (strain ATCC 204508 / S288c)	Fungi	715		False
	Q08961	0	Training	0	Q08961	Saccharomyces cerevisiae (strain ATCC 204508 / S288c)	Fungi	583		False
	O00257	0	Training	1	O00257	Homo sapiens	Metazoa	560		False
	Q6XQN6	0	Training	2	Q6XQN6	Homo sapiens	Metazoa	538		False
	Q9ESM6	0	Training	3	Q9ESM6	Mus musculus	Metazoa	539		True
	Q6UFS5	0	Training	4	Q6UFS5	Danio rerio	Metazoa	563		False
	Q9QZB0	0	Training	0	Q9QZB0	Mus musculus	Metazoa	210		False
	Q14019	0	Training	1	Q14019	Homo sapiens	Metazoa	142		False
	Q9UI32	0	Training	2	Q9UI32	Homo sapiens	Metazoa	602		False
	P32259	0	Training	3	P32259	Saccharomyces cerevisiae (strain ATCC 204508 / S288c)	Fungi	974		False
	Q7L0Y3	0	Training	4	Q7L0Y3	Homo sapiens	Metazoa	403		False
	P26645	0	Training	0	P26645	Mus musculus	Metazoa	309		False
	Q94126	0	Training	1	Q94126	Caenorhabditis elegans	Metazoa	211		False
	Q06598	0	Training	2	Q06598	Saccharomyces cerevisiae (strain ATCC 204508 / S288c)	Fungi	404		True
	O14097	0	Training	3	O14097	Schizosaccharomyces pombe (strain 972 / ATCC 24843)	Fungi	331		False
	P07213	0	Training	4	P07213	Saccharomyces cerevisiae (strain ATCC 204508 / S288c)	Fungi	617		True
	Q10173	0	Training	0	Q10173	Schizosaccharomyces pombe (strain 972 / ATCC 24843)	Fungi	441		False
	P35710	0	Training	1	P35710	Mus musculus	Metazoa	763		False
	A0A120KVW2	0	Training	2	A0A120KVW2	Trypanosoma brucei brucei	Other	1136		False
	Q06315	0	Training	3	Q06315	Saccharomyces cerevisiae (strain ATCC 204508 / S288c)	Fungi	1026		False
	P47077	0	Training	4	P47077	Saccharomyces cerevisiae (strain ATCC 204508 / S288c)	Fungi	666		False
	Q9EQQ4	0	Training	0	Q9EQQ4	Mus musculus	Metazoa	373		True
	Q9BUA3	0	Training	1	Q9BUA3	Homo sapiens	Metazoa	381		False
	Q12931	0	Training	2	Q12931	Homo sapiens	Metazoa	704		False
	O55057	0	Training	3	O55057	Mus musculus	Metazoa	150		False
	Q3U2U7	0	Training	4	Q3U2U7	Mus musculus	Metazoa	461		False
	Q9LVM5	0	Training	0	Q9LVM5	Arabidopsis thaliana	Plants	324		False
	Q9HGN5	0	Training	1	Q9HGN5	Schizosaccharomyces pombe (strain 972 / ATCC 24843)	Fungi	279		False
	Q9C5J9	0	Training	2	Q9C5J9	Arabidopsis thaliana	Plants	342		False
	P0C1Z6	0	Training	3	P0C1Z6	Homo sapiens	Metazoa	253		False
	Q9UH92	0	Training	4	Q9UH92	Homo sapiens	Metazoa	298		False
	P43079	0	Training	0	P43079	Candida albicans (strain SC5314 / ATCC MYA-2876)	Fungi	656		False
	A2A9C3	0	Training	1	A2A9C3	Mus musculus	Metazoa	3431		False
	Q9UNA4	0	Training	2	Q9UNA4	Homo sapiens	Metazoa	740		False
	P45968	0	Training	3	P45968	Caenorhabditis elegans	Metazoa	339		False
	Q42606	0	Training	4	Q42606	Arabidopsis thaliana	Plants	369		False
	Q21836	0	Training	0	Q21836	Caenorhabditis elegans	Metazoa	362		False
	P54857	0	Training	1	P54857	Saccharomyces cerevisiae (strain ATCC 204508 / S288c)	Fungi	326		False
	Q9FZ47	0	Training	2	Q9FZ47	Arabidopsis thaliana	Plants	290		False
	A0A163UT06	0	Training	3	A0A163UT06	Caenorhabditis elegans	Metazoa	277		False
	O74535	0	Training	4	O74535	Schizosaccharomyces pombe (strain 972 / ATCC 24843)	Fungi	710		False
	Q8K1R3	0	Training	0	Q8K1R3	Mus musculus	Metazoa	783		False
	Q24134	0	Training	1	Q24134	Drosophila melanogaster	Metazoa	578		False
	Q96524	0	Training	2	Q96524	Arabidopsis thaliana	Plants	612		False
	A9YTQ3	0	Training	3	A9YTQ3	Homo sapiens	Metazoa	697		False
	A0AV96	0	Training	4	A0AV96	Homo sapiens	Metazoa	593		False
	P70033	0	Training	0	P70033	Xenopus laevis	Metazoa	435		False
	Q16617	0	Training	1	Q16617	Homo sapiens	Metazoa	165		True
	Q95XA8	0	Training	2	Q95XA8	Caenorhabditis elegans	Metazoa	486		False
	A0A1B0GUW7	0	Training	3	A0A1B0GUW7	Homo sapiens	Metazoa	55		True
	Q9P2D8	0	Training	4	Q9P2D8	Homo sapiens	Metazoa	2635		False
	Q18508	0	Training	0	Q18508	Caenorhabditis elegans	Metazoa	1784		False
	Q9P6S5	0	Training	1	Q9P6S5	Schizosaccharomyces pombe (strain 972 / ATCC 24843)	Fungi	307		False
	Q940X9	0	Training	2	Q940X9	Arabidopsis thaliana	Plants	826		False
	O80842	0	Training	3	O80842	Arabidopsis thaliana	Plants	366		False
	Q10059	0	Training	4	Q10059	Schizosaccharomyces pombe (strain 972 / ATCC 24843)	Fungi	1841		False
	Q08024	0	Training	0	Q08024	Mus musculus	Metazoa	187		False
	Q96Q11	0	Training	1	Q96Q11	Homo sapiens	Metazoa	434		False
	A2T1U1	0	Training	2	A2T1U1	Brassica oleracea var. botrytis	Plants	305		False
	Q8L7C9	0	Training	3	Q8L7C9	Arabidopsis thaliana	Plants	217		False
	Q9FTA2	0	Training	4	Q9FTA2	Arabidopsis thaliana	Plants	239		False
	Q12117	0	Training	0	Q12117	Saccharomyces cerevisiae (strain ATCC 204508 / S288c)	Fungi	320		True
	P40326	0	Training	1	P40326	Saccharomyces cerevisiae (strain ATCC 204508 / S288c)	Fungi	108		False
	Q94AG6	0	Training	2	Q94AG6	Arabidopsis thaliana	Plants	325		True
	P38250	0	Training	3	P38250	Saccharomyces cerevisiae (strain ATCC 204508 / S288c)	Fungi	946		False
	O08586	0	Training	4	O08586	Mus musculus	Metazoa	403		False
	Q07381	0	Training	0	Q07381	Saccharomyces cerevisiae (strain ATCC 204508 / S288c)	Fungi	788		False
	O42637	0	Training	1	O42637	Neurospora crassa (strain ATCC 24698 / 74-OR23-1A / CBS 708.71 / DSM 1257 / FGSC 987)	Fungi	797		False
	Q9UUI3	0	Training	2	Q9UUI3	Schizosaccharomyces pombe (strain 972 / ATCC 24843)	Fungi	585		False
	Q19345	0	Training	3	Q19345	Caenorhabditis elegans	Metazoa	572		False
	Q96DV4	0	Training	4	Q96DV4	Homo sapiens	Metazoa	380		False
	Q7Z3E1	0	Training	0	Q7Z3E1	Homo sapiens	Metazoa	657		False
	Q925F4	0	Training	1	Q925F4	Mus musculus	Metazoa	539		False
	P28907	0	Training	2	P28907	Homo sapiens	Metazoa	300		True
	B6VQ60	0	Training	3	B6VQ60	Caenorhabditis elegans	Metazoa	609		False
	P09234	0	Training	4	P09234	Homo sapiens	Metazoa	159		False
	P32037	0	Training	0	P32037	Mus musculus	Metazoa	493		True
	Q04868	0	Training	1	Q04868	Saccharomyces cerevisiae (strain ATCC 204508 / S288c)	Fungi	273		False
	Q75WU1	0	Training	2	Q75WU1	Oryza sativa subsp. japonica	Plants	93		False
	Q9SKZ5	0	Training	3	Q9SKZ5	Arabidopsis thaliana	Plants	560		False
	Q86TS9	0	Training	4	Q86TS9	Homo sapiens	Metazoa	123		False
	Q9H8M2	0	Training	0	Q9H8M2	Homo sapiens	Metazoa	597		False
	Q62674	0	Training	1	Q62674	Rattus norvegicus	Metazoa	648		True
	P09108	0	Training	2	P09108	Tetronarce californica	Metazoa	412		False
	P32526	0	Training	3	P32526	Saccharomyces cerevisiae (strain ATCC 204508 / S288c)	Fungi	644		False
	Q42510	0	Training	4	Q42510	Arabidopsis thaliana	Plants	1451		False
	F4ICK8	0	Training	0	F4ICK8	Arabidopsis thaliana	Plants	502		False
	Q68FY1	0	Training	1	Q68FY1	Rattus norvegicus	Metazoa	325		False
	Q9FJH5	0	Training	2	Q9FJH5	Arabidopsis thaliana	Plants	283		False
	P32480	0	Training	3	P32480	Saccharomyces cerevisiae (strain ATCC 204508 / S288c)	Fungi	875		False
	Q9BSV6	0	Training	4	Q9BSV6	Homo sapiens	Metazoa	310		False
	O15068	0	Training	0	O15068	Homo sapiens	Metazoa	1137		False
	Q9URZ4	0	Training	1	Q9URZ4	Schizosaccharomyces pombe (strain 972 / ATCC 24843)	Fungi	587		False
	Q9FN52	0	Training	2	Q9FN52	Arabidopsis thaliana	Plants	503		False
	Q5I2A0	0	Training	3	Q5I2A0	Mus musculus	Metazoa	440		False
	P53886	0	Training	4	P53886	Saccharomyces cerevisiae (strain ATCC 204508 / S288c)	Fungi	1748		False
	P38292	0	Training	0	P38292	Saccharomyces cerevisiae (strain ATCC 204508 / S288c)	Fungi	413		True
	Q9LY66	0	Training	1	Q9LY66	Arabidopsis thaliana	Plants	346		False
	Q9FXI5	0	Training	2	Q9FXI5	Arabidopsis thaliana	Plants	794		False
	Q9W2H9	0	Training	3	Q9W2H9	Drosophila melanogaster	Metazoa	541		False
	Q8R4F0	0	Training	4	Q8R4F0	Mus musculus	Metazoa	553		True
	Q03388	0	Training	0	Q03388	Saccharomyces cerevisiae (strain ATCC 204508 / S288c)	Fungi	795		False
	Q6P756	0	Training	1	Q6P756	Rattus norvegicus	Metazoa	263		False
	Q61471	0	Training	2	Q61471	Mus musculus	Metazoa	362		False
	Q9UQ13	0	Training	3	Q9UQ13	Homo sapiens	Metazoa	582		False
	Q9ZT96	0	Training	4	Q9ZT96	Arabidopsis thaliana	Plants	541		False
	Q03898	0	Training	0	Q03898	Saccharomyces cerevisiae (strain ATCC 204508 / S288c)	Fungi	291		False
	O60174	0	Training	1	O60174	Schizosaccharomyces pombe (strain 972 / ATCC 24843)	Fungi	582		False
	Q9CZX7	0	Training	2	Q9CZX7	Mus musculus	Metazoa	257		False
	Q5M775	0	Training	3	Q5M775	Homo sapiens	Metazoa	1068		False
	Q64702	0	Training	4	Q64702	Mus musculus	Metazoa	925		False
	Q9SS48	0	Training	0	Q9SS48	Arabidopsis thaliana	Plants	629		False
	Q9CQ79	0	Training	1	Q9CQ79	Mus musculus	Metazoa	226		False
	Q99496	0	Training	2	Q99496	Homo sapiens	Metazoa	336		False
	Q9D8H7	0	Training	3	Q9D8H7	Mus musculus	Metazoa	521		False
	P51178	0	Training	4	P51178	Homo sapiens	Metazoa	756		False
	Q9SPI9	0	Training	0	Q9SPI9	Chlamydomonas reinhardtii	Plants	115		True
	Q4KMQ1	0	Training	1	Q4KMQ1	Homo sapiens	Metazoa	711		False
	F4JF14	0	Training	2	F4JF14	Arabidopsis thaliana	Plants	953		False
	Q6P3S1	0	Training	3	Q6P3S1	Homo sapiens	Metazoa	775		False
	Q9D8F1	0	Training	4	Q9D8F1	Mus musculus	Metazoa	300		False
	Q08213	0	Training	0	Q08213	Saccharomyces cerevisiae (strain ATCC 204508 / S288c)	Fungi	363		False
	Q8BG21	0	Training	1	Q8BG21	Mus musculus	Metazoa	171		True
	Q12381	0	Training	2	Q12381	Schizosaccharomyces pombe (strain 972 / ATCC 24843)	Fungi	906		False
	A0A1C3NSL9	0	Training	3	A0A1C3NSL9	Caenorhabditis elegans	Metazoa	1644		False
	P78316	0	Training	4	P78316	Homo sapiens	Metazoa	857		False
	P46309	0	Training	0	P46309	Arabidopsis thaliana	Plants	522		False
	Q6NUD0	0	Training	1	Q6NUD0	Xenopus laevis	Metazoa	333		False
	O74971	0	Training	2	O74971	Schizosaccharomyces pombe (strain 972 / ATCC 24843)	Fungi	261		False
	P36168	0	Training	3	P36168	Saccharomyces cerevisiae (strain ATCC 204508 / S288c)	Fungi	1195		False
	P53883	0	Training	4	P53883	Saccharomyces cerevisiae (strain ATCC 204508 / S288c)	Fungi	403		False
	P78345	0	Training	0	P78345	Homo sapiens	Metazoa	283		False
	Q28851	0	Training	1	Q28851	Bos taurus	Metazoa	88		True
	O42975	0	Training	2	O42975	Schizosaccharomyces pombe (strain 972 / ATCC 24843)	Fungi	972		False
	P03925	0	Training	3	P03925	Mus musculus	Metazoa	172		True
	Q17602	0	Training	4	Q17602	Caenorhabditis elegans	Metazoa	1390		False
	P47149	0	Training	0	P47149	Saccharomyces cerevisiae (strain ATCC 204508 / S288c)	Fungi	201		False
	Q12753	0	Training	1	Q12753	Saccharomyces cerevisiae (strain ATCC 204508 / S288c)	Fungi	694		False
	D0Q0Y7	0	Training	2	D0Q0Y7	Rattus norvegicus	Metazoa	160		True
	Q15649	0	Training	3	Q15649	Homo sapiens	Metazoa	155		False
	Q93ZG9	0	Training	4	Q93ZG9	Arabidopsis thaliana	Plants	477		False
	P47093	0	Training	0	P47093	Saccharomyces cerevisiae (strain ATCC 204508 / S288c)	Fungi	109		False
	Q6Q4D0	0	Training	1	Q6Q4D0	Arabidopsis thaliana	Plants	1311		False
	O49543	0	Training	2	O49543	Arabidopsis thaliana	Plants	453		False
	Q03193	0	Training	3	Q03193	Saccharomyces cerevisiae (strain ATCC 204508 / S288c)	Fungi	310		True
	O00623	0	Training	4	O00623	Homo sapiens	Metazoa	359		True
	Q12179	0	Training	0	Q12179	Saccharomyces cerevisiae (strain ATCC 204508 / S288c)	Fungi	454		False
	Q9P7G6	0	Training	1	Q9P7G6	Schizosaccharomyces pombe (strain 972 / ATCC 24843)	Fungi	566		False
	A0A509ARF0	0	Training	2	A0A509ARF0	Plasmodium berghei (strain Anka)	Other	403		False
	P42116	0	Training	3	P42116	Neurospora crassa (strain ATCC 24698 / 74-OR23-1A / CBS 708.71 / DSM 1257 / FGSC 987)	Fungi	186		True
	P39683	0	Training	4	P39683	Saccharomyces cerevisiae (strain ATCC 204508 / S288c)	Fungi	429		False
	Q9NZG7	0	Training	0	Q9NZG7	Homo sapiens	Metazoa	142		True
	Q9SGH4	0	Training	1	Q9SGH4	Arabidopsis thaliana	Plants	220		False
	G1X9H9	0	Training	2	G1X9H9	Arthrobotrys oligospora (strain ATCC 24927 / CBS 115.81 / DSM 1491)	Fungi	411		False
	F4JGZ1	0	Training	3	F4JGZ1	Arabidopsis thaliana	Plants	1278		False
	A6NFQ2	0	Training	4	A6NFQ2	Homo sapiens	Metazoa	919		False
	P42697	0	Training	0	P42697	Arabidopsis thaliana	Plants	610		False
	Q7SHR9	0	Training	1	Q7SHR9	Neurospora crassa (strain ATCC 24698 / 74-OR23-1A / CBS 708.71 / DSM 1257 / FGSC 987)	Fungi	316		False
	P47910	0	Training	2	P47910	Spinacia oleracea	Plants	101		False
	A2AIV2	0	Training	3	A2AIV2	Mus musculus	Metazoa	1811		False
	Q9FQ09	0	Training	4	Q9FQ09	Arabidopsis thaliana	Plants	680		False
	L0R8F8	0	Training	0	L0R8F8	Homo sapiens	Metazoa	70		False
	P40486	0	Training	1	P40486	Saccharomyces cerevisiae (strain ATCC 204508 / S288c)	Fungi	507		False
	Q9UHV9	0	Training	2	Q9UHV9	Homo sapiens	Metazoa	154		False
	P20134	0	Training	3	P20134	Saccharomyces cerevisiae (strain ATCC 204508 / S288c)	Fungi	766		False
	P82887	0	Training	4	P82887	Olisthodiscus luteus	Other	114		False
	Q8IUH3	0	Training	0	Q8IUH3	Homo sapiens	Metazoa	476		False
	O97297	0	Training	1	O97297	Plasmodium falciparum (isolate 3D7)	Other	404		False
	Q9SB47	0	Training	2	Q9SB47	Arabidopsis thaliana	Plants	319		False
	Q05024	0	Training	3	Q05024	Saccharomyces cerevisiae (strain ATCC 204508 / S288c)	Fungi	226		False
	P35680	0	Training	4	P35680	Homo sapiens	Metazoa	557		False
	O43082	0	Training	0	O43082	Schizosaccharomyces pombe (strain 972 / ATCC 24843)	Fungi	233		False
	P19541	0	Training	1	P19541	Saccharomyces cerevisiae (strain ATCC 204508 / S288c)	Fungi	446		False
	P82669	0	Training	2	P82669	Bos taurus	Metazoa	173		False
	Q6UXN9	0	Training	3	Q6UXN9	Homo sapiens	Metazoa	313		False
	P41896	0	Training	4	P41896	Saccharomyces cerevisiae (strain ATCC 204508 / S288c)	Fungi	400		False
	Q8VIJ5	0	Training	0	Q8VIJ5	Rattus norvegicus	Metazoa	916		False
	Q9ER97	0	Training	1	Q9ER97	Mus musculus	Metazoa	151		False
	Q3KRA9	0	Training	2	Q3KRA9	Homo sapiens	Metazoa	238		False
	Q8WWQ0	0	Training	3	Q8WWQ0	Homo sapiens	Metazoa	1821		False
	P93045	0	Training	4	P93045	Arabidopsis thaliana	Plants	240		False
	Q9NXV6	0	Training	0	Q9NXV6	Homo sapiens	Metazoa	580		False
	Q3V2A7	0	Training	1	Q3V2A7	Mus musculus	Metazoa	592		False
	Q14498	0	Training	2	Q14498	Homo sapiens	Metazoa	530		False
	Q64321	0	Training	3	Q64321	Mus musculus	Metazoa	544		False
	Q84Y18	0	Training	4	Q84Y18	Arabidopsis thaliana	Plants	332		False
	Q8BMI0	0	Training	0	Q8BMI0	Mus musculus	Metazoa	1194		False
	Q9URX7	0	Training	1	Q9URX7	Schizosaccharomyces pombe (strain 972 / ATCC 24843)	Fungi	340		False
	P38326	0	Training	2	P38326	Saccharomyces cerevisiae (strain ATCC 204508 / S288c)	Fungi	303		False
	Q8IWT0	0	Training	3	Q8IWT0	Homo sapiens	Metazoa	167		False
	P55088	0	Training	4	P55088	Mus musculus	Metazoa	323		True
	Q7K003	0	Training	0	Q7K003	Drosophila melanogaster	Metazoa	201		False
	Q9BUL5	0	Training	1	Q9BUL5	Homo sapiens	Metazoa	403		False
	Q9TXI7	0	Training	2	Q9TXI7	Caenorhabditis elegans	Metazoa	901		False
	Q9C9B9	0	Training	3	Q9C9B9	Arabidopsis thaliana	Plants	643		False
	P38205	0	Training	4	P38205	Saccharomyces cerevisiae (strain ATCC 204508 / S288c)	Fungi	684		False
	O75940	0	Training	0	O75940	Homo sapiens	Metazoa	238		False
	P24482	0	Training	1	P24482	Saccharomyces cerevisiae (strain ATCC 204508 / S288c)	Fungi	689		False
	Q42496	0	Training	2	Q42496	Chlamydomonas reinhardtii	Plants	99		True
	Q06106	0	Training	3	Q06106	Saccharomyces cerevisiae (strain ATCC 204508 / S288c)	Fungi	887		False
	Q9VEX9	0	Training	4	Q9VEX9	Drosophila melanogaster	Metazoa	150		False
	P18754	0	Training	0	P18754	Homo sapiens	Metazoa	421		False
	I6PL68	0	Training	1	I6PL68	Oryza sativa subsp. japonica	Plants	303		False
	O75106	0	Training	2	O75106	Homo sapiens	Metazoa	756		True
	Q9Y6N9	0	Training	3	Q9Y6N9	Homo sapiens	Metazoa	552		False
	P38801	0	Training	4	P38801	Saccharomyces cerevisiae (strain ATCC 204508 / S288c)	Fungi	184		False
	O95415	0	Training	0	O95415	Homo sapiens	Metazoa	125		True
	O22160	0	Training	1	O22160	Arabidopsis thaliana	Plants	224		False
	P93788	0	Training	2	P93788	Solanum tuberosum	Plants	198		False
	Q14676	0	Training	3	Q14676	Homo sapiens	Metazoa	2089		False
	P38979	0	Training	4	P38979	Drosophila melanogaster	Metazoa	270		False
	Q06554	0	Training	0	Q06554	Saccharomyces cerevisiae (strain ATCC 204508 / S288c)	Fungi	1556		False
	O42666	0	Training	1	O42666	Schizosaccharomyces pombe (strain 972 / ATCC 24843)	Fungi	243		False
	P56277	0	Training	2	P56277	Homo sapiens	Metazoa	68		False
	P21580	0	Training	3	P21580	Homo sapiens	Metazoa	790		False
	P20398	0	Training	4	P20398	Xenopus laevis	Metazoa	591		False
	Q9VZL5	0	Training	0	Q9VZL5	Drosophila melanogaster	Metazoa	485		False
	Q75WB5	0	Training	1	Q75WB5	Bos taurus	Metazoa	1288		False
	Q9NRF8	0	Training	2	Q9NRF8	Homo sapiens	Metazoa	586		False
	Q04894	0	Training	3	Q04894	Saccharomyces cerevisiae (strain ATCC 204508 / S288c)	Fungi	360		False
	P23116	0	Training	4	P23116	Mus musculus	Metazoa	1344		False
	G4NCH6	0	Training	0	G4NCH6	Pyricularia oryzae (strain 70-15 / ATCC MYA-4617 / FGSC 8958)	Fungi	366		False
	Q9BW27	0	Training	1	Q9BW27	Homo sapiens	Metazoa	656		False
	E9QAU8	0	Training	2	E9QAU8	Mus musculus	Metazoa	347		False
	Q02606	0	Training	3	Q02606	Saccharomyces cerevisiae (strain ATCC 204508 / S288c)	Fungi	381		False
	P30706	0	Training	4	P30706	Pisum sativum	Plants	457		False
	F4HRV8	0	Training	0	F4HRV8	Arabidopsis thaliana	Plants	596		False
	D3Z649	0	Training	1	D3Z649	Mus musculus	Metazoa	1135		True
	A0A0K2GUJ4	0	Training	2	A0A0K2GUJ4	Dermatophagoides pteronyssinus	Metazoa	118		False
	Q08923	0	Training	3	Q08923	Saccharomyces cerevisiae (strain ATCC 204508 / S288c)	Fungi	506		False
	Q9W6G7	0	Training	4	Q9W6G7	Xenopus laevis	Metazoa	463		False
	Q0P651	0	Training	0	Q0P651	Homo sapiens	Metazoa	464		False
	Q9FZD1	0	Training	1	Q9FZD1	Arabidopsis thaliana	Plants	630		False
	Q08357	0	Training	2	Q08357	Homo sapiens	Metazoa	652		True
	Q80ZI2	0	Training	3	Q80ZI2	Mus musculus	Metazoa	223		False
	Q9H165	0	Training	4	Q9H165	Homo sapiens	Metazoa	835		False
	Q67Y99	0	Training	0	Q67Y99	Arabidopsis thaliana	Plants	330		False
	Q8VY11	0	Training	1	Q8VY11	Arabidopsis thaliana	Plants	546		False
	P39985	0	Training	2	P39985	Saccharomyces cerevisiae (strain ATCC 204508 / S288c)	Fungi	1022		False
	Q9I8A3	0	Training	3	Q9I8A3	Xenopus laevis	Metazoa	294		False
	Q4QAU9	0	Training	4	Q4QAU9	Leishmania major	Other	549		False
	O01367	0	Training	0	O01367	Drosophila melanogaster	Metazoa	405		False
	Q9HGL9	0	Training	1	Q9HGL9	Schizosaccharomyces pombe (strain 972 / ATCC 24843)	Fungi	252		False
	Q9LR91	0	Training	2	Q9LR91	Arabidopsis thaliana	Plants	319		False
	Q9VYQ0	0	Training	3	Q9VYQ0	Drosophila melanogaster	Metazoa	172		False
	P41696	0	Training	4	P41696	Saccharomyces cerevisiae (strain ATCC 204508 / S288c)	Fungi	914		False
	Q9SP32	0	Training	0	Q9SP32	Arabidopsis thaliana	Plants	1909		False
	E9AGH7	0	Training	1	E9AGH7	Leishmania infantum	Other	365		False
	Q01892	0	Training	2	Q01892	Homo sapiens	Metazoa	262		False
	Q09275	0	Training	3	Q09275	Caenorhabditis elegans	Metazoa	382		False
	Q9CAH5	0	Training	4	Q9CAH5	Arabidopsis thaliana	Plants	320		True
	Q8N8R5	0	Training	0	Q8N8R5	Homo sapiens	Metazoa	385		False
	Q9VV73	0	Training	1	Q9VV73	Drosophila melanogaster	Metazoa	841		False
	Q9FIG9	0	Training	2	Q9FIG9	Arabidopsis thaliana	Plants	801		False
	Q96SY0	0	Training	3	Q96SY0	Homo sapiens	Metazoa	518		False
	O80832	0	Training	4	O80832	Arabidopsis thaliana	Plants	410		False
	Q9TW65	0	Training	0	Q9TW65	Caenorhabditis elegans	Metazoa	3674		False
	Q8RWV3	0	Training	1	Q8RWV3	Arabidopsis thaliana	Plants	416		False
	Q8K3Q3	0	Training	2	Q8K3Q3	Mus musculus	Metazoa	521		False
	Q32KD2	0	Training	3	Q32KD2	Drosophila melanogaster	Metazoa	1262		False
	Q9Y3S2	0	Training	4	Q9Y3S2	Homo sapiens	Metazoa	320		False
	Q0WNB1	0	Training	0	Q0WNB1	Arabidopsis thaliana	Plants	243		False
	Q9SV55	0	Training	1	Q9SV55	Arabidopsis thaliana	Plants	425		False
	Q6RFZ7	0	Training	2	Q6RFZ7	Rattus norvegicus	Metazoa	1039		False
	P22936	0	Training	3	P22936	Saccharomyces cerevisiae (strain ATCC 204508 / S288c)	Fungi	367		False
	Q9Y6D9	0	Training	4	Q9Y6D9	Homo sapiens	Metazoa	718		False
	Q15833	0	Training	0	Q15833	Homo sapiens	Metazoa	593		False
	Q96RN5	0	Training	1	Q96RN5	Homo sapiens	Metazoa	788		False
	P23369	0	Training	2	P23369	Saccharomyces cerevisiae (strain ATCC 204508 / S288c)	Fungi	157		False
	P40161	0	Training	3	P40161	Saccharomyces cerevisiae (strain ATCC 204508 / S288c)	Fungi	455		False
	Q00341	0	Training	4	Q00341	Homo sapiens	Metazoa	1268		False
	P38827	0	Training	0	P38827	Saccharomyces cerevisiae (strain ATCC 204508 / S288c)	Fungi	1080		False
	Q14765	0	Training	1	Q14765	Homo sapiens	Metazoa	748		False
	Q7Z2T5	0	Training	2	Q7Z2T5	Homo sapiens	Metazoa	733		False
	Q0E7J7	0	Training	3	Q0E7J7	Schizosaccharomyces pombe (strain 972 / ATCC 24843)	Fungi	325		False
	Q8IVF7	0	Training	4	Q8IVF7	Homo sapiens	Metazoa	1028		False
	P40121	0	Training	0	P40121	Homo sapiens	Metazoa	348		False
	Q96JJ3	0	Training	1	Q96JJ3	Homo sapiens	Metazoa	720		False
	P47096	0	Training	2	P47096	Saccharomyces cerevisiae (strain ATCC 204508 / S288c)	Fungi	177		False
	Q24472	0	Training	3	Q24472	Drosophila melanogaster	Metazoa	845		False
	Q12495	0	Training	4	Q12495	Saccharomyces cerevisiae (strain ATCC 204508 / S288c)	Fungi	606		False
	Q9C106	0	Training	0	Q9C106	Schizosaccharomyces pombe (strain 972 / ATCC 24843)	Fungi	591		False
	P09925	0	Training	1	P09925	Mus musculus	Metazoa	306		True
	Q8WTP8	0	Training	2	Q8WTP8	Homo sapiens	Metazoa	325		False
	Q9Y2I1	0	Training	3	Q9Y2I1	Homo sapiens	Metazoa	1504		False
	Q9UBE0	0	Training	4	Q9UBE0	Homo sapiens	Metazoa	346		False
	Q80TG1	0	Training	0	Q80TG1	Mus musculus	Metazoa	1036		False
	Q8W4D6	0	Training	1	Q8W4D6	Arabidopsis thaliana	Plants	598		False
	Q9QYW0	0	Training	2	Q9QYW0	Rattus norvegicus	Metazoa	523		False
	Q02447	0	Training	3	Q02447	Homo sapiens	Metazoa	781		False
	Q8C8R3	0	Training	4	Q8C8R3	Mus musculus	Metazoa	3898		False
	Q9W252	0	Training	0	Q9W252	Drosophila melanogaster	Metazoa	1318		False
	P06541	0	Training	1	P06541	Chlamydomonas reinhardtii	Plants	481		False
	Q4WUK4	0	Training	2	Q4WUK4	Aspergillus fumigatus (strain ATCC MYA-4609 / CBS 101355 / FGSC A1100 / Af293)	Fungi	609		False
	P19783	0	Training	3	P19783	Mus musculus	Metazoa	169		False
	Q9C8R8	0	Training	4	Q9C8R8	Arabidopsis thaliana	Plants	711		False
	Q7SG49	0	Training	0	Q7SG49	Neurospora crassa (strain ATCC 24698 / 74-OR23-1A / CBS 708.71 / DSM 1257 / FGSC 987)	Fungi	414		False
	Q9H4X1	0	Training	1	Q9H4X1	Homo sapiens	Metazoa	137		False
	Q09690	0	Training	2	Q09690	Schizosaccharomyces pombe (strain 972 / ATCC 24843)	Fungi	1087		False
	Q09842	0	Training	3	Q09842	Schizosaccharomyces pombe (strain 972 / ATCC 24843)	Fungi	407		False
	P04789	0	Training	4	P04789	Trypanosoma brucei brucei	Other	250		False
	O15091	0	Training	0	O15091	Homo sapiens	Metazoa	583		False
	Q01560	0	Training	1	Q01560	Saccharomyces cerevisiae (strain ATCC 204508 / S288c)	Fungi	414		False
	Q60865	0	Training	2	Q60865	Mus musculus	Metazoa	707		False
	Q9VWN4	0	Training	3	Q9VWN4	Drosophila melanogaster	Metazoa	1150		False
	Q92361	0	Training	4	Q92361	Schizosaccharomyces pombe (strain 972 / ATCC 24843)	Fungi	264		False
	O14015	0	Training	0	O14015	Schizosaccharomyces pombe (strain 972 / ATCC 24843)	Fungi	150		False
	Q8N9A8	0	Training	1	Q8N9A8	Homo sapiens	Metazoa	125		True
	Q9BTZ2	0	Training	2	Q9BTZ2	Homo sapiens	Metazoa	278		False
	Q7RYW7	0	Training	3	Q7RYW7	Neurospora crassa (strain ATCC 24698 / 74-OR23-1A / CBS 708.71 / DSM 1257 / FGSC 987)	Fungi	396		False
	P53060	0	Training	4	P53060	Saccharomyces cerevisiae (strain ATCC 204508 / S288c)	Fungi	241		False
	Q8IYJ3	0	Training	0	Q8IYJ3	Homo sapiens	Metazoa	562		False
	C9JLW8	0	Training	1	C9JLW8	Homo sapiens	Metazoa	97		False
	P48239	0	Training	2	P48239	Saccharomyces cerevisiae (strain ATCC 204508 / S288c)	Fungi	356		False
	P52168	0	Training	3	P52168	Drosophila melanogaster	Metazoa	540		False
	P32899	0	Training	4	P32899	Saccharomyces cerevisiae (strain ATCC 204508 / S288c)	Fungi	183		False
	Q8L7N4	0	Training	0	Q8L7N4	Arabidopsis thaliana	Plants	343		True
	P24813	0	Training	1	P24813	Saccharomyces cerevisiae (strain ATCC 204508 / S288c)	Fungi	409		False
	Q9Y3A4	0	Training	2	Q9Y3A4	Homo sapiens	Metazoa	280		False
	A2AKK5	0	Training	3	A2AKK5	Mus musculus	Metazoa	416		False
	Q5Q0E6	0	Training	4	Q5Q0E6	Arabidopsis thaliana	Plants	473		False
	F4K3G5	0	Training	0	F4K3G5	Arabidopsis thaliana	Plants	1297		False
	P38210	0	Training	1	P38210	Saccharomyces cerevisiae (strain ATCC 204508 / S288c)	Fungi	180		False
	Q8L7W1	0	Training	2	Q8L7W1	Arabidopsis thaliana	Plants	678		False
	D3YXJ0	0	Training	3	D3YXJ0	Mus musculus	Metazoa	1211		False
	Q12139	0	Training	4	Q12139	Saccharomyces cerevisiae (strain ATCC 204508 / S288c)	Fungi	1133		False
	O74478	0	Training	0	O74478	Schizosaccharomyces pombe (strain 972 / ATCC 24843)	Fungi	587		False
	Q8GSM2	0	Training	1	Q8GSM2	Hordeum vulgare	Plants	896		False
	P24641	0	Training	2	P24641	Bufo japonicus	Metazoa	40		False
	O35047	0	Training	3	O35047	Mus musculus	Metazoa	217		False
	Q7LDG7	0	Training	4	Q7LDG7	Homo sapiens	Metazoa	609		False
	Q9BMK9	0	Training	0	Q9BMK9	Caenorhabditis elegans	Metazoa	1001		True
	Q9FLY0	0	Training	1	Q9FLY0	Arabidopsis thaliana	Plants	325		False
	Q4V7H8	0	Training	2	Q4V7H8	Xenopus laevis	Metazoa	296		False
	Q7L8L6	0	Training	3	Q7L8L6	Homo sapiens	Metazoa	764		False
	Q80UF7	0	Training	4	Q80UF7	Mus musculus	Metazoa	732		False
	Q9R0A0	0	Training	0	Q9R0A0	Mus musculus	Metazoa	376		False
	Q7L5Y1	0	Training	1	Q7L5Y1	Homo sapiens	Metazoa	443		False
	P22734	0	Training	2	P22734	Rattus norvegicus	Metazoa	264		True
	Q9BTP7	0	Training	3	Q9BTP7	Homo sapiens	Metazoa	215		False
	P36421	0	Training	4	P36421	Saccharomyces cerevisiae (strain ATCC 204508 / S288c)	Fungi	394		False
	Q03661	0	Training	0	Q03661	Saccharomyces cerevisiae (strain ATCC 204508 / S288c)	Fungi	1658		False
	Q96FI4	0	Training	1	Q96FI4	Homo sapiens	Metazoa	390		False
	C8V329	0	Training	2	C8V329	Emericella nidulans (strain FGSC A4 / ATCC 38163 / CBS 112.46 / NRRL 194 / M139)	Fungi	508		True
	Q6PID8	0	Training	3	Q6PID8	Homo sapiens	Metazoa	442		False
	P32453	0	Training	4	P32453	Saccharomyces cerevisiae (strain ATCC 204508 / S288c)	Fungi	318		False
	Q9FMZ0	0	Training	0	Q9FMZ0	Arabidopsis thaliana	Plants	337		False
	Q96E11	0	Training	1	Q96E11	Homo sapiens	Metazoa	262		False
	Q9USP0	0	Training	2	Q9USP0	Schizosaccharomyces pombe (strain 972 / ATCC 24843)	Fungi	341		False
	Q8BL80	0	Training	3	Q8BL80	Mus musculus	Metazoa	702		False
	O74331	0	Training	4	O74331	Schizosaccharomyces pombe (strain 972 / ATCC 24843)	Fungi	363		False
	J9VT33	0	Training	0	J9VT33	Cryptococcus neoformans (strain H99 / ATCC 208821 / CBS 10515 / FGSC 9487)	Fungi	1048		False
	Q02080	0	Training	1	Q02080	Homo sapiens	Metazoa	365		False
	Q9NQX7	0	Training	2	Q9NQX7	Homo sapiens	Metazoa	267		True
	O95071	0	Training	3	O95071	Homo sapiens	Metazoa	2799		False
	Q9UTH9	0	Training	4	Q9UTH9	Schizosaccharomyces pombe (strain 972 / ATCC 24843)	Fungi	617		False
	P22561	0	Training	0	P22561	Mus musculus	Metazoa	449		False
	P13469	0	Training	1	P13469	Drosophila melanogaster	Metazoa	542		False
	Q07053	0	Training	2	Q07053	Crithidia fasciculata	Other	128		False
	Q585P3	0	Training	3	Q585P3	Trypanosoma brucei brucei (strain 927/4 GUTat10.1)	Other	524		False
	Q09601	0	Training	4	Q09601	Caenorhabditis elegans	Metazoa	381		False
	P53139	0	Training	0	P53139	Saccharomyces cerevisiae (strain ATCC 204508 / S288c)	Fungi	140		False
	P34231	0	Training	1	P34231	Saccharomyces cerevisiae (strain ATCC 204508 / S288c)	Fungi	750		False
	Q12161	0	Training	2	Q12161	Saccharomyces cerevisiae (strain ATCC 204508 / S288c)	Fungi	406		False
	Q9NY33	0	Training	3	Q9NY33	Homo sapiens	Metazoa	737		False
	Q9SSA5	0	Training	4	Q9SSA5	Arabidopsis thaliana	Plants	437		False
	Q5RI15	0	Training	0	Q5RI15	Homo sapiens	Metazoa	118		True
	Q9NQV5	0	Training	1	Q9NQV5	Homo sapiens	Metazoa	511		False
	Q9BY10	0	Training	2	Q9BY10	Homo sapiens	Metazoa	475		True
	Q8NBI5	0	Training	3	Q8NBI5	Homo sapiens	Metazoa	491		True
	Q6NUF4	0	Training	4	Q6NUF4	Xenopus laevis	Metazoa	716		False
	Q06675	0	Training	0	Q06675	Saccharomyces cerevisiae (strain ATCC 204508 / S288c)	Fungi	368		False
	P43569	0	Training	1	P43569	Saccharomyces cerevisiae (strain ATCC 204508 / S288c)	Fungi	289		False
	O42958	0	Training	2	O42958	Schizosaccharomyces pombe (strain 972 / ATCC 24843)	Fungi	754		False
	Q9BZR8	0	Training	3	Q9BZR8	Homo sapiens	Metazoa	327		False
	P23180	0	Training	4	P23180	Saccharomyces cerevisiae (strain ATCC 204508 / S288c)	Fungi	465		False
	Q9P7N0	0	Training	0	Q9P7N0	Schizosaccharomyces pombe (strain 972 / ATCC 24843)	Fungi	392		False
	Q16534	0	Training	1	Q16534	Homo sapiens	Metazoa	295		False
	Q9LS24	0	Training	2	Q9LS24	Arabidopsis thaliana	Plants	292		False
	P40460	0	Training	3	P40460	Saccharomyces cerevisiae (strain ATCC 204508 / S288c)	Fungi	691		False
	Q03465	0	Training	4	Q03465	Saccharomyces cerevisiae (strain ATCC 204508 / S288c)	Fungi	531		False
	Q10187	0	Training	0	Q10187	Schizosaccharomyces pombe (strain 972 / ATCC 24843)	Fungi	612		False
	Q6EPZ0	0	Training	1	Q6EPZ0	Oryza sativa subsp. japonica	Plants	318		False
	Q9V452	0	Training	2	Q9V452	Drosophila melanogaster	Metazoa	140		False
	Q61823	0	Training	3	Q61823	Mus musculus	Metazoa	469		False
	Q07912	0	Training	4	Q07912	Homo sapiens	Metazoa	1038		False
	P52594	0	Training	0	P52594	Homo sapiens	Metazoa	562		False
	P0DYC2	0	Training	1	P0DYC2	Talaromyces sp	Fungi	412		True
	Q8I299	0	Training	2	Q8I299	Plasmodium falciparum (isolate 3D7)	Other	791		False
	Q10336	0	Training	3	Q10336	Schizosaccharomyces pombe (strain 972 / ATCC 24843)	Fungi	327		False
	Q92750	0	Training	4	Q92750	Homo sapiens	Metazoa	862		False
	Q5SZT7	0	Training	0	Q5SZT7	Mus musculus	Metazoa	395		False
	Q9GZP8	0	Training	1	Q9GZP8	Homo sapiens	Metazoa	106		False
	P39961	0	Training	2	P39961	Saccharomyces cerevisiae (strain ATCC 204508 / S288c)	Fungi	794		False
	Q9UI36	0	Training	3	Q9UI36	Homo sapiens	Metazoa	758		False
	A0A096LP01	0	Training	4	A0A096LP01	Homo sapiens	Metazoa	95		True
	Q9LVS0	0	Training	0	Q9LVS0	Arabidopsis thaliana	Plants	365		False
	Q8SWX0	0	Training	1	Q8SWX0	Drosophila melanogaster	Metazoa	167		False
	Q1W1G1	0	Training	2	Q1W1G1	Xenopus laevis	Metazoa	525		False
	O55003	0	Training	3	O55003	Mus musculus	Metazoa	187		False
	Q9P7A0	0	Training	4	Q9P7A0	Schizosaccharomyces pombe (strain 972 / ATCC 24843)	Fungi	319		False
	Q9ZV06	0	Training	0	Q9ZV06	Arabidopsis thaliana	Plants	236		False
	Q9BVJ6	0	Training	1	Q9BVJ6	Homo sapiens	Metazoa	771		False
	Q8WUX9	0	Training	2	Q8WUX9	Homo sapiens	Metazoa	453		False
	O74904	0	Training	3	O74904	Schizosaccharomyces pombe (strain 972 / ATCC 24843)	Fungi	122		False
	Q9FNB0	0	Training	4	Q9FNB0	Arabidopsis thaliana	Plants	1381		False
	O95714	0	Training	0	O95714	Homo sapiens	Metazoa	4834		False
	Q86WP2	0	Training	1	Q86WP2	Homo sapiens	Metazoa	473		False
	Q9Z2Q2	0	Training	2	Q9Z2Q2	Mus musculus	Metazoa	478		False
	P04038	0	Training	3	P04038	Bos taurus	Metazoa	74		True
	O43586	0	Training	4	O43586	Homo sapiens	Metazoa	416		False
	Q9ZR72	0	Training	0	Q9ZR72	Arabidopsis thaliana	Plants	1286		True
	P0DW10	0	Training	1	P0DW10	Neurospora crassa	Fungi	244		False
	Q9LU39	0	Training	2	Q9LU39	Arabidopsis thaliana	Plants	317		False
	A0A120KVR5	0	Training	3	A0A120KVR5	Trypanosoma brucei brucei	Other	1642		False
	P22516	0	Training	4	P22516	Saccharomyces cerevisiae (strain ATCC 204508 / S288c)	Fungi	861		False
	Q8IRH5	0	Training	0	Q8IRH5	Drosophila melanogaster	Metazoa	733		False
	P51810	0	Training	1	P51810	Homo sapiens	Metazoa	404		True
	O75952	0	Training	2	O75952	Homo sapiens	Metazoa	493		False
	V9M398	0	Training	3	V9M398	Vitis rotundifolia	Plants	1331		False
	Q9XZT7	0	Training	4	Q9XZT7	Drosophila melanogaster	Metazoa	146		False
	Q9NWV8	0	Training	0	Q9NWV8	Homo sapiens	Metazoa	329		False
	P36064	0	Training	1	P36064	Saccharomyces cerevisiae (strain ATCC 204508 / S288c)	Fungi	111		False
	Q8VXV7	0	Training	2	Q8VXV7	Arabidopsis thaliana	Plants	844		False
	Q6ZWK4	0	Training	3	Q6ZWK4	Homo sapiens	Metazoa	172		True
	G5EEU2	0	Training	4	G5EEU2	Caenorhabditis elegans	Metazoa	714		False
	Q96WW3	0	Training	0	Q96WW3	Schizosaccharomyces pombe (strain 972 / ATCC 24843)	Fungi	117		False
	W8JWV8	0	Training	1	W8JWV8	Catharanthus roseus	Plants	378		False
	Q8GUK1	0	Training	2	Q8GUK1	Arabidopsis thaliana	Plants	602		False
	Q17569	0	Training	3	Q17569	Caenorhabditis elegans	Metazoa	389		False
	Q9H8H0	0	Training	4	Q9H8H0	Homo sapiens	Metazoa	719		False
	P78312	0	Training	0	P78312	Homo sapiens	Metazoa	1515		False
	Q873E4	0	Training	1	Q873E4	Neurospora crassa (strain ATCC 24698 / 74-OR23-1A / CBS 708.71 / DSM 1257 / FGSC 987)	Fungi	240		False
	Q8K1Z0	0	Training	2	Q8K1Z0	Mus musculus	Metazoa	313		False
	B1ASB6	0	Training	3	B1ASB6	Mus musculus	Metazoa	1015		False
	Q4U0S5	0	Training	4	Q4U0S5	Danio rerio	Metazoa	503		False
	P17106	0	Training	0	P17106	Saccharomyces cerevisiae (strain ATCC 204508 / S288c)	Fungi	351		False
	Q12974	0	Training	1	Q12974	Homo sapiens	Metazoa	167		False
	O43502	0	Training	2	O43502	Homo sapiens	Metazoa	376		False
	G5EGE9	0	Training	3	G5EGE9	Caenorhabditis elegans	Metazoa	1263		False
	P36606	0	Training	4	P36606	Schizosaccharomyces pombe (strain 972 / ATCC 24843)	Fungi	468		True
	Q8NC56	0	Training	0	Q8NC56	Homo sapiens	Metazoa	503		False
	P46089	0	Training	1	P46089	Homo sapiens	Metazoa	330		True
	Q3ZBU2	0	Training	2	Q3ZBU2	Bos taurus	Metazoa	106		True
	P39880	0	Training	3	P39880	Homo sapiens	Metazoa	1505		False
	Q5VZV1	0	Training	4	Q5VZV1	Homo sapiens	Metazoa	264		False
	P22469	0	Training	0	P22469	Drosophila melanogaster	Metazoa	90		False
	Q06604	0	Training	1	Q06604	Saccharomyces cerevisiae (strain ATCC 204508 / S288c)	Fungi	576		False
	P08525	0	Training	2	P08525	Saccharomyces cerevisiae (strain ATCC 204508 / S288c)	Fungi	94		True
	Q66JZ4	0	Training	3	Q66JZ4	Mus musculus	Metazoa	499		False
	Q7XR83	0	Training	4	Q7XR83	Oryza sativa subsp. japonica	Plants	333		False
	E7F568	0	Training	0	E7F568	Danio rerio	Metazoa	1343		False
	Q38HM4	0	Training	1	Q38HM4	Mus musculus	Metazoa	350		False
	P42891	0	Training	2	P42891	Bos taurus	Metazoa	754		True
	O14802	0	Training	3	O14802	Homo sapiens	Metazoa	1390		False
	B9F1C0	0	Training	4	B9F1C0	Oryza sativa subsp. japonica	Plants	1709		False
	Q10B19	0	Training	0	Q10B19	Oryza sativa subsp. japonica	Plants	250		False
	Q8CDP0	0	Training	1	Q8CDP0	Mus musculus	Metazoa	1006		False
	Q99LD4	0	Training	2	Q99LD4	Mus musculus	Metazoa	471		False
	Q9C0Z9	0	Training	3	Q9C0Z9	Schizosaccharomyces pombe (strain 972 / ATCC 24843)	Fungi	129		False
	Q15760	0	Training	4	Q15760	Homo sapiens	Metazoa	415		True
	Q5FWP4	0	Training	0	Q5FWP4	Xenopus laevis	Metazoa	625		False
	A1Z8D0	0	Training	1	A1Z8D0	Drosophila melanogaster	Metazoa	459		False
	Q9C5G0	0	Training	2	Q9C5G0	Arabidopsis thaliana	Plants	367		False
	P42838	0	Training	3	P42838	Saccharomyces cerevisiae (strain ATCC 204508 / S288c)	Fungi	414		True
	Q4W9R0	0	Training	4	Q4W9R0	Aspergillus fumigatus (strain ATCC MYA-4609 / CBS 101355 / FGSC A1100 / Af293)	Fungi	153		False
	Q2TAL8	0	Training	0	Q2TAL8	Homo sapiens	Metazoa	776		False
	Q8IUR6	0	Training	1	Q8IUR6	Homo sapiens	Metazoa	639		False
	Q9VEB4	0	Training	2	Q9VEB4	Drosophila melanogaster	Metazoa	560		False
	Q8N0S6	0	Training	3	Q8N0S6	Homo sapiens	Metazoa	344		False
	Q8WWL7	0	Training	4	Q8WWL7	Homo sapiens	Metazoa	1395		False
	Q6PII3	0	Training	0	Q6PII3	Homo sapiens	Metazoa	467		False
	O82170	0	Training	1	O82170	Arabidopsis thaliana	Plants	402		False
	P03871	0	Training	2	P03871	Saccharomyces cerevisiae (strain ATCC 204508 / S288c)	Fungi	373		False
	Q9EQ10	0	Training	3	Q9EQ10	Rattus norvegicus	Metazoa	573		False
	B9DFX7	0	Training	4	B9DFX7	Arabidopsis thaliana	Plants	883		False
	Q9BYG8	0	Training	0	Q9BYG8	Homo sapiens	Metazoa	508		False
	Q02864	0	Training	1	Q02864	Saccharomyces cerevisiae (strain ATCC 204508 / S288c)	Fungi	156		False
	Q9LY99	0	Training	2	Q9LY99	Arabidopsis thaliana	Plants	249		True
	Q62747	0	Training	3	Q62747	Rattus norvegicus	Metazoa	403		True
	P22798	0	Training	4	P22798	Spinacia oleracea	Plants	271		False
	Q9BT17	0	Training	0	Q9BT17	Homo sapiens	Metazoa	334		False
	Q8N5A5	0	Training	1	Q8N5A5	Homo sapiens	Metazoa	531		False
	Q61884	0	Training	2	Q61884	Mus musculus	Metazoa	491		False
	P56765	0	Training	3	P56765	Arabidopsis thaliana	Plants	488		False
	Q659A1	0	Training	4	Q659A1	Homo sapiens	Metazoa	982		False
	Q94K75	0	Training	0	Q94K75	Arabidopsis thaliana	Plants	401		False
	P42937	0	Training	1	P42937	Saccharomyces cerevisiae (strain ATCC 204508 / S288c)	Fungi	148		False
	P0DKJ7	0	Training	2	P0DKJ7	Arabidopsis thaliana	Plants	813		False
	Q9FVW4	0	Training	3	Q9FVW4	Arabidopsis thaliana	Plants	482		False
	A9D2P7	0	Training	4	A9D2P7	Caenorhabditis elegans	Metazoa	672		False
	Q941Q3	0	Training	0	Q941Q3	Arabidopsis thaliana	Plants	524		False
	Q54HI5	0	Training	1	Q54HI5	Dictyostelium discoideum	Other	716		False
	P40041	0	Training	2	P40041	Saccharomyces cerevisiae (strain ATCC 204508 / S288c)	Fungi	505		False
	Q9QXN0	0	Training	3	Q9QXN0	Mus musculus	Metazoa	1986		False
	Q9LE82	0	Training	4	Q9LE82	Arabidopsis thaliana	Plants	535		False
	Q6NXG1	0	Training	0	Q6NXG1	Homo sapiens	Metazoa	681		False
	H2KYH4	0	Training	1	H2KYH4	Caenorhabditis elegans	Metazoa	392		False
	P29747	0	Training	2	P29747	Drosophila melanogaster	Metazoa	516		False
	P82248	0	Training	3	P82248	Spinacia oleracea	Plants	168		False
	O82796	0	Training	4	O82796	Arabidopsis thaliana	Plants	295		False
	Q9SPU7	0	Training	0	Q9SPU7	Arabidopsis thaliana	Plants	1123		False
	Q5H9F3	0	Training	1	Q5H9F3	Homo sapiens	Metazoa	1785		False
	Q8IQG1	0	Training	2	Q8IQG1	Drosophila melanogaster	Metazoa	566		False
	O35253	0	Training	3	O35253	Mus musculus	Metazoa	426		False
	Q9BLG3	0	Training	4	Q9BLG3	Dictyostelium discoideum	Other	431		True
	O74887	0	Training	0	O74887	Schizosaccharomyces pombe (strain 972 / ATCC 24843)	Fungi	192		False
	O74854	0	Training	1	O74854	Schizosaccharomyces pombe (strain 972 / ATCC 24843)	Fungi	872		False
	F4HVZ5	0	Training	2	F4HVZ5	Arabidopsis thaliana	Plants	279		False
	O00483	0	Training	3	O00483	Homo sapiens	Metazoa	81		True
	Q9CWE6	0	Training	4	Q9CWE6	Mus musculus	Metazoa	164		False
	Q9Y2W2	0	Training	0	Q9Y2W2	Homo sapiens	Metazoa	641		False
	Q8C206	0	Training	1	Q8C206	Mus musculus	Metazoa	330		True
	P03877	0	Training	2	P03877	Saccharomyces cerevisiae (strain ATCC 204508 / S288c)	Fungi	415		True
	P54730	0	Training	3	P54730	Saccharomyces cerevisiae (strain ATCC 204508 / S288c)	Fungi	416		False
	Q04623	0	Training	4	Q04623	Saccharomyces cerevisiae (strain ATCC 204508 / S288c)	Fungi	453		False
	E7FFT2	0	Training	0	E7FFT2	Danio rerio	Metazoa	916		False
	Q9P7V3	0	Training	1	Q9P7V3	Schizosaccharomyces pombe (strain 972 / ATCC 24843)	Fungi	220		False
	P23758	0	Training	2	P23758	Drosophila melanogaster	Metazoa	425		False
	Q8BGL3	0	Training	3	Q8BGL3	Mus musculus	Metazoa	282		False
	Q9SIM9	0	Training	4	Q9SIM9	Arabidopsis thaliana	Plants	693		False
	O43504	0	Training	0	O43504	Homo sapiens	Metazoa	91		False
	Q86V97	0	Training	1	Q86V97	Homo sapiens	Metazoa	674		False
	Q96CB8	0	Training	2	Q96CB8	Homo sapiens	Metazoa	462		False
	P49917	0	Training	3	P49917	Homo sapiens	Metazoa	911		False
	P38876	0	Training	4	P38876	Saccharomyces cerevisiae (strain ATCC 204508 / S288c)	Fungi	190		False
	Q8R4N0	0	Training	0	Q8R4N0	Mus musculus	Metazoa	338		False
	Q8C8Y5	0	Training	1	Q8C8Y5	Mus musculus	Metazoa	445		False
	P12297	0	Training	2	P12297	Drosophila melanogaster	Metazoa	963		False
	P51947	0	Training	3	P51947	Xenopus laevis	Metazoa	323		False
	Q9NXZ1	0	Training	4	Q9NXZ1	Homo sapiens	Metazoa	904		False
	Q18221	0	Training	0	Q18221	Caenorhabditis elegans	Metazoa	1507		False
	Q13356	0	Training	1	Q13356	Homo sapiens	Metazoa	520		False
	Q01613	0	Training	2	Q01613	Xenopus laevis	Metazoa	1420		False
	G5EBR8	0	Training	3	G5EBR8	Caenorhabditis elegans	Metazoa	247		False
	P13489	0	Training	4	P13489	Homo sapiens	Metazoa	461		False
	P81269	0	Training	0	P81269	Mus musculus	Metazoa	269		False
	Q00422	0	Training	1	Q00422	Mus musculus	Metazoa	454		False
	Q9UT23	0	Training	2	Q9UT23	Schizosaccharomyces pombe (strain 972 / ATCC 24843)	Fungi	834		False
	Q9H0E3	0	Training	3	Q9H0E3	Homo sapiens	Metazoa	1048		False
	Q8BJA3	0	Training	4	Q8BJA3	Mus musculus	Metazoa	419		False
	Q7XA83	0	Training	0	Q7XA83	Arabidopsis thaliana	Plants	423		False
	P53331	0	Training	1	P53331	Saccharomyces cerevisiae (strain ATCC 204508 / S288c)	Fungi	553		False
	Q12906	0	Training	2	Q12906	Homo sapiens	Metazoa	894		False
	Q00PI9	0	Training	3	Q00PI9	Mus musculus	Metazoa	745		False
	Q96RG2	0	Training	4	Q96RG2	Homo sapiens	Metazoa	1323		False
	Q76NL8	0	Training	0	Q76NL8	Plasmodium falciparum (isolate 3D7)	Other	1193		False
	Q9SX99	0	Training	1	Q9SX99	Arabidopsis thaliana	Plants	261		False
	Q9H816	0	Training	2	Q9H816	Homo sapiens	Metazoa	532		False
	P25443	0	Training	3	P25443	Saccharomyces cerevisiae (strain ATCC 204508 / S288c)	Fungi	254		False
	Q9SD80	0	Training	4	Q9SD80	Arabidopsis thaliana	Plants	54		True
	Q9NPG3	0	Training	0	Q9NPG3	Homo sapiens	Metazoa	1134		False
	P87000	0	Training	1	P87000	Neurospora crassa (strain ATCC 24698 / 74-OR23-1A / CBS 708.71 / DSM 1257 / FGSC 987)	Fungi	926		False
	Q7KTX8	0	Training	2	Q7KTX8	Drosophila melanogaster	Metazoa	2618		False
	P19426	0	Training	3	P19426	Mus musculus	Metazoa	375		False
	O49562	0	Training	4	O49562	Arabidopsis thaliana	Plants	403		False
	Q5C9Z4	0	Training	0	Q5C9Z4	Homo sapiens	Metazoa	860		False
	P19659	0	Training	1	P19659	Saccharomyces cerevisiae (strain ATCC 204508 / S288c)	Fungi	1081		False
	Q12530	0	Training	2	Q12530	Saccharomyces cerevisiae (strain ATCC 204508 / S288c)	Fungi	201		True
	P93015	0	Training	3	P93015	Arabidopsis thaliana	Plants	131		False
	Q9VYD1	0	Training	4	Q9VYD1	Drosophila melanogaster	Metazoa	2313		False
	Q86TP1	0	Training	0	Q86TP1	Homo sapiens	Metazoa	453		False
	Q38895	0	Training	1	Q38895	Arabidopsis thaliana	Plants	204		False
	Q62908	0	Training	2	Q62908	Rattus norvegicus	Metazoa	193		False
	P38360	0	Training	3	P38360	Saccharomyces cerevisiae (strain ATCC 204508 / S288c)	Fungi	1216		False
	Q9CA42	0	Training	4	Q9CA42	Arabidopsis thaliana	Plants	1085		False
	P02240	0	Training	0	P02240	Lupinus luteus	Plants	154		False
	P0DOW4	0	Training	1	P0DOW4	Ramazzottius varieornatus	Metazoa	445		False
	Q96LW4	0	Training	2	Q96LW4	Homo sapiens	Metazoa	560		False
	Q810W7	0	Training	3	Q810W7	Rattus norvegicus	Metazoa	1570		False
	Q9S7D1	0	Training	4	Q9S7D1	Arabidopsis thaliana	Plants	808		False
	P25626	0	Training	0	P25626	Saccharomyces cerevisiae (strain ATCC 204508 / S288c)	Fungi	169		False
	P09077	0	Training	1	P09077	Drosophila melanogaster	Metazoa	417		False
	P53140	0	Training	2	P53140	Saccharomyces cerevisiae (strain ATCC 204508 / S288c)	Fungi	646		False
	Q1HG43	0	Training	3	Q1HG43	Homo sapiens	Metazoa	343		True
	Q948R9	0	Training	4	Q948R9	Arabidopsis thaliana	Plants	314		False
	Q9JMC2	0	Training	0	Q9JMC2	Mus musculus	Metazoa	493		False
	Q9BRJ2	0	Training	1	Q9BRJ2	Homo sapiens	Metazoa	306		False
	Q944N1	0	Training	2	Q944N1	Solanum lycopersicum	Plants	399		False
	P28347	0	Training	3	P28347	Homo sapiens	Metazoa	426		False
	Q84VX3	0	Training	4	Q84VX3	Arabidopsis thaliana	Plants	626		False
	Q6ZLB0	0	Training	0	Q6ZLB0	Oryza sativa subsp. japonica	Plants	436		False
	Q02336	0	Training	1	Q02336	Saccharomyces cerevisiae (strain ATCC 204508 / S288c)	Fungi	434		False
	Q9C0C6	0	Training	2	Q9C0C6	Homo sapiens	Metazoa	399		False
	P40576	0	Training	3	P40576	Saccharomyces cerevisiae (strain ATCC 204508 / S288c)	Fungi	216		True
	P70670	0	Training	4	P70670	Mus musculus	Metazoa	2187		False
	Q06505	0	Training	0	Q06505	Saccharomyces cerevisiae (strain ATCC 204508 / S288c)	Fungi	410		False
	Q9VLP7	0	Training	1	Q9VLP7	Drosophila melanogaster	Metazoa	397		False
	Q8VZD4	0	Training	2	Q8VZD4	Arabidopsis thaliana	Plants	709		False
	Q61827	0	Training	3	Q61827	Mus musculus	Metazoa	156		False
	Q54T86	0	Training	4	Q54T86	Dictyostelium discoideum	Other	568		False
	Q8IU81	0	Training	0	Q8IU81	Homo sapiens	Metazoa	584		False
	Q04052	0	Training	1	Q04052	Saccharomyces cerevisiae (strain ATCC 204508 / S288c)	Fungi	950		False
	Q8WWM7	0	Training	2	Q8WWM7	Homo sapiens	Metazoa	1075		False
	A6H8H2	0	Training	3	A6H8H2	Mus musculus	Metazoa	1906		False
	Q6ZSZ5	0	Training	4	Q6ZSZ5	Homo sapiens	Metazoa	1361		False
	P53259	0	Training	0	P53259	Saccharomyces cerevisiae (strain ATCC 204508 / S288c)	Fungi	346		False
	Q6PIZ9	0	Training	1	Q6PIZ9	Homo sapiens	Metazoa	186		True
	P40202	0	Training	2	P40202	Saccharomyces cerevisiae (strain ATCC 204508 / S288c)	Fungi	249		False
	Q1G3K8	0	Training	3	Q1G3K8	Arabidopsis thaliana	Plants	216		False
	B9DHT4	0	Training	4	B9DHT4	Arabidopsis thaliana	Plants	710		False
	P09457	0	Training	0	P09457	Saccharomyces cerevisiae (strain ATCC 204508 / S288c)	Fungi	212		False
	A0A509AER3	0	Training	1	A0A509AER3	Plasmodium berghei (strain Anka)	Other	247		False
	Q9H9Q4	0	Training	2	Q9H9Q4	Homo sapiens	Metazoa	299		False
	A0A0K3AR81	0	Training	3	A0A0K3AR81	Caenorhabditis elegans	Metazoa	696		False
	Q7Z7C8	0	Training	4	Q7Z7C8	Homo sapiens	Metazoa	310		False
	Q6PP77	0	Training	0	Q6PP77	Homo sapiens	Metazoa	449		True
	Q9UQ35	0	Training	1	Q9UQ35	Homo sapiens	Metazoa	2752		False
	E9Q4F7	0	Training	2	E9Q4F7	Mus musculus	Metazoa	2643		False
	Q9H4Q4	0	Training	3	Q9H4Q4	Homo sapiens	Metazoa	367		False
	Q8BH07	0	Training	4	Q8BH07	Mus musculus	Metazoa	226		False
	Q6P4Q7	0	Training	0	Q6P4Q7	Homo sapiens	Metazoa	775		False
	Q9D842	0	Training	1	Q9D842	Mus musculus	Metazoa	499		False
	Q9Y603	0	Training	2	Q9Y603	Homo sapiens	Metazoa	341		False
	Q05123	0	Training	3	Q05123	Saccharomyces cerevisiae (strain ATCC 204508 / S288c)	Fungi	467		False
	Q9LMR3	0	Training	4	Q9LMR3	Arabidopsis thaliana	Plants	358		False
	P08740	0	Training	0	P08740	Chlamydomonas reinhardtii	Plants	382		True
	Q5Z807	0	Training	1	Q5Z807	Oryza sativa subsp. japonica	Plants	390		False
	Q7K3L1	0	Training	2	Q7K3L1	Drosophila melanogaster	Metazoa	921		False
	P30999	0	Training	3	P30999	Mus musculus	Metazoa	938		False
	P18409	0	Training	4	P18409	Saccharomyces cerevisiae (strain ATCC 204508 / S288c)	Fungi	493		False
	Q80SY4	0	Training	0	Q80SY4	Mus musculus	Metazoa	1006		False
	P02730	0	Training	1	P02730	Homo sapiens	Metazoa	911		False
	Q9Y6F1	0	Training	2	Q9Y6F1	Homo sapiens	Metazoa	533		False
	P52656	0	Training	3	P52656	Drosophila melanogaster	Metazoa	106		False
	Q63768	0	Training	4	Q63768	Rattus norvegicus	Metazoa	304		False
	Q9UDR5	0	Training	0	Q9UDR5	Homo sapiens	Metazoa	926		False
	P31376	0	Training	1	P31376	Saccharomyces cerevisiae (strain ATCC 204508 / S288c)	Fungi	625		False
	P06785	0	Training	2	P06785	Saccharomyces cerevisiae (strain ATCC 204508 / S288c)	Fungi	304		False
	Q12418	0	Training	3	Q12418	Saccharomyces cerevisiae (strain ATCC 204508 / S288c)	Fungi	502		False
	Q08818	0	Training	4	Q08818	Saccharomyces cerevisiae (strain ATCC 204508 / S288c)	Fungi	692		False
	Q9SRT0	0	Training	0	Q9SRT0	Arabidopsis thaliana	Plants	460		False
	P41930	0	Training	1	P41930	Saccharomyces cerevisiae (strain ATCC 204508 / S288c)	Fungi	458		True
	Q9H7L9	0	Training	2	Q9H7L9	Homo sapiens	Metazoa	328		False
	P06841	0	Training	3	P06841	Scyliorhinus canicula	Metazoa	45		False
	Q5EAF2	0	Training	4	Q5EAF2	Arabidopsis thaliana	Plants	334		False
	Q99990	0	Training	0	Q99990	Homo sapiens	Metazoa	258		False
	F7VJQ1	0	Training	1	F7VJQ1	Homo sapiens	Metazoa	73		True
	Q8S948	0	Training	2	Q8S948	Arabidopsis thaliana	Plants	406		False
	P23508	0	Training	3	P23508	Homo sapiens	Metazoa	829		False
	P42737	0	Training	4	P42737	Arabidopsis thaliana	Plants	331		False
	Q40089	0	Training	0	Q40089	Ipomoea batatas	Plants	200		False
	Q92748	0	Training	1	Q92748	Homo sapiens	Metazoa	146		False
	Q9FR37	0	Training	2	Q9FR37	Arabidopsis thaliana	Plants	425		False
	Q8N3I7	0	Training	3	Q8N3I7	Homo sapiens	Metazoa	341		False
	Q9W1C5	0	Training	4	Q9W1C5	Drosophila melanogaster	Metazoa	2053		False
	O47027	0	Training	0	O47027	Chlamydomonas reinhardtii	Plants	570		False
	P38790	0	Training	1	P38790	Saccharomyces cerevisiae (strain ATCC 204508 / S288c)	Fungi	280		False
	Q63342	0	Training	2	Q63342	Rattus norvegicus	Metazoa	857		False
	Q8W5B1	0	Training	3	Q8W5B1	Arabidopsis thaliana	Plants	440		False
	Q9CQP8	0	Training	4	Q9CQP8	Mus musculus	Metazoa	194		False
	Q9Y221	0	Training	0	Q9Y221	Homo sapiens	Metazoa	180		False
	Q14142	0	Training	1	Q14142	Homo sapiens	Metazoa	442		False
	Q96B49	0	Training	2	Q96B49	Homo sapiens	Metazoa	74		True
	C0HMD7	0	Training	3	C0HMD7	Homo sapiens	Metazoa	151		False
	P53968	0	Training	4	P53968	Saccharomyces cerevisiae (strain ATCC 204508 / S288c)	Fungi	678		False
	Q9DAD6	0	Training	0	Q9DAD6	Mus musculus	Metazoa	137		False
	Q8L960	0	Training	1	Q8L960	Arabidopsis thaliana	Plants	410		False
	Q9H4Z3	0	Training	2	Q9H4Z3	Homo sapiens	Metazoa	704		False
	O54931	0	Training	3	O54931	Mus musculus	Metazoa	1089		False
	P0CG12	0	Training	4	P0CG12	Homo sapiens	Metazoa	524		False
	P07768	0	Training	0	P07768	Oryctolagus cuniculus	Metazoa	1827		True
	P53072	0	Training	1	P53072	Saccharomyces cerevisiae (strain ATCC 204508 / S288c)	Fungi	289		False
	Q4V7C6	0	Training	2	Q4V7C6	Rattus norvegicus	Metazoa	693		False
	Q12259	0	Training	3	Q12259	Saccharomyces cerevisiae (strain ATCC 204508 / S288c)	Fungi	485		False
	A0A061ACU2	0	Training	4	A0A061ACU2	Caenorhabditis elegans	Metazoa	2442		True
	P47139	0	Training	0	P47139	Saccharomyces cerevisiae (strain ATCC 204508 / S288c)	Fungi	656		False
	Q09683	0	Training	1	Q09683	Schizosaccharomyces pombe (strain 972 / ATCC 24843)	Fungi	649		False
	P25846	0	Training	2	P25846	Saccharomyces cerevisiae (strain ATCC 204508 / S288c)	Fungi	959		False
	P40342	0	Training	3	P40342	Saccharomyces cerevisiae (strain ATCC 204508 / S288c)	Fungi	146		False
	Q12199	0	Training	4	Q12199	Saccharomyces cerevisiae (strain ATCC 204508 / S288c)	Fungi	356		False
	P35735	0	Training	0	P35735	Saccharomyces cerevisiae (strain ATCC 204508 / S288c)	Fungi	353		True
	Q9SMX1	0	Training	1	Q9SMX1	Arabidopsis thaliana	Plants	571		False
	Q2Q5T5	0	Training	2	Q2Q5T5	Mus musculus	Metazoa	84		True
	Q9H063	0	Training	3	Q9H063	Homo sapiens	Metazoa	256		False
	O43031	0	Training	4	O43031	Schizosaccharomyces pombe (strain 972 / ATCC 24843)	Fungi	381		False
	Q6PCP5	0	Training	0	Q6PCP5	Mus musculus	Metazoa	291		False
	Q9NW13	0	Training	1	Q9NW13	Homo sapiens	Metazoa	759		False
	Q9V9V9	0	Training	2	Q9V9V9	Drosophila melanogaster	Metazoa	200		False
	O14313	0	Training	3	O14313	Schizosaccharomyces pombe (strain 972 / ATCC 24843)	Fungi	156		False
	Q9UKV8	0	Training	4	Q9UKV8	Homo sapiens	Metazoa	859		False
	P25046	0	Training	0	P25046	Saccharomyces cerevisiae (strain ATCC 204508 / S288c)	Fungi	220		False
	P46983	0	Training	1	P46983	Saccharomyces cerevisiae (strain ATCC 204508 / S288c)	Fungi	293		False
	Q7TS55	0	Training	2	Q7TS55	Mus musculus	Metazoa	173		True
	P25644	0	Training	3	P25644	Saccharomyces cerevisiae (strain ATCC 204508 / S288c)	Fungi	796		False
	Q96BR5	0	Training	4	Q96BR5	Homo sapiens	Metazoa	231		False
	Q9ZNX9	0	Training	0	Q9ZNX9	Arabidopsis thaliana	Plants	517		False
	Q98TA5	0	Training	1	Q98TA5	Xenopus laevis	Metazoa	896		False
	Q9BSN7	0	Training	2	Q9BSN7	Homo sapiens	Metazoa	226		True
	Q8IYT2	0	Training	3	Q8IYT2	Homo sapiens	Metazoa	770		False
	Q9FZK4	0	Training	4	Q9FZK4	Arabidopsis thaliana	Plants	122		False
	Q95QA6	0	Training	0	Q95QA6	Caenorhabditis elegans	Metazoa	663		False
	P53193	0	Training	1	P53193	Saccharomyces cerevisiae (strain ATCC 204508 / S288c)	Fungi	184		False
	Q9NTI7	0	Training	2	Q9NTI7	Homo sapiens	Metazoa	297		False
	A0JNW5	0	Training	3	A0JNW5	Homo sapiens	Metazoa	1464		False
	Q8BXP5	0	Training	4	Q8BXP5	Mus musculus	Metazoa	385		False
	Q9SYU4	0	Training	0	Q9SYU4	Arabidopsis thaliana	Plants	381		True
	Q12223	0	Training	1	Q12223	Saccharomyces cerevisiae (strain ATCC 204508 / S288c)	Fungi	238		False
	Q8K2C6	0	Training	2	Q8K2C6	Mus musculus	Metazoa	310		False
	Q3UK10	0	Training	3	Q3UK10	Mus musculus	Metazoa	175		False
	Q9SIG8	0	Training	4	Q9SIG8	Arabidopsis thaliana	Plants	519		False
	Q8RY73	0	Training	0	Q8RY73	Arabidopsis thaliana	Plants	544		False
	P34160	0	Training	1	P34160	Saccharomyces cerevisiae (strain ATCC 204508 / S288c)	Fungi	861		False
	Q61818	0	Training	2	Q61818	Mus musculus	Metazoa	1889		False
	P80235	0	Training	3	P80235	Saccharomyces cerevisiae (strain ATCC 204508 / S288c)	Fungi	687		False
	O59836	0	Training	4	O59836	Schizosaccharomyces pombe (strain 972 / ATCC 24843)	Fungi	545		False
	Q9LK57	0	Training	0	Q9LK57	Arabidopsis thaliana	Plants	394		False
	O14867	0	Training	1	O14867	Homo sapiens	Metazoa	736		False
	Q9JIR4	0	Training	2	Q9JIR4	Rattus norvegicus	Metazoa	1615		False
	F8VQK3	0	Training	3	F8VQK3	Mus musculus	Metazoa	730		False
	Q563C3	0	Training	4	Q563C3	Xenopus laevis	Metazoa	269		False
	Q6NME7	0	Training	0	Q6NME7	Arabidopsis thaliana	Plants	127		False
	Q8N5I2	0	Training	1	Q8N5I2	Homo sapiens	Metazoa	433		False
	Q9NWQ9	0	Training	2	Q9NWQ9	Homo sapiens	Metazoa	140		False
	Q9FFF4	0	Training	3	Q9FFF4	Arabidopsis thaliana	Plants	477		False
	Q9CQJ2	0	Training	4	Q9CQJ2	Mus musculus	Metazoa	290		False
	Q8BLG0	0	Training	0	Q8BLG0	Mus musculus	Metazoa	1010		False
	O74429	0	Training	1	O74429	Schizosaccharomyces pombe (strain 972 / ATCC 24843)	Fungi	920		False
	Q42588	0	Training	2	Q42588	Arabidopsis thaliana	Plants	314		False
	Q99728	0	Training	3	Q99728	Homo sapiens	Metazoa	777		False
	Q21227	0	Training	4	Q21227	Caenorhabditis elegans	Metazoa	1188		False
	P53064	0	Training	0	P53064	Saccharomyces cerevisiae (strain ATCC 204508 / S288c)	Fungi	558		False
	P53266	0	Training	1	P53266	Saccharomyces cerevisiae (strain ATCC 204508 / S288c)	Fungi	389		True
	Q9Y605	0	Training	2	Q9Y605	Homo sapiens	Metazoa	127		False
	P54310	0	Training	3	P54310	Mus musculus	Metazoa	759		False
	P40155	0	Training	4	P40155	Saccharomyces cerevisiae (strain ATCC 204508 / S288c)	Fungi	199		True
	Q283Q6	0	Training	0	Q283Q6	Xenopus laevis	Metazoa	784		False
	Q8T0G4	0	Training	1	Q8T0G4	Drosophila melanogaster	Metazoa	629		False
	O60127	0	Training	2	O60127	Schizosaccharomyces pombe (strain 972 / ATCC 24843)	Fungi	126		False
	O60130	0	Training	3	O60130	Schizosaccharomyces pombe (strain 972 / ATCC 24843)	Fungi	827		False
	Q17381	0	Training	4	Q17381	Caenorhabditis elegans	Metazoa	506		False
	P53187	0	Training	0	P53187	Saccharomyces cerevisiae (strain ATCC 204508 / S288c)	Fungi	214		False
	Q96PM9	0	Training	1	Q96PM9	Homo sapiens	Metazoa	386		False
	Q5VZI3	0	Training	2	Q5VZI3	Homo sapiens	Metazoa	342		False
	P28805	0	Training	3	P28805	Spinacia oleracea	Plants	66		False
	Q01217	0	Training	4	Q01217	Saccharomyces cerevisiae (strain ATCC 204508 / S288c)	Fungi	863		False
	Q9SII9	0	Training	0	Q9SII9	Arabidopsis thaliana	Plants	538		False
	G5E8K5	0	Training	1	G5E8K5	Mus musculus	Metazoa	1961		False
	Q9LTY1	0	Training	2	Q9LTY1	Arabidopsis thaliana	Plants	726		False
	Q6P587	0	Training	3	Q6P587	Homo sapiens	Metazoa	221		False
	P40057	0	Training	4	P40057	Saccharomyces cerevisiae (strain ATCC 204508 / S288c)	Fungi	128		False
	Q810F1	0	Training	0	Q810F1	Cavia porcellus	Metazoa	705		True
	Q9VKJ9	0	Training	1	Q9VKJ9	Drosophila melanogaster	Metazoa	816		False
	P38345	0	Training	2	P38345	Saccharomyces cerevisiae (strain ATCC 204508 / S288c)	Fungi	138		False
	P46783	0	Training	3	P46783	Homo sapiens	Metazoa	165		False
	Q8GSI0	0	Training	4	Q8GSI0	Oryza sativa subsp. japonica	Plants	179		False
	Q9LHJ9	0	Training	0	Q9LHJ9	Arabidopsis thaliana	Plants	385		False
	P54274	0	Training	1	P54274	Homo sapiens	Metazoa	439		False
	Q9BQP7	0	Training	2	Q9BQP7	Homo sapiens	Metazoa	344		False
	P32389	0	Training	3	P32389	Saccharomyces cerevisiae (strain ATCC 204508 / S288c)	Fungi	672		False
	Q6NKX1	0	Training	4	Q6NKX1	Arabidopsis thaliana	Plants	476		False
	F4I3V6	0	Training	0	F4I3V6	Arabidopsis thaliana	Plants	192		False
	Q80ZD3	0	Training	1	Q80ZD3	Mus musculus	Metazoa	593		True
	Q9CWR7	0	Training	2	Q9CWR7	Mus musculus	Metazoa	339		True
	P41779	0	Training	3	P41779	Caenorhabditis elegans	Metazoa	338		False
	P34111	0	Training	4	P34111	Saccharomyces cerevisiae (strain ATCC 204508 / S288c)	Fungi	1160		False
	Q9P0M9	0	Training	0	Q9P0M9	Homo sapiens	Metazoa	148		False
	P69447	0	Training	1	P69447	Spinacia oleracea	Plants	81		True
	Q8L493	0	Training	2	Q8L493	Arabidopsis thaliana	Plants	373		False
	Q9LH52	0	Training	3	Q9LH52	Arabidopsis thaliana	Plants	325		False
	P36632	0	Training	4	P36632	Schizosaccharomyces pombe (strain 972 / ATCC 24843)	Fungi	614		False
	Q8K3J1	0	Training	0	Q8K3J1	Mus musculus	Metazoa	212		False
	Q8S9M1	0	Training	1	Q8S9M1	Arabidopsis thaliana	Plants	299		False
	P09085	0	Training	2	P09085	Drosophila melanogaster	Metazoa	427		False
	Q9UUJ4	0	Training	3	Q9UUJ4	Schizosaccharomyces pombe (strain 972 / ATCC 24843)	Fungi	333		False
	Q9SZR9	0	Training	4	Q9SZR9	Arabidopsis thaliana	Plants	638		False
	O43687	0	Training	0	O43687	Homo sapiens	Metazoa	104		False
	A0SVK0	0	Training	1	A0SVK0	Arabidopsis thaliana	Plants	291		False
	Q93227	0	Training	2	Q93227	Caenorhabditis elegans	Metazoa	431		False
	Q9H1K0	0	Training	3	Q9H1K0	Homo sapiens	Metazoa	784		False
	Q60560	0	Training	4	Q60560	Mesocricetus auratus	Metazoa	989		False
	Q9FZ96	0	Training	0	Q9FZ96	Arabidopsis thaliana	Plants	356		True
	O75955	0	Training	1	O75955	Homo sapiens	Metazoa	427		False
	Q9ZVD0	0	Training	2	Q9ZVD0	Arabidopsis thaliana	Plants	720		False
	O55081	0	Training	3	O55081	Rattus norvegicus	Metazoa	1135		False
	Q06339	0	Training	4	Q06339	Saccharomyces cerevisiae (strain ATCC 204508 / S288c)	Fungi	672		False
	D3ZKB9	0	Training	0	D3ZKB9	Rattus norvegicus	Metazoa	1072		False
	Q01664	0	Training	1	Q01664	Homo sapiens	Metazoa	338		False
	Q9Y7L4	0	Training	2	Q9Y7L4	Schizosaccharomyces pombe (strain 972 / ATCC 24843)	Fungi	409		False
	O75937	0	Training	3	O75937	Homo sapiens	Metazoa	253		False
	P27202	0	Training	4	P27202	Arabidopsis thaliana	Plants	140		False
	Q59UY7	0	Training	0	Q59UY7	Candida albicans (strain SC5314 / ATCC MYA-2876)	Fungi	917		False
	P82245	0	Training	1	P82245	Spinacia oleracea	Plants	148		False
	Q9UII2	0	Training	2	Q9UII2	Homo sapiens	Metazoa	106		False
	B6TTV8	0	Training	3	B6TTV8	Zea mays	Plants	498		False
	C0HM98	0	Training	4	C0HM98	Homo sapiens	Metazoa	186		False
	Q9SUP6	0	Training	0	Q9SUP6	Arabidopsis thaliana	Plants	324		False
	O35144	0	Training	1	O35144	Mus musculus	Metazoa	541		False
	Q9WV02	0	Training	2	Q9WV02	Mus musculus	Metazoa	391		False
	Q9H0E9	0	Training	3	Q9H0E9	Homo sapiens	Metazoa	1235		False
	Q8CGY6	0	Training	4	Q8CGY6	Mus musculus	Metazoa	931		False
	Q7X7A4	0	Training	0	Q7X7A4	Oryza sativa subsp. japonica	Plants	475		False
	Q12107	0	Training	1	Q12107	Saccharomyces cerevisiae (strain ATCC 204508 / S288c)	Fungi	265		False
	Q96IR7	0	Training	2	Q96IR7	Homo sapiens	Metazoa	371		False
	Q5TGZ0	0	Training	3	Q5TGZ0	Homo sapiens	Metazoa	78		True
	Q8H1E5	0	Training	4	Q8H1E5	Arabidopsis thaliana	Plants	783		False
	P49005	0	Training	0	P49005	Homo sapiens	Metazoa	469		False
	P53076	0	Training	1	P53076	Saccharomyces cerevisiae (strain ATCC 204508 / S288c)	Fungi	958		False
	Q9UT17	0	Training	2	Q9UT17	Schizosaccharomyces pombe (strain 972 / ATCC 24843)	Fungi	328		False
	Q9U3V9	0	Training	3	Q9U3V9	Drosophila melanogaster	Metazoa	2079		False
	P38830	0	Training	4	P38830	Saccharomyces cerevisiae (strain ATCC 204508 / S288c)	Fungi	627		False
	Q9UKK3	0	Training	0	Q9UKK3	Homo sapiens	Metazoa	1724		False
	P38637	0	Training	1	P38637	Saccharomyces cerevisiae (strain ATCC 204508 / S288c)	Fungi	319		False
	Q9LRH6	0	Training	2	Q9LRH6	Arabidopsis thaliana	Plants	309		False
	Q9I869	0	Training	3	Q9I869	Xenopus laevis	Metazoa	651		False
	Q9QY24	0	Training	4	Q9QY24	Mus musculus	Metazoa	411		False
	Q9H0A8	0	Training	0	Q9H0A8	Homo sapiens	Metazoa	199		False
	P56749	0	Training	1	P56749	Homo sapiens	Metazoa	244		True
	Q17TI5	0	Training	2	Q17TI5	Arabidopsis thaliana	Plants	344		False
	Q80TN7	0	Training	3	Q80TN7	Mus musculus	Metazoa	2359		False
	O95817	0	Training	4	O95817	Homo sapiens	Metazoa	575		False
	Q8IXI2	0	Training	0	Q8IXI2	Homo sapiens	Metazoa	618		False
	O94268	0	Training	1	O94268	Schizosaccharomyces pombe (strain 972 / ATCC 24843)	Fungi	608		False
	O74935	0	Training	2	O74935	Yarrowia lipolytica (strain CLIB 122 / E 150)	Fungi	700		False
	P39707	0	Training	3	P39707	Saccharomyces cerevisiae (strain ATCC 204508 / S288c)	Fungi	275		False
	P26770	0	Training	4	P26770	Rattus norvegicus	Metazoa	1064		True
	P20143	0	Training	0	P20143	Hordeum vulgare	Plants	143		False
	Q9D2V8	0	Training	1	Q9D2V8	Mus musculus	Metazoa	456		True
	Q8IPX7	0	Training	2	Q8IPX7	Drosophila melanogaster	Metazoa	232		False
	P15315	0	Training	3	P15315	Saccharomyces cerevisiae (strain ATCC 204508 / S288c)	Fungi	225		False
	O89019	0	Training	4	O89019	Mus musculus	Metazoa	1062		False
	Q99MA9	0	Training	0	Q99MA9	Mus musculus	Metazoa	365		False
	Q8NEZ4	0	Training	1	Q8NEZ4	Homo sapiens	Metazoa	4911		False
	P70331	0	Training	2	P70331	Mus musculus	Metazoa	251		False
	Q9Y5Y0	0	Training	3	Q9Y5Y0	Homo sapiens	Metazoa	555		False
	Q8L7S5	0	Training	4	Q8L7S5	Arabidopsis thaliana	Plants	642		False
	O13539	0	Training	0	O13539	Saccharomyces cerevisiae (strain ATCC 204508 / S288c)	Fungi	261		False
	Q7KZN9	0	Training	1	Q7KZN9	Homo sapiens	Metazoa	410		True
	Q9P7S9	0	Training	2	Q9P7S9	Schizosaccharomyces pombe (strain 972 / ATCC 24843)	Fungi	194		False
	P17429	0	Training	3	P17429	Emericella nidulans (strain FGSC A4 / ATCC 38163 / CBS 112.46 / NRRL 194 / M139)	Fungi	876		False
	Q92374	0	Training	4	Q92374	Schizosaccharomyces pombe (strain 972 / ATCC 24843)	Fungi	104		False
	O95359	0	Training	0	O95359	Homo sapiens	Metazoa	2948		False
	P14866	0	Training	1	P14866	Homo sapiens	Metazoa	589		False
	Q9URY2	0	Training	2	Q9URY2	Schizosaccharomyces pombe (strain 972 / ATCC 24843)	Fungi	474		False
	Q9Y5Q8	0	Training	3	Q9Y5Q8	Homo sapiens	Metazoa	519		False
	P28350	0	Training	4	P28350	Neurospora crassa (strain ATCC 24698 / 74-OR23-1A / CBS 708.71 / DSM 1257 / FGSC 987)	Fungi	1093		False
	P32570	0	Training	0	P32570	Saccharomyces cerevisiae (strain ATCC 204508 / S288c)	Fungi	121		False
	O77480	0	Training	1	O77480	Bos taurus	Metazoa	390		False
	Q38931	0	Training	2	Q38931	Arabidopsis thaliana	Plants	551		False
	O13919	0	Training	3	O13919	Schizosaccharomyces pombe (strain 972 / ATCC 24843)	Fungi	1075		False
	Q9VIT0	0	Training	4	Q9VIT0	Drosophila melanogaster	Metazoa	255		False
	Q9NYF8	0	Training	0	Q9NYF8	Homo sapiens	Metazoa	920		False
	Q9LVI4	0	Training	1	Q9LVI4	Arabidopsis thaliana	Plants	352		False
	Q54XQ2	0	Training	2	Q54XQ2	Dictyostelium discoideum	Other	1125		False
	C4LY96	0	Training	3	C4LY96	Entamoeba histolytica (strain ATCC 30459 / HM-1:IMSS / ABRM)	Other	1151		False
	Q9DAT5	0	Training	4	Q9DAT5	Mus musculus	Metazoa	417		False
	P41277	0	Training	0	P41277	Saccharomyces cerevisiae (strain ATCC 204508 / S288c)	Fungi	250		False
	Q37707	0	Training	1	Q37707	Artemia franciscana	Metazoa	53		True
	Q10168	0	Training	2	Q10168	Schizosaccharomyces pombe (strain 972 / ATCC 24843)	Fungi	598		False
	Q9JJ28	0	Training	3	Q9JJ28	Mus musculus	Metazoa	1271		False
	Q9M7I7	0	Training	4	Q9M7I7	Arabidopsis thaliana	Plants	318		False
	V5IM60	0	Training	0	V5IM60	Neurospora crassa (strain ATCC 24698 / 74-OR23-1A / CBS 708.71 / DSM 1257 / FGSC 987)	Fungi	59		False
	Q5VTB9	0	Training	1	Q5VTB9	Homo sapiens	Metazoa	566		False
	O75164	0	Training	2	O75164	Homo sapiens	Metazoa	1064		False
	Q63638	0	Training	3	Q63638	Rattus norvegicus	Metazoa	3259		False
	Q8RWI0	0	Training	4	Q8RWI0	Arabidopsis thaliana	Plants	391		True
	Q86V20	0	Training	0	Q86V20	Homo sapiens	Metazoa	835		False
	Q8VYR5	0	Training	1	Q8VYR5	Arabidopsis thaliana	Plants	444		False
	O60094	0	Training	2	O60094	Schizosaccharomyces pombe (strain 972 / ATCC 24843)	Fungi	959		False
	Q86XI2	0	Training	3	Q86XI2	Homo sapiens	Metazoa	1143		False
	Q08774	0	Training	4	Q08774	Saccharomyces cerevisiae (strain ATCC 204508 / S288c)	Fungi	242		False
	Q80W99	0	Training	0	Q80W99	Mus musculus	Metazoa	395		True
	Q15257	0	Training	1	Q15257	Homo sapiens	Metazoa	358		False
	Q06149	0	Training	2	Q06149	Saccharomyces cerevisiae (strain ATCC 204508 / S288c)	Fungi	701		False
	Q9D6J6	0	Training	3	Q9D6J6	Mus musculus	Metazoa	248		False
	Q7Z5K2	0	Training	4	Q7Z5K2	Homo sapiens	Metazoa	1190		False
	Q9UGK8	0	Training	0	Q9UGK8	Homo sapiens	Metazoa	458		False
	Q08236	0	Training	1	Q08236	Saccharomyces cerevisiae (strain ATCC 204508 / S288c)	Fungi	1176		False
	P32493	0	Training	2	P32493	Saccharomyces cerevisiae (strain ATCC 204508 / S288c)	Fungi	518		False
	F4JP52	0	Training	3	F4JP52	Arabidopsis thaliana	Plants	826		False
	Q497V6	0	Training	4	Q497V6	Mus musculus	Metazoa	772		False
	Q14642	0	Training	0	Q14642	Homo sapiens	Metazoa	412		False
	P18625	0	Training	1	P18625	Gallus gallus	Metazoa	323		False
	Q7RWZ7	0	Training	2	Q7RWZ7	Neurospora crassa (strain ATCC 24698 / 74-OR23-1A / CBS 708.71 / DSM 1257 / FGSC 987)	Fungi	201		False
	P70460	0	Training	3	P70460	Mus musculus	Metazoa	375		False
	Q9Z2C8	0	Training	4	Q9Z2C8	Mus musculus	Metazoa	360		False
	P11596	0	Training	0	P11596	Drosophila melanogaster	Metazoa	197		False
	Q7S4E0	0	Training	1	Q7S4E0	Neurospora crassa (strain ATCC 24698 / 74-OR23-1A / CBS 708.71 / DSM 1257 / FGSC 987)	Fungi	165		False
	Q9LZD0	0	Training	2	Q9LZD0	Arabidopsis thaliana	Plants	599		False
	Q9USU8	0	Training	3	Q9USU8	Schizosaccharomyces pombe (strain 972 / ATCC 24843)	Fungi	551		False
	Q90ZF9	0	Training	4	Q90ZF9	Gallus gallus	Metazoa	235		False
	Q8BG36	0	Training	0	Q8BG36	Mus musculus	Metazoa	561		False
	Q8H1F7	0	Training	1	Q8H1F7	Arabidopsis thaliana	Plants	332		False
	P55318	0	Training	2	P55318	Homo sapiens	Metazoa	350		False
	Q6EKJ0	0	Training	3	Q6EKJ0	Homo sapiens	Metazoa	949		False
	Q06706	0	Training	4	Q06706	Saccharomyces cerevisiae (strain ATCC 204508 / S288c)	Fungi	1349		False
	Q32NC0	0	Training	0	Q32NC0	Homo sapiens	Metazoa	220		False
	Q9LS02	0	Training	1	Q9LS02	Arabidopsis thaliana	Plants	253		False
	O94261	0	Training	2	O94261	Schizosaccharomyces pombe (strain 972 / ATCC 24843)	Fungi	220		False
	Q84N48	0	Training	3	Q84N48	Zea mays	Plants	611		False
	Q86XK2	0	Training	4	Q86XK2	Homo sapiens	Metazoa	927		False
	A6NK58	0	Training	0	A6NK58	Homo sapiens	Metazoa	231		False
	P83111	0	Training	1	P83111	Homo sapiens	Metazoa	547		False
	P40992	0	Training	2	P40992	Saccharomyces cerevisiae (strain ATCC 204508 / S288c)	Fungi	514		False
	Q9S7E4	0	Training	3	Q9S7E4	Arabidopsis thaliana	Plants	384		False
	Q9UTI4	0	Training	4	Q9UTI4	Schizosaccharomyces pombe (strain 972 / ATCC 24843)	Fungi	172		False
	F4JVI3	0	Training	0	F4JVI3	Arabidopsis thaliana	Plants	493		False
	Q6UB28	0	Training	1	Q6UB28	Homo sapiens	Metazoa	335		False
	P24522	0	Training	2	P24522	Homo sapiens	Metazoa	165		False
	Q13325	0	Training	3	Q13325	Homo sapiens	Metazoa	482		False
	P18608	0	Training	4	P18608	Mus musculus	Metazoa	96		False
	Q10FT0	0	Training	0	Q10FT0	Oryza sativa subsp. japonica	Plants	824		False
	Q6UL01	0	Training	1	Q6UL01	Mus musculus	Metazoa	79		False
	Q7TPD6	0	Training	2	Q7TPD6	Mus musculus	Metazoa	673		False
	Q15126	0	Training	3	Q15126	Homo sapiens	Metazoa	192		False
	Q9VT00	0	Training	4	Q9VT00	Drosophila melanogaster	Metazoa	2351		False
	Q12208	0	Training	0	Q12208	Saccharomyces cerevisiae (strain ATCC 204508 / S288c)	Fungi	290		False
	O74417	0	Training	1	O74417	Schizosaccharomyces pombe (strain 972 / ATCC 24843)	Fungi	497		False
	Q86Y91	0	Training	2	Q86Y91	Homo sapiens	Metazoa	852		False
	Q9SM44	0	Training	3	Q9SM44	Spinacia oleracea	Plants	522		False
	Q708S7	0	Training	4	Q708S7	Danio rerio	Metazoa	501		True
	Q8RX78	0	Training	0	Q8RX78	Arabidopsis thaliana	Plants	684		False
	P49919	0	Training	1	P49919	Mus musculus	Metazoa	348		False
	Q64318	0	Training	2	Q64318	Mus musculus	Metazoa	1117		False
	P47076	0	Training	3	P47076	Saccharomyces cerevisiae (strain ATCC 204508 / S288c)	Fungi	161		False
	D5LXJ0	0	Training	4	D5LXJ0	Lotus japonicus	Plants	691		False
	P53032	0	Training	0	P53032	Saccharomyces cerevisiae (strain ATCC 204508 / S288c)	Fungi	299		False
	Q2M3C6	0	Training	1	Q2M3C6	Homo sapiens	Metazoa	523		False
	Q69YI7	0	Training	2	Q69YI7	Homo sapiens	Metazoa	327		False
	Q8NDD1	0	Training	3	Q8NDD1	Homo sapiens	Metazoa	293		False
	Q12830	0	Training	4	Q12830	Homo sapiens	Metazoa	3046		False
	P0DPG3	0	Training	0	P0DPG3	Trypanosoma brucei brucei	Other	75		False
	P81128	0	Training	1	P81128	Rattus norvegicus	Metazoa	1499		False
	P93303	0	Training	2	P93303	Arabidopsis thaliana	Plants	158		True
	P07470	0	Training	3	P07470	Bos taurus	Metazoa	80		True
	Q7Z6L0	0	Training	4	Q7Z6L0	Homo sapiens	Metazoa	340		False
	P39001	0	Training	0	P39001	Saccharomyces cerevisiae (strain ATCC 204508 / S288c)	Fungi	836		False
	Q04049	0	Training	1	Q04049	Saccharomyces cerevisiae (strain ATCC 204508 / S288c)	Fungi	632		False
	Q99JB6	0	Training	2	Q99JB6	Mus musculus	Metazoa	429		False
	P34078	0	Training	3	P34078	Saccharomyces cerevisiae (strain ATCC 204508 / S288c)	Fungi	463		False
	P40498	0	Training	4	P40498	Saccharomyces cerevisiae (strain ATCC 204508 / S288c)	Fungi	721		False
	Q9SZH4	0	Training	0	Q9SZH4	Arabidopsis thaliana	Plants	495		False
	O59767	0	Training	1	O59767	Schizosaccharomyces pombe (strain 972 / ATCC 24843)	Fungi	310		False
	Q8L9Y3	0	Training	2	Q8L9Y3	Arabidopsis thaliana	Plants	382		False
	Q9HAW4	0	Training	3	Q9HAW4	Homo sapiens	Metazoa	1339		False
	P53866	0	Training	4	P53866	Saccharomyces cerevisiae (strain ATCC 204508 / S288c)	Fungi	767		False
	A0A075TRB3	0	Training	0	A0A075TRB3	Penicillium expansum	Fungi	259		False
	P15512	0	Training	1	P15512	Tetrahymena pyriformis	Other	136		False
	Q12084	0	Training	2	Q12084	Saccharomyces cerevisiae (strain ATCC 204508 / S288c)	Fungi	232		False
	O88339	0	Training	3	O88339	Rattus norvegicus	Metazoa	575		False
	Q8VYE2	0	Training	4	Q8VYE2	Arabidopsis thaliana	Plants	376		True
	O94621	0	Training	0	O94621	Schizosaccharomyces pombe (strain 972 / ATCC 24843)	Fungi	365		False
	Q9UHQ1	0	Training	1	Q9UHQ1	Homo sapiens	Metazoa	456		False
	Q9LXW7	0	Training	2	Q9LXW7	Arabidopsis thaliana	Plants	1580		False
	P40459	0	Training	3	P40459	Saccharomyces cerevisiae (strain ATCC 204508 / S288c)	Fungi	309		False
	O94667	0	Training	4	O94667	Schizosaccharomyces pombe (strain 972 / ATCC 24843)	Fungi	560		False
	P38793	0	Training	0	P38793	Saccharomyces cerevisiae (strain ATCC 204508 / S288c)	Fungi	499		False
	Q9C9T3	0	Training	1	Q9C9T3	Arabidopsis thaliana	Plants	67		False
	F4JYC8	0	Training	2	F4JYC8	Arabidopsis thaliana	Plants	1706		False
	Q8H0V4	0	Training	3	Q8H0V4	Arabidopsis thaliana	Plants	722		False
	Q03218	0	Training	4	Q03218	Saccharomyces cerevisiae (strain ATCC 204508 / S288c)	Fungi	510		False
	Q9ASS2	0	Training	0	Q9ASS2	Arabidopsis thaliana	Plants	601		False
	P19407	0	Training	1	P19407	Spinacia oleracea	Plants	62		True
	Q9H9T3	0	Training	2	Q9H9T3	Homo sapiens	Metazoa	547		False
	Q9VCH5	0	Training	3	Q9VCH5	Drosophila melanogaster	Metazoa	1960		False
	Q4WN10	0	Training	4	Q4WN10	Aspergillus fumigatus (strain ATCC MYA-4609 / CBS 101355 / FGSC A1100 / Af293)	Fungi	575		False
	Q12104	0	Training	0	Q12104	Saccharomyces cerevisiae (strain ATCC 204508 / S288c)	Fungi	458		False
	P53289	0	Training	1	P53289	Saccharomyces cerevisiae (strain ATCC 204508 / S288c)	Fungi	263		False
	Q80VL1	0	Training	2	Q80VL1	Mus musculus	Metazoa	560		False
	Q9FJW3	0	Training	3	Q9FJW3	Arabidopsis thaliana	Plants	82		True
	Q9NYL2	0	Training	4	Q9NYL2	Homo sapiens	Metazoa	800		False
	A0A0B5KU17	0	Training	0	A0A0B5KU17	Penicillium brevicompactum	Fungi	2190		False
	Q68FX6	0	Training	1	Q68FX6	Rattus norvegicus	Metazoa	390		False
	P53881	0	Training	2	P53881	Saccharomyces cerevisiae (strain ATCC 204508 / S288c)	Fungi	309		False
	V5IMN1	0	Training	3	V5IMN1	Neurospora crassa (strain ATCC 24698 / 74-OR23-1A / CBS 708.71 / DSM 1257 / FGSC 987)	Fungi	325		False
	O14338	0	Training	4	O14338	Schizosaccharomyces pombe (strain 972 / ATCC 24843)	Fungi	891		False
	Q64471	0	Training	0	Q64471	Mus musculus	Metazoa	240		False
	Q9SY69	0	Training	1	Q9SY69	Arabidopsis thaliana	Plants	913		False
	Q9W1V7	0	Training	2	Q9W1V7	Drosophila melanogaster	Metazoa	452		False
	P53569	0	Training	3	P53569	Mus musculus	Metazoa	1052		False
	Q32065	0	Training	4	Q32065	Chlamydomonas reinhardtii	Plants	2971		False
	Q3ZCT1	0	Training	0	Q3ZCT1	Homo sapiens	Metazoa	412		False
	Q8AWF4	0	Training	1	Q8AWF4	Xenopus laevis	Metazoa	462		False
	Q9VC56	0	Training	2	Q9VC56	Drosophila melanogaster	Metazoa	3912		False
	Q9SWI1	0	Training	3	Q9SWI1	Arabidopsis thaliana	Plants	439		False
	Q920Q3	0	Training	4	Q920Q3	Rattus norvegicus	Metazoa	154		False
	Q6P4H8	0	Training	0	Q6P4H8	Homo sapiens	Metazoa	233		True
	Q6DWJ6	0	Training	1	Q6DWJ6	Homo sapiens	Metazoa	353		True
	Q9VVR6	0	Training	2	Q9VVR6	Drosophila melanogaster	Metazoa	196		False
	Q9W413	0	Training	3	Q9W413	Drosophila melanogaster	Metazoa	544		False
	A0A0A6YY25	0	Training	4	A0A0A6YY25	Mus musculus	Metazoa	723		False
	Q8TEQ6	0	Training	0	Q8TEQ6	Homo sapiens	Metazoa	1508		False
	Q9VR19	0	Training	1	Q9VR19	Drosophila melanogaster	Metazoa	379		False
	Q21148	0	Training	2	Q21148	Caenorhabditis elegans	Metazoa	308		False
	P39112	0	Training	3	P39112	Saccharomyces cerevisiae (strain ATCC 204508 / S288c)	Fungi	969		False
	Q6P1J9	0	Training	4	Q6P1J9	Homo sapiens	Metazoa	531		False
	Q9FNH6	0	Training	0	Q9FNH6	Arabidopsis thaliana	Plants	231		True
	O22773	0	Training	1	O22773	Arabidopsis thaliana	Plants	216		False
	Q9Y2V0	0	Training	2	Q9Y2V0	Homo sapiens	Metazoa	281		False
	O81787	0	Training	3	O81787	Arabidopsis thaliana	Plants	527		False
	Q5FW52	0	Training	4	Q5FW52	Mus musculus	Metazoa	967		False
	Q96JM3	0	Training	0	Q96JM3	Homo sapiens	Metazoa	812		False
	G5EG51	0	Training	1	G5EG51	Caenorhabditis elegans	Metazoa	1270		False
	A7TUE1	0	Training	2	A7TUE1	Medicago truncatula	Plants	513		False
	P82130	0	Training	3	P82130	Spinacia oleracea	Plants	183		False
	Q99JB8	0	Training	4	Q99JB8	Mus musculus	Metazoa	424		False
	P80680	0	Training	0	P80680	Zea mays	Plants	97		False
	Q90ZA1	0	Training	1	Q90ZA1	Xenopus laevis	Metazoa	631		False
	P56288	0	Training	2	P56288	Schizosaccharomyces pombe (strain 972 / ATCC 24843)	Fungi	458		False
	A7DTF0	0	Training	3	A7DTF0	Caenorhabditis elegans	Metazoa	337		False
	L0B1Y1	0	Training	4	L0B1Y1	Theileria equi (strain WA)	Other	342		True
	Q9H9L7	0	Training	0	Q9H9L7	Homo sapiens	Metazoa	192		False
	Q8IVP5	0	Training	1	Q8IVP5	Homo sapiens	Metazoa	155		True
	F8VPN2	0	Training	2	F8VPN2	Mus musculus	Metazoa	2785		False
	P12956	0	Training	3	P12956	Homo sapiens	Metazoa	609		False
	O15287	0	Training	4	O15287	Homo sapiens	Metazoa	622		False
	P25298	0	Training	0	P25298	Saccharomyces cerevisiae (strain ATCC 204508 / S288c)	Fungi	677		False
	O43083	0	Training	1	O43083	Schizosaccharomyces pombe (strain 972 / ATCC 24843)	Fungi	338		False
	P52553	0	Training	2	P52553	Saccharomyces cerevisiae (strain ATCC 204508 / S288c)	Fungi	114		False
	P40543	0	Training	3	P40543	Saccharomyces cerevisiae (strain ATCC 204508 / S288c)	Fungi	189		False
	Q8NFZ0	0	Training	4	Q8NFZ0	Homo sapiens	Metazoa	1043		False
	Q6NL34	0	Training	0	Q6NL34	Drosophila melanogaster	Metazoa	543		False
	Q9W1H4	0	Training	1	Q9W1H4	Drosophila melanogaster	Metazoa	747		False
	P47112	0	Training	2	P47112	Saccharomyces cerevisiae (strain ATCC 204508 / S288c)	Fungi	604		False
	P38879	0	Training	3	P38879	Saccharomyces cerevisiae (strain ATCC 204508 / S288c)	Fungi	174		False
	Q94EH2	0	Training	4	Q94EH2	Arabidopsis thaliana	Plants	210		True
	Q62924	0	Training	0	Q62924	Rattus norvegicus	Metazoa	1129		False
	P05084	0	Training	1	P05084	Drosophila melanogaster	Metazoa	758		False
	P57742	0	Training	2	P57742	Arabidopsis thaliana	Plants	151		False
	O14188	0	Training	3	O14188	Schizosaccharomyces pombe (strain 972 / ATCC 24843)	Fungi	1489		False
	P54920	0	Training	4	P54920	Homo sapiens	Metazoa	295		False
	O18475	0	Training	0	O18475	Drosophila melanogaster	Metazoa	2059		False
	Q9LVV5	0	Training	1	Q9LVV5	Arabidopsis thaliana	Plants	223		False
	Q8CGU1	0	Training	2	Q8CGU1	Mus musculus	Metazoa	691		False
	Q61009	0	Training	3	Q61009	Mus musculus	Metazoa	509		True
	Q9M276	0	Training	4	Q9M276	Arabidopsis thaliana	Plants	235		False
	Q9USM1	0	Training	0	Q9USM1	Schizosaccharomyces pombe (strain 972 / ATCC 24843)	Fungi	388		False
	P53911	0	Training	1	P53911	Saccharomyces cerevisiae (strain ATCC 204508 / S288c)	Fungi	425		False
	G5EEG1	0	Training	2	G5EEG1	Caenorhabditis elegans	Metazoa	482		False
	Q12345	0	Training	3	Q12345	Saccharomyces cerevisiae (strain ATCC 204508 / S288c)	Fungi	250		False
	Q13761	0	Training	4	Q13761	Homo sapiens	Metazoa	415		False
	Q9Y2M2	0	Training	0	Q9Y2M2	Homo sapiens	Metazoa	375		False
	Q4VC44	0	Training	1	Q4VC44	Homo sapiens	Metazoa	716		False
	A6NHX0	0	Training	2	A6NHX0	Homo sapiens	Metazoa	329		False
	P53168	0	Training	3	P53168	Saccharomyces cerevisiae (strain ATCC 204508 / S288c)	Fungi	247		False
	P92506	0	Training	4	P92506	Ascaris suum	Metazoa	188		True
	Q9HAJ7	0	Training	0	Q9HAJ7	Homo sapiens	Metazoa	183		False
	P50536	0	Training	1	P50536	Drosophila melanogaster	Metazoa	512		False
	Q9C5Y0	0	Training	2	Q9C5Y0	Arabidopsis thaliana	Plants	868		False
	Q9BT78	0	Training	3	Q9BT78	Homo sapiens	Metazoa	406		False
	O35615	0	Training	4	O35615	Mus musculus	Metazoa	995		False
	Q91YE5	0	Training	0	Q91YE5	Mus musculus	Metazoa	1889		False
	Q8N6L0	0	Training	1	Q8N6L0	Homo sapiens	Metazoa	562		False
	Q9Y5B0	0	Training	2	Q9Y5B0	Homo sapiens	Metazoa	961		False
	P00415	0	Training	3	P00415	Bos taurus	Metazoa	261		True
	Q9W1R5	0	Training	4	Q9W1R5	Drosophila melanogaster	Metazoa	1854		False
	P02836	0	Training	0	P02836	Drosophila melanogaster	Metazoa	552		False
	Q62318	0	Training	1	Q62318	Mus musculus	Metazoa	834		False
	Q9FJI1	0	Training	2	Q9FJI1	Arabidopsis thaliana	Plants	178		False
	Q9H147	0	Training	3	Q9H147	Homo sapiens	Metazoa	329		False
	Q8LDF9	0	Training	4	Q8LDF9	Arabidopsis thaliana	Plants	241		False
	P13183	0	Training	0	P13183	Bos taurus	Metazoa	80		True
	P23492	0	Training	1	P23492	Mus musculus	Metazoa	289		False
	Q9NPJ6	0	Training	2	Q9NPJ6	Homo sapiens	Metazoa	270		False
	W7MAT5	0	Training	3	W7MAT5	Gibberella moniliformis (strain M3125 / FGSC 7600)	Fungi	574		True
	P32335	0	Training	4	P32335	Saccharomyces cerevisiae (strain ATCC 204508 / S288c)	Fungi	436		False
	P22342	0	Training	0	P22342	Euglena viridis	Other	102		False
	P25346	0	Training	1	P25346	Saccharomyces cerevisiae (strain ATCC 204508 / S288c)	Fungi	518		True
	Q80T79	0	Training	2	Q80T79	Mus musculus	Metazoa	3707		True
	P33411	0	Training	3	P33411	Saccharomyces cerevisiae (strain ATCC 204508 / S288c)	Fungi	251		False
	Q8K3D3	0	Training	4	Q8K3D3	Mus musculus	Metazoa	89		False
	Q24400	0	Training	0	Q24400	Drosophila melanogaster	Metazoa	495		False
	Q9Y6J8	0	Training	1	Q9Y6J8	Homo sapiens	Metazoa	313		False
	Q8TDB6	0	Training	2	Q8TDB6	Homo sapiens	Metazoa	740		False
	Q8CH25	0	Training	3	Q8CH25	Mus musculus	Metazoa	1031		False
	Q10SY9	0	Training	4	Q10SY9	Oryza sativa subsp. japonica	Plants	472		True
	O48721	0	Training	0	O48721	Arabidopsis thaliana	Plants	321		False
	Q96GJ1	0	Training	1	Q96GJ1	Homo sapiens	Metazoa	504		False
	P12689	0	Training	2	P12689	Saccharomyces cerevisiae (strain ATCC 204508 / S288c)	Fungi	985		False
	P05089	0	Training	3	P05089	Homo sapiens	Metazoa	322		False
	O42647	0	Training	4	O42647	Schizosaccharomyces pombe (strain 972 / ATCC 24843)	Fungi	188		False
	Q53H82	0	Training	0	Q53H82	Homo sapiens	Metazoa	288		False
	Q7SGU0	0	Training	1	Q7SGU0	Neurospora crassa (strain ATCC 24698 / 74-OR23-1A / CBS 708.71 / DSM 1257 / FGSC 987)	Fungi	376		False
	Q03533	0	Training	2	Q03533	Saccharomyces cerevisiae (strain ATCC 204508 / S288c)	Fungi	586		False
	G5ECU7	0	Training	3	G5ECU7	Caenorhabditis elegans	Metazoa	319		False
	P23500	0	Training	4	P23500	Saccharomyces cerevisiae (strain ATCC 204508 / S288c)	Fungi	304		True
	Q94AR8	0	Training	0	Q94AR8	Arabidopsis thaliana	Plants	509		False
	Q9LEK8	0	Training	1	Q9LEK8	Digitalis lanata	Plants	118		False
	G5EDW7	0	Training	2	G5EDW7	Caenorhabditis elegans	Metazoa	386		False
	Q969Q6	0	Training	3	Q969Q6	Homo sapiens	Metazoa	453		False
	O43597	0	Training	4	O43597	Homo sapiens	Metazoa	315		False
	Q9NTX7	0	Training	0	Q9NTX7	Homo sapiens	Metazoa	359		False
	Q9Y5Y5	0	Training	1	Q9Y5Y5	Homo sapiens	Metazoa	336		True
	P40024	0	Training	2	P40024	Saccharomyces cerevisiae (strain ATCC 204508 / S288c)	Fungi	610		False
	Q1K699	0	Training	3	Q1K699	Neurospora crassa (strain ATCC 24698 / 74-OR23-1A / CBS 708.71 / DSM 1257 / FGSC 987)	Fungi	303		False
	Q9C0C2	0	Training	4	Q9C0C2	Homo sapiens	Metazoa	1729		False
	Q9LQI7	0	Training	0	Q9LQI7	Arabidopsis thaliana	Plants	227		False
	P34893	0	Training	1	P34893	Arabidopsis thaliana	Plants	98		False
	Q9U6M1	0	Training	2	Q9U6M1	Leishmania tarentolae	Other	827		False
	G5EEW6	0	Training	3	G5EEW6	Caenorhabditis elegans	Metazoa	427		False
	G5EG17	0	Training	4	G5EG17	Caenorhabditis elegans	Metazoa	1149		False
	Q9ZST9	0	Training	0	Q9ZST9	Pisum sativum	Plants	252		False
	Q93V85	0	Training	1	Q93V85	Arabidopsis thaliana	Plants	417		False
	P38237	0	Training	2	P38237	Saccharomyces cerevisiae (strain ATCC 204508 / S288c)	Fungi	781		False
	O94538	0	Training	3	O94538	Schizosaccharomyces pombe (strain 972 / ATCC 24843)	Fungi	649		False
	Q08921	0	Training	4	Q08921	Saccharomyces cerevisiae (strain ATCC 204508 / S288c)	Fungi	799		False
	Q8VDU0	0	Training	0	Q8VDU0	Mus musculus	Metazoa	679		False
	Q9Y5B8	0	Training	1	Q9Y5B8	Homo sapiens	Metazoa	376		False
	P26569	0	Training	2	P26569	Arabidopsis thaliana	Plants	273		False
	P42027	0	Training	3	P42027	Brassica oleracea	Plants	215		False
	G5EGQ6	0	Training	4	G5EGQ6	Caenorhabditis elegans	Metazoa	2684		False
	Q9S752	0	Training	0	Q9S752	Arabidopsis thaliana	Plants	388		False
	P49789	0	Training	1	P49789	Homo sapiens	Metazoa	147		False
	O65272	0	Training	2	O65272	Arabidopsis thaliana	Plants	1174		False
	O75496	0	Training	3	O75496	Homo sapiens	Metazoa	209		False
	P87231	0	Training	4	P87231	Schizosaccharomyces pombe (strain 972 / ATCC 24843)	Fungi	608		False
	Q10296	0	Training	0	Q10296	Schizosaccharomyces pombe (strain 972 / ATCC 24843)	Fungi	138		False
	P05066	0	Training	1	P05066	Saccharomyces cerevisiae (strain ATCC 204508 / S288c)	Fungi	565		False
	Q9I9N6	0	Training	2	Q9I9N6	Danio rerio	Metazoa	203		False
	Q9UUI2	0	Training	3	Q9UUI2	Schizosaccharomyces pombe (strain 972 / ATCC 24843)	Fungi	165		False
	P47175	0	Training	4	P47175	Saccharomyces cerevisiae (strain ATCC 204508 / S288c)	Fungi	358		False
	P83213	0	Training	0	P83213	Bolinus brandaris	Metazoa	54		False
	P62241	0	Training	1	P62241	Homo sapiens	Metazoa	208		False
	Q38E51	0	Training	2	Q38E51	Trypanosoma brucei brucei (strain 927/4 GUTat10.1)	Other	262		True
	Q13495	0	Training	3	Q13495	Homo sapiens	Metazoa	774		False
	P63212	0	Training	4	P63212	Bos taurus	Metazoa	71		False
	Q9XE33	0	Training	0	Q9XE33	Oryza sativa subsp. japonica	Plants	205		False
	Q9UKL0	0	Training	1	Q9UKL0	Homo sapiens	Metazoa	485		False
	Q9M3B8	0	Training	2	Q9M3B8	Arabidopsis thaliana	Plants	597		False
	P84996	0	Training	3	P84996	Homo sapiens	Metazoa	626		False
	O13852	0	Training	4	O13852	Schizosaccharomyces pombe (strain 972 / ATCC 24843)	Fungi	249		False
	Q9VFX3	0	Training	0	Q9VFX3	Drosophila melanogaster	Metazoa	137		True
	Q22703	0	Training	1	Q22703	Caenorhabditis elegans	Metazoa	598		False
	Q9NQX3	0	Training	2	Q9NQX3	Homo sapiens	Metazoa	736		False
	P13275	0	Training	3	P13275	Scyliorhinus canicula	Metazoa	87		False
	Q9VNH1	0	Training	4	Q9VNH1	Drosophila melanogaster	Metazoa	300		False
	Q3SZX5	0	Training	0	Q3SZX5	Bos taurus	Metazoa	204		False
	O43482	0	Training	1	O43482	Homo sapiens	Metazoa	229		False
	P53838	0	Training	2	P53838	Saccharomyces cerevisiae (strain ATCC 204508 / S288c)	Fungi	576		True
	Q61548	0	Training	3	Q61548	Mus musculus	Metazoa	901		False
	Q96PZ2	0	Training	4	Q96PZ2	Homo sapiens	Metazoa	611		False
	O94451	0	Training	0	O94451	Schizosaccharomyces pombe (strain 972 / ATCC 24843)	Fungi	727		False
	Q9S7B5	0	Training	1	Q9S7B5	Arabidopsis thaliana	Plants	526		False
	P56780	0	Training	2	P56780	Arabidopsis thaliana	Plants	73		True
	P38140	0	Training	3	P38140	Saccharomyces cerevisiae (strain ATCC 204508 / S288c)	Fungi	529		False
	O43716	0	Training	4	O43716	Homo sapiens	Metazoa	136		False
	Q9H4I9	0	Training	0	Q9H4I9	Homo sapiens	Metazoa	107		True
	P06778	0	Training	1	P06778	Saccharomyces cerevisiae (strain ATCC 204508 / S288c)	Fungi	471		False
	P84090	0	Training	2	P84090	Homo sapiens	Metazoa	104		False
	Q16385	0	Training	3	Q16385	Homo sapiens	Metazoa	188		False
	Q9C469	0	Training	4	Q9C469	Schizosaccharomyces pombe (strain 972 / ATCC 24843)	Fungi	648		False
	Q9SIY3	0	Training	0	Q9SIY3	Arabidopsis thaliana	Plants	210		False
	Q9FFH1	0	Training	1	Q9FFH1	Arabidopsis thaliana	Plants	1694		False
	P43618	0	Training	2	P43618	Saccharomyces cerevisiae (strain ATCC 204508 / S288c)	Fungi	361		False
	Q7XA07	0	Training	3	Q7XA07	Chlamydomonas reinhardtii	Plants	427		False
	A6YSL1	0	Training	4	A6YSL1	Zea mays	Plants	525		False
	Q03201	0	Training	0	Q03201	Saccharomyces cerevisiae (strain ATCC 204508 / S288c)	Fungi	203		False
	Q19253	0	Training	1	Q19253	Caenorhabditis elegans	Metazoa	592		False
	Q99207	0	Training	2	Q99207	Saccharomyces cerevisiae (strain ATCC 204508 / S288c)	Fungi	810		False
	Q9D1M4	0	Training	3	Q9D1M4	Mus musculus	Metazoa	174		False
	Q7TNS8	0	Training	4	Q7TNS8	Mus musculus	Metazoa	369		False
	Q6Z1Z3	0	Training	0	Q6Z1Z3	Oryza sativa subsp. japonica	Plants	362		False
	Q9CQ91	0	Training	1	Q9CQ91	Mus musculus	Metazoa	84		True
	Q02969	0	Training	2	Q02969	Saccharomyces cerevisiae (strain ATCC 204508 / S288c)	Fungi	394		False
	Q9M365	0	Training	3	Q9M365	Arabidopsis thaliana	Plants	359		False
	O43719	0	Training	4	O43719	Homo sapiens	Metazoa	755		False
	Q9Y817	0	Training	0	Q9Y817	Schizosaccharomyces pombe (strain 972 / ATCC 24843)	Fungi	1297		False
	Q08985	0	Training	1	Q08985	Saccharomyces cerevisiae (strain ATCC 204508 / S288c)	Fungi	325		False
	O14519	0	Training	2	O14519	Homo sapiens	Metazoa	115		False
	P53854	0	Training	3	P53854	Saccharomyces cerevisiae (strain ATCC 204508 / S288c)	Fungi	179		False
	P48985	0	Training	4	P48985	Mus musculus	Metazoa	351		False
	Q8BHN1	0	Training	0	Q8BHN1	Mus musculus	Metazoa	524		False
	P32833	0	Training	1	P32833	Saccharomyces cerevisiae (strain ATCC 204508 / S288c)	Fungi	620		False
	P26754	0	Training	2	P26754	Saccharomyces cerevisiae (strain ATCC 204508 / S288c)	Fungi	273		False
	P80002	0	Training	3	P80002	Sepia officinalis	Metazoa	77		False
	Q8N4H5	0	Training	4	Q8N4H5	Homo sapiens	Metazoa	51		True
	Q9D4J1	0	Training	0	Q9D4J1	Mus musculus	Metazoa	240		False
	P34707	0	Training	1	P34707	Caenorhabditis elegans	Metazoa	623		False
	O13900	0	Training	2	O13900	Schizosaccharomyces pombe (strain 972 / ATCC 24843)	Fungi	481		False
	Q9Y4P9	0	Training	3	Q9Y4P9	Homo sapiens	Metazoa	236		False
	Q9STF2	0	Training	4	Q9STF2	Arabidopsis thaliana	Plants	510		False
	P51610	0	Training	0	P51610	Homo sapiens	Metazoa	2035		False
	P19889	0	Training	1	P19889	Drosophila melanogaster	Metazoa	317		False
	P53877	0	Training	2	P53877	Saccharomyces cerevisiae (strain ATCC 204508 / S288c)	Fungi	555		False
	Q7JWP6	0	Training	3	Q7JWP6	Drosophila melanogaster	Metazoa	221		False
	Q9UPS6	0	Training	4	Q9UPS6	Homo sapiens	Metazoa	1966		False
	Q10S44	0	Training	0	Q10S44	Oryza sativa subsp. japonica	Plants	354		False
	Q96BU1	0	Training	1	Q96BU1	Homo sapiens	Metazoa	408		False
	Q9HBL8	0	Training	2	Q9HBL8	Homo sapiens	Metazoa	299		False
	Q96KQ7	0	Training	3	Q96KQ7	Homo sapiens	Metazoa	1210		False
	Q9QXM1	0	Training	4	Q9QXM1	Mus musculus	Metazoa	983		False
	P47074	0	Training	0	P47074	Saccharomyces cerevisiae (strain ATCC 204508 / S288c)	Fungi	515		False
	P34619	0	Training	1	P34619	Caenorhabditis elegans	Metazoa	813		False
	Q04213	0	Training	2	Q04213	Saccharomyces cerevisiae (strain ATCC 204508 / S288c)	Fungi	475		False
	Q9UT32	0	Training	3	Q9UT32	Schizosaccharomyces pombe (strain 972 / ATCC 24843)	Fungi	373		False
	Q04712	0	Training	4	Q04712	Saccharomyces cerevisiae (strain ATCC 204508 / S288c)	Fungi	507		False
	Q9BLG4	0	Training	0	Q9BLG4	Dictyostelium discoideum	Other	463		True
	P34257	0	Training	1	P34257	Caenorhabditis elegans	Metazoa	329		False
	A0A8P0N4K0	0	Training	2	A0A8P0N4K0	Canis lupus familiaris	Metazoa	1614		False
	Q9Y3E5	0	Training	3	Q9Y3E5	Homo sapiens	Metazoa	179		True
	P91928	0	Training	4	P91928	Drosophila melanogaster	Metazoa	739		True
	Q61451	0	Training	0	Q61451	Mus musculus	Metazoa	219		True
	Q8NHG8	0	Training	1	Q8NHG8	Homo sapiens	Metazoa	242		False
	Q3UP24	0	Training	2	Q3UP24	Mus musculus	Metazoa	1024		False
	B9DGI8	0	Training	3	B9DGI8	Arabidopsis thaliana	Plants	314		False
	Q84TH9	0	Training	4	Q84TH9	Arabidopsis thaliana	Plants	959		False
	F4HU58	0	Training	0	F4HU58	Arabidopsis thaliana	Plants	420		False
	Q7Y1W1	0	Training	1	Q7Y1W1	Arabidopsis thaliana	Plants	527		False
	Q9UI40	0	Training	2	Q9UI40	Homo sapiens	Metazoa	661		True
	Q9Y7Q6	0	Training	3	Q9Y7Q6	Schizosaccharomyces pombe (strain 972 / ATCC 24843)	Fungi	147		False
	Q9I7U4	0	Training	4	Q9I7U4	Drosophila melanogaster	Metazoa	18141		False
	Q5TGY3	0	Training	0	Q5TGY3	Homo sapiens	Metazoa	1603		False
	Q9NWU2	0	Training	1	Q9NWU2	Homo sapiens	Metazoa	228		False
	P48837	0	Training	2	P48837	Saccharomyces cerevisiae (strain ATCC 204508 / S288c)	Fungi	541		False
	A1A6H3	0	Training	3	A1A6H3	Arabidopsis thaliana	Plants	379		False
	Q9P3W1	0	Training	4	Q9P3W1	Schizosaccharomyces pombe (strain 972 / ATCC 24843)	Fungi	434		False
	P83103	0	Training	0	P83103	Drosophila melanogaster	Metazoa	566		False
	Q04279	0	Training	1	Q04279	Saccharomyces cerevisiae (strain ATCC 204508 / S288c)	Fungi	960		False
	Q7RTV3	0	Training	2	Q7RTV3	Homo sapiens	Metazoa	350		False
	Q06032	0	Training	3	Q06032	Saccharomyces cerevisiae (strain ATCC 204508 / S288c)	Fungi	482		False
	Q8TEV9	0	Training	4	Q8TEV9	Homo sapiens	Metazoa	937		False
	Q8WXI9	0	Training	0	Q8WXI9	Homo sapiens	Metazoa	593		False
	Q8TBZ3	0	Training	1	Q8TBZ3	Homo sapiens	Metazoa	569		False
	P11471	0	Training	2	P11471	Chlamydomonas reinhardtii	Plants	245		False
	O74461	0	Training	3	O74461	Schizosaccharomyces pombe (strain 972 / ATCC 24843)	Fungi	235		False
	Q7YZH1	0	Training	4	Q7YZH1	Drosophila melanogaster	Metazoa	3241		False
	Q86TG7	0	Training	0	Q86TG7	Homo sapiens	Metazoa	708		False
	Q9XQN8	0	Training	1	Q9XQN8	Sinapis alba	Plants	327		False
	Q6P9H5	0	Training	2	Q6P9H5	Homo sapiens	Metazoa	292		False
	Q9LJ87	0	Training	3	Q9LJ87	Arabidopsis thaliana	Plants	415		False
	P80470	0	Training	4	P80470	Spinacia oleracea	Plants	199		False
	P78364	0	Training	0	P78364	Homo sapiens	Metazoa	1004		False
	Q21986	0	Training	1	Q21986	Caenorhabditis elegans	Metazoa	958		False
	P38969	0	Training	2	P38969	Saccharomyces cerevisiae (strain ATCC 204508 / S288c)	Fungi	423		False
	Q9UTK5	0	Training	3	Q9UTK5	Schizosaccharomyces pombe (strain 972 / ATCC 24843)	Fungi	1727		False
	Q8BGY7	0	Training	4	Q8BGY7	Mus musculus	Metazoa	273		False
	P36213	0	Training	0	P36213	Hordeum vulgare	Plants	205		False
	Q8R107	0	Training	1	Q8R107	Mus musculus	Metazoa	217		False
	O13803	0	Training	2	O13803	Schizosaccharomyces pombe (strain 972 / ATCC 24843)	Fungi	601		False
	Q22002	0	Training	3	Q22002	Caenorhabditis elegans	Metazoa	582		False
	Q06409	0	Training	4	Q06409	Saccharomyces cerevisiae (strain ATCC 204508 / S288c)	Fungi	1932		False
	Q93WG3	0	Training	0	Q93WG3	Arabidopsis thaliana	Plants	294		False
	Q9LX31	0	Training	1	Q9LX31	Arabidopsis thaliana	Plants	265		False
	P43572	0	Training	2	P43572	Saccharomyces cerevisiae (strain ATCC 204508 / S288c)	Fungi	832		False
	Q5C9I9	0	Training	3	Q5C9I9	Mentha piperita	Plants	265		False
	Q05905	0	Training	4	Q05905	Saccharomyces cerevisiae (strain ATCC 204508 / S288c)	Fungi	244		False
	O60936	0	Training	0	O60936	Homo sapiens	Metazoa	208		False
	P43188	0	Training	1	P43188	Zea mays	Plants	222		False
	Q8N695	0	Training	2	Q8N695	Homo sapiens	Metazoa	610		True
	Q2M1K9	0	Training	3	Q2M1K9	Homo sapiens	Metazoa	1284		False
	Q9VNB5	0	Training	4	Q9VNB5	Drosophila melanogaster	Metazoa	486		True
	O74500	0	Training	0	O74500	Schizosaccharomyces pombe (strain 972 / ATCC 24843)	Fungi	736		False
	P54789	0	Training	1	P54789	Schizosaccharomyces pombe (strain 972 / ATCC 24843)	Fungi	707		False
	Q99966	0	Training	2	Q99966	Homo sapiens	Metazoa	193		False
	Q05934	0	Training	3	Q05934	Saccharomyces cerevisiae (strain ATCC 204508 / S288c)	Fungi	901		False
	P43116	0	Training	4	P43116	Homo sapiens	Metazoa	358		True
	P30307	0	Training	0	P30307	Homo sapiens	Metazoa	473		False
	Q562E2	0	Training	1	Q562E2	Mus musculus	Metazoa	927		False
	Q9BV90	0	Training	2	Q9BV90	Homo sapiens	Metazoa	132		False
	O88942	0	Training	3	O88942	Mus musculus	Metazoa	717		False
	P30776	0	Training	4	P30776	Schizosaccharomyces pombe (strain 972 / ATCC 24843)	Fungi	628		False
	P56347	0	Training	0	P56347	Chlorella vulgaris	Plants	161		False
	Q9FNE9	0	Training	1	Q9FNE9	Arabidopsis thaliana	Plants	349		False
	O13601	0	Training	2	O13601	Schizosaccharomyces pombe (strain 972 / ATCC 24843)	Fungi	494		False
	P10119	0	Training	3	P10119	Oryctolagus cuniculus	Metazoa	50		False
	O59858	0	Training	4	O59858	Schizosaccharomyces pombe (strain 972 / ATCC 24843)	Fungi	158		False
	P25555	0	Training	0	P25555	Saccharomyces cerevisiae (strain ATCC 204508 / S288c)	Fungi	427		False
	Q8BG79	0	Training	1	Q8BG79	Mus musculus	Metazoa	887		False
	P56282	0	Training	2	P56282	Homo sapiens	Metazoa	527		False
	P34233	0	Training	3	P34233	Saccharomyces cerevisiae (strain ATCC 204508 / S288c)	Fungi	588		False
	B6HQ74	0	Training	4	B6HQ74	Penicillium rubens (strain ATCC 28089 / DSM 1075 / NRRL 1951 / Wisconsin 54-1255)	Fungi	390		False
	Q6PD74	0	Training	0	Q6PD74	Homo sapiens	Metazoa	315		False
	Q92366	0	Training	1	Q92366	Schizosaccharomyces pombe (strain 972 / ATCC 24843)	Fungi	61		False
	Q1K5G1	0	Training	2	Q1K5G1	Neurospora crassa (strain ATCC 24698 / 74-OR23-1A / CBS 708.71 / DSM 1257 / FGSC 987)	Fungi	320		False
	Q944H2	0	Training	3	Q944H2	Arabidopsis thaliana	Plants	391		False
	Q09814	0	Training	4	Q09814	Schizosaccharomyces pombe (strain 972 / ATCC 24843)	Fungi	239		False
	Q9NPI8	0	Training	0	Q9NPI8	Homo sapiens	Metazoa	374		False
	O01971	0	Training	1	O01971	Caenorhabditis elegans	Metazoa	166		False
	Q9URV9	0	Training	2	Q9URV9	Schizosaccharomyces pombe (strain 972 / ATCC 24843)	Fungi	124		False
	Q6TAS3	0	Training	3	Q6TAS3	Solanum lycopersicum	Plants	902		False
	F4HQA1	0	Training	4	F4HQA1	Arabidopsis thaliana	Plants	589		False
	Q8N3J2	0	Training	0	Q8N3J2	Homo sapiens	Metazoa	472		False
	Q16773	0	Training	1	Q16773	Homo sapiens	Metazoa	422		False
	O74365	0	Training	2	O74365	Schizosaccharomyces pombe (strain 972 / ATCC 24843)	Fungi	865		False
	P39965	0	Training	3	P39965	Saccharomyces cerevisiae (strain ATCC 204508 / S288c)	Fungi	576		False
	Q22557	0	Training	4	Q22557	Caenorhabditis elegans	Metazoa	368		False
	C6KT66	0	Training	0	C6KT66	Plasmodium falciparum (isolate 3D7)	Other	527		False
	R4X244	0	Training	1	R4X244	Tulipa gesneriana	Plants	374		False
	P0CG13	0	Training	2	P0CG13	Homo sapiens	Metazoa	121		False
	Q15029	0	Training	3	Q15029	Homo sapiens	Metazoa	972		False
	Q9HA38	0	Training	4	Q9HA38	Homo sapiens	Metazoa	289		False
	P31334	0	Training	0	P31334	Saccharomyces cerevisiae (strain ATCC 204508 / S288c)	Fungi	269		False
	Q9NUX5	0	Training	1	Q9NUX5	Homo sapiens	Metazoa	634		False
	P25299	0	Training	2	P25299	Saccharomyces cerevisiae (strain ATCC 204508 / S288c)	Fungi	296		False
	P16458	0	Training	3	P16458	Sterkiella nova	Other	385		False
	J9VIL4	0	Training	4	J9VIL4	Cryptococcus neoformans (strain H99 / ATCC 208821 / CBS 10515 / FGSC 9487)	Fungi	623		True
	Q6ZSS7	0	Training	0	Q6ZSS7	Homo sapiens	Metazoa	791		True
	P38300	0	Training	1	P38300	Saccharomyces cerevisiae (strain ATCC 204508 / S288c)	Fungi	278		False
	P53226	0	Training	2	P53226	Saccharomyces cerevisiae (strain ATCC 204508 / S288c)	Fungi	547		False
	Q8LFW5	0	Training	3	Q8LFW5	Arabidopsis thaliana	Plants	277		False
	Q9Y6P5	0	Training	4	Q9Y6P5	Homo sapiens	Metazoa	492		False
	Q9BQ69	0	Training	0	Q9BQ69	Homo sapiens	Metazoa	325		False
	P50105	0	Training	1	P50105	Saccharomyces cerevisiae (strain ATCC 204508 / S288c)	Fungi	388		False
	K4CF70	0	Training	2	K4CF70	Solanum lycopersicum	Plants	476		False
	P80428	0	Training	3	P80428	Saccharomyces cerevisiae (strain ATCC 204508 / S288c)	Fungi	489		False
	Q8N4T4	0	Training	4	Q8N4T4	Homo sapiens	Metazoa	335		False
	Q9Y3D7	0	Training	0	Q9Y3D7	Homo sapiens	Metazoa	125		False
	P50219	0	Training	1	P50219	Homo sapiens	Metazoa	401		False
	Q96T49	0	Training	2	Q96T49	Homo sapiens	Metazoa	567		False
	O80796	0	Training	3	O80796	Arabidopsis thaliana	Plants	330		False
	Q9H7B4	0	Training	4	Q9H7B4	Homo sapiens	Metazoa	428		False
	Q96CM4	0	Training	0	Q96CM4	Homo sapiens	Metazoa	212		False
	Q21738	0	Training	1	Q21738	Caenorhabditis elegans	Metazoa	335		False
	O88379	0	Training	2	O88379	Mus musculus	Metazoa	1555		False
	Q9Z2D7	0	Training	3	Q9Z2D7	Mus musculus	Metazoa	554		False
	P47043	0	Training	4	P47043	Saccharomyces cerevisiae (strain ATCC 204508 / S288c)	Fungi	880		False
	Q2V2P4	0	Training	0	Q2V2P4	Saccharomyces cerevisiae (strain ATCC 204508 / S288c)	Fungi	73		False
	P20050	0	Training	1	P20050	Saccharomyces cerevisiae (strain ATCC 204508 / S288c)	Fungi	605		False
	P18494	0	Training	2	P18494	Saccharomyces cerevisiae (strain ATCC 204508 / S288c)	Fungi	730		False
	Q7TS63	0	Training	3	Q7TS63	Mus musculus	Metazoa	1237		False
	Q8IEF6	0	Training	4	Q8IEF6	Plasmodium falciparum (isolate 3D7)	Other	414		False
	Q791V5	0	Training	0	Q791V5	Mus musculus	Metazoa	303		True
	P20676	0	Training	1	P20676	Saccharomyces cerevisiae (strain ATCC 204508 / S288c)	Fungi	1076		False
	Q96EY7	0	Training	2	Q96EY7	Homo sapiens	Metazoa	689		False
	P25569	0	Training	3	P25569	Saccharomyces cerevisiae (strain ATCC 204508 / S288c)	Fungi	745		False
	Q03435	0	Training	4	Q03435	Saccharomyces cerevisiae (strain ATCC 204508 / S288c)	Fungi	203		False
	Q14674	0	Training	0	Q14674	Homo sapiens	Metazoa	2120		False
	A0A0D1DYJ6	0	Training	1	A0A0D1DYJ6	Mycosarcoma maydis	Fungi	619		True
	Q800K6	0	Training	2	Q800K6	Xenopus laevis	Metazoa	1513		False
	Q69WS3	0	Training	3	Q69WS3	Oryza sativa subsp. japonica	Plants	256		False
	D3ZKT0	0	Training	4	D3ZKT0	Rattus norvegicus	Metazoa	337		False
	C4R8D7	0	Training	0	C4R8D7	Komagataella phaffii (strain GS115 / ATCC 20864)	Fungi	409		False
	Q9BU64	0	Training	1	Q9BU64	Homo sapiens	Metazoa	300		False
	Q9FJG1	0	Training	2	Q9FJG1	Arabidopsis thaliana	Plants	90		False
	Q02950	0	Training	3	Q02950	Saccharomyces cerevisiae (strain ATCC 204508 / S288c)	Fungi	344		False
	Q7S2C2	0	Training	4	Q7S2C2	Neurospora crassa (strain ATCC 24698 / 74-OR23-1A / CBS 708.71 / DSM 1257 / FGSC 987)	Fungi	119		False
	P22148	0	Training	0	P22148	Saccharomyces cerevisiae (strain ATCC 204508 / S288c)	Fungi	382		False
	Q03079	0	Training	1	Q03079	Saccharomyces cerevisiae (strain ATCC 204508 / S288c)	Fungi	207		False
	Q15057	0	Training	2	Q15057	Homo sapiens	Metazoa	778		False
	A2ARP9	0	Training	3	A2ARP9	Mus musculus	Metazoa	588		False
	P09368	0	Training	4	P09368	Saccharomyces cerevisiae (strain ATCC 204508 / S288c)	Fungi	476		False
	Q9W3C1	0	Training	0	Q9W3C1	Drosophila melanogaster	Metazoa	1008		False
	Q9USJ8	0	Training	1	Q9USJ8	Schizosaccharomyces pombe (strain 972 / ATCC 24843)	Fungi	218		False
	Q54HS3	0	Training	2	Q54HS3	Dictyostelium discoideum	Other	1486		False
	O75689	0	Training	3	O75689	Homo sapiens	Metazoa	374		False
	Q9UT48	0	Training	4	Q9UT48	Schizosaccharomyces pombe (strain 972 / ATCC 24843)	Fungi	357		False
	Q0WPT7	0	Training	0	Q0WPT7	Arabidopsis thaliana	Plants	352		False
	Q86UK7	0	Training	1	Q86UK7	Homo sapiens	Metazoa	904		False
	F4I2H7	0	Training	2	F4I2H7	Arabidopsis thaliana	Plants	790		False
	Q6TCH4	0	Training	3	Q6TCH4	Homo sapiens	Metazoa	344		True
	O80683	0	Training	4	O80683	Arabidopsis thaliana	Plants	238		False
	Q9Y5R4	0	Training	0	Q9Y5R4	Homo sapiens	Metazoa	338		False
	Q03615	0	Training	1	Q03615	Caenorhabditis elegans	Metazoa	305		False
	Q5YDB5	0	Training	2	Q5YDB5	Arabidopsis thaliana	Plants	770		False
	O94294	0	Training	3	O94294	Schizosaccharomyces pombe (strain 972 / ATCC 24843)	Fungi	886		False
	P45951	0	Training	4	P45951	Arabidopsis thaliana	Plants	536		False
	Q92355	0	Training	0	Q92355	Schizosaccharomyces pombe (strain 972 / ATCC 24843)	Fungi	1687		False
	Q6NVU6	0	Training	1	Q6NVU6	Homo sapiens	Metazoa	218		False
	O75971	0	Training	2	O75971	Homo sapiens	Metazoa	98		False
	O88382	0	Training	3	O88382	Rattus norvegicus	Metazoa	1277		False
	Q8IJX8	0	Training	4	Q8IJX8	Plasmodium falciparum (isolate 3D7)	Other	107		False
	Q9Z206	0	Training	0	Q9Z206	Mus musculus	Metazoa	595		False
	O74845	0	Training	1	O74845	Schizosaccharomyces pombe (strain 972 / ATCC 24843)	Fungi	564		False
	P30943	0	Training	2	P30943	Rhodomonas sp. (strain CS 24)	Other	104		False
	P61236	0	Training	3	P61236	Homo sapiens	Metazoa	119		False
	Q8VYU8	0	Training	4	Q8VYU8	Arabidopsis thaliana	Plants	396		False
	Q53HV7	0	Training	0	Q53HV7	Homo sapiens	Metazoa	270		False
	Q9UU84	0	Training	1	Q9UU84	Schizosaccharomyces pombe (strain 972 / ATCC 24843)	Fungi	426		False
	Q12159	0	Training	2	Q12159	Saccharomyces cerevisiae (strain ATCC 204508 / S288c)	Fungi	226		False
	Q63425	0	Training	3	Q63425	Rattus norvegicus	Metazoa	1383		False
	P32767	0	Training	4	P32767	Saccharomyces cerevisiae (strain ATCC 204508 / S288c)	Fungi	1081		False
	Q96326	0	Training	0	Q96326	Arabidopsis thaliana	Plants	256		True
	Q9GZQ3	0	Training	1	Q9GZQ3	Homo sapiens	Metazoa	224		False
	Q03468	0	Training	2	Q03468	Homo sapiens	Metazoa	1493		False
	P09132	0	Training	3	P09132	Homo sapiens	Metazoa	144		False
	Q7Z7H8	0	Training	4	Q7Z7H8	Homo sapiens	Metazoa	261		False
	P54987	0	Training	0	P54987	Mus musculus	Metazoa	488		False
	Q08365	0	Training	1	Q08365	Chlamydomonas reinhardtii	Plants	712		False
	Q8IEK7	0	Training	2	Q8IEK7	Plasmodium falciparum (isolate 3D7)	Other	87		False
	Q91W39	0	Training	3	Q91W39	Mus musculus	Metazoa	579		False
	Q86WV1	0	Training	4	Q86WV1	Homo sapiens	Metazoa	359		False
	F4JV80	0	Training	0	F4JV80	Arabidopsis thaliana	Plants	155		False
	C4R4G9	0	Training	1	C4R4G9	Komagataella phaffii (strain GS115 / ATCC 20864)	Fungi	344		False
	O88286	0	Training	2	O88286	Mus musculus	Metazoa	1684		False
	A0A2H1A5W4	0	Training	3	A0A2H1A5W4	Candidozyma auris	Fungi	679		False
	G5EGA3	0	Training	4	G5EGA3	Caenorhabditis elegans	Metazoa	704		False
	P16050	0	Training	0	P16050	Homo sapiens	Metazoa	662		False
	Q8N8Q3	0	Training	1	Q8N8Q3	Homo sapiens	Metazoa	282		False
	P40958	0	Training	2	P40958	Saccharomyces cerevisiae (strain ATCC 204508 / S288c)	Fungi	196		False
	O80931	0	Training	3	O80931	Arabidopsis thaliana	Plants	367		False
	O75528	0	Training	4	O75528	Homo sapiens	Metazoa	432		False
	O09171	0	Training	0	O09171	Rattus norvegicus	Metazoa	407		False
	Q6P6C2	0	Training	1	Q6P6C2	Homo sapiens	Metazoa	394		False
	O80952	0	Training	2	O80952	Arabidopsis thaliana	Plants	296		False
	Q6ZQL4	0	Training	3	Q6ZQL4	Mus musculus	Metazoa	677		False
	Q8GYC7	0	Training	4	Q8GYC7	Arabidopsis thaliana	Plants	313		False
	Q06455	0	Training	0	Q06455	Homo sapiens	Metazoa	604		False
	Q01852	0	Training	1	Q01852	Saccharomyces cerevisiae (strain ATCC 204508 / S288c)	Fungi	431		False
	P38907	0	Training	2	P38907	Saccharomyces cerevisiae (strain ATCC 204508 / S288c)	Fungi	458		False
	P97346	0	Training	3	P97346	Mus musculus	Metazoa	435		False
	Q9Y2M0	0	Training	4	Q9Y2M0	Homo sapiens	Metazoa	1017		False
	Q9BX79	0	Training	0	Q9BX79	Homo sapiens	Metazoa	667		True
	C8VP82	0	Training	1	C8VP82	Emericella nidulans (strain FGSC A4 / ATCC 38163 / CBS 112.46 / NRRL 194 / M139)	Fungi	339		False
	Q9BW66	0	Training	2	Q9BW66	Homo sapiens	Metazoa	212		False
	Q16635	0	Training	3	Q16635	Homo sapiens	Metazoa	262		False
	Q63HR2	0	Training	4	Q63HR2	Homo sapiens	Metazoa	1409		False
	Q66HC5	0	Training	0	Q66HC5	Rattus norvegicus	Metazoa	819		False
	Q9STL9	0	Training	1	Q9STL9	Arabidopsis thaliana	Plants	633		False
	P32048	0	Training	2	P32048	Saccharomyces cerevisiae (strain ATCC 204508 / S288c)	Fungi	576		False
	P63161	0	Training	3	P63161	Rattus norvegicus	Metazoa	123		True
	P38770	0	Training	4	P38770	Saccharomyces cerevisiae (strain ATCC 204508 / S288c)	Fungi	471		False
	P47825	0	Training	0	P47825	Drosophila melanogaster	Metazoa	921		False
	Q92900	0	Training	1	Q92900	Homo sapiens	Metazoa	1129		False
	P38253	0	Training	2	P38253	Saccharomyces cerevisiae (strain ATCC 204508 / S288c)	Fungi	122		True
	O70337	0	Training	3	O70337	Mus musculus	Metazoa	150		False
	Q6ZVD8	0	Training	4	Q6ZVD8	Homo sapiens	Metazoa	1323		False
	Q5SGE0	0	Training	0	Q5SGE0	Rattus norvegicus	Metazoa	1392		False
	P23179	0	Training	1	P23179	Saccharomyces cerevisiae (strain ATCC 204508 / S288c)	Fungi	398		False
	Q9LUJ5	0	Training	2	Q9LUJ5	Arabidopsis thaliana	Plants	293		False
	Q9Y7X6	0	Training	3	Q9Y7X6	Schizosaccharomyces pombe (strain 972 / ATCC 24843)	Fungi	684		False
	P35203	0	Training	4	P35203	Saccharomyces cerevisiae (strain ATCC 204508 / S288c)	Fungi	478		False
	P47174	0	Training	0	P47174	Saccharomyces cerevisiae (strain ATCC 204508 / S288c)	Fungi	117		False
	X5HYT8	0	Training	1	X5HYT8	Oryza sativa subsp. japonica	Plants	425		False
	Q8C8N2	0	Training	2	Q8C8N2	Mus musculus	Metazoa	606		False
	Q058N4	0	Training	3	Q058N4	Arabidopsis thaliana	Plants	459		False
	Q9H1D9	0	Training	4	Q9H1D9	Homo sapiens	Metazoa	316		False
	Q1W6H9	0	Training	0	Q1W6H9	Homo sapiens	Metazoa	321		False
	Q04659	0	Training	1	Q04659	Saccharomyces cerevisiae (strain ATCC 204508 / S288c)	Fungi	317		False
	Q9DBU6	0	Training	2	Q9DBU6	Mus musculus	Metazoa	334		False
	O14230	0	Training	3	O14230	Schizosaccharomyces pombe (strain 972 / ATCC 24843)	Fungi	347		False
	Q06510	0	Training	4	Q06510	Saccharomyces cerevisiae (strain ATCC 204508 / S288c)	Fungi	381		False
	O95059	0	Training	0	O95059	Homo sapiens	Metazoa	124		False
	Q96HS1	0	Training	1	Q96HS1	Homo sapiens	Metazoa	289		True
	Q9VIF6	0	Training	2	Q9VIF6	Drosophila melanogaster	Metazoa	507		False
	Q9VGZ5	0	Training	3	Q9VGZ5	Drosophila melanogaster	Metazoa	698		False
	Q12504	0	Training	4	Q12504	Saccharomyces cerevisiae (strain ATCC 204508 / S288c)	Fungi	494		False
	P53718	0	Training	0	P53718	Saccharomyces cerevisiae (strain ATCC 204508 / S288c)	Fungi	249		False
	Q54PQ4	0	Training	1	Q54PQ4	Dictyostelium discoideum	Other	605		False
	Q9VIF5	0	Training	2	Q9VIF5	Drosophila melanogaster	Metazoa	981		False
	Q27368	0	Training	3	Q27368	Drosophila melanogaster	Metazoa	805		False
	Q9Y3B2	0	Training	4	Q9Y3B2	Homo sapiens	Metazoa	195		False
	Q8TB36	0	Training	0	Q8TB36	Homo sapiens	Metazoa	358		False
	P41828	0	Training	1	P41828	Caenorhabditis elegans	Metazoa	588		False
	Q9HB71	0	Training	2	Q9HB71	Homo sapiens	Metazoa	228		False
	Q9W157	0	Training	3	Q9W157	Drosophila melanogaster	Metazoa	971		False
	Q61550	0	Training	4	Q61550	Mus musculus	Metazoa	635		False
	Q6PFD5	0	Training	0	Q6PFD5	Mus musculus	Metazoa	977		False
	A0A509AE54	0	Training	1	A0A509AE54	Plasmodium berghei (strain Anka)	Other	506		True
	P52593	0	Training	2	P52593	Saccharomyces cerevisiae (strain ATCC 204508 / S288c)	Fungi	1655		False
	Q39172	0	Training	3	Q39172	Arabidopsis thaliana	Plants	345		False
	Q99986	0	Training	4	Q99986	Homo sapiens	Metazoa	396		False
	P22812	0	Training	0	P22812	Drosophila melanogaster	Metazoa	462		False
	Q38796	0	Training	1	Q38796	Arabidopsis thaliana	Plants	953		False
	P05022	0	Training	2	P05022	Zea mays	Plants	507		False
	P68104	0	Training	3	P68104	Homo sapiens	Metazoa	462		False
	Q65XX7	0	Training	4	Q65XX7	Caenorhabditis elegans	Metazoa	262		False
	Q8BTQ0	0	Training	0	Q8BTQ0	Mus musculus	Metazoa	241		False
	Q21773	0	Training	1	Q21773	Caenorhabditis elegans	Metazoa	489		False
	Q6P161	0	Training	2	Q6P161	Homo sapiens	Metazoa	138		False
	P38858	0	Training	3	P38858	Saccharomyces cerevisiae (strain ATCC 204508 / S288c)	Fungi	249		False
	E5FYH0	0	Training	4	E5FYH0	Ovis aries	Metazoa	1599		False
	P53171	0	Training	0	P53171	Saccharomyces cerevisiae (strain ATCC 204508 / S288c)	Fungi	287		False
	Q96PV7	0	Training	1	Q96PV7	Homo sapiens	Metazoa	902		False
	Q39161	0	Training	2	Q39161	Arabidopsis thaliana	Plants	586		False
	P12524	0	Training	3	P12524	Homo sapiens	Metazoa	364		False
	Q9P805	0	Training	4	Q9P805	Schizosaccharomyces pombe (strain 972 / ATCC 24843)	Fungi	127		False
	Q9SNB7	0	Training	0	Q9SNB7	Arabidopsis thaliana	Plants	665		False
	Q8NBT2	0	Training	1	Q8NBT2	Homo sapiens	Metazoa	197		False
	Q9P7S7	0	Training	2	Q9P7S7	Schizosaccharomyces pombe (strain 972 / ATCC 24843)	Fungi	508		False
	O88735	0	Training	3	O88735	Mus musculus	Metazoa	730		False
	Q5TB80	0	Training	4	Q5TB80	Homo sapiens	Metazoa	1403		False
	Q96RL1	0	Training	0	Q96RL1	Homo sapiens	Metazoa	719		False
	Q8WVX9	0	Training	1	Q8WVX9	Homo sapiens	Metazoa	515		False
	P91277	0	Training	2	P91277	Caenorhabditis elegans	Metazoa	397		False
	Q86Y26	0	Training	3	Q86Y26	Homo sapiens	Metazoa	1132		False
	P56558	0	Training	4	P56558	Rattus norvegicus	Metazoa	1036		False
	O70372	0	Training	0	O70372	Mus musculus	Metazoa	1122		False
	Q8W4E7	0	Training	1	Q8W4E7	Arabidopsis thaliana	Plants	598		False
	Q6FN94	0	Training	2	Q6FN94	Candida glabrata (strain ATCC 2001 / BCRC 20586 / JCM 3761 / NBRC 0622 / NRRL Y-65 / CBS 138)	Fungi	499		False
	P78946	0	Training	3	P78946	Schizosaccharomyces pombe (strain 972 / ATCC 24843)	Fungi	126		False
	Q06214	0	Training	4	Q06214	Saccharomyces cerevisiae (strain ATCC 204508 / S288c)	Fungi	492		False
	Q8VZS0	0	Training	0	Q8VZS0	Arabidopsis thaliana	Plants	321		True
	Q8W489	0	Training	1	Q8W489	Arabidopsis thaliana	Plants	865		False
	Q7XZF5	0	Training	2	Q7XZF5	Arabidopsis thaliana	Plants	1841		False
	O42649	0	Training	3	O42649	Schizosaccharomyces pombe (strain 972 / ATCC 24843)	Fungi	1194		False
	Q9BSH3	0	Training	4	Q9BSH3	Homo sapiens	Metazoa	213		False
	P21771	0	Training	0	P21771	Saccharomyces cerevisiae (strain ATCC 204508 / S288c)	Fungi	286		False
	Q24JJ9	0	Training	1	Q24JJ9	Arabidopsis thaliana	Plants	361		False
	O43592	0	Training	2	O43592	Homo sapiens	Metazoa	962		False
	Q04705	0	Training	3	Q04705	Saccharomyces cerevisiae (strain ATCC 204508 / S288c)	Fungi	352		True
	P83510	0	Training	4	P83510	Mus musculus	Metazoa	1323		False
	Q41062	0	Training	0	Q41062	Pisum sativum	Plants	1011		False
	Q6Q629	0	Training	1	Q6Q629	Rattus norvegicus	Metazoa	796		True
	Q9DB60	0	Training	2	Q9DB60	Mus musculus	Metazoa	201		False
	Q9C0C9	0	Training	3	Q9C0C9	Homo sapiens	Metazoa	1292		False
	O04121	0	Training	4	O04121	Spinacia oleracea	Plants	439		False
	Q0JCC3	0	Training	0	Q0JCC3	Oryza sativa subsp. japonica	Plants	560		False
	Q96MF7	0	Training	1	Q96MF7	Homo sapiens	Metazoa	247		False
	P38278	0	Training	2	P38278	Saccharomyces cerevisiae (strain ATCC 204508 / S288c)	Fungi	337		False
	P08703	0	Training	3	P08703	Penicillium chrysogenum	Fungi	331		False
	Q14249	0	Training	4	Q14249	Homo sapiens	Metazoa	297		False
	O35820	0	Training	0	O35820	Rattus norvegicus	Metazoa	163		False
	Q9LRY0	0	Training	1	Q9LRY0	Arabidopsis thaliana	Plants	189		False
	Q9V6L9	0	Training	2	Q9V6L9	Drosophila melanogaster	Metazoa	255		False
	Q8GYH7	0	Training	3	Q8GYH7	Arabidopsis thaliana	Plants	249		False
	Q9NP64	0	Training	4	Q9NP64	Homo sapiens	Metazoa	241		False
	Q9H910	0	Training	0	Q9H910	Homo sapiens	Metazoa	190		False
	Q56P42	0	Training	1	Q56P42	Homo sapiens	Metazoa	97		False
	Q18919	0	Training	2	Q18919	Caenorhabditis elegans	Metazoa	558		False
	Q9DE46	0	Training	3	Q9DE46	Xenopus laevis	Metazoa	1458		False
	Q9WVL3	0	Training	4	Q9WVL3	Mus musculus	Metazoa	1083		False
	Q9P7W8	0	Training	0	Q9P7W8	Schizosaccharomyces pombe (strain 972 / ATCC 24843)	Fungi	780		False
	P06843	0	Training	1	P06843	Saccharomyces cerevisiae (strain ATCC 204508 / S288c)	Fungi	333		False
	Q9D945	0	Training	2	Q9D945	Mus musculus	Metazoa	130		False
	Q9Y2G2	0	Training	3	Q9Y2G2	Homo sapiens	Metazoa	537		False
	Q06236	0	Training	4	Q06236	Saccharomyces cerevisiae (strain ATCC 204508 / S288c)	Fungi	168		True
	Q8C5S7	0	Training	0	Q8C5S7	Mus musculus	Metazoa	591		False
	P15308	0	Training	1	P15308	Xenopus laevis	Metazoa	273		False
	Q8H0U4	0	Training	2	Q8H0U4	Arabidopsis thaliana	Plants	891		False
	Q96WV2	0	Training	3	Q96WV2	Schizosaccharomyces pombe (strain 972 / ATCC 24843)	Fungi	339		False
	Q9GYU8	0	Training	4	Q9GYU8	Drosophila melanogaster	Metazoa	702		False
	Q12046	0	Training	0	Q12046	Saccharomyces cerevisiae (strain ATCC 204508 / S288c)	Fungi	339		False
	G4NBR8	0	Training	1	G4NBR8	Pyricularia oryzae (strain 70-15 / ATCC MYA-4617 / FGSC 8958)	Fungi	548		False
	Q7K6X4	0	Training	2	Q7K6X4	Caenorhabditis elegans	Metazoa	497		False
	A8XJ98	0	Training	3	A8XJ98	Caenorhabditis briggsae	Metazoa	432		False
	Q3UHC2	0	Training	4	Q3UHC2	Mus musculus	Metazoa	2014		False
	Q5M755	0	Training	0	Q5M755	Arabidopsis thaliana	Plants	273		False
	Q09463	0	Training	1	Q09463	Caenorhabditis elegans	Metazoa	235		False
	Q9UTH3	0	Training	2	Q9UTH3	Schizosaccharomyces pombe (strain 972 / ATCC 24843)	Fungi	775		False
	Q10L01	0	Training	3	Q10L01	Oryza sativa subsp. japonica	Plants	382		True
	Q03557	0	Training	4	Q03557	Saccharomyces cerevisiae (strain ATCC 204508 / S288c)	Fungi	464		False
	P54845	0	Training	0	P54845	Homo sapiens	Metazoa	237		False
	Q6P6J4	0	Training	1	Q6P6J4	Mus musculus	Metazoa	239		False
	P10242	0	Training	2	P10242	Homo sapiens	Metazoa	640		False
	Q8CD15	0	Training	3	Q8CD15	Mus musculus	Metazoa	465		False
	P25284	0	Training	4	P25284	Neurospora crassa (strain ATCC 24698 / 74-OR23-1A / CBS 708.71 / DSM 1257 / FGSC 987)	Fungi	375		False
	Q9DC04	0	Training	0	Q9DC04	Mus musculus	Metazoa	966		False
	P38285	0	Training	1	P38285	Saccharomyces cerevisiae (strain ATCC 204508 / S288c)	Fungi	549		False
	P41046	0	Training	2	P41046	Drosophila melanogaster	Metazoa	550		False
	Q9UI26	0	Training	3	Q9UI26	Homo sapiens	Metazoa	975		False
	Q9FIX1	0	Training	4	Q9FIX1	Arabidopsis thaliana	Plants	172		False
	Q8C006	0	Training	0	Q8C006	Mus musculus	Metazoa	501		False
	Q9BRT2	0	Training	1	Q9BRT2	Homo sapiens	Metazoa	126		False
	Q9HAC7	0	Training	2	Q9HAC7	Homo sapiens	Metazoa	438		False
	A0A509AJL3	0	Training	3	A0A509AJL3	Plasmodium berghei (strain Anka)	Other	1087		False
	Q949T8	0	Training	4	Q949T8	Arabidopsis thaliana	Plants	497		False
	A1Z7A6	0	Training	0	A1Z7A6	Drosophila melanogaster	Metazoa	1155		False
	Q68G58	0	Training	1	Q68G58	Mus musculus	Metazoa	516		False
	Q6ZWS8	0	Training	2	Q6ZWS8	Mus musculus	Metazoa	374		False
	Q92905	0	Training	3	Q92905	Homo sapiens	Metazoa	334		False
	Q9P7K5	0	Training	4	Q9P7K5	Schizosaccharomyces pombe (strain 972 / ATCC 24843)	Fungi	1098		False
	Q8IPA1	0	Training	0	Q8IPA1	Drosophila melanogaster	Metazoa	308		False
	Q9M3I4	0	Training	1	Q9M3I4	Spinacia oleracea	Plants	90		False
	Q9C6X2	0	Training	2	Q9C6X2	Arabidopsis thaliana	Plants	264		False
	P26755	0	Training	3	P26755	Saccharomyces cerevisiae (strain ATCC 204508 / S288c)	Fungi	122		False
	Q9BSJ5	0	Training	4	Q9BSJ5	Homo sapiens	Metazoa	609		False
	Q9UUA8	0	Training	0	Q9UUA8	Schizosaccharomyces pombe (strain 972 / ATCC 24843)	Fungi	120		False
	P38789	0	Training	1	P38789	Saccharomyces cerevisiae (strain ATCC 204508 / S288c)	Fungi	453		False
	Q2M2T7	0	Training	2	Q2M2T7	Bos taurus	Metazoa	167		False
	Q84VZ1	0	Training	3	Q84VZ1	Arabidopsis thaliana	Plants	245		False
	Q9N5S3	0	Training	4	Q9N5S3	Caenorhabditis elegans	Metazoa	365		False
	Q9HAF1	0	Training	0	Q9HAF1	Homo sapiens	Metazoa	191		False
	Q12132	0	Training	1	Q12132	Saccharomyces cerevisiae (strain ATCC 204508 / S288c)	Fungi	391		False
	Q06631	0	Training	2	Q06631	Saccharomyces cerevisiae (strain ATCC 204508 / S288c)	Fungi	534		False
	Q9UBF9	0	Training	3	Q9UBF9	Homo sapiens	Metazoa	498		False
	P35734	0	Training	4	P35734	Saccharomyces cerevisiae (strain ATCC 204508 / S288c)	Fungi	292		False
	Q5F1R6	0	Training	0	Q5F1R6	Homo sapiens	Metazoa	531		False
	Q9NZN9	0	Training	1	Q9NZN9	Homo sapiens	Metazoa	384		False
	Q5FBB7	0	Training	2	Q5FBB7	Homo sapiens	Metazoa	561		False
	Q8VHQ2	0	Training	3	Q8VHQ2	Mus musculus	Metazoa	579		False
	Q96JK9	0	Training	4	Q96JK9	Homo sapiens	Metazoa	1138		False
	P53919	0	Training	0	P53919	Saccharomyces cerevisiae (strain ATCC 204508 / S288c)	Fungi	492		False
	Q9VX09	0	Training	1	Q9VX09	Drosophila melanogaster	Metazoa	607		False
	P29547	0	Training	2	P29547	Saccharomyces cerevisiae (strain ATCC 204508 / S288c)	Fungi	415		False
	Q9UHX1	0	Training	3	Q9UHX1	Homo sapiens	Metazoa	559		False
	Q3UB74	0	Training	4	Q3UB74	Mus musculus	Metazoa	406		False
	Q8IEG9	0	Training	0	Q8IEG9	Plasmodium falciparum (isolate 3D7)	Other	408		False
	O13974	0	Training	1	O13974	Schizosaccharomyces pombe (strain 972 / ATCC 24843)	Fungi	329		False
	P82024	0	Training	2	P82024	Spinacia oleracea	Plants	180		False
	Q9P6L9	0	Training	3	Q9P6L9	Schizosaccharomyces pombe (strain 972 / ATCC 24843)	Fungi	1038		False
	O43068	0	Training	4	O43068	Schizosaccharomyces pombe (strain 972 / ATCC 24843)	Fungi	421		False
	Q9BRD0	0	Training	0	Q9BRD0	Homo sapiens	Metazoa	619		False
	Q9GZN2	0	Training	1	Q9GZN2	Homo sapiens	Metazoa	237		False
	Q9HD15	0	Training	2	Q9HD15	Homo sapiens	Metazoa	224		False
	P0DI81	0	Training	3	P0DI81	Homo sapiens	Metazoa	140		False
	Q13352	0	Training	4	Q13352	Homo sapiens	Metazoa	177		False
	Q9NVH1	0	Training	0	Q9NVH1	Homo sapiens	Metazoa	559		False
	P43579	0	Training	1	P43579	Saccharomyces cerevisiae (strain ATCC 204508 / S288c)	Fungi	692		False
	P53318	0	Training	2	P53318	Saccharomyces cerevisiae (strain ATCC 204508 / S288c)	Fungi	479		False
	Q9D4W2	0	Training	3	Q9D4W2	Mus musculus	Metazoa	315		False
	Q9FGQ6	0	Training	4	Q9FGQ6	Arabidopsis thaliana	Plants	329		False
	Q8TAX9	0	Training	0	Q8TAX9	Homo sapiens	Metazoa	416		True
	Q9FFD8	0	Training	1	Q9FFD8	Arabidopsis thaliana	Plants	104		False
	Q92785	0	Training	2	Q92785	Homo sapiens	Metazoa	391		False
	F4IY62	0	Training	3	F4IY62	Arabidopsis thaliana	Plants	883		False
	Q42545	0	Training	4	Q42545	Arabidopsis thaliana	Plants	433		False
	Q9P7S3	0	Training	0	Q9P7S3	Schizosaccharomyces pombe (strain 972 / ATCC 24843)	Fungi	425		False
	O74434	0	Training	1	O74434	Schizosaccharomyces pombe (strain 972 / ATCC 24843)	Fungi	626		False
	Q9BV86	0	Training	2	Q9BV86	Homo sapiens	Metazoa	223		False
	P38691	0	Training	3	P38691	Saccharomyces cerevisiae (strain ATCC 204508 / S288c)	Fungi	1029		False
	Q6EPW7	0	Training	4	Q6EPW7	Oryza sativa subsp. japonica	Plants	233		False
	Q9HD33	0	Training	0	Q9HD33	Homo sapiens	Metazoa	250		False
	O94751	0	Training	1	O94751	Schizosaccharomyces pombe (strain 972 / ATCC 24843)	Fungi	1044		False
	Q9QYL0	0	Training	2	Q9QYL0	Mus musculus	Metazoa	170		False
	Q8IY22	0	Training	3	Q8IY22	Homo sapiens	Metazoa	773		False
	G2HK15	0	Training	4	G2HK15	Caenorhabditis elegans	Metazoa	367		False
	Q9CQV7	0	Training	0	Q9CQV7	Mus musculus	Metazoa	116		True
	P06168	0	Training	1	P06168	Saccharomyces cerevisiae (strain ATCC 204508 / S288c)	Fungi	395		False
	Q09873	0	Training	2	Q09873	Schizosaccharomyces pombe (strain 972 / ATCC 24843)	Fungi	420		False
	Q3USZ2	0	Training	3	Q3USZ2	Mus musculus	Metazoa	394		False
	D2K8N5	0	Training	4	D2K8N5	Nicotiana benthamiana	Plants	403		False
	Q7Z7K6	0	Training	0	Q7Z7K6	Homo sapiens	Metazoa	275		False
	Q8RVC7	0	Training	1	Q8RVC7	Chlamydomonas reinhardtii	Plants	411		False
	Q9JL04	0	Training	2	Q9JL04	Mus musculus	Metazoa	1578		False
	O13702	0	Training	3	O13702	Schizosaccharomyces pombe (strain 972 / ATCC 24843)	Fungi	450		False
	Q08952	0	Training	4	Q08952	Saccharomyces cerevisiae (strain ATCC 204508 / S288c)	Fungi	273		False
	Q9SGS4	0	Training	0	Q9SGS4	Arabidopsis thaliana	Plants	302		False
	Q9LSV0	0	Training	1	Q9LSV0	Arabidopsis thaliana	Plants	289		False
	Q06244	0	Training	2	Q06244	Saccharomyces cerevisiae (strain ATCC 204508 / S288c)	Fungi	254		False
	A8MPH9	0	Training	3	A8MPH9	Drosophila melanogaster	Metazoa	722		False
	Q9V463	0	Training	4	Q9V463	Drosophila melanogaster	Metazoa	1365		False
	Q9W420	0	Training	0	Q9W420	Drosophila melanogaster	Metazoa	1831		False
	Q8R4I4	0	Training	1	Q8R4I4	Mus musculus	Metazoa	468		False
	P15173	0	Training	2	P15173	Homo sapiens	Metazoa	224		False
	O13927	0	Training	3	O13927	Schizosaccharomyces pombe (strain 972 / ATCC 24843)	Fungi	201		False
	O95347	0	Training	4	O95347	Homo sapiens	Metazoa	1197		False
	Q03018	0	Training	0	Q03018	Saccharomyces cerevisiae (strain ATCC 204508 / S288c)	Fungi	1630		False
	P46669	0	Training	1	P46669	Saccharomyces cerevisiae (strain ATCC 204508 / S288c)	Fungi	326		False
	Q7K0D8	0	Training	2	Q7K0D8	Drosophila melanogaster	Metazoa	564		False
	Q94CL9	0	Training	3	Q94CL9	Arabidopsis thaliana	Plants	195		False
	Q9H2S6	0	Training	4	Q9H2S6	Homo sapiens	Metazoa	317		True
	Q9NYV7	0	Training	0	Q9NYV7	Homo sapiens	Metazoa	291		True
	Q6ZWQ0	0	Training	1	Q6ZWQ0	Mus musculus	Metazoa	6874		False
	Q8R4T1	0	Training	2	Q8R4T1	Mus musculus	Metazoa	145		False
	Q8IZY5	0	Training	3	Q8IZY5	Homo sapiens	Metazoa	108		False
	Q9CQ54	0	Training	4	Q9CQ54	Mus musculus	Metazoa	120		True
	Q1H537	0	Training	0	Q1H537	Arabidopsis thaliana	Plants	417		False
	Q08457	0	Training	1	Q08457	Saccharomyces cerevisiae (strain ATCC 204508 / S288c)	Fungi	257		False
	Q99LD8	0	Training	2	Q99LD8	Mus musculus	Metazoa	285		False
	Q9UBT7	0	Training	3	Q9UBT7	Homo sapiens	Metazoa	734		False
	P35728	0	Training	4	P35728	Saccharomyces cerevisiae (strain ATCC 204508 / S288c)	Fungi	441		False
	Q75N03	0	Training	0	Q75N03	Homo sapiens	Metazoa	491		False
	Q12789	0	Training	1	Q12789	Homo sapiens	Metazoa	2109		False
	O60293	0	Training	2	O60293	Homo sapiens	Metazoa	1989		False
	Q6Z955	0	Training	3	Q6Z955	Oryza sativa subsp. japonica	Plants	518		False
	P15619	0	Training	4	P15619	Drosophila melanogaster	Metazoa	869		False
	P53944	0	Training	0	P53944	Saccharomyces cerevisiae (strain ATCC 204508 / S288c)	Fungi	314		False
	Q8VZ20	0	Training	1	Q8VZ20	Arabidopsis thaliana	Plants	314		False
	P29467	0	Training	2	P29467	Saccharomyces cerevisiae (strain ATCC 204508 / S288c)	Fungi	408		False
	O96624	0	Training	3	O96624	Dictyostelium discoideum	Other	174		False
	Q34807	0	Training	4	Q34807	Wickerhamomyces canadensis	Fungi	231		False
	Q2Z1W2	0	Training	0	Q2Z1W2	Gallus gallus	Metazoa	345		False
	Q8MLZ3	0	Training	1	Q8MLZ3	Dictyostelium discoideum	Other	867		False
	Q9BPY3	0	Training	2	Q9BPY3	Homo sapiens	Metazoa	351		False
	Q22227	0	Training	3	Q22227	Caenorhabditis elegans	Metazoa	672		False
	Q31708	0	Training	4	Q31708	Arabidopsis thaliana	Plants	362		False
	G4N7S6	0	Training	0	G4N7S6	Pyricularia oryzae (strain 70-15 / ATCC MYA-4617 / FGSC 8958)	Fungi	468		False
	P16550	0	Training	1	P16550	Saccharomyces cerevisiae (strain ATCC 204508 / S288c)	Fungi	321		False
	Q9SSE7	0	Training	2	Q9SSE7	Arabidopsis thaliana	Plants	381		False
	P36169	0	Training	3	P36169	Saccharomyces cerevisiae (strain ATCC 204508 / S288c)	Fungi	355		True
	P43124	0	Training	4	P43124	Saccharomyces cerevisiae (strain ATCC 204508 / S288c)	Fungi	402		False
	Q9DAM1	0	Training	0	Q9DAM1	Mus musculus	Metazoa	415		False
	O60733	0	Training	1	O60733	Homo sapiens	Metazoa	806		False
	Q9Y2B4	0	Training	2	Q9Y2B4	Homo sapiens	Metazoa	290		False
	P40855	0	Training	3	P40855	Homo sapiens	Metazoa	299		False
	Q8RXH2	0	Training	4	Q8RXH2	Arabidopsis thaliana	Plants	716		False
	Q4KMP7	0	Training	0	Q4KMP7	Homo sapiens	Metazoa	808		False
	Q03071	0	Training	1	Q03071	Saccharomyces cerevisiae (strain ATCC 204508 / S288c)	Fungi	99		False
	Q9SYJ8	0	Training	2	Q9SYJ8	Arabidopsis thaliana	Plants	372		False
	Q3UYV9	0	Training	3	Q3UYV9	Mus musculus	Metazoa	790		False
	Q8CJF7	0	Training	4	Q8CJF7	Mus musculus	Metazoa	2243		False
	P40026	0	Training	0	P40026	Saccharomyces cerevisiae (strain ATCC 204508 / S288c)	Fungi	464		False
	Q9ES52	0	Training	1	Q9ES52	Mus musculus	Metazoa	1191		False
	Q9Z311	0	Training	2	Q9Z311	Rattus norvegicus	Metazoa	373		False
	Q8C6L5	0	Training	3	Q8C6L5	Mus musculus	Metazoa	507		False
	Q62920	0	Training	4	Q62920	Rattus norvegicus	Metazoa	591		False
	Q5VW36	0	Training	0	Q5VW36	Homo sapiens	Metazoa	1801		False
	P10676	0	Training	1	P10676	Drosophila melanogaster	Metazoa	1501		False
	J9VE33	0	Training	2	J9VE33	Cryptococcus neoformans (strain H99 / ATCC 208821 / CBS 10515 / FGSC 9487)	Fungi	1094		False
	Q24478	0	Training	3	Q24478	Drosophila melanogaster	Metazoa	1096		False
	Q9FME4	0	Training	4	Q9FME4	Arabidopsis thaliana	Plants	521		False
	P25584	0	Training	0	P25584	Saccharomyces cerevisiae (strain ATCC 204508 / S288c)	Fungi	144		True
	Q8TF01	0	Training	1	Q8TF01	Homo sapiens	Metazoa	805		False
	P14736	0	Training	2	P14736	Saccharomyces cerevisiae (strain ATCC 204508 / S288c)	Fungi	754		False
	Q9NX04	0	Training	3	Q9NX04	Homo sapiens	Metazoa	203		False
	O64517	0	Training	4	O64517	Arabidopsis thaliana	Plants	418		False
	Q01804	0	Training	0	Q01804	Homo sapiens	Metazoa	1114		False
	A2AIL4	0	Training	1	A2AIL4	Mus musculus	Metazoa	333		False
	Q6IPR1	0	Training	2	Q6IPR1	Homo sapiens	Metazoa	90		False
	O74889	0	Training	3	O74889	Schizosaccharomyces pombe (strain 972 / ATCC 24843)	Fungi	1024		False
	Q8NC51	0	Training	4	Q8NC51	Homo sapiens	Metazoa	408		False
	O23247	0	Training	0	O23247	Arabidopsis thaliana	Plants	642		False
	Q9JM73	0	Training	1	Q9JM73	Mus musculus	Metazoa	504		False
	Q04500	0	Training	2	Q04500	Saccharomyces cerevisiae (strain ATCC 204508 / S288c)	Fungi	899		False
	G3UVW3	0	Training	3	G3UVW3	Mus musculus	Metazoa	457		True
	Q99MU3	0	Training	4	Q99MU3	Mus musculus	Metazoa	1178		False
	G5ECC7	0	Training	0	G5ECC7	Caenorhabditis elegans	Metazoa	1264		False
	P61964	0	Training	1	P61964	Homo sapiens	Metazoa	334		False
	Q9URQ5	0	Training	2	Q9URQ5	Saccharomyces cerevisiae (strain ATCC 204508 / S288c)	Fungi	78		False
	Q16774	0	Training	3	Q16774	Homo sapiens	Metazoa	197		False
	Q7Z6K1	0	Training	4	Q7Z6K1	Homo sapiens	Metazoa	395		False
	O75934	0	Training	0	O75934	Homo sapiens	Metazoa	225		False
	Q9H773	0	Training	1	Q9H773	Homo sapiens	Metazoa	170		False
	Q8K0D5	0	Training	2	Q8K0D5	Mus musculus	Metazoa	751		False
	Q03280	0	Training	3	Q03280	Saccharomyces cerevisiae (strain ATCC 204508 / S288c)	Fungi	3268		False
	Q9VBW9	0	Training	4	Q9VBW9	Drosophila melanogaster	Metazoa	419		False
	Q9ES00	0	Training	0	Q9ES00	Mus musculus	Metazoa	1173		False
	Q9H7D0	0	Training	1	Q9H7D0	Homo sapiens	Metazoa	1870		False
	Q80SU7	0	Training	2	Q80SU7	Mus musculus	Metazoa	2427		False
	Q96I76	0	Training	3	Q96I76	Homo sapiens	Metazoa	525		False
	Q9LQ98	0	Training	4	Q9LQ98	Arabidopsis thaliana	Plants	345		False
	A6NJ78	0	Training	0	A6NJ78	Homo sapiens	Metazoa	407		False
	Q53FT3	0	Training	1	Q53FT3	Homo sapiens	Metazoa	197		False
	C8VSZ2	0	Training	2	C8VSZ2	Emericella nidulans (strain FGSC A4 / ATCC 38163 / CBS 112.46 / NRRL 194 / M139)	Fungi	370		False
	P49686	0	Training	3	P49686	Saccharomyces cerevisiae (strain ATCC 204508 / S288c)	Fungi	430		False
	P0DM40	0	Training	4	P0DM40	Mus musculus	Metazoa	2038		False
	P09595	0	Training	0	P09595	Spinacia oleracea	Plants	218		False
	Q9H4M3	0	Training	1	Q9H4M3	Homo sapiens	Metazoa	255		False
	Q03718	0	Training	2	Q03718	Saccharomyces cerevisiae (strain ATCC 204508 / S288c)	Fungi	556		False
	Q8GZ87	0	Training	3	Q8GZ87	Arabidopsis thaliana	Plants	664		False
	P39525	0	Training	4	P39525	Saccharomyces cerevisiae (strain ATCC 204508 / S288c)	Fungi	442		False
	Q96HJ9	0	Training	0	Q96HJ9	Homo sapiens	Metazoa	113		False
	Q8CC21	0	Training	1	Q8CC21	Mus musculus	Metazoa	365		False
	P53810	0	Training	2	P53810	Mus musculus	Metazoa	271		False
	P32342	0	Training	3	P32342	Saccharomyces cerevisiae (strain ATCC 204508 / S288c)	Fungi	167		False
	P25490	0	Training	4	P25490	Homo sapiens	Metazoa	414		False
	Q96B26	0	Training	0	Q96B26	Homo sapiens	Metazoa	276		False
	P07269	0	Training	1	P07269	Saccharomyces cerevisiae (strain ATCC 204508 / S288c)	Fungi	559		False
	P93286	0	Training	2	P93286	Arabidopsis thaliana	Plants	442		True
	Q8WYA6	0	Training	3	Q8WYA6	Homo sapiens	Metazoa	563		False
	Q9QXY4	0	Training	4	Q9QXY4	Rattus norvegicus	Metazoa	580		False
	Q9Y224	0	Training	0	Q9Y224	Homo sapiens	Metazoa	244		False
	P35269	0	Training	1	P35269	Homo sapiens	Metazoa	517		False
	P87233	0	Training	2	P87233	Schizosaccharomyces pombe (strain 972 / ATCC 24843)	Fungi	461		False
	Q9D067	0	Training	3	Q9D067	Mus musculus	Metazoa	708		False
	P57680	0	Training	4	P57680	Mus musculus	Metazoa	1005		True
	P38241	0	Training	0	P38241	Saccharomyces cerevisiae (strain ATCC 204508 / S288c)	Fungi	364		False
	P78337	0	Training	1	P78337	Homo sapiens	Metazoa	314		False
	Q4VBE8	0	Training	2	Q4VBE8	Mus musculus	Metazoa	431		False
	Q9UIA9	0	Training	3	Q9UIA9	Homo sapiens	Metazoa	1087		False
	P32103	0	Training	4	P32103	Euplotes eurystomus	Other	135		False
	P87227	0	Training	0	P87227	Schizosaccharomyces pombe (strain 972 / ATCC 24843)	Fungi	672		False
	Q9SDW0	0	Training	1	Q9SDW0	Arabidopsis thaliana	Plants	323		False
	Q6P1K2	0	Training	2	Q6P1K2	Homo sapiens	Metazoa	205		False
	P80483	0	Training	3	P80483	Amphidinium carterae	Other	323		False
	Q0WNP7	0	Training	4	Q0WNP7	Arabidopsis thaliana	Plants	463		False
	Q08119	0	Training	0	Q08119	Saccharomyces cerevisiae (strain ATCC 204508 / S288c)	Fungi	714		False
	O17514	0	Training	1	O17514	Caenorhabditis elegans	Metazoa	773		False
	P40470	0	Training	2	P40470	Saccharomyces cerevisiae (strain ATCC 204508 / S288c)	Fungi	206		False
	Q9BWM7	0	Training	3	Q9BWM7	Homo sapiens	Metazoa	321		False
	P40208	0	Training	4	P40208	Saccharomyces cerevisiae (strain ATCC 204508 / S288c)	Fungi	455		False
	O54825	0	Training	0	O54825	Mus musculus	Metazoa	436		False
	Q86HX0	0	Training	1	Q86HX0	Dictyostelium discoideum	Other	356		False
	Q9JKT3	0	Training	2	Q9JKT3	Mus musculus	Metazoa	297		True
	O04714	0	Training	3	O04714	Arabidopsis thaliana	Plants	326		True
	Q8GZM7	0	Training	4	Q8GZM7	Arabidopsis thaliana	Plants	478		False
	Q8W593	0	Training	0	Q8W593	Arabidopsis thaliana	Plants	350		False
	Q9SL92	0	Training	1	Q9SL92	Arabidopsis thaliana	Plants	367		False
	Q9H7B2	0	Training	2	Q9H7B2	Homo sapiens	Metazoa	306		False
	O59676	0	Training	3	O59676	Schizosaccharomyces pombe (strain 972 / ATCC 24843)	Fungi	359		False
	Q9BW71	0	Training	4	Q9BW71	Homo sapiens	Metazoa	556		False
	Q9Y4F3	0	Training	0	Q9Y4F3	Homo sapiens	Metazoa	1742		False
	Q9UTK4	0	Training	1	Q9UTK4	Schizosaccharomyces pombe (strain 972 / ATCC 24843)	Fungi	1807		False
	P03896	0	Training	2	P03896	Drosophila melanogaster	Metazoa	341		True
	Q8RWS0	0	Training	3	Q8RWS0	Arabidopsis thaliana	Plants	124		False
	Q9UIV1	0	Training	4	Q9UIV1	Homo sapiens	Metazoa	285		False
	Q8N5P1	0	Training	0	Q8N5P1	Homo sapiens	Metazoa	291		False
	O43114	0	Training	1	O43114	Schizosaccharomyces pombe (strain 972 / ATCC 24843)	Fungi	455		False
	Q9H1P3	0	Training	2	Q9H1P3	Homo sapiens	Metazoa	480		False
	O75603	0	Training	3	O75603	Homo sapiens	Metazoa	506		False
	Q68DX3	0	Training	4	Q68DX3	Homo sapiens	Metazoa	1309		False
	Q12068	0	Training	0	Q12068	Saccharomyces cerevisiae (strain ATCC 204508 / S288c)	Fungi	342		False
	Q9UGY1	0	Training	1	Q9UGY1	Homo sapiens	Metazoa	213		False
	O95989	0	Training	2	O95989	Homo sapiens	Metazoa	172		False
	P32524	0	Training	3	P32524	Saccharomyces cerevisiae (strain ATCC 204508 / S288c)	Fungi	280		False
	Q9JIL4	0	Training	4	Q9JIL4	Mus musculus	Metazoa	519		False
	P53835	0	Training	0	P53835	Saccharomyces cerevisiae (strain ATCC 204508 / S288c)	Fungi	661		True
	Q9UUB6	0	Training	1	Q9UUB6	Schizosaccharomyces pombe (strain 972 / ATCC 24843)	Fungi	300		False
	Q9CPX8	0	Training	2	Q9CPX8	Mus musculus	Metazoa	56		True
	Q8N5N7	0	Training	3	Q8N5N7	Homo sapiens	Metazoa	158		False
	Q95RV2	0	Training	4	Q95RV2	Drosophila melanogaster	Metazoa	345		False
	Q01831	0	Training	0	Q01831	Homo sapiens	Metazoa	940		False
	Q9Y2I9	0	Training	1	Q9Y2I9	Homo sapiens	Metazoa	924		False
	Q06608	0	Training	2	Q06608	Saccharomyces cerevisiae (strain ATCC 204508 / S288c)	Fungi	200		False
	Q5AK51	0	Training	3	Q5AK51	Candida albicans (strain SC5314 / ATCC MYA-2876)	Fungi	714		False
	Q96EL3	0	Training	4	Q96EL3	Homo sapiens	Metazoa	112		False
	Q8IVS8	0	Training	0	Q8IVS8	Homo sapiens	Metazoa	523		False
	P82139	0	Training	1	P82139	Spinacia oleracea	Plants	232		False
	Q8WYQ5	0	Training	2	Q8WYQ5	Homo sapiens	Metazoa	773		False
	O44498	0	Training	3	O44498	Caenorhabditis elegans	Metazoa	1623		False
	P46099	0	Training	4	P46099	Mus musculus	Metazoa	358		False
	Q8BJ05	0	Training	0	Q8BJ05	Mus musculus	Metazoa	735		False
	O14497	0	Training	1	O14497	Homo sapiens	Metazoa	2285		False
	Q8K400	0	Training	2	Q8K400	Mus musculus	Metazoa	1152		False
	Q8GWE0	0	Training	3	Q8GWE0	Arabidopsis thaliana	Plants	702		False
	Q8N2Z9	0	Training	4	Q8N2Z9	Homo sapiens	Metazoa	138		False
	O48917	0	Training	0	O48917	Arabidopsis thaliana	Plants	477		False
	A8MZ59	0	Training	1	A8MZ59	Homo sapiens	Metazoa	198		False
	P0C869	0	Training	2	P0C869	Homo sapiens	Metazoa	781		False
	Q9VLJ8	0	Training	3	Q9VLJ8	Drosophila melanogaster	Metazoa	453		False
	Q8SKU2	0	Training	4	Q8SKU2	Pisum sativum	Plants	534		False
	Q8T498	0	Training	0	Q8T498	Drosophila melanogaster	Metazoa	1580		False
	Q80TR8	0	Training	1	Q80TR8	Mus musculus	Metazoa	1506		False
	P21276	0	Training	2	P21276	Arabidopsis thaliana	Plants	212		False
	Q9H4B0	0	Training	3	Q9H4B0	Homo sapiens	Metazoa	414		False
	Q570R7	0	Training	4	Q570R7	Arabidopsis thaliana	Plants	366		False
	Q8TEX9	0	Training	0	Q8TEX9	Homo sapiens	Metazoa	1081		False
	Q9VN91	0	Training	1	Q9VN91	Drosophila melanogaster	Metazoa	198		False
	Q9NJH0	0	Training	2	Q9NJH0	Drosophila melanogaster	Metazoa	431		False
	O74876	0	Training	3	O74876	Schizosaccharomyces pombe (strain 972 / ATCC 24843)	Fungi	357		False
	P35551	0	Training	4	P35551	Schizosaccharomyces pombe (strain 972 / ATCC 24843)	Fungi	305		False
	P50080	0	Training	0	P50080	Saccharomyces cerevisiae (strain ATCC 204508 / S288c)	Fungi	613		True
	P40798	0	Training	1	P40798	Drosophila melanogaster	Metazoa	1106		False
	P38351	0	Training	2	P38351	Saccharomyces cerevisiae (strain ATCC 204508 / S288c)	Fungi	445		False
	O14737	0	Training	3	O14737	Homo sapiens	Metazoa	125		False
	O70302	0	Training	4	O70302	Mus musculus	Metazoa	217		False
	O74964	0	Training	0	O74964	Schizosaccharomyces pombe (strain 972 / ATCC 24843)	Fungi	803		False
	Q9V4Z9	0	Training	1	Q9V4Z9	Drosophila melanogaster	Metazoa	858		False
	P0C7T6	0	Training	2	P0C7T6	Mus musculus	Metazoa	687		False
	P34283	0	Training	3	P34283	Caenorhabditis elegans	Metazoa	442		False
	Q5U5X0	0	Training	4	Q5U5X0	Homo sapiens	Metazoa	104		False
	Q9B6C8	0	Training	0	Q9B6C8	Yarrowia lipolytica (strain CLIB 122 / E 150)	Fungi	469		True
	P38207	0	Training	1	P38207	Saccharomyces cerevisiae (strain ATCC 204508 / S288c)	Fungi	520		False
	P35169	0	Training	2	P35169	Saccharomyces cerevisiae (strain ATCC 204508 / S288c)	Fungi	2470		False
	Q7Z2Z1	0	Training	3	Q7Z2Z1	Homo sapiens	Metazoa	1910		False
	P13574	0	Training	4	P13574	Saccharomyces cerevisiae (strain ATCC 204508 / S288c)	Fungi	688		False
	Q7S2H6	0	Training	0	Q7S2H6	Neurospora crassa (strain ATCC 24698 / 74-OR23-1A / CBS 708.71 / DSM 1257 / FGSC 987)	Fungi	310		False
	Q12124	0	Training	1	Q12124	Saccharomyces cerevisiae (strain ATCC 204508 / S288c)	Fungi	431		False
	P82249	0	Training	2	P82249	Spinacia oleracea	Plants	130		False
	P06509	0	Training	3	P06509	Spinacia oleracea	Plants	272		False
	Q93VB2	0	Training	4	Q93VB2	Arabidopsis thaliana	Plants	425		False
	Q9UT46	0	Training	0	Q9UT46	Schizosaccharomyces pombe (strain 972 / ATCC 24843)	Fungi	508		False
	Q9JJP2	0	Training	1	Q9JJP2	Mus musculus	Metazoa	631		False
	O16102	0	Training	2	O16102	Drosophila melanogaster	Metazoa	892		False
	Q0WSX8	0	Training	3	Q0WSX8	Arabidopsis thaliana	Plants	255		False
	O74942	0	Training	4	O74942	Schizosaccharomyces pombe (strain 972 / ATCC 24843)	Fungi	610		False
	Q86YC2	0	Training	0	Q86YC2	Homo sapiens	Metazoa	1186		False
	Q9H1U9	0	Training	1	Q9H1U9	Homo sapiens	Metazoa	297		True
	Q3U284	0	Training	2	Q3U284	Mus musculus	Metazoa	315		True
	F1M386	0	Training	3	F1M386	Rattus norvegicus	Metazoa	1496		False
	P38809	0	Training	4	P38809	Saccharomyces cerevisiae (strain ATCC 204508 / S288c)	Fungi	366		False
	Q8IBN8	0	Training	0	Q8IBN8	Plasmodium falciparum (isolate 3D7)	Other	899		False
	Q9HCH5	0	Training	1	Q9HCH5	Homo sapiens	Metazoa	934		False
	G5EDW5	0	Training	2	G5EDW5	Caenorhabditis elegans	Metazoa	952		False
	Q7JXF5	0	Training	3	Q7JXF5	Drosophila melanogaster	Metazoa	394		False
	Q9ULZ2	0	Training	4	Q9ULZ2	Homo sapiens	Metazoa	295		False
	Q8RWN0	0	Training	0	Q8RWN0	Arabidopsis thaliana	Plants	571		False
	Q10262	0	Training	1	Q10262	Schizosaccharomyces pombe (strain 972 / ATCC 24843)	Fungi	131		False
	Q02455	0	Training	2	Q02455	Saccharomyces cerevisiae (strain ATCC 204508 / S288c)	Fungi	1875		False
	P36038	0	Training	3	P36038	Saccharomyces cerevisiae (strain ATCC 204508 / S288c)	Fungi	271		False
	Q9FI46	0	Training	4	Q9FI46	Arabidopsis thaliana	Plants	269		True
	O74553	0	Training	0	O74553	Schizosaccharomyces pombe (strain 972 / ATCC 24843)	Fungi	326		False
	Q9Y2S7	0	Training	1	Q9Y2S7	Homo sapiens	Metazoa	368		False
	Q9CA45	0	Training	2	Q9CA45	Arabidopsis thaliana	Plants	147		False
	Q95TS5	0	Training	3	Q95TS5	Drosophila melanogaster	Metazoa	654		False
	Q28205	0	Training	4	Q28205	Bos taurus	Metazoa	1199		False
	Q9H0F5	0	Training	0	Q9H0F5	Homo sapiens	Metazoa	515		False
	Q9SUE3	0	Training	1	Q9SUE3	Arabidopsis thaliana	Plants	335		False
	Q7T2T1	0	Training	2	Q7T2T1	Gallus gallus	Metazoa	484		False
	Q230X8	0	Training	3	Q230X8	Tetrahymena thermophila (strain SB210)	Other	423		False
	O94355	0	Training	4	O94355	Schizosaccharomyces pombe (strain 972 / ATCC 24843)	Fungi	240		False
	Q9FVQ1	0	Training	0	Q9FVQ1	Arabidopsis thaliana	Plants	557		False
	Q6T4R5	0	Training	1	Q6T4R5	Homo sapiens	Metazoa	1651		False
	O74544	0	Training	2	O74544	Schizosaccharomyces pombe (strain 972 / ATCC 24843)	Fungi	314		False
	Q85FY6	0	Training	3	Q85FY6	Cyanidioschyzon merolae (strain NIES-3377 / 10D)	Other	732		True
	O60779	0	Training	4	O60779	Homo sapiens	Metazoa	497		True
	P40995	0	Training	0	P40995	Schizosaccharomyces pombe (strain 972 / ATCC 24843)	Fungi	872		False
	O60090	0	Training	1	O60090	Schizosaccharomyces pombe (strain 972 / ATCC 24843)	Fungi	297		False
	Q8TCY9	0	Training	2	Q8TCY9	Homo sapiens	Metazoa	931		False
	Q7TSD4	0	Training	3	Q7TSD4	Mus musculus	Metazoa	393		False
	Q9H840	0	Training	4	Q9H840	Homo sapiens	Metazoa	131		False
	Q8WV41	0	Training	0	Q8WV41	Homo sapiens	Metazoa	574		False
	Q7Z4V0	0	Training	1	Q7Z4V0	Homo sapiens	Metazoa	828		False
	Q9LKW9	0	Training	2	Q9LKW9	Arabidopsis thaliana	Plants	1146		True
	P53148	0	Training	3	P53148	Saccharomyces cerevisiae (strain ATCC 204508 / S288c)	Fungi	917		False
	Q94ID2	0	Training	4	Q94ID2	Arabidopsis thaliana	Plants	330		False
	O59746	0	Training	0	O59746	Schizosaccharomyces pombe (strain 972 / ATCC 24843)	Fungi	819		False
	P33412	0	Training	1	P33412	Saccharomyces cerevisiae (strain ATCC 204508 / S288c)	Fungi	323		False
	P25588	0	Training	2	P25588	Saccharomyces cerevisiae (strain ATCC 204508 / S288c)	Fungi	1096		False
	Q3UUF8	0	Training	3	Q3UUF8	Mus musculus	Metazoa	508		False
	Q7TPF1	0	Training	4	Q7TPF1	Rattus norvegicus	Metazoa	97		True
	Q8WXU2	0	Training	0	Q8WXU2	Homo sapiens	Metazoa	420		False
	Q940M2	0	Training	1	Q940M2	Arabidopsis thaliana	Plants	476		False
	Q8CGB3	0	Training	2	Q8CGB3	Mus musculus	Metazoa	1411		False
	P61221	0	Training	3	P61221	Homo sapiens	Metazoa	599		False
	O95704	0	Training	4	O95704	Homo sapiens	Metazoa	486		False
	B7Z0I7	0	Training	0	B7Z0I7	Drosophila melanogaster	Metazoa	351		False
	P38781	0	Training	1	P38781	Saccharomyces cerevisiae (strain ATCC 204508 / S288c)	Fungi	883		False
	P49590	0	Training	2	P49590	Homo sapiens	Metazoa	506		False
	Q8TBK2	0	Training	3	Q8TBK2	Homo sapiens	Metazoa	473		False
	O13577	0	Training	4	O13577	Saccharomyces cerevisiae (strain ATCC 204508 / S288c)	Fungi	133		False
	Q1MTR2	0	Training	0	Q1MTR2	Schizosaccharomyces pombe (strain 972 / ATCC 24843)	Fungi	207		False
	Q9BV68	0	Training	1	Q9BV68	Homo sapiens	Metazoa	311		False
	Q9URV3	0	Training	2	Q9URV3	Schizosaccharomyces pombe (strain 972 / ATCC 24843)	Fungi	296		False
	Q6ZMU5	0	Training	3	Q6ZMU5	Homo sapiens	Metazoa	477		False
	P35632	0	Training	4	P35632	Arabidopsis thaliana	Plants	232		False
	Q9Y6X0	0	Training	0	Q9Y6X0	Homo sapiens	Metazoa	1596		False
	Q8CHP0	0	Training	1	Q8CHP0	Mus musculus	Metazoa	950		False
	P40630	0	Training	2	P40630	Mus musculus	Metazoa	243		False
	P51556	0	Training	3	P51556	Rattus norvegicus	Metazoa	727		False
	P61092	0	Training	4	P61092	Mus musculus	Metazoa	282		False
	Q6PEY1	0	Training	0	Q6PEY1	Homo sapiens	Metazoa	159		True
	Q9UT49	0	Training	1	Q9UT49	Schizosaccharomyces pombe (strain 972 / ATCC 24843)	Fungi	578		False
	Q8IDN4	0	Training	2	Q8IDN4	Plasmodium falciparum (isolate 3D7)	Other	211		False
	O94427	0	Training	3	O94427	Schizosaccharomyces pombe (strain 972 / ATCC 24843)	Fungi	424		False
	Q9S720	0	Training	4	Q9S720	Arabidopsis thaliana	Plants	247		False
	O60184	0	Training	0	O60184	Schizosaccharomyces pombe (strain 972 / ATCC 24843)	Fungi	1102		False
	P29461	0	Training	1	P29461	Saccharomyces cerevisiae (strain ATCC 204508 / S288c)	Fungi	750		False
	O96033	0	Training	2	O96033	Homo sapiens	Metazoa	88		False
	P40050	0	Training	3	P40050	Saccharomyces cerevisiae (strain ATCC 204508 / S288c)	Fungi	688		False
	P53874	0	Training	4	P53874	Saccharomyces cerevisiae (strain ATCC 204508 / S288c)	Fungi	792		False
	Q5U419	0	Training	0	Q5U419	Mus musculus	Metazoa	412		True
	O60829	0	Training	1	O60829	Homo sapiens	Metazoa	102		False
	P32914	0	Training	2	P32914	Saccharomyces cerevisiae (strain ATCC 204508 / S288c)	Fungi	102		False
	Q08902	0	Training	3	Q08902	Saccharomyces cerevisiae (strain ATCC 204508 / S288c)	Fungi	515		True
	Q9FX31	0	Training	4	Q9FX31	Arabidopsis thaliana	Plants	722		False
	Q9UHW5	0	Training	0	Q9UHW5	Homo sapiens	Metazoa	284		False
	Q06667	0	Training	1	Q06667	Saccharomyces cerevisiae (strain ATCC 204508 / S288c)	Fungi	281		False
	Q0WPF2	0	Training	2	Q0WPF2	Arabidopsis thaliana	Plants	808		False
	Q9LSB9	0	Training	3	Q9LSB9	Arabidopsis thaliana	Plants	755		False
	P38323	0	Training	4	P38323	Saccharomyces cerevisiae (strain ATCC 204508 / S288c)	Fungi	520		False
	Q9VEN1	0	Training	0	Q9VEN1	Drosophila melanogaster	Metazoa	2210		False
	A9C3R9	0	Training	1	A9C3R9	Danio rerio	Metazoa	532		False
	Q94AQ9	0	Training	2	Q94AQ9	Arabidopsis thaliana	Plants	260		False
	Q9NWT1	0	Training	3	Q9NWT1	Homo sapiens	Metazoa	392		False
	Q56P03	0	Training	4	Q56P03	Homo sapiens	Metazoa	285		False
	Q8TDM6	0	Training	0	Q8TDM6	Homo sapiens	Metazoa	1919		False
	Q15714	0	Training	1	Q15714	Homo sapiens	Metazoa	1073		False
	Q8VDP4	0	Training	2	Q8VDP4	Mus musculus	Metazoa	922		False
	Q8IWV7	0	Training	3	Q8IWV7	Homo sapiens	Metazoa	1749		False
	Q05892	0	Training	4	Q05892	Saccharomyces cerevisiae (strain ATCC 204508 / S288c)	Fungi	277		False
	P53990	0	Training	0	P53990	Homo sapiens	Metazoa	364		False
	Q8CH19	0	Training	1	Q8CH19	Mus musculus	Metazoa	720		False
	O74485	0	Training	2	O74485	Schizosaccharomyces pombe (strain 972 / ATCC 24843)	Fungi	581		False
	Q4G176	0	Training	3	Q4G176	Homo sapiens	Metazoa	576		False
	Q04930	0	Training	4	Q04930	Saccharomyces cerevisiae (strain ATCC 204508 / S288c)	Fungi	467		False
	Q12524	0	Training	0	Q12524	Saccharomyces cerevisiae (strain ATCC 204508 / S288c)	Fungi	340		False
	P40344	0	Training	1	P40344	Saccharomyces cerevisiae (strain ATCC 204508 / S288c)	Fungi	310		False
	Q5W9E7	0	Training	2	Q5W9E7	Arabidopsis thaliana	Plants	659		False
	A0A6P3HVI0	0	Training	3	A0A6P3HVI0	Bison bison bison	Metazoa	535		True
	F4IXE7	0	Training	4	F4IXE7	Arabidopsis thaliana	Plants	1189		False
	O46043	0	Training	0	O46043	Drosophila melanogaster	Metazoa	723		False
	Q93ZB2	0	Training	1	Q93ZB2	Arabidopsis thaliana	Plants	509		True
	P46681	0	Training	2	P46681	Saccharomyces cerevisiae (strain ATCC 204508 / S288c)	Fungi	530		False
	P42284	0	Training	3	P42284	Drosophila melanogaster	Metazoa	549		False
	Q9US06	0	Training	4	Q9US06	Schizosaccharomyces pombe (strain 972 / ATCC 24843)	Fungi	456		False
	Q9ULP0	0	Training	0	Q9ULP0	Homo sapiens	Metazoa	352		False
	Q08176	0	Training	1	Q08176	Saccharomyces cerevisiae (strain ATCC 204508 / S288c)	Fungi	113		True
	P17883	0	Training	2	P17883	Saccharomyces cerevisiae (strain ATCC 204508 / S288c)	Fungi	1432		False
	O43044	0	Training	3	O43044	Schizosaccharomyces pombe (strain 972 / ATCC 24843)	Fungi	1136		False
	P61218	0	Training	4	P61218	Homo sapiens	Metazoa	127		False
	P0DOY1	0	Training	0	P0DOY1	Mus musculus	Metazoa	740		False
	Q05812	0	Training	1	Q05812	Saccharomyces cerevisiae (strain ATCC 204508 / S288c)	Fungi	728		False
	Q00202	0	Training	2	Q00202	Emericella nidulans (strain FGSC A4 / ATCC 38163 / CBS 112.46 / NRRL 194 / M139)	Fungi	678		False
	P07245	0	Training	3	P07245	Saccharomyces cerevisiae (strain ATCC 204508 / S288c)	Fungi	946		False
	P51509	0	Training	4	P51509	Gallus gallus	Metazoa	549		False
	O22287	0	Training	0	O22287	Arabidopsis thaliana	Plants	361		False
	O14227	0	Training	1	O14227	Schizosaccharomyces pombe (strain 972 / ATCC 24843)	Fungi	1215		False
	O74329	0	Training	2	O74329	Schizosaccharomyces pombe (strain 972 / ATCC 24843)	Fungi	56		False
	F4JCC1	0	Training	3	F4JCC1	Arabidopsis thaliana	Plants	992		False
	Q11107	0	Training	4	Q11107	Caenorhabditis elegans	Metazoa	2248		False
	Q0GGX2	0	Training	0	Q0GGX2	Mus musculus	Metazoa	1363		False
	Q91YI1	0	Training	1	Q91YI1	Mus musculus	Metazoa	516		False
	Q12972	0	Training	2	Q12972	Homo sapiens	Metazoa	351		False
	Q05192	0	Training	3	Q05192	Drosophila melanogaster	Metazoa	808		False
	P22027	0	Training	4	P22027	Bos taurus	Metazoa	200		False
	Q9NRG9	0	Training	0	Q9NRG9	Homo sapiens	Metazoa	546		False
	Q7Z6Z7	0	Training	1	Q7Z6Z7	Homo sapiens	Metazoa	4374		False
	P33417	0	Training	2	P33417	Saccharomyces cerevisiae (strain ATCC 204508 / S288c)	Fungi	597		False
	Q940Z2	0	Training	3	Q940Z2	Arabidopsis thaliana	Plants	724		False
	Q7RYM5	0	Training	4	Q7RYM5	Neurospora crassa (strain ATCC 24698 / 74-OR23-1A / CBS 708.71 / DSM 1257 / FGSC 987)	Fungi	292		False
	Q9M658	0	Training	0	Q9M658	Arabidopsis thaliana	Plants	2001		False
	P12383	0	Training	1	P12383	Saccharomyces cerevisiae (strain ATCC 204508 / S288c)	Fungi	1068		False
	Q7SHB2	0	Training	2	Q7SHB2	Neurospora crassa (strain ATCC 24698 / 74-OR23-1A / CBS 708.71 / DSM 1257 / FGSC 987)	Fungi	348		False
	Q5TKA1	0	Training	3	Q5TKA1	Homo sapiens	Metazoa	542		False
	P49107	0	Training	4	P49107	Arabidopsis thaliana	Plants	171		False
	Q9LV85	0	Training	0	Q9LV85	Arabidopsis thaliana	Plants	564		False
	Q53F19	0	Training	1	Q53F19	Homo sapiens	Metazoa	620		False
	P40505	0	Training	2	P40505	Saccharomyces cerevisiae (strain ATCC 204508 / S288c)	Fungi	327		False
	Q8BRE0	0	Training	3	Q8BRE0	Mus musculus	Metazoa	195		False
	Q9VA37	0	Training	4	Q9VA37	Drosophila melanogaster	Metazoa	187		False
	Q9Y4K3	0	Training	0	Q9Y4K3	Homo sapiens	Metazoa	522		False
	Q8H1D3	0	Training	1	Q8H1D3	Arabidopsis thaliana	Plants	571		False
	Q9P6Q0	0	Training	2	Q9P6Q0	Schizosaccharomyces pombe (strain 972 / ATCC 24843)	Fungi	112		False
	Q8H1D9	0	Training	3	Q8H1D9	Arabidopsis thaliana	Plants	605		False
	Q5T197	0	Training	4	Q5T197	Homo sapiens	Metazoa	706		True
	Q9XVS4	0	Training	0	Q9XVS4	Caenorhabditis elegans	Metazoa	971		False
	A0A0F7G352	0	Training	1	A0A0F7G352	Vanilla planifolia	Plants	356		False
	P25336	0	Training	2	P25336	Saccharomyces cerevisiae (strain ATCC 204508 / S288c)	Fungi	1018		False
	Q9P013	0	Training	3	Q9P013	Homo sapiens	Metazoa	229		False
	P26358	0	Training	4	P26358	Homo sapiens	Metazoa	1616		False
	Q6UXY1	0	Training	0	Q6UXY1	Homo sapiens	Metazoa	529		False
	P53153	0	Training	1	P53153	Saccharomyces cerevisiae (strain ATCC 204508 / S288c)	Fungi	274		True
	P41005	0	Training	2	P41005	Schizosaccharomyces pombe (strain 972 / ATCC 24843)	Fungi	101		False
	O59701	0	Training	3	O59701	Schizosaccharomyces pombe (strain 972 / ATCC 24843)	Fungi	351		False
	Q8BFX3	0	Training	4	Q8BFX3	Mus musculus	Metazoa	815		False
	P40546	0	Training	0	P40546	Saccharomyces cerevisiae (strain ATCC 204508 / S288c)	Fungi	346		False
	Q5PP37	0	Training	1	Q5PP37	Arabidopsis thaliana	Plants	473		False
	I6LAD1	0	Training	2	I6LAD1	Komagataella pastoris	Fungi	384		False
	Q14978	0	Training	3	Q14978	Homo sapiens	Metazoa	699		False
	Q2WG80	0	Training	4	Q2WG80	Danio rerio	Metazoa	140		False
	Q7S1Z3	0	Training	0	Q7S1Z3	Neurospora crassa (strain ATCC 24698 / 74-OR23-1A / CBS 708.71 / DSM 1257 / FGSC 987)	Fungi	368		False
	P32338	0	Training	1	P32338	Saccharomyces cerevisiae (strain ATCC 204508 / S288c)	Fungi	300		False
	O23342	0	Training	2	O23342	Arabidopsis thaliana	Plants	177		False
	P54657	0	Training	3	P54657	Dictyostelium discoideum	Other	213		False
	Q9H6U6	0	Training	4	Q9H6U6	Homo sapiens	Metazoa	928		False
	Q96MB7	0	Training	0	Q96MB7	Homo sapiens	Metazoa	349		False
	Q03430	0	Training	1	Q03430	Saccharomyces cerevisiae (strain ATCC 204508 / S288c)	Fungi	361		False
	P00918	0	Training	2	P00918	Homo sapiens	Metazoa	260		False
	Q9BUU2	0	Training	3	Q9BUU2	Homo sapiens	Metazoa	404		False
	Q767K8	0	Training	4	Q767K8	Sus scrofa	Metazoa	258		False
	Q6UW78	0	Training	0	Q6UW78	Homo sapiens	Metazoa	93		True
	P19517	0	Training	1	P19517	Oryctolagus cuniculus	Metazoa	524		False
	Q9C8J7	0	Training	2	Q9C8J7	Arabidopsis thaliana	Plants	509		False
	Q4GZF6	0	Training	3	Q4GZF6	Trypanosoma brucei brucei (strain 927/4 GUTat10.1)	Other	171		False
	D0EL35	0	Training	4	D0EL35	Arabidopsis thaliana	Plants	1272		False
	Q95Q39	0	Training	0	Q95Q39	Caenorhabditis elegans	Metazoa	287		True
	P55786	0	Training	1	P55786	Homo sapiens	Metazoa	919		False
	P0C6T3	0	Training	2	P0C6T3	Rattus norvegicus	Metazoa	269		True
	Q1MTN3	0	Training	3	Q1MTN3	Schizosaccharomyces pombe (strain 972 / ATCC 24843)	Fungi	1018		False
	Q8VY88	0	Training	4	Q8VY88	Arabidopsis thaliana	Plants	175		False
	P32250	0	Training	0	P32250	Gallus gallus	Metazoa	308		True
	Q8BGW1	0	Training	1	Q8BGW1	Mus musculus	Metazoa	502		False
	Q02983	0	Training	2	Q02983	Saccharomyces cerevisiae (strain ATCC 204508 / S288c)	Fungi	363		False
	I3SL57	0	Training	3	I3SL57	Lotus japonicus	Plants	282		False
	Q8IZS7	0	Training	4	Q8IZS7	Homo sapiens	Metazoa	167		True
	Q75WF1	0	Training	0	Q75WF1	Vanrija humicola	Fungi	370		False
	Q9H3M7	0	Training	1	Q9H3M7	Homo sapiens	Metazoa	391		False
	P53212	0	Training	2	P53212	Saccharomyces cerevisiae (strain ATCC 204508 / S288c)	Fungi	290		False
	Q8NDZ0	0	Training	3	Q8NDZ0	Homo sapiens	Metazoa	799		False
	Q59RL7	0	Training	4	Q59RL7	Candida albicans (strain SC5314 / ATCC MYA-2876)	Fungi	853		False
	Q9S816	0	Training	0	Q9S816	Arabidopsis thaliana	Plants	521		False
	P08468	0	Training	1	P08468	Saccharomyces cerevisiae (strain ATCC 204508 / S288c)	Fungi	800		False
	Q9Y4W2	0	Training	2	Q9Y4W2	Homo sapiens	Metazoa	734		False
	Q960V3	0	Training	3	Q960V3	Drosophila melanogaster	Metazoa	1122		False
	Q7K4V4	0	Training	4	Q7K4V4	Drosophila melanogaster	Metazoa	244		False
	P53743	0	Training	0	P53743	Saccharomyces cerevisiae (strain ATCC 204508 / S288c)	Fungi	316		False
	A0A2R6QE26	0	Training	1	A0A2R6QE26	Actinidia chinensis var. chinensis	Plants	689		False
	Q8VEC4	0	Training	2	Q8VEC4	Mus musculus	Metazoa	323		True
	Q9H813	0	Training	3	Q9H813	Homo sapiens	Metazoa	350		True
	Q9SYM2	0	Training	4	Q9SYM2	Arabidopsis thaliana	Plants	299		False
	O62471	0	Training	0	O62471	Caenorhabditis elegans	Metazoa	1592		False
	Q7RZ62	0	Training	1	Q7RZ62	Neurospora crassa (strain ATCC 24698 / 74-OR23-1A / CBS 708.71 / DSM 1257 / FGSC 987)	Fungi	347		False
	O74829	0	Training	2	O74829	Schizosaccharomyces pombe (strain 972 / ATCC 24843)	Fungi	516		True
	P49367	0	Training	3	P49367	Saccharomyces cerevisiae (strain ATCC 204508 / S288c)	Fungi	693		False
	P40069	0	Training	4	P40069	Saccharomyces cerevisiae (strain ATCC 204508 / S288c)	Fungi	1113		False
	Q5H8A6	0	Training	0	Q5H8A6	Lotus japonicus	Plants	853		False
	H2KZB2	0	Training	1	H2KZB2	Caenorhabditis elegans	Metazoa	603		True
	Q10337	0	Training	2	Q10337	Schizosaccharomyces pombe (strain 972 / ATCC 24843)	Fungi	849		False
	Q05923	0	Training	3	Q05923	Homo sapiens	Metazoa	314		False
	G3XKQ9	0	Training	4	G3XKQ9	Oryza sativa subsp. japonica	Plants	394		False
	Q15025	0	Training	0	Q15025	Homo sapiens	Metazoa	636		False
	Q9BQ83	0	Training	1	Q9BQ83	Homo sapiens	Metazoa	275		False
	Q9UW82	0	Training	2	Q9UW82	Komagataella pastoris	Fungi	187		True
	O76064	0	Training	3	O76064	Homo sapiens	Metazoa	485		False
	P40457	0	Training	4	P40457	Saccharomyces cerevisiae (strain ATCC 204508 / S288c)	Fungi	1679		False
	P36141	0	Training	0	P36141	Saccharomyces cerevisiae (strain ATCC 204508 / S288c)	Fungi	133		False
	P86981	0	Training	1	P86981	Podarcis siculus	Metazoa	81		False
	Q9S7I0	0	Training	2	Q9S7I0	Arabidopsis thaliana	Plants	1307		False
	P40971	0	Training	3	P40971	Saccharomyces cerevisiae (strain ATCC 204508 / S288c)	Fungi	790		False
	Q9NVA1	0	Training	4	Q9NVA1	Homo sapiens	Metazoa	299		False
	Q6ZRI6	0	Training	0	Q6ZRI6	Homo sapiens	Metazoa	1047		False
	P22570	0	Training	1	P22570	Homo sapiens	Metazoa	491		False
	Q9Y3I1	0	Training	2	Q9Y3I1	Homo sapiens	Metazoa	522		False
	Q8RWX4	0	Training	3	Q8RWX4	Arabidopsis thaliana	Plants	611		False
	P32432	0	Training	4	P32432	Saccharomyces cerevisiae (strain ATCC 204508 / S288c)	Fungi	683		False
	Q9LXR9	0	Training	0	Q9LXR9	Arabidopsis thaliana	Plants	348		False
	P32344	0	Training	1	P32344	Saccharomyces cerevisiae (strain ATCC 204508 / S288c)	Fungi	111		False
	Q91876	0	Training	2	Q91876	Xenopus laevis	Metazoa	720		False
	Q07532	0	Training	3	Q07532	Saccharomyces cerevisiae (strain ATCC 204508 / S288c)	Fungi	353		False
	Q9C682	0	Training	4	Q9C682	Arabidopsis thaliana	Plants	226		False
	P39994	0	Training	0	P39994	Saccharomyces cerevisiae (strain ATCC 204508 / S288c)	Fungi	560		False
	P40079	0	Training	1	P40079	Saccharomyces cerevisiae (strain ATCC 204508 / S288c)	Fungi	357		False
	P31942	0	Training	2	P31942	Homo sapiens	Metazoa	346		False
	Q9AUE0	0	Training	3	Q9AUE0	Arabidopsis thaliana	Plants	1950		False
	Q93092	0	Training	4	Q93092	Mus musculus	Metazoa	337		False
	Q96EL1	0	Training	0	Q96EL1	Homo sapiens	Metazoa	287		False
	Q9BZB8	0	Training	1	Q9BZB8	Homo sapiens	Metazoa	566		False
	Q9Y222	0	Training	2	Q9Y222	Homo sapiens	Metazoa	760		False
	O95838	0	Training	3	O95838	Homo sapiens	Metazoa	553		False
	O74783	0	Training	4	O74783	Schizosaccharomyces pombe (strain 972 / ATCC 24843)	Fungi	463		False
	P46995	0	Training	0	P46995	Saccharomyces cerevisiae (strain ATCC 204508 / S288c)	Fungi	733		False
	P46677	0	Training	1	P46677	Saccharomyces cerevisiae (strain ATCC 204508 / S288c)	Fungi	1066		False
	Q9LXT3	0	Training	2	Q9LXT3	Arabidopsis thaliana	Plants	142		False
	D6VTK4	0	Training	3	D6VTK4	Saccharomyces cerevisiae (strain ATCC 204508 / S288c)	Fungi	431		True
	Q8WU10	0	Training	4	Q8WU10	Homo sapiens	Metazoa	500		False
	O35671	0	Training	0	O35671	Mus musculus	Metazoa	200		False
	Q9WUR2	0	Training	1	Q9WUR2	Mus musculus	Metazoa	391		False
	P40530	0	Training	2	P40530	Saccharomyces cerevisiae (strain ATCC 204508 / S288c)	Fungi	394		False
	Q8VYS2	0	Training	3	Q8VYS2	Arabidopsis thaliana	Plants	890		False
	Q15596	0	Training	4	Q15596	Homo sapiens	Metazoa	1464		False
	Q0VC21	0	Training	0	Q0VC21	Bos taurus	Metazoa	297		False
	O96237	0	Training	1	O96237	Plasmodium falciparum (isolate 3D7)	Other	899		False
	G5EGK5	0	Training	2	G5EGK5	Caenorhabditis elegans	Metazoa	928		False
	Q9FWA3	0	Training	3	Q9FWA3	Arabidopsis thaliana	Plants	486		False
	Q9BUK6	0	Training	4	Q9BUK6	Homo sapiens	Metazoa	570		False
	P23490	0	Training	0	P23490	Homo sapiens	Metazoa	312		False
	P40090	0	Training	1	P40090	Saccharomyces cerevisiae (strain ATCC 204508 / S288c)	Fungi	624		False
	Q7XI96	0	Training	2	Q7XI96	Oryza sativa subsp. japonica	Plants	298		False
	Q9VLP3	0	Training	3	Q9VLP3	Drosophila melanogaster	Metazoa	122		False
	P50535	0	Training	4	P50535	Drosophila melanogaster	Metazoa	1039		False
	P34162	0	Training	0	P34162	Saccharomyces cerevisiae (strain ATCC 204508 / S288c)	Fungi	210		False
	P42845	0	Training	1	P42845	Saccharomyces cerevisiae (strain ATCC 204508 / S288c)	Fungi	420		False
	Q9UHD9	0	Training	2	Q9UHD9	Homo sapiens	Metazoa	624		False
	Q9LYD9	0	Training	3	Q9LYD9	Arabidopsis thaliana	Plants	1096		False
	P40043	0	Training	4	P40043	Saccharomyces cerevisiae (strain ATCC 204508 / S288c)	Fungi	161		False
	Q5HYJ3	0	Training	0	Q5HYJ3	Homo sapiens	Metazoa	339		False
	P39956	0	Training	1	P39956	Saccharomyces cerevisiae (strain ATCC 204508 / S288c)	Fungi	796		False
	Q53KW9	0	Training	2	Q53KW9	Oryza sativa subsp. japonica	Plants	803		False
	Q8BGY9	0	Training	3	Q8BGY9	Mus musculus	Metazoa	580		True
	P43619	0	Training	4	P43619	Saccharomyces cerevisiae (strain ATCC 204508 / S288c)	Fungi	295		False
	O13838	0	Training	0	O13838	Schizosaccharomyces pombe (strain 972 / ATCC 24843)	Fungi	371		False
	P47069	0	Training	1	P47069	Saccharomyces cerevisiae (strain ATCC 204508 / S288c)	Fungi	682		False
	Q19541	0	Training	2	Q19541	Caenorhabditis elegans	Metazoa	169		False
	P87297	0	Training	3	P87297	Schizosaccharomyces pombe (strain 972 / ATCC 24843)	Fungi	90		False
	Q3TYA6	0	Training	4	Q3TYA6	Mus musculus	Metazoa	858		False
	Q7XYY2	0	Training	0	Q7XYY2	Arabidopsis thaliana	Plants	836		False
	G5ECD6	0	Training	1	G5ECD6	Caenorhabditis elegans	Metazoa	1322		True
	Q1K528	0	Training	2	Q1K528	Neurospora crassa (strain ATCC 24698 / 74-OR23-1A / CBS 708.71 / DSM 1257 / FGSC 987)	Fungi	82		True
	Q9Y3B8	0	Training	3	Q9Y3B8	Homo sapiens	Metazoa	237		False
	G5EGU9	0	Training	4	G5EGU9	Caenorhabditis elegans	Metazoa	558		False
	Q96PZ0	0	Training	0	Q96PZ0	Homo sapiens	Metazoa	661		False
	P36521	0	Training	1	P36521	Saccharomyces cerevisiae (strain ATCC 204508 / S288c)	Fungi	249		False
	Q9P802	0	Training	2	Q9P802	Schizosaccharomyces pombe (strain 972 / ATCC 24843)	Fungi	194		False
	Q39163	0	Training	3	Q39163	Arabidopsis thaliana	Plants	330		False
	Q06102	0	Training	4	Q06102	Saccharomyces cerevisiae (strain ATCC 204508 / S288c)	Fungi	208		False
	P08044	0	Training	0	P08044	Drosophila melanogaster	Metazoa	390		False
	Q9SI64	0	Training	1	Q9SI64	Arabidopsis thaliana	Plants	702		False
	O75554	0	Training	2	O75554	Homo sapiens	Metazoa	376		False
	Q86YH6	0	Training	3	Q86YH6	Homo sapiens	Metazoa	399		False
	O89050	0	Training	4	O89050	Mus musculus	Metazoa	735		False
	Q15013	0	Training	0	Q15013	Homo sapiens	Metazoa	274		False
	Q5T4T6	0	Training	1	Q5T4T6	Homo sapiens	Metazoa	812		False
	Q9T0A4	0	Training	2	Q9T0A4	Arabidopsis thaliana	Plants	250		False
	Q7RYW8	0	Training	3	Q7RYW8	Neurospora crassa (strain ATCC 24698 / 74-OR23-1A / CBS 708.71 / DSM 1257 / FGSC 987)	Fungi	258		False
	Q5DTW7	0	Training	4	Q5DTW7	Mus musculus	Metazoa	1521		False
	Q8ITW8	0	Training	0	Q8ITW8	Caenorhabditis elegans	Metazoa	504		False
	P52655	0	Training	1	P52655	Homo sapiens	Metazoa	376		False
	Q80ZI1	0	Training	2	Q80ZI1	Mus musculus	Metazoa	223		False
	A1L4Y1	0	Training	3	A1L4Y1	Arabidopsis thaliana	Plants	411		False
	Q9BRU2	0	Training	4	Q9BRU2	Homo sapiens	Metazoa	100		False
	Q8N726	0	Training	0	Q8N726	Homo sapiens	Metazoa	132		False
	P98078	0	Training	1	P98078	Mus musculus	Metazoa	766		False
	Q8JFQ4	0	Training	2	Q8JFQ4	Gallus gallus	Metazoa	277		False
	Q9VW15	0	Training	3	Q9VW15	Drosophila melanogaster	Metazoa	2226		False
	Q95QD7	0	Training	4	Q95QD7	Caenorhabditis elegans	Metazoa	435		False
	Q9JK95	0	Training	0	Q9JK95	Mus musculus	Metazoa	193		True
	Q9UT72	0	Training	1	Q9UT72	Schizosaccharomyces pombe (strain 972 / ATCC 24843)	Fungi	205		False
	P40317	0	Training	2	P40317	Saccharomyces cerevisiae (strain ATCC 204508 / S288c)	Fungi	901		False
	Q9UJW9	0	Training	3	Q9UJW9	Homo sapiens	Metazoa	196		False
	P53170	0	Training	4	P53170	Saccharomyces cerevisiae (strain ATCC 204508 / S288c)	Fungi	491		False
	P00927	0	Training	0	P00927	Saccharomyces cerevisiae (strain ATCC 204508 / S288c)	Fungi	576		False
	O14318	0	Training	1	O14318	Schizosaccharomyces pombe (strain 972 / ATCC 24843)	Fungi	295		False
	P36629	0	Training	2	P36629	Schizosaccharomyces pombe (strain 972 / ATCC 24843)	Fungi	517		False
	Q02086	0	Training	3	Q02086	Homo sapiens	Metazoa	613		False
	P61460	0	Training	4	P61460	Mus musculus	Metazoa	1591		False
	P04792	0	Training	0	P04792	Homo sapiens	Metazoa	205		False
	Q9NYH9	0	Training	1	Q9NYH9	Homo sapiens	Metazoa	597		False
	Q9CRB9	0	Training	2	Q9CRB9	Mus musculus	Metazoa	227		False
	Q9JMI1	0	Training	3	Q9JMI1	Rattus norvegicus	Metazoa	672		False
	Q9FME2	0	Training	4	Q9FME2	Arabidopsis thaliana	Plants	460		False
	Q8VZL6	0	Training	0	Q8VZL6	Arabidopsis thaliana	Plants	441		False
	O55102	0	Training	1	O55102	Mus musculus	Metazoa	125		False
	P49454	0	Training	2	P49454	Homo sapiens	Metazoa	3114		False
	Q39055	0	Training	3	Q39055	Arabidopsis thaliana	Plants	390		False
	P26017	0	Training	4	P26017	Drosophila melanogaster	Metazoa	390		False
	P38961	0	Training	0	P38961	Saccharomyces cerevisiae (strain ATCC 204508 / S288c)	Fungi	392		False
	Q17635	0	Training	1	Q17635	Caenorhabditis elegans	Metazoa	590		False
	Q94C69	0	Training	2	Q94C69	Arabidopsis thaliana	Plants	301		False
	O60503	0	Training	3	O60503	Homo sapiens	Metazoa	1353		False
	O74504	0	Training	4	O74504	Schizosaccharomyces pombe (strain 972 / ATCC 24843)	Fungi	791		False
	Q9FJI5	0	Training	0	Q9FJI5	Arabidopsis thaliana	Plants	515		False
	Q96TA1	0	Training	1	Q96TA1	Homo sapiens	Metazoa	746		False
	P07273	0	Training	2	P07273	Saccharomyces cerevisiae (strain ATCC 204508 / S288c)	Fungi	309		False
	B2D6P4	0	Training	3	B2D6P4	Caenorhabditis elegans	Metazoa	508		False
	Q39659	0	Training	4	Q39659	Cucumis sativus	Plants	725		False
	P35557	0	Training	0	P35557	Homo sapiens	Metazoa	465		False
	P54791	0	Training	1	P54791	Saccharomyces cerevisiae (strain ATCC 204508 / S288c)	Fungi	529		False
	Q9NVH2	0	Training	2	Q9NVH2	Homo sapiens	Metazoa	962		False
	P26041	0	Training	3	P26041	Mus musculus	Metazoa	577		False
	Q6DRC5	0	Training	4	Q6DRC5	Danio rerio	Metazoa	1014		False
	Q941D3	0	Training	0	Q941D3	Arabidopsis thaliana	Plants	239		False
	O48716	0	Training	1	O48716	Arabidopsis thaliana	Plants	465		False
	Q78T81	0	Training	2	Q78T81	Mus musculus	Metazoa	392		False
	Q04175	0	Training	3	Q04175	Saccharomyces cerevisiae (strain ATCC 204508 / S288c)	Fungi	944		False
	Q9H3K2	0	Training	4	Q9H3K2	Homo sapiens	Metazoa	345		True
	Q6ZV65	0	Training	0	Q6ZV65	Homo sapiens	Metazoa	393		False
	P61581	0	Training	1	P61581	Homo sapiens	Metazoa	75		False
	O13769	0	Training	2	O13769	Schizosaccharomyces pombe (strain 972 / ATCC 24843)	Fungi	638		False
	Q13886	0	Training	3	Q13886	Homo sapiens	Metazoa	244		False
	Q9C950	0	Training	4	Q9C950	Arabidopsis thaliana	Plants	643		False
	Q9H061	0	Training	0	Q9H061	Homo sapiens	Metazoa	195		True
	A8DYY6	0	Training	1	A8DYY6	Drosophila melanogaster	Metazoa	616		False
	P38909	0	Training	2	P38909	Saccharomyces cerevisiae (strain ATCC 204508 / S288c)	Fungi	366		False
	Q6IEG0	0	Training	3	Q6IEG0	Homo sapiens	Metazoa	339		False
	O94822	0	Training	4	O94822	Homo sapiens	Metazoa	1766		False
	Q99NB1	0	Training	0	Q99NB1	Mus musculus	Metazoa	682		False
	Q8C9X6	0	Training	1	Q8C9X6	Mus musculus	Metazoa	813		False
	P21228	0	Training	2	P21228	Emericella nidulans (strain FGSC A4 / ATCC 38163 / CBS 112.46 / NRRL 194 / M139)	Fungi	821		False
	O74761	0	Training	3	O74761	Schizosaccharomyces pombe (strain 972 / ATCC 24843)	Fungi	459		False
	P48039	0	Training	4	P48039	Homo sapiens	Metazoa	350		True
	Q7TSH3	0	Training	0	Q7TSH3	Mus musculus	Metazoa	1157		False
	Q06668	0	Training	1	Q06668	Saccharomyces cerevisiae (strain ATCC 204508 / S288c)	Fungi	471		False
	Q14916	0	Training	2	Q14916	Homo sapiens	Metazoa	467		True
	Q9P7P2	0	Training	3	Q9P7P2	Schizosaccharomyces pombe (strain 972 / ATCC 24843)	Fungi	528		False
	Q12905	0	Training	4	Q12905	Homo sapiens	Metazoa	390		False
	P17558	0	Training	0	P17558	Saccharomyces cerevisiae (strain ATCC 204508 / S288c)	Fungi	318		False
	Q9S713	0	Training	1	Q9S713	Arabidopsis thaliana	Plants	562		False
	P54783	0	Training	2	P54783	Saccharomyces cerevisiae (strain ATCC 204508 / S288c)	Fungi	526		False
	O18412	0	Training	3	O18412	Drosophila melanogaster	Metazoa	718		False
	P30658	0	Training	4	P30658	Mus musculus	Metazoa	519		False
	P00314	0	Training	0	P00314	Galdieria sulphuraria	Other	161		False
	Q9VYY4	0	Training	1	Q9VYY4	Drosophila melanogaster	Metazoa	574		True
	Q8NCN4	0	Training	2	Q8NCN4	Homo sapiens	Metazoa	708		False
	Q80VL0	0	Training	3	Q80VL0	Rattus norvegicus	Metazoa	406		False
	O77059	0	Training	4	O77059	Drosophila melanogaster	Metazoa	542		False
	Q9H9J2	0	Training	0	Q9H9J2	Homo sapiens	Metazoa	332		False
	P38737	0	Training	1	P38737	Saccharomyces cerevisiae (strain ATCC 204508 / S288c)	Fungi	1868		False
	Q9LFA3	0	Training	2	Q9LFA3	Arabidopsis thaliana	Plants	434		False
	Q15428	0	Training	3	Q15428	Homo sapiens	Metazoa	464		False
	Q52M58	0	Training	4	Q52M58	Homo sapiens	Metazoa	125		False
	P0DO23	0	Training	0	P0DO23	Arabidopsis thaliana	Plants	394		False
	Q86UT6	0	Training	1	Q86UT6	Homo sapiens	Metazoa	975		False
	Q9UQN3	0	Training	2	Q9UQN3	Homo sapiens	Metazoa	213		False
	P0C2B6	0	Training	3	P0C2B6	Bos taurus	Metazoa	128		False
	Q00816	0	Training	4	Q00816	Saccharomyces cerevisiae (strain ATCC 204508 / S288c)	Fungi	1014		False
	P33322	0	Training	0	P33322	Saccharomyces cerevisiae (strain ATCC 204508 / S288c)	Fungi	483		False
	P48015	0	Training	1	P48015	Saccharomyces cerevisiae (strain ATCC 204508 / S288c)	Fungi	400		False
	Q10335	0	Training	2	Q10335	Schizosaccharomyces pombe (strain 972 / ATCC 24843)	Fungi	397		False
	Q12024	0	Training	3	Q12024	Saccharomyces cerevisiae (strain ATCC 204508 / S288c)	Fungi	460		False
	Q03525	0	Training	4	Q03525	Saccharomyces cerevisiae (strain ATCC 204508 / S288c)	Fungi	211		False
	Q08492	0	Training	0	Q08492	Saccharomyces cerevisiae (strain ATCC 204508 / S288c)	Fungi	214		False
	Q02040	0	Training	1	Q02040	Homo sapiens	Metazoa	695		False
	Q9Z1X9	0	Training	2	Q9Z1X9	Mus musculus	Metazoa	566		False
	Q9ES19	0	Training	3	Q9ES19	Rattus norvegicus	Metazoa	347		False
	Q9UMY1	0	Training	4	Q9UMY1	Homo sapiens	Metazoa	257		False
	O80883	0	Training	0	O80883	Arabidopsis thaliana	Plants	490		False
	P87152	0	Training	1	P87152	Schizosaccharomyces pombe (strain 972 / ATCC 24843)	Fungi	992		False
	Q9XVI2	0	Training	2	Q9XVI2	Caenorhabditis elegans	Metazoa	811		False
	Q9VQI9	0	Training	3	Q9VQI9	Drosophila melanogaster	Metazoa	1673		False
	Q92341	0	Training	4	Q92341	Schizosaccharomyces pombe (strain 972 / ATCC 24843)	Fungi	630		True
	P89114	0	Training	0	P89114	Saccharomyces cerevisiae (strain ATCC 204508 / S288c)	Fungi	91		False
	Q7L3V2	0	Training	1	Q7L3V2	Homo sapiens	Metazoa	364		False
	Q99829	0	Training	2	Q99829	Homo sapiens	Metazoa	537		False
	Q03370	0	Training	3	Q03370	Saccharomyces cerevisiae (strain ATCC 204508 / S288c)	Fungi	554		False
	Q7S6M9	0	Training	4	Q7S6M9	Neurospora crassa (strain ATCC 24698 / 74-OR23-1A / CBS 708.71 / DSM 1257 / FGSC 987)	Fungi	309		False
	P42695	0	Training	0	P42695	Homo sapiens	Metazoa	1498		False
	P32970	0	Training	1	P32970	Homo sapiens	Metazoa	193		True
	Q9BPW8	0	Training	2	Q9BPW8	Homo sapiens	Metazoa	284		False
	Q9SHZ6	0	Training	3	Q9SHZ6	Arabidopsis thaliana	Plants	343		False
	P32855	0	Training	4	P32855	Saccharomyces cerevisiae (strain ATCC 204508 / S288c)	Fungi	1065		False
	P22735	0	Training	0	P22735	Homo sapiens	Metazoa	817		False
	Q9N589	0	Training	1	Q9N589	Caenorhabditis elegans	Metazoa	588		False
	Q7XBS0	0	Training	2	Q7XBS0	Oryza sativa subsp. japonica	Plants	721		True
	P70671	0	Training	3	P70671	Mus musculus	Metazoa	419		False
	P42356	0	Training	4	P42356	Homo sapiens	Metazoa	2102		False
	P40380	0	Training	0	P40380	Schizosaccharomyces pombe (strain 972 / ATCC 24843)	Fungi	230		False
	Q02354	0	Training	1	Q02354	Saccharomyces cerevisiae (strain ATCC 204508 / S288c)	Fungi	440		False
	Q9VGH1	0	Training	2	Q9VGH1	Drosophila melanogaster	Metazoa	520		False
	Q8VC49	0	Training	3	Q8VC49	Mus musculus	Metazoa	283		False
	P53081	0	Training	4	P53081	Saccharomyces cerevisiae (strain ATCC 204508 / S288c)	Fungi	288		False
	P04921	0	Training	0	P04921	Homo sapiens	Metazoa	128		True
	Q9LPV5	0	Training	1	Q9LPV5	Arabidopsis thaliana	Plants	502		True
	Q8WUA4	0	Training	2	Q8WUA4	Homo sapiens	Metazoa	911		False
	Q12509	0	Training	3	Q12509	Saccharomyces cerevisiae (strain ATCC 204508 / S288c)	Fungi	438		False
	Q8RY95	0	Training	4	Q8RY95	Arabidopsis thaliana	Plants	1035		False
	Q94FL6	0	Training	0	Q94FL6	Arabidopsis thaliana	Plants	436		False
	Q8WV93	0	Training	1	Q8WV93	Homo sapiens	Metazoa	481		False
	Q9N4M4	0	Training	2	Q9N4M4	Caenorhabditis elegans	Metazoa	8545		False
	Q6IDB0	0	Training	3	Q6IDB0	Arabidopsis thaliana	Plants	193		False
	P40513	0	Training	4	P40513	Saccharomyces cerevisiae (strain ATCC 204508 / S288c)	Fungi	266		False
	O55236	0	Training	0	O55236	Mus musculus	Metazoa	597		False
	O94868	0	Training	1	O94868	Homo sapiens	Metazoa	740		False
	Q9USU3	0	Training	2	Q9USU3	Schizosaccharomyces pombe (strain 972 / ATCC 24843)	Fungi	878		False
	Q9LDD5	0	Training	3	Q9LDD5	Arabidopsis thaliana	Plants	373		False
	Q9EST4	0	Training	4	Q9EST4	Mus musculus	Metazoa	264		False
	Q9D385	0	Training	0	Q9D385	Mus musculus	Metazoa	163		False
	Q9XZS8	0	Training	1	Q9XZS8	Drosophila melanogaster	Metazoa	613		False
	Q10740	0	Training	2	Q10740	Saccharomyces cerevisiae (strain ATCC 204508 / S288c)	Fungi	671		False
	O82660	0	Training	3	O82660	Arabidopsis thaliana	Plants	403		False
	P59942	0	Training	4	P59942	Homo sapiens	Metazoa	119		False
	Q8TC71	0	Training	0	Q8TC71	Homo sapiens	Metazoa	538		False
	P29374	0	Training	1	P29374	Homo sapiens	Metazoa	1257		False
	O94668	0	Training	2	O94668	Schizosaccharomyces pombe (strain 972 / ATCC 24843)	Fungi	388		False
	P38824	0	Training	3	P38824	Saccharomyces cerevisiae (strain ATCC 204508 / S288c)	Fungi	151		False
	P0DO24	0	Training	4	P0DO24	Arabidopsis thaliana	Plants	649		False
	O43822	0	Training	0	O43822	Homo sapiens	Metazoa	256		False
	P39717	0	Training	1	P39717	Saccharomyces cerevisiae (strain ATCC 204508 / S288c)	Fungi	880		False
	Q6B9X6	0	Training	2	Q6B9X6	Dictyostelium discoideum	Other	625		False
	P51970	0	Training	3	P51970	Homo sapiens	Metazoa	172		False
	Q9UTR9	0	Training	4	Q9UTR9	Schizosaccharomyces pombe (strain 972 / ATCC 24843)	Fungi	368		False
	Q9JHR9	0	Training	0	Q9JHR9	Mus musculus	Metazoa	270		False
	Q09675	0	Training	1	Q09675	Schizosaccharomyces pombe (strain 972 / ATCC 24843)	Fungi	240		False
	O64827	0	Training	2	O64827	Arabidopsis thaliana	Plants	1382		False
	O43137	0	Training	3	O43137	Saccharomyces cerevisiae (strain ATCC 204508 / S288c)	Fungi	85		False
	Q93YU8	0	Training	4	Q93YU8	Arabidopsis thaliana	Plants	796		False
	Q14289	0	Training	0	Q14289	Homo sapiens	Metazoa	1009		False
	P46943	0	Training	1	P46943	Saccharomyces cerevisiae (strain ATCC 204508 / S288c)	Fungi	645		False
	Q7SA90	0	Training	2	Q7SA90	Neurospora crassa (strain ATCC 24698 / 74-OR23-1A / CBS 708.71 / DSM 1257 / FGSC 987)	Fungi	453		False
	P25627	0	Training	3	P25627	Saccharomyces cerevisiae (strain ATCC 204508 / S288c)	Fungi	275		False
	Q6ZN28	0	Training	4	Q6ZN28	Homo sapiens	Metazoa	852		False
	Q9Y6N1	0	Training	0	Q9Y6N1	Homo sapiens	Metazoa	276		False
	Q9Y3Z3	0	Training	1	Q9Y3Z3	Homo sapiens	Metazoa	626		False
	Q8TBE7	0	Training	2	Q8TBE7	Homo sapiens	Metazoa	412		False
	P51140	0	Training	3	P51140	Drosophila melanogaster	Metazoa	623		False
	Q3URQ0	0	Training	4	Q3URQ0	Mus musculus	Metazoa	928		False
	Q21446	0	Training	0	Q21446	Caenorhabditis elegans	Metazoa	539		False
	Q4G0N4	0	Training	1	Q4G0N4	Homo sapiens	Metazoa	442		False
	O43663	0	Training	2	O43663	Homo sapiens	Metazoa	620		False
	Q0PGJ6	0	Training	3	Q0PGJ6	Arabidopsis thaliana	Plants	315		False
	P27929	0	Training	4	P27929	Saccharomyces cerevisiae (strain ATCC 204508 / S288c)	Fungi	486		False
	P48595	0	Training	0	P48595	Homo sapiens	Metazoa	397		False
	Q9JJK1	0	Training	1	Q9JJK1	Rattus norvegicus	Metazoa	265		True
	Q5SXI5	0	Training	2	Q5SXI5	Mus musculus	Metazoa	585		False
	Q7Z2E3	0	Training	3	Q7Z2E3	Homo sapiens	Metazoa	356		False
	P40566	0	Training	4	P40566	Saccharomyces cerevisiae (strain ATCC 204508 / S288c)	Fungi	764		False
	O42913	0	Training	0	O42913	Schizosaccharomyces pombe (strain 972 / ATCC 24843)	Fungi	342		False
	Q8BZ97	0	Training	1	Q8BZ97	Mus musculus	Metazoa	688		False
	O75616	0	Training	2	O75616	Homo sapiens	Metazoa	437		False
	O95229	0	Training	3	O95229	Homo sapiens	Metazoa	277		False
	Q99ML9	0	Training	4	Q99ML9	Mus musculus	Metazoa	989		False
	O96000	0	Training	0	O96000	Homo sapiens	Metazoa	172		False
	H2L006	0	Training	1	H2L006	Caenorhabditis elegans	Metazoa	451		True
	P40517	0	Training	2	P40517	Saccharomyces cerevisiae (strain ATCC 204508 / S288c)	Fungi	327		False
	Q80VA5	0	Training	3	Q80VA5	Mus musculus	Metazoa	1289		False
	A9LNK9	0	Training	4	A9LNK9	Arabidopsis thaliana	Plants	631		False
	P38265	0	Training	0	P38265	Saccharomyces cerevisiae (strain ATCC 204508 / S288c)	Fungi	245		False
	Q39255	0	Training	1	Q39255	Arabidopsis thaliana	Plants	160		False
	Q9NZE8	0	Training	2	Q9NZE8	Homo sapiens	Metazoa	188		False
	O14277	0	Training	3	O14277	Schizosaccharomyces pombe (strain 972 / ATCC 24843)	Fungi	203		False
	Q9NS73	0	Training	4	Q9NS73	Homo sapiens	Metazoa	344		False
	Q8WT44	0	Training	0	Q8WT44	Caenorhabditis elegans	Metazoa	1178		False
	Q12749	0	Training	1	Q12749	Saccharomyces cerevisiae (strain ATCC 204508 / S288c)	Fungi	1114		False
	P48329	0	Training	2	P48329	Cyanophora paradoxa	Other	180		False
	O22806	0	Training	3	O22806	Arabidopsis thaliana	Plants	395		False
	B9TSP7	0	Training	4	B9TSP7	Arabidopsis thaliana	Plants	548		False
	P85845	0	Training	0	P85845	Rattus norvegicus	Metazoa	493		False
	Q22355	0	Training	1	Q22355	Caenorhabditis elegans	Metazoa	377		False
	Q84JK2	0	Training	2	Q84JK2	Arabidopsis thaliana	Plants	285		False
	Q56X52	0	Training	3	Q56X52	Arabidopsis thaliana	Plants	351		False
	Q96SB8	0	Training	4	Q96SB8	Homo sapiens	Metazoa	1091		False
	P29372	0	Training	0	P29372	Homo sapiens	Metazoa	298		False
	Q96LL9	0	Training	1	Q96LL9	Homo sapiens	Metazoa	226		False
	Q24573	0	Training	2	Q24573	Drosophila melanogaster	Metazoa	911		False
	P32349	0	Training	3	P32349	Saccharomyces cerevisiae (strain ATCC 204508 / S288c)	Fungi	654		False
	Q9EQ80	0	Training	4	Q9EQ80	Mus musculus	Metazoa	376		False
	Q9UGM6	0	Training	0	Q9UGM6	Homo sapiens	Metazoa	360		False
	P32761	0	Training	1	P32761	Chlamydomonas moewusii	Plants	218		False
	A6NLJ0	0	Training	2	A6NLJ0	Homo sapiens	Metazoa	364		False
	P10627	0	Training	3	P10627	Drosophila melanogaster	Metazoa	490		False
	Q54QR9	0	Training	4	Q54QR9	Dictyostelium discoideum	Other	584		False
	Q9GZL7	0	Training	0	Q9GZL7	Homo sapiens	Metazoa	423		False
	O35084	0	Training	1	O35084	Mus musculus	Metazoa	507		False
	P37299	0	Training	2	P37299	Saccharomyces cerevisiae (strain ATCC 204508 / S288c)	Fungi	77		True
	Q9Z213	0	Training	3	Q9Z213	Rattus norvegicus	Metazoa	738		False
	Q9NWR8	0	Training	4	Q9NWR8	Homo sapiens	Metazoa	336		False
	Q04411	0	Training	0	Q04411	Saccharomyces cerevisiae (strain ATCC 204508 / S288c)	Fungi	772		False
	Q9EP97	0	Training	1	Q9EP97	Mus musculus	Metazoa	568		False
	Q00723	0	Training	2	Q00723	Saccharomyces cerevisiae (strain ATCC 204508 / S288c)	Fungi	242		False
	O04616	0	Training	3	O04616	Arabidopsis thaliana	Plants	164		False
	Q03188	0	Training	4	Q03188	Homo sapiens	Metazoa	943		False
	Q9SZI6	0	Training	0	Q9SZI6	Arabidopsis thaliana	Plants	352		False
	Q96H22	0	Training	1	Q96H22	Homo sapiens	Metazoa	339		False
	Q8N5Y2	0	Training	2	Q8N5Y2	Homo sapiens	Metazoa	521		False
	Q96AG3	0	Training	3	Q96AG3	Homo sapiens	Metazoa	418		False
	Q16594	0	Training	4	Q16594	Homo sapiens	Metazoa	264		False
	P82611	0	Training	0	P82611	Candida albicans (strain SC5314 / ATCC MYA-2876)	Fungi	777		False
	Q9P7M1	0	Training	1	Q9P7M1	Schizosaccharomyces pombe (strain 972 / ATCC 24843)	Fungi	491		False
	Q9NR00	0	Training	2	Q9NR00	Homo sapiens	Metazoa	106		False
	Q6X7J9	0	Training	3	Q6X7J9	Arabidopsis thaliana	Plants	251		False
	Q04430	0	Training	4	Q04430	Saccharomyces cerevisiae (strain ATCC 204508 / S288c)	Fungi	367		False
	Q96C03	0	Training	0	Q96C03	Homo sapiens	Metazoa	454		True
	Q86U90	0	Training	1	Q86U90	Homo sapiens	Metazoa	279		False
	Q96ST8	0	Training	2	Q96ST8	Homo sapiens	Metazoa	783		False
	Q9FN48	0	Training	3	Q9FN48	Arabidopsis thaliana	Plants	387		False
	Q9H2K8	0	Training	4	Q9H2K8	Homo sapiens	Metazoa	898		False
	O13297	0	Training	0	O13297	Saccharomyces cerevisiae (strain ATCC 204508 / S288c)	Fungi	549		False
	Q9Y241	0	Training	1	Q9Y241	Homo sapiens	Metazoa	93		True
	Q12049	0	Training	2	Q12049	Saccharomyces cerevisiae (strain ATCC 204508 / S288c)	Fungi	470		False
	Q9NVH0	0	Training	3	Q9NVH0	Homo sapiens	Metazoa	621		True
	Q9LIK9	0	Training	4	Q9LIK9	Arabidopsis thaliana	Plants	463		False
	O43030	0	Training	0	O43030	Schizosaccharomyces pombe (strain 972 / ATCC 24843)	Fungi	287		False
	Q9LF68	0	Training	1	Q9LF68	Arabidopsis thaliana	Plants	177		False
	Q9SZ63	0	Training	2	Q9SZ63	Arabidopsis thaliana	Plants	309		False
	Q9BRP1	0	Training	3	Q9BRP1	Homo sapiens	Metazoa	358		False
	Q920Q2	0	Training	4	Q920Q2	Mus musculus	Metazoa	1249		False
	F4ISV6	0	Training	0	F4ISV6	Arabidopsis thaliana	Plants	537		False
	F4K1B4	0	Training	1	F4K1B4	Arabidopsis thaliana	Plants	335		False
	P40156	0	Training	2	P40156	Saccharomyces cerevisiae (strain ATCC 204508 / S288c)	Fungi	214		False
	P38779	0	Training	3	P38779	Saccharomyces cerevisiae (strain ATCC 204508 / S288c)	Fungi	376		False
	P13280	0	Training	4	P13280	Oryctolagus cuniculus	Metazoa	333		False
	Q2T9J0	0	Training	0	Q2T9J0	Homo sapiens	Metazoa	566		False
	Q80TH2	0	Training	1	Q80TH2	Mus musculus	Metazoa	1402		False
	Q6DFQ7	0	Training	2	Q6DFQ7	Xenopus tropicalis	Metazoa	342		True
	Q93356	0	Training	3	Q93356	Caenorhabditis elegans	Metazoa	278		False
	Q8SX37	0	Training	4	Q8SX37	Drosophila melanogaster	Metazoa	224		True
	Q5H9R7	0	Training	0	Q5H9R7	Homo sapiens	Metazoa	873		False
	Q8CJ00	0	Training	1	Q8CJ00	Mus musculus	Metazoa	444		False
	Q10F03	0	Training	2	Q10F03	Oryza sativa subsp. japonica	Plants	529		False
	Q96NY9	0	Training	3	Q96NY9	Homo sapiens	Metazoa	551		False
	Q9JHI9	0	Training	4	Q9JHI9	Mus musculus	Metazoa	570		True
	P39103	0	Training	0	P39103	Saccharomyces cerevisiae (strain ATCC 204508 / S288c)	Fungi	70		True
	Q9FVE6	0	Training	1	Q9FVE6	Arabidopsis thaliana	Plants	245		False
	Q3V0Q6	0	Training	2	Q3V0Q6	Mus musculus	Metazoa	470		False
	Q6YN16	0	Training	3	Q6YN16	Homo sapiens	Metazoa	418		False
	Q84W65	0	Training	4	Q84W65	Arabidopsis thaliana	Plants	371		False
	Q86Y97	0	Training	0	Q86Y97	Homo sapiens	Metazoa	462		False
	Q96KM6	0	Training	1	Q96KM6	Homo sapiens	Metazoa	892		False
	Q9FG00	0	Training	2	Q9FG00	Arabidopsis thaliana	Plants	491		True
	P56385	0	Training	3	P56385	Homo sapiens	Metazoa	69		False
	Q9FE22	0	Training	4	Q9FE22	Arabidopsis thaliana	Plants	292		False
	Q12167	0	Training	0	Q12167	Saccharomyces cerevisiae (strain ATCC 204508 / S288c)	Fungi	365		False
	Q0DIQ5	0	Training	1	Q0DIQ5	Oryza sativa subsp. japonica	Plants	1510		False
	Q6AX31	0	Training	2	Q6AX31	Xenopus laevis	Metazoa	660		True
	P53895	0	Training	3	P53895	Saccharomyces cerevisiae (strain ATCC 204508 / S288c)	Fungi	289		False
	P47027	0	Training	4	P47027	Saccharomyces cerevisiae (strain ATCC 204508 / S288c)	Fungi	764		False
	P26321	0	Training	0	P26321	Saccharomyces cerevisiae (strain ATCC 204508 / S288c)	Fungi	297		False
	Q1M168	0	Training	1	Q1M168	Rattus norvegicus	Metazoa	372		False
	Q9EPB5	0	Training	2	Q9EPB5	Mus musculus	Metazoa	311		False
	Q9Y113	0	Training	3	Q9Y113	Drosophila melanogaster	Metazoa	594		False
	Q18593	0	Training	4	Q18593	Caenorhabditis elegans	Metazoa	329		True
	P56537	0	Training	0	P56537	Homo sapiens	Metazoa	245		False
	Q8WVI0	0	Training	1	Q8WVI0	Homo sapiens	Metazoa	70		True
	P38838	0	Training	2	P38838	Saccharomyces cerevisiae (strain ATCC 204508 / S288c)	Fungi	269		False
	Q6XUX1	0	Training	3	Q6XUX1	Mus musculus	Metazoa	927		False
	Q03631	0	Training	4	Q03631	Saccharomyces cerevisiae (strain ATCC 204508 / S288c)	Fungi	944		False
	Q9NWT8	0	Training	0	Q9NWT8	Homo sapiens	Metazoa	199		False
	Q6S4P4	0	Training	1	Q6S4P4	Oryza sativa subsp. japonica	Plants	329		False
	Q925D4	0	Training	2	Q925D4	Rattus norvegicus	Metazoa	263		True
	Q19360	0	Training	3	Q19360	Caenorhabditis elegans	Metazoa	430		False
	O94516	0	Training	4	O94516	Schizosaccharomyces pombe (strain 972 / ATCC 24843)	Fungi	364		False
	Q96B42	0	Training	0	Q96B42	Homo sapiens	Metazoa	140		True
	Q9CR61	0	Training	1	Q9CR61	Mus musculus	Metazoa	137		False
	Q9P7E0	0	Training	2	Q9P7E0	Schizosaccharomyces pombe (strain 972 / ATCC 24843)	Fungi	79		True
	P82929	0	Training	3	P82929	Bos taurus	Metazoa	218		False
	O14310	0	Training	4	O14310	Schizosaccharomyces pombe (strain 972 / ATCC 24843)	Fungi	933		False
	Q9SJQ6	0	Training	0	Q9SJQ6	Arabidopsis thaliana	Plants	1393		False
	Q04359	0	Training	1	Q04359	Saccharomyces cerevisiae (strain ATCC 204508 / S288c)	Fungi	397		False
	P53920	0	Training	2	P53920	Saccharomyces cerevisiae (strain ATCC 204508 / S288c)	Fungi	997		False
	P17629	0	Training	3	P17629	Saccharomyces cerevisiae (strain ATCC 204508 / S288c)	Fungi	752		False
	Q9D8B6	0	Training	4	Q9D8B6	Mus musculus	Metazoa	190		False
	Q15170	0	Training	0	Q15170	Homo sapiens	Metazoa	159		False
	P38064	0	Training	1	P38064	Saccharomyces cerevisiae (strain ATCC 204508 / S288c)	Fungi	232		False
	Q86UB2	0	Training	2	Q86UB2	Homo sapiens	Metazoa	503		False
	Q147X3	0	Training	3	Q147X3	Homo sapiens	Metazoa	362		False
	Q96T76	0	Training	4	Q96T76	Homo sapiens	Metazoa	1030		False
	Q39134	0	Training	0	Q39134	Arabidopsis thaliana	Plants	476		True
	Q9Y3R4	0	Training	1	Q9Y3R4	Homo sapiens	Metazoa	380		False
	Q9FKA7	0	Training	2	Q9FKA7	Arabidopsis thaliana	Plants	617		False
	Q8IU80	0	Training	3	Q8IU80	Homo sapiens	Metazoa	811		True
	P45976	0	Training	4	P45976	Saccharomyces cerevisiae (strain ATCC 204508 / S288c)	Fungi	327		False
	Q9VKY1	0	Training	0	Q9VKY1	Drosophila melanogaster	Metazoa	268		False
	P32357	0	Training	1	P32357	Saccharomyces cerevisiae (strain ATCC 204508 / S288c)	Fungi	355		False
	H2KZH5	0	Training	2	H2KZH5	Caenorhabditis elegans	Metazoa	621		False
	Q96BN2	0	Training	3	Q96BN2	Homo sapiens	Metazoa	335		False
	Q9UJX3	0	Training	4	Q9UJX3	Homo sapiens	Metazoa	565		False
	F4IHY7	0	Training	0	F4IHY7	Arabidopsis thaliana	Plants	527		False
	A0A436ZRX2	0	Training	1	A0A436ZRX2	Arthrobotrys flagrans	Fungi	353		False
	Q8VC65	0	Training	2	Q8VC65	Mus musculus	Metazoa	262		True
	Q9FGH9	0	Training	3	Q9FGH9	Arabidopsis thaliana	Plants	624		False
	O75832	0	Training	4	O75832	Homo sapiens	Metazoa	226		False
	Q7Z2D5	0	Training	0	Q7Z2D5	Homo sapiens	Metazoa	763		True
	O61715	0	Training	1	O61715	Caenorhabditis elegans	Metazoa	454		True
	Q801E2	0	Training	2	Q801E2	Xenopus laevis	Metazoa	1116		False
	O13881	0	Training	3	O13881	Schizosaccharomyces pombe (strain 972 / ATCC 24843)	Fungi	537		False
	Q6UJY2	0	Training	4	Q6UJY2	Mus musculus	Metazoa	1175		True
	P49916	0	Training	0	P49916	Homo sapiens	Metazoa	1009		False
	Q9FXT6	0	Training	1	Q9FXT6	Arabidopsis thaliana	Plants	507		False
	Q9CYF5	0	Training	2	Q9CYF5	Mus musculus	Metazoa	461		False
	Q96A26	0	Training	3	Q96A26	Homo sapiens	Metazoa	154		False
	Q8L3P4	0	Training	4	Q8L3P4	Arabidopsis thaliana	Plants	654		False
	Q9UT19	0	Training	0	Q9UT19	Schizosaccharomyces pombe (strain 972 / ATCC 24843)	Fungi	764		False
	Q10099	0	Training	1	Q10099	Schizosaccharomyces pombe (strain 972 / ATCC 24843)	Fungi	339		False
	Q8VXP3	0	Training	2	Q8VXP3	Chlamydomonas reinhardtii	Plants	1115		False
	Q5JTV8	0	Training	3	Q5JTV8	Homo sapiens	Metazoa	583		False
	Q60974	0	Training	4	Q60974	Mus musculus	Metazoa	2453		False
	Q3ZCG2	0	Training	0	Q3ZCG2	Bos taurus	Metazoa	109		True
	Q96EA4	0	Training	1	Q96EA4	Homo sapiens	Metazoa	605		False
	O60158	0	Training	2	O60158	Schizosaccharomyces pombe (strain 972 / ATCC 24843)	Fungi	432		False
	Q969S3	0	Training	3	Q969S3	Homo sapiens	Metazoa	477		False
	Q06139	0	Training	4	Q06139	Saccharomyces cerevisiae (strain ATCC 204508 / S288c)	Fungi	101		False
	O74796	0	Training	0	O74796	Schizosaccharomyces pombe (strain 972 / ATCC 24843)	Fungi	264		False
	Q9H583	0	Training	1	Q9H583	Homo sapiens	Metazoa	2144		False
	P53803	0	Training	2	P53803	Homo sapiens	Metazoa	58		False
	A0A5E4M3Q4	0	Training	3	A0A5E4M3Q4	Caenorhabditis elegans	Metazoa	554		False
	P40547	0	Training	4	P40547	Saccharomyces cerevisiae (strain ATCC 204508 / S288c)	Fungi	921		False
	Q6ZIK5	0	Training	0	Q6ZIK5	Oryza sativa subsp. japonica	Plants	394		False
	O14013	0	Training	1	O14013	Schizosaccharomyces pombe (strain 972 / ATCC 24843)	Fungi	556		False
	O94632	0	Training	2	O94632	Schizosaccharomyces pombe (strain 972 / ATCC 24843)	Fungi	773		False
	Q17958	0	Training	3	Q17958	Caenorhabditis elegans	Metazoa	215		False
	O74191	0	Training	4	O74191	Schizosaccharomyces pombe (strain 972 / ATCC 24843)	Fungi	361		False
	O95786	0	Training	0	O95786	Homo sapiens	Metazoa	925		False
	P59998	0	Training	1	P59998	Homo sapiens	Metazoa	168		False
	Q99JS0	0	Training	2	Q99JS0	Mus musculus	Metazoa	100		True
	Q1LZ24	0	Training	3	Q1LZ24	Drosophila melanogaster	Metazoa	586		False
	O48713	0	Training	4	O48713	Arabidopsis thaliana	Plants	585		False
	P29266	0	Training	0	P29266	Rattus norvegicus	Metazoa	335		False
	O43679	0	Training	1	O43679	Homo sapiens	Metazoa	373		False
	Q8I266	0	Training	2	Q8I266	Plasmodium falciparum (isolate 3D7)	Other	1470		True
	Q9SL05	0	Training	3	Q9SL05	Arabidopsis thaliana	Plants	133		False
	Q9UNX4	0	Training	4	Q9UNX4	Homo sapiens	Metazoa	943		False
	Q9W148	0	Training	0	Q9W148	Drosophila melanogaster	Metazoa	731		False
	Q5VY09	0	Training	1	Q5VY09	Homo sapiens	Metazoa	327		False
	Q9Y3C5	0	Training	2	Q9Y3C5	Homo sapiens	Metazoa	154		False
	Q9HE02	0	Training	3	Q9HE02	Schizosaccharomyces pombe (strain 972 / ATCC 24843)	Fungi	1185		False
	Q9XWL9	0	Training	4	Q9XWL9	Caenorhabditis elegans	Metazoa	895		False
	Q8VYM2	0	Training	0	Q8VYM2	Arabidopsis thaliana	Plants	524		True
	Q9UPZ3	0	Training	1	Q9UPZ3	Homo sapiens	Metazoa	1129		False
	P36163	0	Training	2	P36163	Saccharomyces cerevisiae (strain ATCC 204508 / S288c)	Fungi	345		True
	Q21502	0	Training	3	Q21502	Caenorhabditis elegans	Metazoa	870		False
	Q9S7E9	0	Training	4	Q9S7E9	Arabidopsis thaliana	Plants	481		False
	O13992	0	Training	0	O13992	Schizosaccharomyces pombe (strain 972 / ATCC 24843)	Fungi	965		False
	Q9BTV5	0	Training	1	Q9BTV5	Homo sapiens	Metazoa	496		False
	Q95T19	0	Training	2	Q95T19	Drosophila melanogaster	Metazoa	464		False
	P41218	0	Training	3	P41218	Homo sapiens	Metazoa	407		False
	Q92466	0	Training	4	Q92466	Homo sapiens	Metazoa	427		False
	P82658	0	Training	0	P82658	Arabidopsis thaliana	Plants	229		False
	Q9P7S6	0	Training	1	Q9P7S6	Schizosaccharomyces pombe (strain 972 / ATCC 24843)	Fungi	274		False
	O00910	0	Training	2	O00910	Dictyostelium discoideum	Other	707		False
	P48512	0	Training	3	P48512	Arabidopsis thaliana	Plants	312		False
	O35613	0	Training	4	O35613	Mus musculus	Metazoa	739		False
	Q9VRN3	0	Training	0	Q9VRN3	Drosophila melanogaster	Metazoa	225		False
	P0CT72	0	Training	1	P0CT72	Schizosaccharomyces pombe (strain 972 / ATCC 24843)	Fungi	253		False
	P35195	0	Training	2	P35195	Saccharomyces cerevisiae (strain ATCC 204508 / S288c)	Fungi	104		False
	Q8IJH8	0	Training	3	Q8IJH8	Plasmodium falciparum (isolate 3D7)	Other	275		False
	Q8NEY3	0	Training	4	Q8NEY3	Homo sapiens	Metazoa	305		False
	Q10953	0	Training	0	Q10953	Caenorhabditis elegans	Metazoa	796		False
	Q9USJ7	0	Training	1	Q9USJ7	Schizosaccharomyces pombe (strain 972 / ATCC 24843)	Fungi	393		False
	Q94K73	0	Training	2	Q94K73	Arabidopsis thaliana	Plants	429		False
	Q06511	0	Training	3	Q06511	Saccharomyces cerevisiae (strain ATCC 204508 / S288c)	Fungi	250		False
	P0CT73	0	Training	4	P0CT73	Schizosaccharomyces pombe (strain 972 / ATCC 24843)	Fungi	152		False
	Q9P7P1	0	Training	0	Q9P7P1	Schizosaccharomyces pombe (strain 972 / ATCC 24843)	Fungi	147		False
	O94589	0	Training	1	O94589	Schizosaccharomyces pombe (strain 972 / ATCC 24843)	Fungi	551		False
	Q8SYK5	0	Training	2	Q8SYK5	Drosophila melanogaster	Metazoa	376		False
	P14291	0	Training	3	P14291	Saccharomyces cerevisiae (strain ATCC 204508 / S288c)	Fungi	827		False
	Q6K271	0	Training	4	Q6K271	Oryza sativa subsp. japonica	Plants	738		False
	Q9LXR8	0	Training	0	Q9LXR8	Arabidopsis thaliana	Plants	318		False
	Q9Y375	0	Training	1	Q9Y375	Homo sapiens	Metazoa	327		False
	P38257	0	Training	2	P38257	Saccharomyces cerevisiae (strain ATCC 204508 / S288c)	Fungi	691		False
	Q5VWP2	0	Training	3	Q5VWP2	Homo sapiens	Metazoa	391		False
	Q9H6Z4	0	Training	4	Q9H6Z4	Homo sapiens	Metazoa	567		False
	Q8C0V1	0	Training	0	Q8C0V1	Mus musculus	Metazoa	768		False
	Q69383	0	Training	1	Q69383	Homo sapiens	Metazoa	105		False
	P35659	0	Training	2	P35659	Homo sapiens	Metazoa	375		False
	Q3U8K7	0	Training	3	Q3U8K7	Mus musculus	Metazoa	883		False
	O22210	0	Training	4	O22210	Arabidopsis thaliana	Plants	248		False
	Q13685	0	Training	0	Q13685	Homo sapiens	Metazoa	434		False
	P79943	0	Training	1	P79943	Xenopus laevis	Metazoa	254		False
	G2XEY9	0	Training	2	G2XEY9	Verticillium dahliae (strain VdLs.17 / ATCC MYA-4575 / FGSC 10137)	Fungi	653		False
	Q9USX3	0	Training	3	Q9USX3	Schizosaccharomyces pombe (strain 972 / ATCC 24843)	Fungi	406		False
	Q9D115	0	Training	4	Q9D115	Mus musculus	Metazoa	76		False
	Q9VSK8	0	Training	0	Q9VSK8	Drosophila melanogaster	Metazoa	597		False
	P22058	0	Training	1	P22058	Drosophila melanogaster	Metazoa	355		False
	Q9NQS5	0	Training	2	Q9NQS5	Homo sapiens	Metazoa	396		True
	Q09728	0	Training	3	Q09728	Schizosaccharomyces pombe (strain 972 / ATCC 24843)	Fungi	411		False
	P82970	0	Training	4	P82970	Homo sapiens	Metazoa	282		False
	Q7L592	0	Training	0	Q7L592	Homo sapiens	Metazoa	441		False
	O65502	0	Training	1	O65502	Arabidopsis thaliana	Plants	395		False
	H2KZZ2	0	Training	2	H2KZZ2	Caenorhabditis elegans	Metazoa	524		False
	O75475	0	Training	3	O75475	Homo sapiens	Metazoa	530		False
	O60016	0	Training	4	O60016	Schizosaccharomyces pombe (strain 972 / ATCC 24843)	Fungi	490		False
	O94519	0	Training	0	O94519	Schizosaccharomyces pombe (strain 972 / ATCC 24843)	Fungi	311		False
	O00522	0	Training	1	O00522	Homo sapiens	Metazoa	736		False
	P36151	0	Training	2	P36151	Saccharomyces cerevisiae (strain ATCC 204508 / S288c)	Fungi	352		False
	Q9UUI6	0	Training	3	Q9UUI6	Schizosaccharomyces pombe (strain 972 / ATCC 24843)	Fungi	466		False
	Q24434	0	Training	4	Q24434	Drosophila melanogaster	Metazoa	479		False
	Q9Y0B7	0	Training	0	Q9Y0B7	Dictyostelium discoideum	Other	305		False
	Q9C115	0	Training	1	Q9C115	Schizosaccharomyces pombe (strain 972 / ATCC 24843)	Fungi	150		False
	G5EFY7	0	Training	2	G5EFY7	Caenorhabditis elegans	Metazoa	295		False
	D3ZUI5	0	Training	3	D3ZUI5	Rattus norvegicus	Metazoa	1133		False
	O74808	0	Training	4	O74808	Schizosaccharomyces pombe (strain 972 / ATCC 24843)	Fungi	1238		False
	Q8TAM2	0	Training	0	Q8TAM2	Homo sapiens	Metazoa	541		False
	Q5VTR2	0	Training	1	Q5VTR2	Homo sapiens	Metazoa	975		False
	Q6LA53	0	Training	2	Q6LA53	Schizosaccharomyces pombe (strain 972 / ATCC 24843)	Fungi	346		False
	Q9Y3A2	0	Training	3	Q9Y3A2	Homo sapiens	Metazoa	253		False
	P54785	0	Training	4	P54785	Saccharomyces cerevisiae (strain ATCC 204508 / S288c)	Fungi	490		False
	P92949	0	Training	0	P92949	Arabidopsis thaliana	Plants	725		True
	Q9I7K0	0	Training	1	Q9I7K0	Drosophila melanogaster	Metazoa	208		False
	Q86XK3	0	Training	2	Q86XK3	Homo sapiens	Metazoa	245		False
	Q9UFC0	0	Training	3	Q9UFC0	Homo sapiens	Metazoa	647		False
	Q8SVA6	0	Training	4	Q8SVA6	Encephalitozoon cuniculi (strain GB-M1)	Fungi	391		False
	Q9TYT3	0	Training	0	Q9TYT3	Caenorhabditis elegans	Metazoa	316		False
	O43313	0	Training	1	O43313	Homo sapiens	Metazoa	823		False
	Q6PIV2	0	Training	2	Q6PIV2	Homo sapiens	Metazoa	292		False
	P54860	0	Training	3	P54860	Saccharomyces cerevisiae (strain ATCC 204508 / S288c)	Fungi	961		False
	Q8JFY9	0	Training	4	Q8JFY9	Xenopus laevis	Metazoa	292		False
	O14196	0	Training	0	O14196	Schizosaccharomyces pombe (strain 972 / ATCC 24843)	Fungi	300		False
	Q9Y4E1	0	Training	1	Q9Y4E1	Homo sapiens	Metazoa	1341		False
	Q9CQK7	0	Training	2	Q9CQK7	Mus musculus	Metazoa	243		False
	Q5SS91	0	Training	3	Q5SS91	Mus musculus	Metazoa	320		True
	P12294	0	Training	4	P12294	Saccharomyces cerevisiae	Fungi	476		False
	Q9H008	0	Training	0	Q9H008	Homo sapiens	Metazoa	270		False
	O43006	0	Training	1	O43006	Schizosaccharomyces pombe (strain 972 / ATCC 24843)	Fungi	225		False
	Q9CR14	0	Training	2	Q9CR14	Mus musculus	Metazoa	375		False
	Q06152	0	Training	3	Q06152	Saccharomyces cerevisiae (strain ATCC 204508 / S288c)	Fungi	274		False
	Q8LGZ9	0	Training	4	Q8LGZ9	Oryza sativa subsp. japonica	Plants	341		False
	O48528	0	Training	0	O48528	Arabidopsis thaliana	Plants	159		True
	P39678	0	Training	1	P39678	Saccharomyces cerevisiae (strain ATCC 204508 / S288c)	Fungi	833		False
	Q9NP94	0	Training	2	Q9NP94	Homo sapiens	Metazoa	309		True
	P21245	0	Training	3	P21245	Candida boidinii	Fungi	423		True
	P08635	0	Training	4	P08635	Rattus norvegicus	Metazoa	263		False
	P26786	0	Training	0	P26786	Saccharomyces cerevisiae (strain ATCC 204508 / S288c)	Fungi	190		False
	Q8GTS1	0	Training	1	Q8GTS1	Arabidopsis thaliana	Plants	227		False
	O44997	0	Training	2	O44997	Caenorhabditis elegans	Metazoa	1425		False
	P83212	0	Training	3	P83212	Bolinus brandaris	Metazoa	58		False
	Q93246	0	Training	4	Q93246	Caenorhabditis elegans	Metazoa	310		False
	Q9GZY4	0	Training	0	Q9GZY4	Homo sapiens	Metazoa	146		True
	Q7XB51	0	Training	1	Q7XB51	Physcomitrium patens	Plants	967		True
	O60941	0	Training	2	O60941	Homo sapiens	Metazoa	627		False
	Q96KP4	0	Training	3	Q96KP4	Homo sapiens	Metazoa	475		False
	Q9P127	0	Training	4	Q9P127	Homo sapiens	Metazoa	313		False
	O15504	0	Training	0	O15504	Homo sapiens	Metazoa	423		False
	P91399	0	Training	1	P91399	Caenorhabditis elegans	Metazoa	926		False
	O14832	0	Training	2	O14832	Homo sapiens	Metazoa	338		False
	Q16581	0	Training	3	Q16581	Homo sapiens	Metazoa	482		True
	P50548	0	Training	4	P50548	Homo sapiens	Metazoa	548		False
	Q12462	0	Training	0	Q12462	Saccharomyces cerevisiae (strain ATCC 204508 / S288c)	Fungi	236		False
	A0A2R6X6S3	0	Training	1	A0A2R6X6S3	Marchantia polymorpha	Plants	911		False
	A2YMU2	0	Training	2	A2YMU2	Oryza sativa subsp. indica	Plants	266		False
	Q9ZVZ9	0	Training	3	Q9ZVZ9	Arabidopsis thaliana	Plants	199		False
	Q8IZP1	0	Training	4	Q8IZP1	Homo sapiens	Metazoa	549		False
	Q05949	0	Training	0	Q05949	Saccharomyces cerevisiae (strain ATCC 204508 / S288c)	Fungi	395		False
	Q8GUT5	0	Training	1	Q8GUT5	Arabidopsis thaliana	Plants	288		False
	Q0JJ05	0	Training	2	Q0JJ05	Oryza sativa subsp. japonica	Plants	987		False
	A8MQN2	0	Training	3	A8MQN2	Arabidopsis thaliana	Plants	616		False
	Q8NDZ2	0	Training	4	Q8NDZ2	Homo sapiens	Metazoa	872		False
	Q86T26	0	Training	0	Q86T26	Homo sapiens	Metazoa	416		True
	Q6NNI3	0	Training	1	Q6NNI3	Arabidopsis thaliana	Plants	190		False
	Q9NRY6	0	Training	2	Q9NRY6	Homo sapiens	Metazoa	295		False
	B8BNY7	0	Training	3	B8BNY7	Oryza sativa subsp. indica	Plants	596		False
	Q3ED65	0	Training	4	Q3ED65	Arabidopsis thaliana	Plants	261		False
	Q94AH1	0	Training	0	Q94AH1	Arabidopsis thaliana	Plants	300		True
	Q25825	0	Training	1	Q25825	Plasmodium falciparum (isolate 3D7)	Other	121		True
	O43070	0	Training	2	O43070	Schizosaccharomyces pombe (strain 972 / ATCC 24843)	Fungi	613		False
	Q86WB0	0	Training	3	Q86WB0	Homo sapiens	Metazoa	502		False
	Q4WF55	0	Training	4	Q4WF55	Aspergillus fumigatus (strain ATCC MYA-4609 / CBS 101355 / FGSC A1100 / Af293)	Fungi	462		False
	Q8MUF9	0	Training	0	Q8MUF9	Dictyostelium discoideum	Other	649		False
	Q12106	0	Training	1	Q12106	Saccharomyces cerevisiae (strain ATCC 204508 / S288c)	Fungi	302		True
	Q02721	0	Training	2	Q02721	Saccharomyces cerevisiae (strain ATCC 204508 / S288c)	Fungi	264		False
	Q8C9B9	0	Training	3	Q8C9B9	Mus musculus	Metazoa	2256		False
	Q8SXD4	0	Training	4	Q8SXD4	Drosophila melanogaster	Metazoa	1122		False
	P62847	0	Training	0	P62847	Homo sapiens	Metazoa	133		False
	O23210	0	Training	1	O23210	Arabidopsis thaliana	Plants	486		False
	Q6PJ21	0	Training	2	Q6PJ21	Homo sapiens	Metazoa	355		False
	P21190	0	Training	3	P21190	Saccharomyces cerevisiae (strain ATCC 204508 / S288c)	Fungi	360		False
	P22980	0	Training	4	P22980	Caenorhabditis elegans	Metazoa	324		False
	P42117	0	Training	0	P42117	Neurospora crassa (strain ATCC 24698 / 74-OR23-1A / CBS 708.71 / DSM 1257 / FGSC 987)	Fungi	82		True
	Q02060	0	Training	1	Q02060	Spinacia oleracea	Plants	274		False
	P0DPK0	0	Training	2	P0DPK0	Xenopus laevis	Metazoa	237		False
	Q9LPL4	0	Training	3	Q9LPL4	Arabidopsis thaliana	Plants	360		False
	Q54HC6	0	Training	4	Q54HC6	Dictyostelium discoideum	Other	1460		False
	Q10573	0	Training	0	Q10573	Caenorhabditis elegans	Metazoa	1139		False
	P38786	0	Training	1	P38786	Saccharomyces cerevisiae (strain ATCC 204508 / S288c)	Fungi	293		False
	Q96T68	0	Training	2	Q96T68	Homo sapiens	Metazoa	719		False
	O74824	0	Training	3	O74824	Schizosaccharomyces pombe (strain 972 / ATCC 24843)	Fungi	308		False
	P06292	0	Training	4	P06292	Marchantia polymorpha	Plants	475		False
	P29509	0	Training	0	P29509	Saccharomyces cerevisiae (strain ATCC 204508 / S288c)	Fungi	319		False
	Q10990	0	Training	1	Q10990	Schizosaccharomyces pombe (strain 972 / ATCC 24843)	Fungi	490		False
	P42935	0	Training	2	P42935	Saccharomyces cerevisiae (strain ATCC 204508 / S288c)	Fungi	788		False
	Q95U54	0	Training	3	Q95U54	Drosophila melanogaster	Metazoa	959		False
	O02073	0	Training	4	O02073	Caenorhabditis elegans	Metazoa	376		False
	O42662	0	Training	0	O42662	Schizosaccharomyces pombe (strain 972 / ATCC 24843)	Fungi	385		False
	Q8GXH3	0	Training	1	Q8GXH3	Arabidopsis thaliana	Plants	371		False
	Q7L5D6	0	Training	2	Q7L5D6	Homo sapiens	Metazoa	327		False
	Q3UL36	0	Training	3	Q3UL36	Mus musculus	Metazoa	271		False
	Q9HG09	0	Training	4	Q9HG09	Komagataella pastoris	Fungi	425		False
	Q9C565	0	Training	0	Q9C565	Arabidopsis thaliana	Plants	373		False
	Q96KR7	0	Training	1	Q96KR7	Homo sapiens	Metazoa	559		False
	Q14241	0	Training	2	Q14241	Homo sapiens	Metazoa	772		False
	Q91ZX6	0	Training	3	Q91ZX6	Mus musculus	Metazoa	588		False
	Q02932	0	Training	4	Q02932	Saccharomyces cerevisiae (strain ATCC 204508 / S288c)	Fungi	1032		False
	P82412	0	Training	0	P82412	Spinacia oleracea	Plants	179		False
	Q15120	0	Training	1	Q15120	Homo sapiens	Metazoa	406		False
	Q9UNE7	0	Training	2	Q9UNE7	Homo sapiens	Metazoa	303		False
	Q96K80	0	Training	3	Q96K80	Homo sapiens	Metazoa	434		False
	A0A2I0BUK1	0	Training	4	A0A2I0BUK1	Plasmodium falciparum (isolate NF54)	Other	893		False
	Q8VHW8	0	Training	0	Q8VHW8	Rattus norvegicus	Metazoa	275		True
	Q3UL53	0	Training	1	Q3UL53	Mus musculus	Metazoa	246		False
	Q9DBL9	0	Training	2	Q9DBL9	Mus musculus	Metazoa	351		False
	Q6NLW5	0	Training	3	Q6NLW5	Arabidopsis thaliana	Plants	300		False
	Q4PLS0	0	Training	4	Q4PLS0	Mus musculus	Metazoa	1046		False
	P38751	0	Training	0	P38751	Saccharomyces cerevisiae (strain ATCC 204508 / S288c)	Fungi	150		False
	Q9M199	0	Training	1	Q9M199	Arabidopsis thaliana	Plants	517		False
	A8CVF3	0	Training	2	A8CVF3	Avicennia marina	Plants	195		False
	Q8WVT3	0	Training	3	Q8WVT3	Homo sapiens	Metazoa	735		False
	Q12415	0	Training	4	Q12415	Saccharomyces cerevisiae (strain ATCC 204508 / S288c)	Fungi	435		False
	Q9SL95	0	Training	0	Q9SL95	Arabidopsis thaliana	Plants	456		True
	Q12514	0	Training	1	Q12514	Saccharomyces cerevisiae (strain ATCC 204508 / S288c)	Fungi	560		False
	Q7S7U5	0	Training	2	Q7S7U5	Neurospora crassa (strain ATCC 24698 / 74-OR23-1A / CBS 708.71 / DSM 1257 / FGSC 987)	Fungi	71		True
	P21359	0	Training	3	P21359	Homo sapiens	Metazoa	2839		False
	P21145	0	Training	4	P21145	Homo sapiens	Metazoa	153		True
	Q06679	0	Training	0	Q06679	Saccharomyces cerevisiae (strain ATCC 204508 / S288c)	Fungi	776		False
	Q92574	0	Training	1	Q92574	Homo sapiens	Metazoa	1164		False
	Q9W484	0	Training	2	Q9W484	Drosophila melanogaster	Metazoa	985		False
	Q07343	0	Training	3	Q07343	Homo sapiens	Metazoa	736		False
	Q9P6N2	0	Training	4	Q9P6N2	Schizosaccharomyces pombe (strain 972 / ATCC 24843)	Fungi	229		False
	Q7RTY1	0	Training	0	Q7RTY1	Homo sapiens	Metazoa	509		True
	Q9UIL8	0	Training	1	Q9UIL8	Homo sapiens	Metazoa	331		False
	Q5XVG3	0	Training	2	Q5XVG3	Arabidopsis thaliana	Plants	287		False
	P33076	0	Training	3	P33076	Homo sapiens	Metazoa	1130		False
	Q9LI74	0	Training	4	Q9LI74	Arabidopsis thaliana	Plants	1004		False
	O94328	0	Training	0	O94328	Schizosaccharomyces pombe (strain 972 / ATCC 24843)	Fungi	141		False
	P30038	0	Training	1	P30038	Homo sapiens	Metazoa	563		False
	Q94AU9	0	Training	2	Q94AU9	Arabidopsis thaliana	Plants	174		False
	Q61146	0	Training	3	Q61146	Mus musculus	Metazoa	521		True
	O43808	0	Training	4	O43808	Homo sapiens	Metazoa	307		True
	P22907	0	Training	0	P22907	Mus musculus	Metazoa	361		False
	Q23229	0	Training	1	Q23229	Caenorhabditis elegans	Metazoa	417		False
	Q18171	0	Training	2	Q18171	Caenorhabditis elegans	Metazoa	424		False
	Q9LS90	0	Training	3	Q9LS90	Arabidopsis thaliana	Plants	460		False
	Q8R0W0	0	Training	4	Q8R0W0	Mus musculus	Metazoa	6548		False
	Q8NFT6	0	Training	0	Q8NFT6	Homo sapiens	Metazoa	615		False
	P86924	0	Training	1	P86924	Trypanosoma brucei brucei	Other	416		False
	P38777	0	Training	2	P38777	Saccharomyces cerevisiae (strain ATCC 204508 / S288c)	Fungi	243		False
	Q9SJZ6	0	Training	3	Q9SJZ6	Arabidopsis thaliana	Plants	219		False
	Q92262	0	Training	4	Q92262	Komagataella pastoris	Fungi	455		False
	Q62261	0	Training	0	Q62261	Mus musculus	Metazoa	2363		False
	Q381V1	0	Training	1	Q381V1	Trypanosoma brucei brucei (strain 927/4 GUTat10.1)	Other	250		False
	Q9JMA2	0	Training	2	Q9JMA2	Mus musculus	Metazoa	403		False
	Q56YA5	0	Training	3	Q56YA5	Arabidopsis thaliana	Plants	401		False
	Q6Y5D8	0	Training	4	Q6Y5D8	Mus musculus	Metazoa	786		False
	Q04601	0	Training	0	Q04601	Saccharomyces cerevisiae (strain ATCC 204508 / S288c)	Fungi	652		False
	Q00471	0	Training	1	Q00471	Chlamydomonas reinhardtii	Plants	215		True
	Q9U280	0	Training	2	Q9U280	Caenorhabditis elegans	Metazoa	1139		True
	O60057	0	Training	3	O60057	Schizosaccharomyces pombe (strain 972 / ATCC 24843)	Fungi	411		False
	Q9P5M9	0	Training	4	Q9P5M9	Schizosaccharomyces pombe (strain 972 / ATCC 24843)	Fungi	257		False
	Q9P0K7	0	Training	0	Q9P0K7	Homo sapiens	Metazoa	980		False
	Q9P7B8	0	Training	1	Q9P7B8	Schizosaccharomyces pombe (strain 972 / ATCC 24843)	Fungi	399		False
	Q9P7H8	0	Training	2	Q9P7H8	Schizosaccharomyces pombe (strain 972 / ATCC 24843)	Fungi	1679		False
	P0DP99	0	Training	3	P0DP99	Mus musculus	Metazoa	47		True
	P22135	0	Training	4	P22135	Saccharomyces cerevisiae (strain ATCC 204508 / S288c)	Fungi	325		False
	Q8S9G8	0	Training	0	Q8S9G8	Arabidopsis thaliana	Plants	801		False
	Q93442	0	Training	1	Q93442	Caenorhabditis elegans	Metazoa	2862		False
	Q8IX15	0	Training	2	Q8IX15	Homo sapiens	Metazoa	550		False
	Q9SX29	0	Training	3	Q9SX29	Arabidopsis thaliana	Plants	159		False
	Q8RXD3	0	Training	4	Q8RXD3	Arabidopsis thaliana	Plants	310		False
	Q9VKM1	0	Training	0	Q9VKM1	Drosophila melanogaster	Metazoa	843		False
	Q9VN45	0	Training	1	Q9VN45	Drosophila melanogaster	Metazoa	553		False
	Q969P5	0	Training	2	Q969P5	Homo sapiens	Metazoa	355		False
	Q15003	0	Training	3	Q15003	Homo sapiens	Metazoa	741		False
	P00430	0	Training	4	P00430	Bos taurus	Metazoa	63		True
	Q14CX5	0	Training	0	Q14CX5	Homo sapiens	Metazoa	517		True
	Q8WWY6	0	Training	1	Q8WWY6	Homo sapiens	Metazoa	194		False
	Q9USX4	0	Training	2	Q9USX4	Schizosaccharomyces pombe (strain 972 / ATCC 24843)	Fungi	108		False
	Q20709	0	Training	3	Q20709	Caenorhabditis elegans	Metazoa	543		False
	Q969X6	0	Training	4	Q969X6	Homo sapiens	Metazoa	686		False
	Q06449	0	Training	0	Q06449	Saccharomyces cerevisiae (strain ATCC 204508 / S288c)	Fungi	215		False
	P57728	0	Training	1	P57728	Schizosaccharomyces pombe (strain 972 / ATCC 24843)	Fungi	148		False
	Q3S4A7	0	Training	2	Q3S4A7	Arabidopsis thaliana	Plants	922		False
	P92189	0	Training	3	P92189	Drosophila melanogaster	Metazoa	321		False
	Q6U6H1	0	Training	4	Q6U6H1	Halocynthia roretzi	Metazoa	259		False
	F4HYF3	0	Training	0	F4HYF3	Arabidopsis thaliana	Plants	401		False
	Q8BM75	0	Training	1	Q8BM75	Mus musculus	Metazoa	1188		False
	P32521	0	Training	2	P32521	Saccharomyces cerevisiae (strain ATCC 204508 / S288c)	Fungi	1480		False
	Q04073	0	Training	3	Q04073	Strongylocentrotus purpuratus	Metazoa	459		False
	Q9VE86	0	Training	4	Q9VE86	Drosophila melanogaster	Metazoa	353		False
	D0E0C2	0	Training	0	D0E0C2	Periplaneta americana	Metazoa	1553		False
	Q9EQ28	0	Training	1	Q9EQ28	Mus musculus	Metazoa	462		False
	Q9URQ3	0	Training	2	Q9URQ3	Saccharomyces cerevisiae (strain ATCC 204508 / S288c)	Fungi	322		False
	Q60866	0	Training	3	Q60866	Mus musculus	Metazoa	349		False
	P32063	0	Training	4	P32063	Coriandrum sativum	Plants	385		False
	P38065	0	Training	0	P38065	Saccharomyces cerevisiae (strain ATCC 204508 / S288c)	Fungi	1025		False
	Q9BVJ7	0	Training	1	Q9BVJ7	Homo sapiens	Metazoa	150		False
	A0A2Z4LIS9	0	Training	2	A0A2Z4LIS9	Homo sapiens	Metazoa	290		False
	P47019	0	Training	3	P47019	Saccharomyces cerevisiae (strain ATCC 204508 / S288c)	Fungi	175		False
	Q9H4B6	0	Training	4	Q9H4B6	Homo sapiens	Metazoa	383		False
	P00813	0	Training	0	P00813	Homo sapiens	Metazoa	363		False
	F4I718	0	Training	1	F4I718	Arabidopsis thaliana	Plants	2136		False
	P40567	0	Training	2	P40567	Saccharomyces cerevisiae (strain ATCC 204508 / S288c)	Fungi	111		False
	Q9UGR2	0	Training	3	Q9UGR2	Homo sapiens	Metazoa	977		False
	Q9W0K4	0	Training	4	Q9W0K4	Drosophila melanogaster	Metazoa	1067		False
	Q00IB6	0	Training	0	Q00IB6	Arabidopsis thaliana	Plants	440		False
	O60682	0	Training	1	O60682	Homo sapiens	Metazoa	206		False
	P07250	0	Training	2	P07250	Saccharomyces cerevisiae (strain ATCC 204508 / S288c)	Fungi	355		False
	Q61510	0	Training	3	Q61510	Mus musculus	Metazoa	634		False
	P38890	0	Training	4	P38890	Saccharomyces cerevisiae (strain ATCC 204508 / S288c)	Fungi	526		False
	Q9NXR7	0	Training	0	Q9NXR7	Homo sapiens	Metazoa	383		False
	O60097	0	Training	1	O60097	Schizosaccharomyces pombe (strain 972 / ATCC 24843)	Fungi	526		False
	Q9LK34	0	Training	2	Q9LK34	Arabidopsis thaliana	Plants	483		False
	P41229	0	Training	3	P41229	Homo sapiens	Metazoa	1560		False
	Q03937	0	Training	4	Q03937	Saccharomyces cerevisiae (strain ATCC 204508 / S288c)	Fungi	162		False
	P07272	0	Training	0	P07272	Saccharomyces cerevisiae (strain ATCC 204508 / S288c)	Fungi	904		False
	O94248	0	Training	1	O94248	Schizosaccharomyces pombe (strain 972 / ATCC 24843)	Fungi	4717		False
	Q94920	0	Training	2	Q94920	Drosophila melanogaster	Metazoa	282		True
	Q9QZ04	0	Training	3	Q9QZ04	Mus musculus	Metazoa	1284		False
	Q93008	0	Training	4	Q93008	Homo sapiens	Metazoa	2554		False
	O14981	0	Training	0	O14981	Homo sapiens	Metazoa	1849		False
	P38872	0	Training	1	P38872	Saccharomyces cerevisiae (strain ATCC 204508 / S288c)	Fungi	237		False
	A0A455ZAR2	0	Training	2	A0A455ZAR2	Homo sapiens	Metazoa	87		False
	Q61624	0	Training	3	Q61624	Mus musculus	Metazoa	794		False
	Q32PI6	0	Training	4	Q32PI6	Bos taurus	Metazoa	294		False
	Q09793	0	Training	0	Q09793	Schizosaccharomyces pombe (strain 972 / ATCC 24843)	Fungi	425		False
	Q9H334	0	Training	1	Q9H334	Homo sapiens	Metazoa	677		False
	O94238	0	Training	2	O94238	Schizosaccharomyces pombe (strain 972 / ATCC 24843)	Fungi	134		False
	P14868	0	Training	3	P14868	Homo sapiens	Metazoa	501		False
	Q9TZ64	0	Training	4	Q9TZ64	Caenorhabditis elegans	Metazoa	497		False
	P47148	0	Training	0	P47148	Saccharomyces cerevisiae (strain ATCC 204508 / S288c)	Fungi	283		False
	O74359	0	Training	1	O74359	Schizosaccharomyces pombe (strain 972 / ATCC 24843)	Fungi	663		False
	Q8GUI6	0	Training	2	Q8GUI6	Arabidopsis thaliana	Plants	954		False
	P41247	0	Training	3	P41247	Homo sapiens	Metazoa	253		False
	Q03954	0	Training	4	Q03954	Saccharomyces cerevisiae (strain ATCC 204508 / S288c)	Fungi	165		False
	P07910	0	Training	0	P07910	Homo sapiens	Metazoa	306		False
	Q27934	0	Training	1	Q27934	Drosophila melanogaster	Metazoa	400		False
	P32585	0	Training	2	P32585	Saccharomyces cerevisiae (strain ATCC 204508 / S288c)	Fungi	307		False
	Q8VYZ5	0	Training	3	Q8VYZ5	Arabidopsis thaliana	Plants	900		False
	Q9ERQ3	0	Training	4	Q9ERQ3	Mus musculus	Metazoa	566		False
	D3ZAW2	0	Training	0	D3ZAW2	Rattus norvegicus	Metazoa	406		True
	P34567	0	Training	1	P34567	Caenorhabditis elegans	Metazoa	376		False
	Q7SHR6	0	Training	2	Q7SHR6	Neurospora crassa (strain ATCC 24698 / 74-OR23-1A / CBS 708.71 / DSM 1257 / FGSC 987)	Fungi	344		False
	Q9C9T2	0	Training	3	Q9C9T2	Arabidopsis thaliana	Plants	451		False
	P33201	0	Training	4	P33201	Saccharomyces cerevisiae (strain ATCC 204508 / S288c)	Fungi	236		False
	E9PXM9	0	Training	0	E9PXM9	Mus musculus	Metazoa	466		False
	Q8NAP3	0	Training	1	Q8NAP3	Homo sapiens	Metazoa	1195		False
	Q96VH5	0	Training	2	Q96VH5	Saccharomyces cerevisiae (strain ATCC 204508 / S288c)	Fungi	97		True
	Q10103	0	Training	3	Q10103	Schizosaccharomyces pombe (strain 972 / ATCC 24843)	Fungi	960		False
	P11860	0	Training	4	P11860	Mytilus californianus	Metazoa	45		False
	P15325	0	Training	0	P15325	Emericella nidulans (strain FGSC A4 / ATCC 38163 / CBS 112.46 / NRRL 194 / M139)	Fungi	533		True
	Q1MT80	0	Training	1	Q1MT80	Danio rerio	Metazoa	618		False
	Q9UJX5	0	Training	2	Q9UJX5	Homo sapiens	Metazoa	808		False
	Q8IWD4	0	Training	3	Q8IWD4	Homo sapiens	Metazoa	279		False
	Q96QA5	0	Training	4	Q96QA5	Homo sapiens	Metazoa	445		True
	Q9SNB6	0	Training	0	Q9SNB6	Arabidopsis thaliana	Plants	395		False
	P59178	0	Training	1	P59178	Mus musculus	Metazoa	703		False
	O13988	0	Training	2	O13988	Schizosaccharomyces pombe (strain 972 / ATCC 24843)	Fungi	555		False
	P36161	0	Training	3	P36161	Saccharomyces cerevisiae (strain ATCC 204508 / S288c)	Fungi	1157		False
	Q7Z695	0	Training	4	Q7Z695	Homo sapiens	Metazoa	626		False
	P0DP88	0	Training	0	P0DP88	Danio rerio	Metazoa	75		True
	P51906	0	Training	1	P51906	Mus musculus	Metazoa	523		True
	P32807	0	Training	2	P32807	Saccharomyces cerevisiae (strain ATCC 204508 / S288c)	Fungi	602		False
	E1JH25	0	Training	3	E1JH25	Drosophila melanogaster	Metazoa	1876		False
	P04117	0	Training	4	P04117	Mus musculus	Metazoa	132		False
	P53070	0	Training	0	P53070	Saccharomyces cerevisiae (strain ATCC 204508 / S288c)	Fungi	669		False
	Q24459	0	Training	1	Q24459	Drosophila melanogaster	Metazoa	1043		False
	Q5T890	0	Training	2	Q5T890	Homo sapiens	Metazoa	1561		False
	P43332	0	Training	3	P43332	Drosophila melanogaster	Metazoa	216		False
	Q8WVY7	0	Training	4	Q8WVY7	Homo sapiens	Metazoa	318		False
	P29677	0	Training	0	P29677	Solanum tuberosum	Plants	504		False
	P78753	0	Training	1	P78753	Schizosaccharomyces pombe (strain 972 / ATCC 24843)	Fungi	557		False
	O75665	0	Training	2	O75665	Homo sapiens	Metazoa	1012		False
	F4KCE9	0	Training	3	F4KCE9	Arabidopsis thaliana	Plants	598		False
	Q383Q5	0	Training	4	Q383Q5	Trypanosoma brucei brucei (strain 927/4 GUTat10.1)	Other	209		False
	Q96AP0	0	Training	0	Q96AP0	Homo sapiens	Metazoa	458		False
	Q9LTQ0	0	Training	1	Q9LTQ0	Arabidopsis thaliana	Plants	391		False
	W0RYD3	0	Training	2	W0RYD3	Oryza sativa subsp. japonica	Plants	2135		False
	P28644	0	Training	3	P28644	Spinacia oleracea	Plants	233		False
	P82244	0	Training	4	P82244	Spinacia oleracea	Plants	152		False
	P97609	0	Training	0	P97609	Rattus norvegicus	Metazoa	1181		False
	P43582	0	Training	1	P43582	Saccharomyces cerevisiae (strain ATCC 204508 / S288c)	Fungi	211		False
	Q12321	0	Training	2	Q12321	Saccharomyces cerevisiae (strain ATCC 204508 / S288c)	Fungi	566		False
	P19173	0	Training	3	P19173	Ipomoea batatas	Plants	64		True
	Q9NS91	0	Training	4	Q9NS91	Homo sapiens	Metazoa	495		False
	Q04089	0	Training	0	Q04089	Saccharomyces cerevisiae (strain ATCC 204508 / S288c)	Fungi	582		False
	P25441	0	Training	1	P25441	Saccharomyces cerevisiae (strain ATCC 204508 / S288c)	Fungi	422		False
	D4A7U2	0	Training	2	D4A7U2	Rattus norvegicus	Metazoa	587		False
	Q6PGP7	0	Training	3	Q6PGP7	Homo sapiens	Metazoa	1564		False
	O42804	0	Training	4	O42804	Aspergillus niger	Fungi	945		False
	P53254	0	Training	0	P53254	Saccharomyces cerevisiae (strain ATCC 204508 / S288c)	Fungi	1237		False
	Q9M219	0	Training	1	Q9M219	Arabidopsis thaliana	Plants	558		False
	A0A7U2MSD6	0	Training	2	A0A7U2MSD6	Aspergillus flavus (strain ATCC 200026 / FGSC A1120 / IAM 13836 / NRRL 3357 / JCM 12722 / SRRC 167)	Fungi	435		False
	Q03774	0	Training	3	Q03774	Saccharomyces cerevisiae (strain ATCC 204508 / S288c)	Fungi	444		False
	S8EZA7	0	Training	4	S8EZA7	Toxoplasma gondii (strain ATCC 50611 / Me49)	Other	534		True
	Q9FWR4	0	Training	0	Q9FWR4	Arabidopsis thaliana	Plants	213		False
	Q9LZX6	0	Training	1	Q9LZX6	Arabidopsis thaliana	Plants	365		False
	Q8BUX5	0	Training	2	Q8BUX5	Mus musculus	Metazoa	455		True
	Q9FJW4	0	Training	3	Q9FJW4	Arabidopsis thaliana	Plants	154		False
	Q6R3K9	0	Training	4	Q6R3K9	Arabidopsis thaliana	Plants	664		True
	Q8VIM5	0	Training	0	Q8VIM5	Mus musculus	Metazoa	935		False
	Q965H3	0	Training	1	Q965H3	Caenorhabditis elegans	Metazoa	735		False
	Q9NX55	0	Training	2	Q9NX55	Homo sapiens	Metazoa	121		False
	Q5N712	0	Training	3	Q5N712	Oryza sativa subsp. japonica	Plants	1286		False
	P48376	0	Training	4	P48376	Caenorhabditis elegans	Metazoa	187		False
	O74910	0	Training	0	O74910	Schizosaccharomyces pombe (strain 972 / ATCC 24843)	Fungi	638		False
	Q9LFC0	0	Training	1	Q9LFC0	Arabidopsis thaliana	Plants	360		False
	P40072	0	Training	2	P40072	Saccharomyces cerevisiae (strain ATCC 204508 / S288c)	Fungi	274		False
	Q9QWV4	0	Training	3	Q9QWV4	Mus musculus	Metazoa	267		False
	Q9FX53	0	Training	4	Q9FX53	Arabidopsis thaliana	Plants	406		False
	O64973	0	Training	0	O64973	Arabidopsis thaliana	Plants	889		False
	P41161	0	Training	1	P41161	Homo sapiens	Metazoa	510		False
	Q9TZ70	0	Training	2	Q9TZ70	Caenorhabditis elegans	Metazoa	205		False
	Q84JL7	0	Training	3	Q84JL7	Arabidopsis thaliana	Plants	330		False
	Q26635	0	Training	4	Q26635	Sarcophaga peregrina	Metazoa	354		False
	Q3KRB8	0	Training	0	Q3KRB8	Homo sapiens	Metazoa	267		False
	Q9H9A7	0	Training	1	Q9H9A7	Homo sapiens	Metazoa	625		False
	Q9D6J5	0	Training	2	Q9D6J5	Mus musculus	Metazoa	186		False
	Q9UK41	0	Training	3	Q9UK41	Homo sapiens	Metazoa	221		False
	Q67UU9	0	Training	4	Q67UU9	Oryza sativa subsp. japonica	Plants	426		False
	Q96N11	0	Training	0	Q96N11	Homo sapiens	Metazoa	449		False
	Q6VY05	0	Training	1	Q6VY05	Mus musculus	Metazoa	352		False
	Q9H6Z9	0	Training	2	Q9H6Z9	Homo sapiens	Metazoa	239		False
	P34087	0	Training	3	P34087	Saccharomyces cerevisiae (strain ATCC 204508 / S288c)	Fungi	171		False
	Q9Y388	0	Training	4	Q9Y388	Homo sapiens	Metazoa	322		False
	Q9GSF8	0	Training	0	Q9GSF8	Euplotes aediculatus	Other	437		False
	Q3UHH1	0	Training	1	Q3UHH1	Mus musculus	Metazoa	1832		False
	O22914	0	Training	2	O22914	Arabidopsis thaliana	Plants	124		False
	O43543	0	Training	3	O43543	Homo sapiens	Metazoa	280		False
	Q9HGN4	0	Training	4	Q9HGN4	Schizosaccharomyces pombe (strain 972 / ATCC 24843)	Fungi	151		False
	P48412	0	Training	0	P48412	Saccharomyces cerevisiae (strain ATCC 204508 / S288c)	Fungi	387		False
	Q5JPH6	0	Training	1	Q5JPH6	Homo sapiens	Metazoa	523		False
	Q9VQB6	0	Training	2	Q9VQB6	Drosophila melanogaster	Metazoa	971		False
	Q9LEM8	0	Training	3	Q9LEM8	Chlamydomonas reinhardtii	Plants	1385		False
	P41073	0	Training	4	P41073	Drosophila melanogaster	Metazoa	716		False
	Q8L557	0	Training	0	Q8L557	Arabidopsis thaliana	Plants	202		False
	Q96DY5	0	Training	1	Q96DY5	Mus musculus	Metazoa	654		False
	Q9P3U7	0	Training	2	Q9P3U7	Schizosaccharomyces pombe (strain 972 / ATCC 24843)	Fungi	547		True
	Q9NWS8	0	Training	3	Q9NWS8	Homo sapiens	Metazoa	449		False
	P82194	0	Training	4	P82194	Spinacia oleracea	Plants	126		False
	Q5T8A7	0	Training	0	Q5T8A7	Homo sapiens	Metazoa	1209		False
	Q0VD86	0	Training	1	Q0VD86	Homo sapiens	Metazoa	236		False
	P40528	0	Training	2	P40528	Saccharomyces cerevisiae (strain ATCC 204508 / S288c)	Fungi	902		False
	P14693	0	Training	3	P14693	Saccharomyces cerevisiae (strain ATCC 204508 / S288c)	Fungi	329		False
	Q9LZS0	0	Training	4	Q9LZS0	Arabidopsis thaliana	Plants	591		False
	P50947	0	Training	0	P50947	Saccharomyces cerevisiae (strain ATCC 204508 / S288c)	Fungi	330		False
	O94609	0	Training	1	O94609	Schizosaccharomyces pombe (strain 972 / ATCC 24843)	Fungi	1012		False
	Q9HAI6	0	Training	2	Q9HAI6	Homo sapiens	Metazoa	301		False
	A2A8T7	0	Training	3	A2A8T7	Mus musculus	Metazoa	201		True
	Q9H3P2	0	Training	4	Q9H3P2	Homo sapiens	Metazoa	528		False
	Q12481	0	Training	0	Q12481	Saccharomyces cerevisiae (strain ATCC 204508 / S288c)	Fungi	300		False
	P54254	0	Training	1	P54254	Mus musculus	Metazoa	791		False
	P0C870	0	Training	2	P0C870	Homo sapiens	Metazoa	316		False
	Q3E7A4	0	Training	3	Q3E7A4	Saccharomyces cerevisiae (strain ATCC 204508 / S288c)	Fungi	109		False
	Q9CAC5	0	Training	4	Q9CAC5	Arabidopsis thaliana	Plants	191		True
	Q9NUL5	0	Training	0	Q9NUL5	Homo sapiens	Metazoa	291		False
	Q3UNH4	0	Training	1	Q3UNH4	Mus musculus	Metazoa	932		False
	Q99P30	0	Training	2	Q99P30	Mus musculus	Metazoa	236		False
	U9W802	0	Training	3	U9W802	Neurospora crassa (strain ATCC 24698 / 74-OR23-1A / CBS 708.71 / DSM 1257 / FGSC 987)	Fungi	307		False
	Q6NW34	0	Training	4	Q6NW34	Homo sapiens	Metazoa	567		False
	P41970	0	Training	0	P41970	Homo sapiens	Metazoa	407		False
	Q6NPS8	0	Training	1	Q6NPS8	Arabidopsis thaliana	Plants	623		False
	Q9H5F2	0	Training	2	Q9H5F2	Homo sapiens	Metazoa	150		False
	Q9ZWS6	0	Training	3	Q9ZWS6	Arabidopsis thaliana	Plants	186		False
	P82715	0	Training	4	P82715	Arabidopsis thaliana	Plants	297		False
	P97460	0	Training	0	P97460	Mus musculus	Metazoa	816		False
	A2AMM0	0	Training	1	A2AMM0	Mus musculus	Metazoa	362		False
	Q9VE04	0	Training	2	Q9VE04	Drosophila melanogaster	Metazoa	107		False
	P21357	0	Training	3	P21357	Solanum tuberosum	Plants	538		False
	Q9Y7Y5	0	Training	4	Q9Y7Y5	Schizosaccharomyces pombe (strain 972 / ATCC 24843)	Fungi	369		False
	Q07555	0	Training	0	Q07555	Saccharomyces cerevisiae (strain ATCC 204508 / S288c)	Fungi	291		False
	P14724	0	Training	1	P14724	Saccharomyces cerevisiae (strain ATCC 204508 / S288c)	Fungi	124		False
	Q57V03	0	Training	2	Q57V03	Trypanosoma brucei brucei (strain 927/4 GUTat10.1)	Other	1050		False
	B1AWL2	0	Training	3	B1AWL2	Mus musculus	Metazoa	2495		False
	P20941	0	Training	4	P20941	Homo sapiens	Metazoa	246		False
	P87017	0	Training	0	P87017	Aspergillus parasiticus (strain ATCC 56775 / NRRL 5862 / SRRC 143 / SU-1)	Fungi	278		False
	P08907	0	Training	1	P08907	Equus caballus	Metazoa	401		False
	P0CT58	0	Training	2	P0CT58	Schizosaccharomyces pombe (strain 972 / ATCC 24843)	Fungi	130		False
	Q8VYF7	0	Training	3	Q8VYF7	Arabidopsis thaliana	Plants	238		False
	P21801	0	Training	4	P21801	Saccharomyces cerevisiae (strain ATCC 204508 / S288c)	Fungi	266		False
	Q9FPS9	0	Training	0	Q9FPS9	Arabidopsis thaliana	Plants	924		False
	Q03771	0	Training	1	Q03771	Saccharomyces cerevisiae (strain ATCC 204508 / S288c)	Fungi	387		False
	P25451	0	Training	2	P25451	Saccharomyces cerevisiae (strain ATCC 204508 / S288c)	Fungi	205		False
	Q9LIQ9	0	Training	3	Q9LIQ9	Arabidopsis thaliana	Plants	714		False
	Q9H0G5	0	Training	4	Q9H0G5	Homo sapiens	Metazoa	558		False
	Q58WW2	0	Training	0	Q58WW2	Homo sapiens	Metazoa	860		False
	Q923W1	0	Training	1	Q923W1	Mus musculus	Metazoa	853		False
	Q1K8V2	0	Training	2	Q1K8V2	Neurospora crassa (strain ATCC 24698 / 74-OR23-1A / CBS 708.71 / DSM 1257 / FGSC 987)	Fungi	91		False
	Q9P6R0	0	Training	3	Q9P6R0	Schizosaccharomyces pombe (strain 972 / ATCC 24843)	Fungi	492		False
	P25649	0	Training	4	P25649	Saccharomyces cerevisiae (strain ATCC 204508 / S288c)	Fungi	128		False
	Q7LL22	0	Training	0	Q7LL22	Schizosaccharomyces pombe (strain 972 / ATCC 24843)	Fungi	462		False
	Q9UGC7	0	Training	1	Q9UGC7	Homo sapiens	Metazoa	380		False
	O75367	0	Training	2	O75367	Homo sapiens	Metazoa	369		False
	P38769	0	Training	3	P38769	Saccharomyces cerevisiae (strain ATCC 204508 / S288c)	Fungi	630		False
	Q6ZMT4	0	Training	4	Q6ZMT4	Homo sapiens	Metazoa	941		False
	Q9FGQ9	0	Training	0	Q9FGQ9	Arabidopsis thaliana	Plants	177		False
	Q0WPU1	0	Training	1	Q0WPU1	Arabidopsis thaliana	Plants	1522		False
	O94450	0	Training	2	O94450	Schizosaccharomyces pombe (strain 972 / ATCC 24843)	Fungi	501		False
	Q43715	0	Training	3	Q43715	Pisum sativum	Plants	809		False
	Q15398	0	Training	4	Q15398	Homo sapiens	Metazoa	846		False
	P07195	0	Training	0	P07195	Homo sapiens	Metazoa	334		False
	Q91VJ5	0	Training	1	Q91VJ5	Mus musculus	Metazoa	263		False
	Q6F2E7	0	Training	2	Q6F2E7	Xenopus tropicalis	Metazoa	482		False
	Q86WV5	0	Training	3	Q86WV5	Homo sapiens	Metazoa	123		False
	Q5NCQ5	0	Training	4	Q5NCQ5	Mus musculus	Metazoa	438		False
	Q9LES4	0	Training	0	Q9LES4	Arabidopsis thaliana	Plants	483		False
	Q60547	0	Training	1	Q60547	Mesocricetus auratus	Metazoa	234		False
	Q8TD31	0	Training	2	Q8TD31	Homo sapiens	Metazoa	782		False
	P24613	0	Training	3	P24613	Spinacia oleracea	Plants	256		False
	O14064	0	Training	4	O14064	Schizosaccharomyces pombe (strain 972 / ATCC 24843)	Fungi	997		False
	Q53GS9	0	Training	0	Q53GS9	Homo sapiens	Metazoa	565		False
	Q9Y2D1	0	Training	1	Q9Y2D1	Homo sapiens	Metazoa	282		False
	Q62141	0	Training	2	Q62141	Mus musculus	Metazoa	1098		False
	H0YL14	0	Training	3	H0YL14	Homo sapiens	Metazoa	139		True
	Q9WTV7	0	Training	4	Q9WTV7	Mus musculus	Metazoa	600		False
	E9PYL2	0	Training	0	E9PYL2	Mus musculus	Metazoa	2035		False
	Q9SRX9	0	Training	1	Q9SRX9	Arabidopsis thaliana	Plants	335		False
	P01109	0	Training	2	P01109	Gallus gallus	Metazoa	435		False
	O43819	0	Training	3	O43819	Homo sapiens	Metazoa	266		True
	O60336	0	Training	4	O60336	Homo sapiens	Metazoa	1514		False
	Q9P7T4	0	Training	0	Q9P7T4	Schizosaccharomyces pombe (strain 972 / ATCC 24843)	Fungi	1019		False
	Q9QYB1	0	Training	1	Q9QYB1	Mus musculus	Metazoa	253		True
	O13758	0	Training	2	O13758	Schizosaccharomyces pombe (strain 972 / ATCC 24843)	Fungi	361		False
	Q9UUH3	0	Training	3	Q9UUH3	Schizosaccharomyces pombe (strain 972 / ATCC 24843)	Fungi	277		False
	Q17RH7	0	Training	4	Q17RH7	Homo sapiens	Metazoa	139		False
	O65258	0	Training	0	O65258	Arabidopsis thaliana	Plants	542		False
	Q9VQ30	0	Training	1	Q9VQ30	Drosophila melanogaster	Metazoa	604		False
	Q6IUP1	0	Training	2	Q6IUP1	Mus musculus	Metazoa	357		False
	Q8VY80	0	Training	3	Q8VY80	Arabidopsis thaliana	Plants	147		False
	Q09M02	0	Training	4	Q09M02	Mus musculus	Metazoa	886		False
	Q12405	0	Training	0	Q12405	Saccharomyces cerevisiae (strain ATCC 204508 / S288c)	Fungi	387		False
	O54982	0	Training	1	O54982	Mus musculus	Metazoa	1121		True
	P82195	0	Training	2	P82195	Spinacia oleracea	Plants	166		False
	Q93W20	0	Training	3	Q93W20	Arabidopsis thaliana	Plants	235		False
	Q03565	0	Training	4	Q03565	Caenorhabditis elegans	Metazoa	89		False
	Q7Z2W9	0	Training	0	Q7Z2W9	Homo sapiens	Metazoa	205		False
	Q9NX76	0	Training	1	Q9NX76	Homo sapiens	Metazoa	183		True
	Q05648	0	Training	2	Q05648	Saccharomyces cerevisiae (strain ATCC 204508 / S288c)	Fungi	414		False
	Q8BQP9	0	Training	3	Q8BQP9	Mus musculus	Metazoa	257		False
	P17152	0	Training	4	P17152	Homo sapiens	Metazoa	192		True
	Q504T8	0	Training	0	Q504T8	Homo sapiens	Metazoa	468		False
	Q96SB3	0	Training	1	Q96SB3	Homo sapiens	Metazoa	817		False
	O94286	0	Training	2	O94286	Schizosaccharomyces pombe (strain 972 / ATCC 24843)	Fungi	178		False
	Q9NW75	0	Training	3	Q9NW75	Homo sapiens	Metazoa	528		False
	Q3E7B7	0	Training	4	Q3E7B7	Saccharomyces cerevisiae (strain ATCC 204508 / S288c)	Fungi	68		False
	P47128	0	Training	0	P47128	Saccharomyces cerevisiae (strain ATCC 204508 / S288c)	Fungi	113		False
	Q90X64	0	Training	1	Q90X64	Xenopus laevis	Metazoa	521		False
	Q6DN90	0	Training	2	Q6DN90	Homo sapiens	Metazoa	963		False
	O94761	0	Training	3	O94761	Homo sapiens	Metazoa	1208		False
	E7FKV8	0	Training	4	E7FKV8	Oryzias latipes	Metazoa	2742		False
	O13800	0	Training	0	O13800	Schizosaccharomyces pombe (strain 972 / ATCC 24843)	Fungi	230		False
	Q9UUG2	0	Training	1	Q9UUG2	Schizosaccharomyces pombe (strain 972 / ATCC 24843)	Fungi	621		False
	Q9GS00	0	Training	2	Q9GS00	Caenorhabditis elegans	Metazoa	601		False
	P82673	0	Training	3	P82673	Homo sapiens	Metazoa	323		False
	O74311	0	Training	4	O74311	Schizosaccharomyces pombe (strain 972 / ATCC 24843)	Fungi	150		False
	F4JLC1	0	Training	0	F4JLC1	Arabidopsis thaliana	Plants	331		False
	P38236	0	Training	1	P38236	Saccharomyces cerevisiae (strain ATCC 204508 / S288c)	Fungi	366		False
	Q86YS7	0	Training	2	Q86YS7	Homo sapiens	Metazoa	1000		False
	Q865Y9	0	Training	3	Q865Y9	Sus scrofa	Metazoa	222		False
	P53184	0	Training	4	P53184	Saccharomyces cerevisiae (strain ATCC 204508 / S288c)	Fungi	216		False
	O14235	0	Training	0	O14235	Schizosaccharomyces pombe (strain 972 / ATCC 24843)	Fungi	348		False
	Q9LS48	0	Training	1	Q9LS48	Arabidopsis thaliana	Plants	316		False
	B5DFG1	0	Training	2	B5DFG1	Rattus norvegicus	Metazoa	580		False
	Q9Y2F5	0	Training	3	Q9Y2F5	Homo sapiens	Metazoa	2266		False
	Q6NNL9	0	Training	4	Q6NNL9	Arabidopsis thaliana	Plants	93		False
	Q15078	0	Training	0	Q15078	Homo sapiens	Metazoa	307		False
	P46972	0	Training	1	P46972	Saccharomyces cerevisiae (strain ATCC 204508 / S288c)	Fungi	177		False
	P41958	0	Training	2	P41958	Caenorhabditis elegans	Metazoa	280		False
	Q06497	0	Training	3	Q06497	Saccharomyces cerevisiae (strain ATCC 204508 / S288c)	Fungi	328		True
	Q04305	0	Training	4	Q04305	Saccharomyces cerevisiae (strain ATCC 204508 / S288c)	Fungi	513		False
	Q8N3Z6	0	Training	0	Q8N3Z6	Homo sapiens	Metazoa	543		False
	Q9UUE5	0	Training	1	Q9UUE5	Schizosaccharomyces pombe (strain 972 / ATCC 24843)	Fungi	675		False
	Q9FL26	0	Training	2	Q9FL26	Arabidopsis thaliana	Plants	326		False
	Q12996	0	Training	3	Q12996	Homo sapiens	Metazoa	717		False
	Q18825	0	Training	4	Q18825	Caenorhabditis elegans	Metazoa	811		False
	P24391	0	Training	0	P24391	Neurospora crassa (strain ATCC 24698 / 74-OR23-1A / CBS 708.71 / DSM 1257 / FGSC 987)	Fungi	349		False
	Q8IXQ6	0	Training	1	Q8IXQ6	Homo sapiens	Metazoa	854		False
	Q00312	0	Training	2	Q00312	Candida albicans	Fungi	527		False
	Q6NZY4	0	Training	3	Q6NZY4	Homo sapiens	Metazoa	707		False
	Q9NVS2	0	Training	4	Q9NVS2	Homo sapiens	Metazoa	196		False
	Q9JHS2	0	Training	0	Q9JHS2	Rattus norvegicus	Metazoa	662		False
	P21281	0	Training	1	P21281	Homo sapiens	Metazoa	511		False
	P05626	0	Training	2	P05626	Saccharomyces cerevisiae (strain ATCC 204508 / S288c)	Fungi	244		False
	P04080	0	Training	3	P04080	Homo sapiens	Metazoa	98		False
	Q99836	0	Training	4	Q99836	Homo sapiens	Metazoa	296		False
	P19536	0	Training	0	P19536	Mus musculus	Metazoa	128		False
	O14734	0	Training	1	O14734	Homo sapiens	Metazoa	319		False
	O48847	0	Training	2	O48847	Arabidopsis thaliana	Plants	787		False
	Q9BS16	0	Training	3	Q9BS16	Homo sapiens	Metazoa	269		False
	Q9CZ42	0	Training	4	Q9CZ42	Mus musculus	Metazoa	343		False
	P80299	0	Training	0	P80299	Rattus norvegicus	Metazoa	554		False
	Q9VGA4	0	Training	1	Q9VGA4	Drosophila melanogaster	Metazoa	1169		False
	P30429	0	Training	2	P30429	Caenorhabditis elegans	Metazoa	549		False
	P93009	0	Training	3	P93009	Arabidopsis thaliana	Plants	182		False
	Q9CUU3	0	Training	4	Q9CUU3	Mus musculus	Metazoa	1500		False
	Q6X4W1	0	Training	0	Q6X4W1	Homo sapiens	Metazoa	530		False
	Q10287	0	Training	1	Q10287	Schizosaccharomyces pombe (strain 972 / ATCC 24843)	Fungi	1729		False
	O74465	0	Training	2	O74465	Schizosaccharomyces pombe (strain 972 / ATCC 24843)	Fungi	999		False
	Q8RXD6	0	Training	3	Q8RXD6	Arabidopsis thaliana	Plants	878		False
	Q38897	0	Training	4	Q38897	Arabidopsis thaliana	Plants	611		False
	Q14997	0	Training	0	Q14997	Homo sapiens	Metazoa	1843		False
	Q84JE8	0	Training	1	Q84JE8	Arabidopsis thaliana	Plants	694		False
	Q9LY74	0	Training	2	Q9LY74	Arabidopsis thaliana	Plants	338		False
	P53220	0	Training	3	P53220	Saccharomyces cerevisiae (strain ATCC 204508 / S288c)	Fungi	239		True
	Q80WE4	0	Training	4	Q80WE4	Mus musculus	Metazoa	1774		False
	P53958	0	Training	0	P53958	Saccharomyces cerevisiae (strain ATCC 204508 / S288c)	Fungi	396		False
	Q9VKM6	0	Training	1	Q9VKM6	Drosophila melanogaster	Metazoa	351		False
	P0DN34	0	Training	2	P0DN34	Mus musculus	Metazoa	57		True
	Q9SR43	0	Training	3	Q9SR43	Arabidopsis thaliana	Plants	329		False
	Q9P7N4	0	Training	4	Q9P7N4	Schizosaccharomyces pombe (strain 972 / ATCC 24843)	Fungi	315		False
	D4A3U0	0	Training	0	D4A3U0	Rattus norvegicus	Metazoa	432		True
	Q99808	0	Training	1	Q99808	Homo sapiens	Metazoa	456		True
	P22697	0	Training	2	P22697	Neurospora crassa (strain ATCC 24698 / 74-OR23-1A / CBS 708.71 / DSM 1257 / FGSC 987)	Fungi	236		False
	Q96QF7	0	Training	3	Q96QF7	Homo sapiens	Metazoa	691		False
	Q53JF7	0	Training	4	Q53JF7	Oryza sativa subsp. japonica	Plants	138		False
	A3R064	0	Training	0	A3R064	Gallus gallus	Metazoa	426		False
	Q7L2Z9	0	Training	1	Q7L2Z9	Homo sapiens	Metazoa	268		False
	O60952	0	Training	2	O60952	Dictyostelium discoideum	Other	199		False
	P25502	0	Training	3	P25502	Saccharomyces cerevisiae (strain ATCC 204508 / S288c)	Fungi	979		False
	Q14157	0	Training	4	Q14157	Homo sapiens	Metazoa	1087		False
	Q40477	0	Training	0	Q40477	Nicotiana tabacum	Plants	225		False
	O14210	0	Training	1	O14210	Schizosaccharomyces pombe (strain 972 / ATCC 24843)	Fungi	295		False
	O81242	0	Training	2	O81242	Arabidopsis thaliana	Plants	355		False
	Q05937	0	Training	3	Q05937	Saccharomyces cerevisiae (strain ATCC 204508 / S288c)	Fungi	343		False
	O02351	0	Training	4	O02351	Antheraea polyphemus	Metazoa	525		True
	P12852	0	Training	0	P12852	Chlamydomonas reinhardtii	Plants	199		False
	O59800	0	Training	1	O59800	Schizosaccharomyces pombe (strain 972 / ATCC 24843)	Fungi	354		False
	P43244	0	Training	2	P43244	Rattus norvegicus	Metazoa	845		False
	Q4KL25	0	Training	3	Q4KL25	Mus musculus	Metazoa	219		True
	Q78ZR5	0	Training	4	Q78ZR5	Rattus norvegicus	Metazoa	73		False
	P12954	0	Training	0	P12954	Saccharomyces cerevisiae (strain ATCC 204508 / S288c)	Fungi	1174		False
	P33308	0	Training	1	P33308	Saccharomyces cerevisiae (strain ATCC 204508 / S288c)	Fungi	149		False
	Q9CAF6	0	Training	2	Q9CAF6	Arabidopsis thaliana	Plants	950		False
	Q9NYJ8	0	Training	3	Q9NYJ8	Homo sapiens	Metazoa	693		False
	P50875	0	Training	4	P50875	Saccharomyces cerevisiae (strain ATCC 204508 / S288c)	Fungi	604		False
	F4I1T7	0	Training	0	F4I1T7	Arabidopsis thaliana	Plants	1819		False
	Q94CE5	0	Training	1	Q94CE5	Arabidopsis thaliana	Plants	504		False
	Q9UM07	0	Training	2	Q9UM07	Homo sapiens	Metazoa	663		False
	Q7L5N1	0	Training	3	Q7L5N1	Homo sapiens	Metazoa	327		False
	Q9SQI2	0	Training	4	Q9SQI2	Arabidopsis thaliana	Plants	1173		False
	Q99MI9	0	Training	0	Q99MI9	Cricetulus longicaudatus	Metazoa	692		False
	P43554	0	Training	1	P43554	Saccharomyces cerevisiae (strain ATCC 204508 / S288c)	Fungi	623		False
	Q949W6	0	Training	2	Q949W6	Arabidopsis thaliana	Plants	485		False
	O43818	0	Training	3	O43818	Homo sapiens	Metazoa	475		False
	Q9QZ59	0	Training	4	Q9QZ59	Mus musculus	Metazoa	374		False
	Q9JM80	0	Training	0	Q9JM80	Rattus norvegicus	Metazoa	424		True
	Q9DBA9	0	Training	1	Q9DBA9	Mus musculus	Metazoa	547		False
	Q8W487	0	Training	2	Q8W487	Arabidopsis thaliana	Plants	250		False
	O61016	0	Training	3	O61016	Crithidia fasciculata	Other	151		False
	Q96GC5	0	Training	4	Q96GC5	Homo sapiens	Metazoa	212		False
	P39996	0	Training	0	P39996	Saccharomyces cerevisiae (strain ATCC 204508 / S288c)	Fungi	337		False
	P0C2B9	0	Training	1	P0C2B9	Rattus norvegicus	Metazoa	141		False
	Q8BNX7	0	Training	2	Q8BNX7	Mus musculus	Metazoa	165		False
	Q9NZJ6	0	Training	3	Q9NZJ6	Homo sapiens	Metazoa	369		False
	Q57ZI5	0	Training	4	Q57ZI5	Trypanosoma brucei brucei (strain 927/4 GUTat10.1)	Other	624		False
	Q9VIV2	0	Training	0	Q9VIV2	Drosophila melanogaster	Metazoa	1062		False
	P52164	0	Training	1	P52164	Rattus norvegicus	Metazoa	160		False
	Q681Z2	0	Training	2	Q681Z2	Arabidopsis thaliana	Plants	203		False
	P39685	0	Training	3	P39685	Saccharomyces cerevisiae (strain ATCC 204508 / S288c)	Fungi	1337		False
	Q9JM05	0	Training	4	Q9JM05	Mus musculus	Metazoa	507		False
	P47131	0	Training	0	P47131	Saccharomyces cerevisiae (strain ATCC 204508 / S288c)	Fungi	105		True
	P38806	0	Training	1	P38806	Saccharomyces cerevisiae (strain ATCC 204508 / S288c)	Fungi	282		False
	A1Z8P9	0	Training	2	A1Z8P9	Drosophila melanogaster	Metazoa	2346		False
	P21135	0	Training	3	P21135	Schizosaccharomyces pombe (strain 972 / ATCC 24843)	Fungi	296		False
	Q8BN78	0	Training	4	Q8BN78	Mus musculus	Metazoa	671		False
	Q9H040	0	Training	0	Q9H040	Homo sapiens	Metazoa	489		False
	Q8BP40	0	Training	1	Q8BP40	Mus musculus	Metazoa	418		False
	Q93WX6	0	Training	2	Q93WX6	Arabidopsis thaliana	Plants	463		False
	E9Q5F9	0	Training	3	E9Q5F9	Mus musculus	Metazoa	2537		False
	Q9SU30	0	Training	4	Q9SU30	Arabidopsis thaliana	Plants	413		False
	P83211	0	Training	0	P83211	Bolinus brandaris	Metazoa	107		False
	P39988	0	Training	1	P39988	Saccharomyces cerevisiae (strain ATCC 204508 / S288c)	Fungi	312		False
	Q53QV2	0	Training	2	Q53QV2	Homo sapiens	Metazoa	105		False
	O95551	0	Training	3	O95551	Homo sapiens	Metazoa	362		False
	P41910	0	Training	4	P41910	Saccharomyces cerevisiae (strain ATCC 204508 / S288c)	Fungi	395		False
	P92276	0	Training	0	P92276	Chlamydomonas reinhardtii	Plants	62		True
	Q86TV6	0	Training	1	Q86TV6	Homo sapiens	Metazoa	843		False
	Q07923	0	Training	2	Q07923	Saccharomyces cerevisiae (strain ATCC 204508 / S288c)	Fungi	191		False
	Q96EU6	0	Training	3	Q96EU6	Homo sapiens	Metazoa	259		False
	Q0WR66	0	Training	4	Q0WR66	Arabidopsis thaliana	Plants	793		False
	Q01718	0	Training	0	Q01718	Homo sapiens	Metazoa	297		True
	O13983	0	Training	1	O13983	Schizosaccharomyces pombe (strain 972 / ATCC 24843)	Fungi	1063		False
	P39943	0	Training	2	P39943	Saccharomyces cerevisiae (strain ATCC 204508 / S288c)	Fungi	394		False
	Q9Z2D6	0	Training	3	Q9Z2D6	Mus musculus	Metazoa	484		False
	Q94IN5	0	Training	4	Q94IN5	Euglena gracilis	Other	1803		False
	Q40460	0	Training	0	Q40460	Nicotiana tabacum	Plants	442		False
	Q02764	0	Training	1	Q02764	Nicotiana tabacum	Plants	187		False
	Q9P3B2	0	Training	2	Q9P3B2	Schizosaccharomyces pombe (strain 972 / ATCC 24843)	Fungi	242		True
	Q9QXV1	0	Training	3	Q9QXV1	Mus musculus	Metazoa	362		False
	P15505	0	Training	4	P15505	Gallus gallus	Metazoa	1004		False
	Q9FNY3	0	Training	0	Q9FNY3	Arabidopsis thaliana	Plants	292		False
	P46674	0	Training	1	P46674	Saccharomyces cerevisiae (strain ATCC 204508 / S288c)	Fungi	1301		False
	Q9GZH2	0	Training	2	Q9GZH2	Caenorhabditis elegans	Metazoa	448		False
	Q7KZF4	0	Training	3	Q7KZF4	Homo sapiens	Metazoa	910		False
	P42777	0	Training	4	P42777	Arabidopsis thaliana	Plants	270		False
	Q8N567	0	Training	0	Q8N567	Homo sapiens	Metazoa	271		False
	Q9UTG8	0	Training	1	Q9UTG8	Schizosaccharomyces pombe (strain 972 / ATCC 24843)	Fungi	94		False
	Q02206	0	Training	2	Q02206	Saccharomyces cerevisiae (strain ATCC 204508 / S288c)	Fungi	625		False
	Q14678	0	Training	3	Q14678	Homo sapiens	Metazoa	1352		False
	Q9LUI3	0	Training	4	Q9LUI3	Arabidopsis thaliana	Plants	695		False
	Q336R3	0	Training	0	Q336R3	Oryza sativa subsp. japonica	Plants	844		False
	Q80WT4	0	Training	1	Q80WT4	Mus musculus	Metazoa	515		True
	Q9QX98	0	Training	2	Q9QX98	Mus musculus	Metazoa	324		False
	Q9BQ95	0	Training	3	Q9BQ95	Homo sapiens	Metazoa	431		False
	Q8C5P7	0	Training	4	Q8C5P7	Mus musculus	Metazoa	182		False
	Q9H0U9	0	Training	0	Q9H0U9	Homo sapiens	Metazoa	437		False
	Q62504	0	Training	1	Q62504	Mus musculus	Metazoa	3644		False
	Q9FNC9	0	Training	2	Q9FNC9	Arabidopsis thaliana	Plants	99		True
	Q9NR48	0	Training	3	Q9NR48	Homo sapiens	Metazoa	2969		False
	Q8TAF3	0	Training	4	Q8TAF3	Homo sapiens	Metazoa	677		False
	Q9BVL4	0	Training	0	Q9BVL4	Homo sapiens	Metazoa	669		False
	Q6P8X9	0	Training	1	Q6P8X9	Mus musculus	Metazoa	189		False
	P62685	0	Training	2	P62685	Homo sapiens	Metazoa	647		False
	Q9U226	0	Training	3	Q9U226	Caenorhabditis elegans	Metazoa	342		False
	Q8TDV2	0	Training	4	Q8TDV2	Homo sapiens	Metazoa	347		True
	Q9D6Z0	0	Training	0	Q9D6Z0	Mus musculus	Metazoa	221		False
	Q56NI9	0	Training	1	Q56NI9	Homo sapiens	Metazoa	601		False
	Q8IY18	0	Training	2	Q8IY18	Homo sapiens	Metazoa	1101		False
	Q9GZZ1	0	Training	3	Q9GZZ1	Homo sapiens	Metazoa	169		False
	P83758	0	Training	4	P83758	Danio rerio	Metazoa	448		False
	Q3UUI3	0	Training	0	Q3UUI3	Mus musculus	Metazoa	230		False
	Q9H410	0	Training	1	Q9H410	Homo sapiens	Metazoa	356		False
	Q06266	0	Training	2	Q06266	Saccharomyces cerevisiae (strain ATCC 204508 / S288c)	Fungi	489		False
	Q03429	0	Training	3	Q03429	Saccharomyces cerevisiae (strain ATCC 204508 / S288c)	Fungi	123		False
	Q10109	0	Training	4	Q10109	Schizosaccharomyces pombe (strain 972 / ATCC 24843)	Fungi	688		False
	Q9SQR5	0	Training	0	Q9SQR5	Arabidopsis thaliana	Plants	554		False
	Q9NRP7	0	Training	1	Q9NRP7	Homo sapiens	Metazoa	1315		False
	Q93WL3	0	Training	2	Q93WL3	Arabidopsis thaliana	Plants	238		False
	Q9D563	0	Training	3	Q9D563	Mus musculus	Metazoa	222		True
	Q9CZP5	0	Training	4	Q9CZP5	Mus musculus	Metazoa	418		True
	Q06494	0	Training	0	Q06494	Saccharomyces cerevisiae (strain ATCC 204508 / S288c)	Fungi	345		False
	P32266	0	Training	1	P32266	Saccharomyces cerevisiae (strain ATCC 204508 / S288c)	Fungi	881		True
	A0A143ZXM2	0	Training	2	A0A143ZXM2	Plasmodium falciparum (isolate 3D7)	Other	2074		False
	A0A075TXZ1	0	Training	3	A0A075TXZ1	Penicillium expansum	Fungi	324		False
	O97965	0	Training	4	O97965	Ovis aries	Metazoa	110		False
	Q9SBK6	0	Training	0	Q9SBK6	Brassica rapa subsp. pekinensis	Plants	392		False
	P82413	0	Training	1	P82413	Spinacia oleracea	Plants	233		False
	Q12262	0	Training	2	Q12262	Saccharomyces cerevisiae (strain ATCC 204508 / S288c)	Fungi	181		False
	P36121	0	Training	3	P36121	Saccharomyces cerevisiae (strain ATCC 204508 / S288c)	Fungi	282		False
	Q6GQQ9	0	Training	4	Q6GQQ9	Homo sapiens	Metazoa	843		False
	Q06184	0	Training	0	Q06184	Euplotes crassus	Other	446		False
	P19518	0	Training	1	P19518	Oryctolagus cuniculus	Metazoa	222		True
	Q9UMN6	0	Training	2	Q9UMN6	Homo sapiens	Metazoa	2715		False
	Q49B96	0	Training	3	Q49B96	Homo sapiens	Metazoa	90		False
	O13710	0	Training	4	O13710	Schizosaccharomyces pombe (strain 972 / ATCC 24843)	Fungi	1076		False
	P40002	0	Training	0	P40002	Saccharomyces cerevisiae (strain ATCC 204508 / S288c)	Fungi	666		False
	Q03702	0	Training	1	Q03702	Saccharomyces cerevisiae (strain ATCC 204508 / S288c)	Fungi	353		False
	O60516	0	Training	2	O60516	Homo sapiens	Metazoa	100		False
	P38927	0	Training	3	P38927	Saccharomyces cerevisiae (strain ATCC 204508 / S288c)	Fungi	245		False
	Q3UHU5	0	Training	4	Q3UHU5	Mus musculus	Metazoa	1945		False
	O61660	0	Training	0	O61660	Caenorhabditis elegans	Metazoa	759		False
	Q09687	0	Training	1	Q09687	Schizosaccharomyces pombe (strain 972 / ATCC 24843)	Fungi	518		False
	Q15652	0	Training	2	Q15652	Homo sapiens	Metazoa	2540		False
	O74905	0	Training	3	O74905	Schizosaccharomyces pombe (strain 972 / ATCC 24843)	Fungi	189		False
	O88492	0	Training	4	O88492	Mus musculus	Metazoa	1403		False
	P25367	0	Training	0	P25367	Saccharomyces cerevisiae (strain ATCC 204508 / S288c)	Fungi	405		False
	Q18250	0	Training	1	Q18250	Caenorhabditis elegans	Metazoa	461		False
	P55212	0	Training	2	P55212	Homo sapiens	Metazoa	293		False
	Q9Y2Z4	0	Training	3	Q9Y2Z4	Homo sapiens	Metazoa	477		False
	Q9FFG0	0	Training	4	Q9FFG0	Arabidopsis thaliana	Plants	248		False
	P90551	0	Training	0	P90551	Leishmania mexicana	Other	366		False
	P10518	0	Training	1	P10518	Mus musculus	Metazoa	330		False
	P32944	0	Training	2	P32944	Saccharomyces cerevisiae (strain ATCC 204508 / S288c)	Fungi	819		False
	Q9UHI7	0	Training	3	Q9UHI7	Homo sapiens	Metazoa	598		True
	Q9HGM8	0	Training	4	Q9HGM8	Schizosaccharomyces pombe (strain 972 / ATCC 24843)	Fungi	695		False
	Q5VRD7	0	Training	0	Q5VRD7	Oryza sativa subsp. japonica	Plants	53		True
	Q9JKD9	0	Training	1	Q9JKD9	Mus musculus	Metazoa	465		False
	P25646	0	Training	2	P25646	Saccharomyces cerevisiae (strain ATCC 204508 / S288c)	Fungi	442		False
	Q9P7B7	0	Training	3	Q9P7B7	Schizosaccharomyces pombe (strain 972 / ATCC 24843)	Fungi	295		False
	Q9NYX4	0	Training	4	Q9NYX4	Homo sapiens	Metazoa	217		True
	Q9DAG4	0	Training	0	Q9DAG4	Mus musculus	Metazoa	180		False
	Q8W4J9	0	Training	1	Q8W4J9	Arabidopsis thaliana	Plants	908		False
	Q93654	0	Training	2	Q93654	Caenorhabditis elegans	Metazoa	245		False
	O96623	0	Training	3	O96623	Dictyostelium discoideum	Other	293		False
	Q02548	0	Training	4	Q02548	Homo sapiens	Metazoa	391		False
	Q8VZS9	0	Training	0	Q8VZS9	Arabidopsis thaliana	Plants	475		False
	S0DHV6	0	Training	1	S0DHV6	Gibberella fujikuroi (strain CBS 195.34 / IMI 58289 / NRRL A-6831)	Fungi	530		False
	P06391	0	Training	2	P06391	Nicotiana tabacum	Plants	93		False
	P22438	0	Training	3	P22438	Saccharomyces cerevisiae (strain ATCC 204508 / S288c)	Fungi	575		False
	Q6Z6S1	0	Training	4	Q6Z6S1	Oryza sativa subsp. japonica	Plants	537		False
	Q7T0L4	0	Training	0	Q7T0L4	Gallus gallus	Metazoa	329		False
	P11836	0	Training	1	P11836	Homo sapiens	Metazoa	297		True
	P39682	0	Training	2	P39682	Saccharomyces cerevisiae (strain ATCC 204508 / S288c)	Fungi	629		False
	P14832	0	Training	3	P14832	Saccharomyces cerevisiae (strain ATCC 204508 / S288c)	Fungi	162		False
	G7JND3	0	Training	4	G7JND3	Medicago truncatula	Plants	620		True
	Q14203	0	Training	0	Q14203	Homo sapiens	Metazoa	1278		False
	Q96CJ1	0	Training	1	Q96CJ1	Homo sapiens	Metazoa	260		False
	Q15678	0	Training	2	Q15678	Homo sapiens	Metazoa	1187		False
	Q05779	0	Training	3	Q05779	Saccharomyces cerevisiae (strain ATCC 204508 / S288c)	Fungi	260		False
	Q7SZL5	0	Training	4	Q7SZL5	Xenopus laevis	Metazoa	1338		False
	Q9BZ67	0	Training	0	Q9BZ67	Homo sapiens	Metazoa	464		False
	Q8WUG5	0	Training	1	Q8WUG5	Homo sapiens	Metazoa	649		False
	Q2TB02	0	Training	2	Q2TB02	Mus musculus	Metazoa	327		False
	P23786	0	Training	3	P23786	Homo sapiens	Metazoa	658		False
	Q9VKQ9	0	Training	4	Q9VKQ9	Drosophila melanogaster	Metazoa	134		False
	Q4WW97	0	Training	0	Q4WW97	Aspergillus fumigatus (strain ATCC MYA-4609 / CBS 101355 / FGSC A1100 / Af293)	Fungi	292		False
	Q19131	0	Training	1	Q19131	Caenorhabditis elegans	Metazoa	813		False
	P42232	0	Training	2	P42232	Mus musculus	Metazoa	786		False
	Q9Y8G3	0	Training	3	Q9Y8G3	Schizosaccharomyces pombe (strain 972 / ATCC 24843)	Fungi	596		False
	Q11184	0	Training	4	Q11184	Caenorhabditis elegans	Metazoa	425		False
	Q9H5V7	0	Training	0	Q9H5V7	Homo sapiens	Metazoa	419		False
	Q96B23	0	Training	1	Q96B23	Homo sapiens	Metazoa	404		False
	A8MR65	0	Training	2	A8MR65	Arabidopsis thaliana	Plants	201		False
	O88271	0	Training	3	O88271	Mus musculus	Metazoa	295		False
	Q9D3F7	0	Training	4	Q9D3F7	Mus musculus	Metazoa	229		False
	Q8NGU9	0	Training	0	Q8NGU9	Homo sapiens	Metazoa	434		True
	Q8VZA0	0	Training	1	Q8VZA0	Arabidopsis thaliana	Plants	936		False
	Q9NZD1	0	Training	2	Q9NZD1	Homo sapiens	Metazoa	345		True
	Q8BIW9	0	Training	3	Q8BIW9	Mus musculus	Metazoa	969		False
	Q22024	0	Training	4	Q22024	Caenorhabditis elegans	Metazoa	543		False
	P27684	0	Training	0	P27684	Spinacia oleracea	Plants	142		False
	Q9HFF5	0	Training	1	Q9HFF5	Schizosaccharomyces pombe (strain 972 / ATCC 24843)	Fungi	1205		False
	Q96QP1	0	Training	2	Q96QP1	Homo sapiens	Metazoa	1244		False
	H2KYS8	0	Training	3	H2KYS8	Caenorhabditis elegans	Metazoa	1107		True
	P20609	0	Training	4	P20609	Dictyostelium discoideum	Other	53		False
	Q8WWH5	0	Training	0	Q8WWH5	Homo sapiens	Metazoa	349		False
	P09081	0	Training	1	P09081	Drosophila melanogaster	Metazoa	494		False
	Q94A82	0	Training	2	Q94A82	Arabidopsis thaliana	Plants	438		False
	Q96PK6	0	Training	3	Q96PK6	Homo sapiens	Metazoa	669		False
	Q21733	0	Training	4	Q21733	Caenorhabditis elegans	Metazoa	546		False
	Q9NYK5	0	Training	0	Q9NYK5	Homo sapiens	Metazoa	338		False
	Q09808	0	Training	1	Q09808	Schizosaccharomyces pombe (strain 972 / ATCC 24843)	Fungi	152		False
	F4JXF1	0	Training	2	F4JXF1	Arabidopsis thaliana	Plants	581		False
	P25332	0	Training	3	P25332	Saccharomyces cerevisiae (strain ATCC 204508 / S288c)	Fungi	333		False
	Q6P2H3	0	Training	4	Q6P2H3	Homo sapiens	Metazoa	762		False
	Q5BJX1	0	Training	0	Q5BJX1	Rattus norvegicus	Metazoa	134		False
	Q9LEV3	0	Training	1	Q9LEV3	Arabidopsis thaliana	Plants	206		False
	Q7Z6V5	0	Training	2	Q7Z6V5	Homo sapiens	Metazoa	191		False
	Q12488	0	Training	3	Q12488	Saccharomyces cerevisiae (strain ATCC 204508 / S288c)	Fungi	208		False
	Q8R1N0	0	Training	4	Q8R1N0	Mus musculus	Metazoa	363		False
	Q9HD42	0	Training	0	Q9HD42	Homo sapiens	Metazoa	196		False
	Q9FFJ8	0	Training	1	Q9FFJ8	Arabidopsis thaliana	Plants	449		False
	Q9UTA6	0	Training	2	Q9UTA6	Schizosaccharomyces pombe (strain 972 / ATCC 24843)	Fungi	303		False
	D3ZUE1	0	Training	3	D3ZUE1	Rattus norvegicus	Metazoa	857		False
	Q09924	0	Training	4	Q09924	Schizosaccharomyces pombe (strain 972 / ATCC 24843)	Fungi	467		False
	Q9VEX5	0	Training	0	Q9VEX5	Drosophila melanogaster	Metazoa	689		False
	P11020	0	Training	1	P11020	Scyliorhinus canicula	Metazoa	80		False
	P20659	0	Training	2	P20659	Drosophila melanogaster	Metazoa	3726		False
	Q8GS60	0	Training	3	Q8GS60	Arabidopsis thaliana	Plants	462		False
	Q9H078	0	Training	4	Q9H078	Homo sapiens	Metazoa	707		False
	Q07510	0	Training	0	Q07510	Spinacia oleracea	Plants	405		False
	O15297	0	Training	1	O15297	Homo sapiens	Metazoa	605		False
	Q9P0K8	0	Training	2	Q9P0K8	Homo sapiens	Metazoa	574		False
	Q07335	0	Training	3	Q07335	Neurospora crassa (strain ATCC 24698 / 74-OR23-1A / CBS 708.71 / DSM 1257 / FGSC 987)	Fungi	154		True
	P36527	0	Training	4	P36527	Saccharomyces cerevisiae (strain ATCC 204508 / S288c)	Fungi	147		False
	Q96DN6	0	Training	0	Q96DN6	Homo sapiens	Metazoa	1003		False
	Q6A0D4	0	Training	1	Q6A0D4	Mus musculus	Metazoa	554		False
	A1L020	0	Training	2	A1L020	Homo sapiens	Metazoa	520		False
	Q9SGY2	0	Training	3	Q9SGY2	Arabidopsis thaliana	Plants	423		False
	P28328	0	Training	4	P28328	Homo sapiens	Metazoa	305		True
	Q00912	0	Training	0	Q00912	Wickerhamomyces anomalus	Fungi	342		False
	P40033	0	Training	1	P40033	Saccharomyces cerevisiae (strain ATCC 204508 / S288c)	Fungi	138		False
	Q7S4Y4	0	Training	2	Q7S4Y4	Neurospora crassa (strain ATCC 24698 / 74-OR23-1A / CBS 708.71 / DSM 1257 / FGSC 987)	Fungi	90		False
	Q9VQD4	0	Training	3	Q9VQD4	Drosophila melanogaster	Metazoa	274		False
	Q550D5	0	Training	4	Q550D5	Dictyostelium discoideum	Other	872		False
	Q6U6G5	0	Training	0	Q6U6G5	Rattus norvegicus	Metazoa	426		False
	O75943	0	Training	1	O75943	Homo sapiens	Metazoa	681		False
	Q9USV1	0	Training	2	Q9USV1	Schizosaccharomyces pombe (strain 972 / ATCC 24843)	Fungi	299		False
	Q9SX65	0	Training	3	Q9SX65	Arabidopsis thaliana	Plants	156		False
	Q8S950	0	Training	4	Q8S950	Nicotiana tabacum	Plants	959		False
	P24226	0	Training	0	P24226	Brassica oleracea var. capitata	Plants	469		False
	P46736	0	Training	1	P46736	Homo sapiens	Metazoa	316		False
	Q8BHK1	0	Training	2	Q8BHK1	Mus musculus	Metazoa	323		True
	Q5SV06	0	Training	3	Q5SV06	Mus musculus	Metazoa	358		False
	G3UYX5	0	Training	4	G3UYX5	Mus musculus	Metazoa	1258		False
	Q9VH08	0	Training	0	Q9VH08	Drosophila melanogaster	Metazoa	317		False
	Q53R41	0	Training	1	Q53R41	Homo sapiens	Metazoa	847		False
	Q9QXX8	0	Training	2	Q9QXX8	Mus musculus	Metazoa	484		False
	P38937	0	Training	3	P38937	Schizosaccharomyces pombe (strain 972 / ATCC 24843)	Fungi	262		False
	Q9LHF5	0	Training	4	Q9LHF5	Arabidopsis thaliana	Plants	602		False
	Q9HBI1	0	Training	0	Q9HBI1	Homo sapiens	Metazoa	364		False
	Q04847	0	Training	1	Q04847	Saccharomyces cerevisiae (strain ATCC 204508 / S288c)	Fungi	553		False
	Q10474	0	Training	2	Q10474	Schizosaccharomyces pombe (strain 972 / ATCC 24843)	Fungi	258		False
	Q93062	0	Training	3	Q93062	Homo sapiens	Metazoa	196		False
	Q91WA1	0	Training	4	Q91WA1	Mus musculus	Metazoa	278		False
	P42858	0	Training	0	P42858	Homo sapiens	Metazoa	3142		False
	P53155	0	Training	1	P53155	Saccharomyces cerevisiae (strain ATCC 204508 / S288c)	Fungi	381		False
	Q21443	0	Training	2	Q21443	Caenorhabditis elegans	Metazoa	566		False
	Q9VB62	0	Training	3	Q9VB62	Drosophila melanogaster	Metazoa	609		False
	Q6IN84	0	Training	4	Q6IN84	Homo sapiens	Metazoa	353		False
	P0C7R1	0	Training	0	P0C7R1	Arabidopsis thaliana	Plants	239		False
	P30536	0	Training	1	P30536	Homo sapiens	Metazoa	169		True
	O95905	0	Training	2	O95905	Homo sapiens	Metazoa	644		False
	Q6Z6M4	0	Training	3	Q6Z6M4	Oryza sativa subsp. japonica	Plants	572		False
	E5L8F7	0	Training	4	E5L8F7	Lotus japonicus	Plants	358		False
	Q9NSN8	0	Training	0	Q9NSN8	Homo sapiens	Metazoa	517		False
	Q18425	0	Training	1	Q18425	Caenorhabditis elegans	Metazoa	473		False
	Q94A68	0	Training	2	Q94A68	Arabidopsis thaliana	Plants	377		False
	Q8CGU4	0	Training	3	Q8CGU4	Rattus norvegicus	Metazoa	1186		False
	P04039	0	Training	4	P04039	Saccharomyces cerevisiae (strain ATCC 204508 / S288c)	Fungi	78		True
	Q9H3J6	0	Training	0	Q9H3J6	Homo sapiens	Metazoa	166		False
	Q06707	0	Training	1	Q06707	Saccharomyces cerevisiae (strain ATCC 204508 / S288c)	Fungi	132		False
	P47007	0	Training	2	P47007	Saccharomyces cerevisiae (strain ATCC 204508 / S288c)	Fungi	382		False
	Q8BKA3	0	Training	3	Q8BKA3	Mus musculus	Metazoa	608		False
	Q96ST2	0	Training	4	Q96ST2	Homo sapiens	Metazoa	819		False
	Q9VW51	0	Training	0	Q9VW51	Drosophila melanogaster	Metazoa	1059		False
	O43521	0	Training	1	O43521	Homo sapiens	Metazoa	198		False
	P38782	0	Training	2	P38782	Saccharomyces cerevisiae (strain ATCC 204508 / S288c)	Fungi	295		False
	Q06091	0	Training	3	Q06091	Saccharomyces cerevisiae (strain ATCC 204508 / S288c)	Fungi	175		False
	Q9HFR0	0	Training	4	Q9HFR0	Schizosaccharomyces pombe (strain 972 / ATCC 24843)	Fungi	437		False
	P38228	0	Training	0	P38228	Saccharomyces cerevisiae (strain ATCC 204508 / S288c)	Fungi	572		False
	Q587E3	0	Training	1	Q587E3	Trypanosoma brucei brucei (strain 927/4 GUTat10.1)	Other	735		False
	P93306	0	Training	2	P93306	Arabidopsis thaliana	Plants	394		False
	Q04964	0	Training	3	Q04964	Saccharomyces cerevisiae (strain ATCC 204508 / S288c)	Fungi	104		False
	Q17604	0	Training	4	Q17604	Caenorhabditis elegans	Metazoa	161		False
	P20293	0	Training	0	P20293	Mus musculus	Metazoa	436		False
